uid,domainID,siteID,namedLocation,date,eventID,sampleDepth,waterTemp,specificConductance,dissolvedOxygen,dissolvedOxygenSaturation,dataQF
"4478fe7f-4486-4af8-9c50-1f7933f9b90d","D03","BARC","BARC.AOS.buoy.c0","2021-09-07T14:14Z","BARC.c0.20210907",1.5,26.8,30.7,6.6,83.8,
"a528693a-48d3-415b-a400-4d2dd31ed9c8","D03","BARC","BARC.AOS.buoy.c0","2021-09-07T14:14Z","BARC.c0.20210907",3.5,26.6,31.2,4.8,60.5,
"ca11a0f6-9070-4417-94d9-2570a9ce7f44","D03","BARC","BARC.AOS.buoy.c0","2021-09-07T14:14Z","BARC.c0.20210907",3.0,26.7,31.1,5.5,65.9,
"2524a15f-e7c6-4ccb-9ab9-97d55834ddc5","D03","BARC","BARC.AOS.buoy.c0","2021-09-07T14:14Z","BARC.c0.20210907",4.5,26.5,31.3,5.3,66.2,
"56167abd-d10c-4dbc-8f42-9305f66dffb2","D03","BARC","BARC.AOS.buoy.c0","2021-09-07T14:14Z","BARC.c0.20210907",2.0,26.7,30.7,7.1,88.3,
"9e4981f5-73bf-489a-a38e-74fd82309cd6","D03","BARC","BARC.AOS.buoy.c0","2021-09-07T14:14Z","BARC.c0.20210907",5.0,26.4,31.2,4.8,65.4,
"83c3bfb3-35ca-4999-bfb9-98f6e7745bea","D03","BARC","BARC.AOS.buoy.c0","2021-09-07T14:14Z","BARC.c0.20210907",2.5,26.7,30.8,6.5,81.6,
"37a0ee23-6be5-4bee-bbb6-fd62077ea09e","D03","BARC","BARC.AOS.buoy.c0","2021-09-07T14:14Z","BARC.c0.20210907",4.0,26.5,31.1,5.5,68.3,
"536bbb6c-3b16-4048-8cf4-41fe375fece3","D03","BARC","BARC.AOS.buoy.c0","2021-09-07T14:14Z","BARC.c0.20210907",1.0,26.8,30.6,7.2,91.4,
"e42b4a0d-3744-4e69-93e6-a4b4fb171bca","D03","BARC","BARC.AOS.buoy.c0","2021-09-07T14:14Z","BARC.c0.20210907",0.5,27.0,30.7,7.2,88.9,
