uid,domainID,siteID,namedLocation,date,eventID,sampleDepth,waterTemp,specificConductance,dissolvedOxygen,dissolvedOxygenSaturation,dataQF
"275ee6d3-9485-4097-bb01-6315ec1ecf94","D05","CRAM","CRAM.AOS.buoy.c0","2021-02-09T17:22Z","CRAM.c0.20210209",13.0,4.3,14.1,0.4,1.6,
"8f724dc0-2c27-4470-a041-891c55286c3b","D05","CRAM","CRAM.AOS.buoy.c0","2021-02-09T17:22Z","CRAM.c0.20210209",6.5,3.9,11.1,8.0,60.8,
"bf8d4210-071d-493d-ac9e-082a45236fa2","D05","CRAM","CRAM.AOS.buoy.c0","2021-02-09T17:22Z","CRAM.c0.20210209",10.0,4.1,11.4,6.5,49.2,
"9e2295d9-7bbf-4f12-a883-0c07e2c0ef36","D05","CRAM","CRAM.AOS.buoy.c0","2021-02-09T17:22Z","CRAM.c0.20210209",3.0,3.9,11.1,8.0,61.0,
"6aa829e9-e7ee-4081-83e3-653e44389123","D05","CRAM","CRAM.AOS.buoy.c0","2021-02-09T17:22Z","CRAM.c0.20210209",0.5,0.3,12.0,14.9,102.5,
