uid,domainID,siteID,namedLocation,date,eventID,sampleDepth,waterTemp,specificConductance,dissolvedOxygen,dissolvedOxygenSaturation,dataQF
"10c313a8-848b-45e5-a8f5-4000cac7b1dc","D05","LIRO","LIRO.AOS.buoy.c0","2021-05-11T17:43Z","LIRO.c0.20210511",8.0,5.5,11.2,1.5,12.2,
"a5ecc975-f25e-4e38-9fd3-0bba609044da","D05","LIRO","LIRO.AOS.buoy.c0","2021-05-11T17:43Z","LIRO.c0.20210511",6.0,7.3,10.0,8.0,66.4,
"8407c1f6-b563-4a9a-8fdd-2fe482d59f93","D05","LIRO","LIRO.AOS.buoy.c0","2021-05-11T17:43Z","LIRO.c0.20210511",2.5,10.7,9.4,10.3,92.7,
"1b79dbcc-464b-45c4-8e96-35ccbf598b95","D05","LIRO","LIRO.AOS.buoy.c0","2021-05-11T17:43Z","LIRO.c0.20210511",5.5,7.9,9.9,8.8,73.9,
"696addf6-197c-48a8-9275-c0c5f1c1f7f1","D05","LIRO","LIRO.AOS.buoy.c0","2021-05-11T17:43Z","LIRO.c0.20210511",1.5,10.7,9.4,10.4,93.3,
"149fb9b5-913b-4795-9720-f3117783c67e","D05","LIRO","LIRO.AOS.buoy.c0","2021-05-11T17:43Z","LIRO.c0.20210511",6.5,6.6,10.3,6.0,49.3,
"01cae039-6c16-4565-be6c-7d55777028de","D05","LIRO","LIRO.AOS.buoy.c0","2021-05-11T17:43Z","LIRO.c0.20210511",5.0,8.7,9.7,9.5,81.2,
"53708f28-f92d-4496-8fb0-6b95053c61bc","D05","LIRO","LIRO.AOS.buoy.c0","2021-05-11T17:43Z","LIRO.c0.20210511",4.5,9.9,9.4,10.1,89.6,
"94c235ba-3603-447b-9a60-2f4e4ee15af5","D05","LIRO","LIRO.AOS.buoy.c0","2021-05-11T17:43Z","LIRO.c0.20210511",8.5,5.4,11.5,1.0,7.8,
"ad26d03f-2a99-41fd-90b8-83fab056d90e","D05","LIRO","LIRO.AOS.buoy.c0","2021-05-11T17:43Z","LIRO.c0.20210511",1.0,10.7,9.4,10.5,94.1,
"9c4bf3a9-e139-4618-93e7-1fd1b450a969","D05","LIRO","LIRO.AOS.buoy.c0","2021-05-11T17:43Z","LIRO.c0.20210511",7.5,5.6,10.7,2.1,16.6,
"1e3a5ee0-3232-457b-a4a3-dc227aca461c","D05","LIRO","LIRO.AOS.buoy.c0","2021-05-11T17:43Z","LIRO.c0.20210511",0.5,10.7,9.5,10.5,94.6,
"1e917dbd-1644-4e23-a529-cfff3bea75ea","D05","LIRO","LIRO.AOS.buoy.c0","2021-05-11T17:43Z","LIRO.c0.20210511",4.0,10.2,9.4,10.3,91.3,
"87f5311d-19af-4e45-b565-91b52495e413","D05","LIRO","LIRO.AOS.buoy.c0","2021-05-11T17:43Z","LIRO.c0.20210511",2.0,10.7,9.4,10.4,93.2,
"ec808c98-67ae-44d2-8a8f-71abc468e0a8","D05","LIRO","LIRO.AOS.buoy.c0","2021-05-11T17:43Z","LIRO.c0.20210511",7.0,6.0,10.4,3.9,31.5,
"32c4b0ec-dc44-4230-abb5-2d8336dd6494","D05","LIRO","LIRO.AOS.buoy.c0","2021-05-11T17:43Z","LIRO.c0.20210511",3.5,10.3,9.4,10.3,91.7,
"79d7542e-5e8e-42c7-813e-daf7643409be","D05","LIRO","LIRO.AOS.buoy.c0","2021-05-11T17:43Z","LIRO.c0.20210511",3.0,10.6,9.3,10.3,92.6,
