uid,domainID,siteID,namedLocation,date,eventID,sampleDepth,waterTemp,specificConductance,dissolvedOxygen,dissolvedOxygenSaturation,dataQF
"cc9f694e-be5c-4d57-b6b6-edc476b240b1","D03","BARC","BARC.AOS.buoy.c0","2021-08-10T14:00Z","BARC.c0.20210810",4.5,26.5,32.4,7.5,92.2,
"7407bac0-8604-46c0-aac7-becb6913bc44","D03","BARC","BARC.AOS.buoy.c0","2021-08-10T14:00Z","BARC.c0.20210810",2.5,27.4,31.9,8.5,107.3,
"36380206-aa88-4d6a-9034-823aa1abe98a","D03","BARC","BARC.AOS.buoy.c0","2021-08-10T14:00Z","BARC.c0.20210810",2.0,27.5,31.9,9.0,113.0,
"0ee327ae-9601-411e-b961-63ec3d12a726","D03","BARC","BARC.AOS.buoy.c0","2021-08-10T14:00Z","BARC.c0.20210810",0.5,27.8,31.9,8.3,104.0,
"e5940677-157b-4b7a-b789-f20ac801c2d7","D03","BARC","BARC.AOS.buoy.c0","2021-08-10T14:00Z","BARC.c0.20210810",3.5,26.9,32.2,8.4,104.0,
"18ada036-867c-4bc9-a50d-c683481648f3","D03","BARC","BARC.AOS.buoy.c0","2021-08-10T14:00Z","BARC.c0.20210810",5.0,26.4,32.6,6.8,83.2,
"3bd1ea55-1961-4d08-ad03-1e351cd248fa","D03","BARC","BARC.AOS.buoy.c0","2021-08-10T14:00Z","BARC.c0.20210810",1.5,27.6,31.8,8.2,103.5,
"bdb65c6e-3976-4177-b8be-0f96581597c8","D03","BARC","BARC.AOS.buoy.c0","2021-08-10T14:00Z","BARC.c0.20210810",1.0,27.7,31.8,8.0,103.8,
"59db3175-5d2c-49f9-b5e3-0c8115f814eb","D03","BARC","BARC.AOS.buoy.c0","2021-08-10T14:00Z","BARC.c0.20210810",4.0,26.6,32.4,7.1,93.8,
"494c4ef5-393c-4b40-a2b0-f2dce5b89fd7","D03","BARC","BARC.AOS.buoy.c0","2021-08-10T14:00Z","BARC.c0.20210810",3.0,27.2,32.4,8.1,99.4,
