uid,domainID,siteID,namedLocation,collectDate,parentSampleID,sampleID,sampleCode,filterNumber,analysisType,fieldSampleVolume,domainFilterVolume,storageDays,remarks,measuredBy,recordedBy,sampleCondition,dataQF
"e717ddd5-b8cc-47f0-8f48-1c3ee9700c73","D05","LIRO","LIRO.AOS.littoral2","2020-07-22T15:31Z","LIRO.20200722.PHYTOPLANKTON.8","LIRO.20200722.PHYTOPLANKTON.8.REP2.CHL/PHEO.2","B00000061969",2,"chlorophyll/pheophytin",4000.0,100.0,1.0,,"0000-0001-6438-3109","0000-0003-1075-1249","OK",
"b590df3f-0727-472c-9ed7-6e36b03dc450","D05","LIRO","LIRO.AOS.buoy.c1","2020-07-22T15:31Z","LIRO.20200722.PHYTOPLANKTON.1","LIRO.20200722.PHYTOPLANKTON.1.CNSA.1","A00000203603",1,"CNSa",4000.0,100.0,1.0,,"0000-0001-6438-3109","0000-0003-1075-1249","OK",
"ef039f94-87f4-4972-9389-a267737295ba","D05","LIRO","LIRO.AOS.riparian.point.06","2020-07-22T15:31Z","LIRO.20200722.EPIXYLON.4","LIRO.20200722.EPIXYLON.4.CNSA.1","A00000203618",1,"CNSa",125.0,4.0,1.0,,"0000-0001-6438-3109","0000-0003-1075-1249","OK",
"e0e52314-284c-407b-a540-39ca3f37b207","D05","LIRO","LIRO.AOS.riparian.point.02","2020-07-22T15:31Z","LIRO.20200722.EPIXYLON.6","LIRO.20200722.EPIXYLON.6.CNSA.1","A00000203624",1,"CNSa",125.0,4.0,1.0,,"0000-0001-6438-3109","0000-0003-1075-1249","OK",
"eccd7c58-efee-4e33-9b6b-cf5ef18d8eaf","D05","LIRO","LIRO.AOS.riparian.point.02","2020-07-22T15:31Z","LIRO.20200722.EPIXYLON.6","LIRO.20200722.EPIXYLON.6.P.1","A00000203626",1,"P",125.0,4.0,1.0,,"0000-0001-6438-3109","0000-0003-1075-1249","OK",
"660e9ccd-3e76-477a-a09b-259b402c621d","D05","LIRO","LIRO.AOS.riparian.point.04","2020-07-22T15:31Z","LIRO.20200722.EPIXYLON.5","LIRO.20200722.EPIXYLON.5.CNSB.1","A00000203622",1,"CNSb",125.0,4.0,1.0,,"0000-0001-6438-3109","0000-0003-1075-1249","OK",
"fa9ee1b3-94bf-48ba-a27a-b4dfafc9b93e","D05","LIRO","LIRO.AOS.buoy.c1","2020-07-22T15:31Z","LIRO.20200722.PHYTOPLANKTON.1","LIRO.20200722.PHYTOPLANKTON.1.CHL/PHEO.1","B00000061973",1,"chlorophyll/pheophytin",4000.0,100.0,1.0,,"0000-0001-6438-3109","0000-0003-1075-1249","OK",
"17ac768a-9a23-4d27-8dbb-987c36421b64","D05","LIRO","LIRO.AOS.buoy.c1","2020-07-22T15:31Z","LIRO.20200722.PHYTOPLANKTON.1","LIRO.20200722.PHYTOPLANKTON.1.CNSB.1","A00000203604",1,"CNSb",4000.0,100.0,1.0,,"0000-0001-6438-3109","0000-0003-1075-1249","OK",
"c52f6eb8-6ef2-49bc-9ddf-b4b1be50262c","D05","LIRO","LIRO.AOS.riparian.point.08","2020-07-22T15:31Z","LIRO.20200722.EPIXYLON.3","LIRO.20200722.EPIXYLON.3.CNSB.1","A00000203613",1,"CNSb",125.0,4.0,1.0,,"0000-0001-6438-3109","0000-0003-1075-1249","OK",
"f0cc7b18-0e8c-45f3-8e70-2013f1630b02","D05","LIRO","LIRO.AOS.riparian.point.04","2020-07-22T15:31Z","LIRO.20200722.EPIXYLON.5","LIRO.20200722.EPIXYLON.5.P.1","A00000203623",1,"P",125.0,4.0,1.0,,"0000-0001-6438-3109","0000-0003-1075-1249","OK",
"f1bbfe1f-5e8e-4e58-a820-40cc54fdfd04","D05","LIRO","LIRO.AOS.riparian.point.10","2020-07-22T15:31Z","LIRO.20200722.EPIXYLON.7","LIRO.20200722.EPIXYLON.7.CNSA.1","A00000203627",1,"CNSa",125.0,4.0,1.1,,"0000-0001-6438-3109","0000-0003-1075-1249","OK",
"dc184708-32a4-45c4-8f63-f112a61f26ef","D05","LIRO","LIRO.AOS.littoral2","2020-07-22T15:31Z","LIRO.20200722.PHYTOPLANKTON.8","LIRO.20200722.PHYTOPLANKTON.8.CHL/PHEO.1","B00000061971",1,"chlorophyll/pheophytin",4000.0,100.0,1.0,,"0000-0001-6438-3109","0000-0003-1075-1249","OK",
"ac33e56f-8cc1-4af5-bbc6-c01a9e171c98","D05","LIRO","LIRO.AOS.riparian.point.10","2020-07-22T15:31Z","LIRO.20200722.EPIXYLON.7","LIRO.20200722.EPIXYLON.7.P.1","A00000203629",1,"P",125.0,4.0,1.1,,"0000-0001-6438-3109","0000-0003-1075-1249","OK",
"9cf692b2-d887-447b-b94b-448740cf7f93","D05","LIRO","LIRO.AOS.littoral2","2020-07-22T15:31Z","LIRO.20200722.PHYTOPLANKTON.8","LIRO.20200722.PHYTOPLANKTON.8.CNSB.1","A00000203610",1,"CNSb",4000.0,100.0,1.0,,"0000-0001-6438-3109","0000-0003-1075-1249","OK",
"385791ca-326a-43d4-a11f-1c5480f663d2","D05","LIRO","LIRO.AOS.riparian.point.10","2020-07-22T15:31Z","LIRO.20200722.EPIXYLON.7","LIRO.20200722.EPIXYLON.7.CHL/PHEO.1","B00000061965",1,"chlorophyll/pheophytin",125.0,4.0,1.1,,"0000-0001-6438-3109","0000-0003-1075-1249","OK",
"0da74496-c71f-41ae-b3d2-f538e641dab8","D05","LIRO","LIRO.AOS.riparian.point.04","2020-07-22T15:31Z","LIRO.20200722.EPIXYLON.5","LIRO.20200722.EPIXYLON.5.CNSA.1","A00000203621",1,"CNSa",125.0,4.0,1.0,,"0000-0001-6438-3109","0000-0003-1075-1249","OK",
"3de3f4c6-20ed-4d72-99de-1d9afa3fa83e","D05","LIRO","LIRO.AOS.littoral2","2020-07-22T15:31Z","LIRO.20200722.PHYTOPLANKTON.8","LIRO.20200722.PHYTOPLANKTON.8.CNSA.1","A00000203609",1,"CNSa",4000.0,100.0,1.0,,"0000-0001-6438-3109","0000-0003-1075-1249","OK",
"e2cc529d-d69d-43cd-a826-f839cbc8e0a6","D05","LIRO","LIRO.AOS.littoral1","2020-07-22T15:31Z","LIRO.20200722.PHYTOPLANKTON.2","LIRO.20200722.PHYTOPLANKTON.2.P.1","A00000203608",1,"P",4000.0,100.0,1.0,,"0000-0001-6438-3109","0000-0003-1075-1249","OK",
"684aaf6e-59df-4339-aa91-4b54122e9654","D05","LIRO","LIRO.AOS.buoy.c1","2020-07-22T15:31Z","LIRO.20200722.PHYTOPLANKTON.1","LIRO.20200722.PHYTOPLANKTON.1.P.1","A00000203605",1,"P",4000.0,100.0,1.0,,"0000-0001-6438-3109","0000-0003-1075-1249","OK",
"5be3e645-0528-482a-b7ca-6009418366c7","D05","LIRO","LIRO.AOS.littoral1","2020-07-22T15:31Z","LIRO.20200722.PHYTOPLANKTON.2","LIRO.20200722.PHYTOPLANKTON.2.CNSA.1","A00000203606",1,"CNSa",4000.0,100.0,1.0,,"0000-0001-6438-3109","0000-0003-1075-1249","OK",
"f27012f2-39b9-4f7c-81b9-029552b8f825","D05","LIRO","LIRO.AOS.riparian.point.06","2020-07-22T15:31Z","LIRO.20200722.EPIXYLON.4","LIRO.20200722.EPIXYLON.4.P.1","A00000203620",1,"P",125.0,4.0,1.0,,"0000-0001-6438-3109","0000-0003-1075-1249","OK",
"0fc3e9fd-d475-42bb-8959-fd88b191f1e2","D05","LIRO","LIRO.AOS.littoral2","2020-07-22T15:31Z","LIRO.20200722.PHYTOPLANKTON.8","LIRO.20200722.PHYTOPLANKTON.8.REP2.CNSB.2","A00000203616",2,"CNSb",4000.0,100.0,1.0,,"0000-0001-6438-3109","0000-0003-1075-1249","OK",
"25a94c88-3528-4a4e-828b-6c2e2ec4662a","D05","LIRO","LIRO.AOS.riparian.point.06","2020-07-22T15:31Z","LIRO.20200722.EPIXYLON.4","LIRO.20200722.EPIXYLON.4.CHL/PHEO.1","B00000061968",1,"chlorophyll/pheophytin",125.0,4.0,1.0,,"0000-0001-6438-3109","0000-0003-1075-1249","OK",
"7982fdcd-8336-4fb3-866b-bf26e3c80b50","D05","LIRO","LIRO.AOS.riparian.point.08","2020-07-22T15:31Z","LIRO.20200722.EPIXYLON.3","LIRO.20200722.EPIXYLON.3.P.1","A00000203614",1,"P",125.0,4.0,1.0,,"0000-0001-6438-3109","0000-0003-1075-1249","OK",
"f30ca325-b444-4695-bb93-98b0e7e1c2af","D05","LIRO","LIRO.AOS.littoral1","2020-07-22T15:31Z","LIRO.20200722.PHYTOPLANKTON.2","LIRO.20200722.PHYTOPLANKTON.2.CHL/PHEO.1","B00000061972",1,"chlorophyll/pheophytin",4000.0,100.0,1.0,,"0000-0001-6438-3109","0000-0003-1075-1249","OK",
"42284d25-d341-4f71-8971-e381b37f5c5c","D05","LIRO","LIRO.AOS.riparian.point.08","2020-07-22T15:31Z","LIRO.20200722.EPIXYLON.3","LIRO.20200722.EPIXYLON.3.CNSA.1","A00000203612",1,"CNSa",125.0,4.0,1.0,,"0000-0001-6438-3109","0000-0003-1075-1249","OK",
"a6119aec-9342-4e68-90aa-b0279a5979ca","D05","LIRO","LIRO.AOS.riparian.point.08","2020-07-22T15:31Z","LIRO.20200722.EPIXYLON.3","LIRO.20200722.EPIXYLON.3.CHL/PHEO.1","B00000061970",1,"chlorophyll/pheophytin",125.0,4.0,1.0,,"0000-0001-6438-3109","0000-0003-1075-1249","OK",
"4a1b1cd6-f515-45ab-9de9-68fb5dcf14ed","D05","LIRO","LIRO.AOS.riparian.point.02","2020-07-22T15:31Z","LIRO.20200722.EPIXYLON.6","LIRO.20200722.EPIXYLON.6.CHL/PHEO.1","B00000061966",1,"chlorophyll/pheophytin",125.0,4.0,1.0,,"0000-0001-6438-3109","0000-0003-1075-1249","OK",
"16c686bb-11a2-4576-97de-89948c889cb2","D05","LIRO","LIRO.AOS.riparian.point.10","2020-07-22T15:31Z","LIRO.20200722.EPIXYLON.7","LIRO.20200722.EPIXYLON.7.CNSB.1","A00000203628",1,"CNSb",125.0,4.0,1.1,,"0000-0001-6438-3109","0000-0003-1075-1249","OK",
"95d45640-3423-453d-b1cf-21719ebed703","D05","LIRO","LIRO.AOS.riparian.point.02","2020-07-22T15:31Z","LIRO.20200722.EPIXYLON.6","LIRO.20200722.EPIXYLON.6.CNSB.1","A00000203625",1,"CNSb",125.0,4.0,1.0,,"0000-0001-6438-3109","0000-0003-1075-1249","OK",
"125a6bc8-7cb3-4f3a-95bd-af45954f3ed8","D05","LIRO","LIRO.AOS.riparian.point.06","2020-07-22T15:31Z","LIRO.20200722.EPIXYLON.4","LIRO.20200722.EPIXYLON.4.CNSB.1","A00000203619",1,"CNSb",125.0,4.0,1.0,,"0000-0001-6438-3109","0000-0003-1075-1249","OK",
"504f8a6c-1b56-4c75-9f6b-9189651eb7b1","D05","LIRO","LIRO.AOS.littoral2","2020-07-22T15:31Z","LIRO.20200722.PHYTOPLANKTON.8","LIRO.20200722.PHYTOPLANKTON.8.REP2.P.2","A00000203615",2,"P",4000.0,100.0,1.0,,"0000-0001-6438-3109","0000-0003-1075-1249","OK",
"27594961-a38e-4474-9c98-479136d1a38a","D05","LIRO","LIRO.AOS.littoral1","2020-07-22T15:31Z","LIRO.20200722.PHYTOPLANKTON.2","LIRO.20200722.PHYTOPLANKTON.2.CNSB.1","A00000203607",1,"CNSb",4000.0,100.0,1.0,,"0000-0001-6438-3109","0000-0003-1075-1249","OK",
"b663dcf8-a237-475c-94bf-3316fcec2edd","D05","LIRO","LIRO.AOS.riparian.point.04","2020-07-22T15:31Z","LIRO.20200722.EPIXYLON.5","LIRO.20200722.EPIXYLON.5.CHL/PHEO.1","B00000061967",1,"chlorophyll/pheophytin",125.0,4.0,1.0,,"0000-0001-6438-3109","0000-0003-1075-1249","OK",
"47855698-06a3-4b6b-b56c-7d68410c9d68","D05","LIRO","LIRO.AOS.littoral2","2020-07-22T15:31Z","LIRO.20200722.PHYTOPLANKTON.8","LIRO.20200722.PHYTOPLANKTON.8.REP2.CNSA.2","A00000203617",2,"CNSa",4000.0,100.0,1.0,,"0000-0001-6438-3109","0000-0003-1075-1249","OK",
"06b0f289-af6e-4410-859e-d10622294574","D05","LIRO","LIRO.AOS.littoral2","2020-07-22T15:31Z","LIRO.20200722.PHYTOPLANKTON.8","LIRO.20200722.PHYTOPLANKTON.8.P.1","A00000203611",1,"P",4000.0,100.0,1.0,,"0000-0001-6438-3109","0000-0003-1075-1249","OK",
