uid,domainID,siteID,namedLocation,aquaticSiteType,decimalLatitude,decimalLongitude,coordinateUncertainty,elevation,elevationUncertainty,geodeticDatum,collectDate,eventID,parentSampleID,parentSampleCode,samplingImpractical,biophysicalCriteria,affectedByWind,habitatType,algalSampleType,benthicArea,samplingProtocolVersion,phytoDepth1,phytoDepth2,phytoDepth3,substratumSizeClass,remarks,recordedBy,collectedBy,dataQF
"42f1f185-758b-4992-a7ab-c52284092d4d","D05","LIRO","LIRO.AOS.riparian.point.10","lake",45.998977,-89.706329,0.1,497.1,0.1,"WGS84","2020-07-22T15:31Z","LIRO.20200722","LIRO.20200722.EPIXYLON.7",,,"OK - no known exceptions",,"littoral","epixylon",0.002406,"NEON.DOC.003045vE",,,,,,"0000-0001-6438-3109","0000-0003-1075-1249",
"2998c72a-bcdd-4e97-b53d-75472af4de90","D05","LIRO","LIRO.AOS.littoral2","lake",46.000609,-89.704078,1.1,495.9,1.0,"WGS84","2020-07-22T15:31Z","LIRO.20200722","LIRO.20200722.PHYTOPLANKTON.8",,,"OK - no known exceptions","N","pelagic","phytoplankton",,"NEON.DOC.003045vE",0.5,1.0,,,,"0000-0001-6438-3109","0000-0003-1075-1249",
"2af73146-df92-4445-a460-a689dcefbf8f","D05","LIRO","LIRO.AOS.buoy.c1","lake",45.998322,-89.704766,10.0,502.0,10.0,"WGS84","2020-07-22T15:31Z","LIRO.20200722","LIRO.20200722.PHYTOPLANKTON.1",,,"OK - no known exceptions","N","littoral","phytoplankton",,"NEON.DOC.003045vE",0.5,8.3,,,,"0000-0001-6438-3109","0000-0003-1075-1249",
"2a5d4129-d3a2-4391-8176-d6342c081035","D05","LIRO","LIRO.AOS.littoral1","lake",45.995205,-89.706502,1.1,496.5,1.0,"WGS84","2020-07-22T15:31Z","LIRO.20200722","LIRO.20200722.PHYTOPLANKTON.2",,,"OK - no known exceptions","N","littoral","phytoplankton",,"NEON.DOC.003045vE",0.5,1.1,,,,"0000-0001-6438-3109","0000-0003-1075-1249",
"4a0ef6e5-bd37-4176-bc50-3939b13629f5","D05","LIRO","LIRO.AOS.riparian.point.04","lake",45.997032,-89.700316,0.1,495.3,0.1,"WGS84","2020-07-22T15:31Z","LIRO.20200722","LIRO.20200722.EPIXYLON.5",,,"OK - no known exceptions",,"littoral","epixylon",0.002406,"NEON.DOC.003045vE",,,,,,"0000-0001-6438-3109","0000-0003-1075-1249",
"f18ca4ee-abfb-4749-9846-4b5bc3c0d6b2","D05","LIRO","LIRO.AOS.riparian.point.08","lake",45.994754,-89.706463,0.2,498.5,0.3,"WGS84","2020-07-22T15:31Z","LIRO.20200722","LIRO.20200722.EPIXYLON.3",,,"OK - no known exceptions",,"littoral","epixylon",0.002406,"NEON.DOC.003045vE",,,,,,"0000-0001-6438-3109","0000-0003-1075-1249",
"f6625d5b-08bd-41c9-963c-6a88eb12aa42","D05","LIRO","LIRO.AOS.riparian.point.06","lake",45.994889,-89.701365,0.2,496.0,0.1,"WGS84","2020-07-22T15:31Z","LIRO.20200722","LIRO.20200722.EPIXYLON.4",,,"OK - no known exceptions",,"littoral","epixylon",0.002406,"NEON.DOC.003045vE",,,,,,"0000-0001-6438-3109","0000-0003-1075-1249",
"6f2d3613-4721-4dc1-b802-101af91bb64b","D05","LIRO","LIRO.AOS.riparian.point.02","lake",45.998970,-89.702490,0.3,497.0,0.3,"WGS84","2020-07-22T15:31Z","LIRO.20200722","LIRO.20200722.EPIXYLON.6",,,"OK - no known exceptions",,"littoral","epixylon",0.002406,"NEON.DOC.003045vE",,,,,,"0000-0001-6438-3109","0000-0003-1075-1249",
