uid,domainID,siteID,namedLocation,collectDate,sampleID,sampleCode,sampleCondition,laboratoryName,analysisDate,analyzedBy,sampleType,replicate,sampleVolumeFiltered,filterSize,percentFilterAnalyzed,dilutionFactor,solventVolume,responseFactor,acidificationResponseFactor,fluorometerSensitivitySetting,preAcidificationFluorescence,postAcidificationFluorescence,analyte,analyteConcentration,plantAlgaeLabUnits,testMethod,method,acidTreatment,externalRemarks,externalLabDataQF
"5739922c-c97f-4205-9f2b-390d70c3b63c","D05","LIRO","LIRO.AOS.buoy.c1","2020-07-22","LIRO.20200722.PHYTOPLANKTON.1.CNSA.1","A00000203603","condition ok","SIRFER Lab at University of Utah","2021-05-19","ElFtGy1kV49xqNP00HfxQA==","CNS","1",100,25,100,,,,,,,,"d13C",-34.59,"perMill","SIRFER_algalPlantChem_isotopes_V1","Revesz & Coplen 2012a","N",,
"3f8ae5cc-9b9c-4467-8051-00b34429acff","D05","LIRO","LIRO.AOS.riparian.point.08","2020-07-22","LIRO.20200722.EPIXYLON.3.CNSA.1","A00000203612","condition ok","SIRFER Lab at University of Utah","2021-05-17","ElFtGy1kV49xqNP00HfxQA==","CNS","1",4,25,100,,,,,,,,"d34S",2.97,"perMill","SIRFER_algalPlantChem_isotopes_V1","Revesz & Coplen 2012b","N",,
"a8135139-83fb-4f9f-9edc-3ddec33db3a6","D05","LIRO","LIRO.AOS.riparian.point.04","2020-07-22","LIRO.20200722.EPIXYLON.5.CNSA.1","A00000203621","condition ok","SIRFER Lab at University of Utah","2021-05-17","ElFtGy1kV49xqNP00HfxQA==","CNS","1",4,25,100,,,,,,,,"d15N",-0.56,"perMill","SIRFER_algalPlantChem_isotopes_V1","Revesz & Coplen 2012a","N",,
"47c9f01e-4d98-4146-b1c0-d5e2d7f29fa6","D05","LIRO","LIRO.AOS.riparian.point.02","2020-07-22","LIRO.20200722.EPIXYLON.6.CNSA.1","A00000203624","condition ok","SIRFER Lab at University of Utah","2021-05-17","ElFtGy1kV49xqNP00HfxQA==","CNS","1",4,25,100,,,,,,,,"d15N",-1.41,"perMill","SIRFER_algalPlantChem_isotopes_V1","Revesz & Coplen 2012a","N",,
"f69a4c2a-796c-45e9-8933-3f06390854c0","D05","LIRO","LIRO.AOS.riparian.point.04","2020-07-22","LIRO.20200722.EPIXYLON.5.CNSA.1","A00000203621","condition ok","SIRFER Lab at University of Utah","2021-05-17","ElFtGy1kV49xqNP00HfxQA==","CNS","1",4,25,100,,,,,,,,"nitrogen",8438.08,"microgramsPerLiter","SIRFER_algalPlantChem_isotopes_V1","Revesz & Coplen 2012a","N",,
"d1869cd4-ff90-4487-89bd-dfc6d3618e30","D05","LIRO","LIRO.AOS.buoy.c1","2020-07-22","LIRO.20200722.PHYTOPLANKTON.1.CNSA.1","A00000203603","condition ok","SIRFER Lab at University of Utah","2021-05-19","ElFtGy1kV49xqNP00HfxQA==","CNS","1",100,25,100,,,,,,,,"nitrogen",96.58,"microgramsPerLiter","SIRFER_algalPlantChem_isotopes_V1","Revesz & Coplen 2012a","N",,
"4e6a6cf4-34b8-47f9-b249-776b954693b6","D05","LIRO","LIRO.AOS.riparian.point.10","2020-07-22","LIRO.20200722.EPIXYLON.7.CNSA.1","A00000203627","condition ok","SIRFER Lab at University of Utah","2021-05-17","ElFtGy1kV49xqNP00HfxQA==","CNS","1",4,25,100,,,,,,,,"d15N",-0.09,"perMill","SIRFER_algalPlantChem_isotopes_V1","Revesz & Coplen 2012a","N",,
"8f53b119-2acc-475b-8524-48cc90fcb9c1","D05","LIRO","LIRO.AOS.riparian.point.02","2020-07-22","LIRO.20200722.EPIXYLON.6.CNSA.1","A00000203624","condition ok","SIRFER Lab at University of Utah","2021-05-17","ElFtGy1kV49xqNP00HfxQA==","CNS","1",4,25,100,,,,,,,,"carbon",151365.61,"microgramsPerLiter","SIRFER_algalPlantChem_isotopes_V1","Revesz & Coplen 2012a","N",,
"4cef9d77-1540-433f-ae87-72ed1b407b2d","D05","LIRO","LIRO.AOS.riparian.point.02","2020-07-22","LIRO.20200722.EPIXYLON.6.CNSA.1","A00000203624","condition ok","SIRFER Lab at University of Utah","2021-05-17","ElFtGy1kV49xqNP00HfxQA==","CNS","1",4,25,100,,,,,,,,"d13C",-28.33,"perMill","SIRFER_algalPlantChem_isotopes_V1","Revesz & Coplen 2012a","N",,
"11bfbe8e-744e-4769-9015-47742c54d1c8","D05","LIRO","LIRO.AOS.buoy.c1","2020-07-22","LIRO.20200722.PHYTOPLANKTON.1.CNSA.1","A00000203603","condition ok","SIRFER Lab at University of Utah","2021-05-19","ElFtGy1kV49xqNP00HfxQA==","CNS","1",100,25,100,,,,,,,,"d15N",0.15,"perMill","SIRFER_algalPlantChem_isotopes_V1","Revesz & Coplen 2012a","N",,
"2fd8697d-43ed-4053-bd4a-86be8cb49958","D05","LIRO","LIRO.AOS.riparian.point.06","2020-07-22","LIRO.20200722.EPIXYLON.4.CNSA.1","A00000203618","condition ok","SIRFER Lab at University of Utah","2021-05-17","ElFtGy1kV49xqNP00HfxQA==","CNS","1",4,25,100,,,,,,,,"nitrogen",5785.53,"microgramsPerLiter","SIRFER_algalPlantChem_isotopes_V1","Revesz & Coplen 2012a","N",,
"8721720a-afa2-4280-97f3-ef407c47868a","D05","LIRO","LIRO.AOS.riparian.point.06","2020-07-22","LIRO.20200722.EPIXYLON.4.CNSA.1","A00000203618","condition ok","SIRFER Lab at University of Utah","2021-05-17","ElFtGy1kV49xqNP00HfxQA==","CNS","1",4,25,100,,,,,,,,"d15N",-0.58,"perMill","SIRFER_algalPlantChem_isotopes_V1","Revesz & Coplen 2012a","N",,
"e7dc0348-ecf8-448c-9d39-37f41eb16547","D05","LIRO","LIRO.AOS.littoral2","2020-07-22","LIRO.20200722.PHYTOPLANKTON.8.CNSA.1","A00000203609","condition ok","SIRFER Lab at University of Utah","2021-05-19","ElFtGy1kV49xqNP00HfxQA==","CNS","1",100,25,100,,,,,,,,"sulfur",63.89,"microgramsPerLiter","SIRFER_algalPlantChem_isotopes_V1","Revesz & Coplen 2012b","N",,
"28d37c74-c33d-4e8a-863d-9ce68bf14753","D05","LIRO","LIRO.AOS.riparian.point.04","2020-07-22","LIRO.20200722.EPIXYLON.5.CNSB.1","A00000203622","condition ok","SIRFER Lab at University of Utah","2021-06-03","ElFtGy1kV49xqNP00HfxQA==","CNS","1",4,25,100,,,,,,,,"d13C",-28.65,"perMill","SIRFER_algalPlantChem_isotopes_V1","Revesz & Coplen 2012a","Y",,
"df006a46-dc38-47c8-817b-89c8b418c9e3","D05","LIRO","LIRO.AOS.littoral2","2020-07-22","LIRO.20200722.PHYTOPLANKTON.8.CNSA.1","A00000203609","condition ok","SIRFER Lab at University of Utah","2021-05-19","ElFtGy1kV49xqNP00HfxQA==","CNS","1",100,25,100,,,,,,,,"d15N",0.28,"perMill","SIRFER_algalPlantChem_isotopes_V1","Revesz & Coplen 2012a","N",,
"1f9211aa-b3f2-488a-80d7-9c135d0b79f9","D05","LIRO","LIRO.AOS.littoral2","2020-07-22","LIRO.20200722.PHYTOPLANKTON.8.REP2.CNSA.2","A00000203617","condition ok","SIRFER Lab at University of Utah","2021-05-19","ElFtGy1kV49xqNP00HfxQA==","CNS","1",100,25,100,,,,,,,,"nitrogen",76.35,"microgramsPerLiter","SIRFER_algalPlantChem_isotopes_V1","Revesz & Coplen 2012a","N",,
"af3eeea6-27e9-4318-b821-9f40b0bf7502","D05","LIRO","LIRO.AOS.riparian.point.10","2020-07-22","LIRO.20200722.EPIXYLON.7.CNSA.1","A00000203627","condition ok","SIRFER Lab at University of Utah","2021-05-17","ElFtGy1kV49xqNP00HfxQA==","CNS","1",4,25,100,,,,,,,,"carbon",125226.81,"microgramsPerLiter","SIRFER_algalPlantChem_isotopes_V1","Revesz & Coplen 2012a","N",,
"79f44c77-c731-4436-9244-b2bd1d25b9f0","D05","LIRO","LIRO.AOS.riparian.point.10","2020-07-22","LIRO.20200722.EPIXYLON.7.CNSA.1","A00000203627","condition ok","SIRFER Lab at University of Utah","2021-05-17","ElFtGy1kV49xqNP00HfxQA==","CNS","1",4,25,100,,,,,,,,"nitrogen",3640.17,"microgramsPerLiter","SIRFER_algalPlantChem_isotopes_V1","Revesz & Coplen 2012a","N",,
"16c9c02b-5c89-4a3e-8a85-656348dc89df","D05","LIRO","LIRO.AOS.littoral2","2020-07-22","LIRO.20200722.PHYTOPLANKTON.8.CNSA.1","A00000203609","condition ok","SIRFER Lab at University of Utah","2021-05-19","ElFtGy1kV49xqNP00HfxQA==","CNS","1",100,25,100,,,,,,,,"d13C",-30.26,"perMill","SIRFER_algalPlantChem_isotopes_V1","Revesz & Coplen 2012a","N",,
"12516cf6-b0d9-4a01-94c3-81c6289b9e52","D05","LIRO","LIRO.AOS.littoral1","2020-07-22","LIRO.20200722.PHYTOPLANKTON.2.CNSA.1","A00000203606","condition ok","SIRFER Lab at University of Utah","2021-05-19","ElFtGy1kV49xqNP00HfxQA==","CNS","1",100,25,100,,,,,,,,"d34S",7.42,"perMill","SIRFER_algalPlantChem_isotopes_V1","Revesz & Coplen 2012b","N",,
"b720d541-c72f-4197-99ad-4022acca5264","D05","LIRO","LIRO.AOS.riparian.point.06","2020-07-22","LIRO.20200722.EPIXYLON.4.CNSB.1","A00000203619","condition ok","SIRFER Lab at University of Utah","2021-06-03","ElFtGy1kV49xqNP00HfxQA==","CNS","1",4,25,100,,,,,,,,"carbon",139920.76,"microgramsPerLiter","SIRFER_algalPlantChem_isotopes_V1","Revesz & Coplen 2012a","Y",,
"7de8cdb7-f90e-48fc-89e4-533c4fbe6c2c","D05","LIRO","LIRO.AOS.riparian.point.04","2020-07-22","LIRO.20200722.EPIXYLON.5.CNSA.1","A00000203621","condition ok","SIRFER Lab at University of Utah","2021-05-17","ElFtGy1kV49xqNP00HfxQA==","CNS","1",4,25,100,,,,,,,,"carbon",118335.78,"microgramsPerLiter","SIRFER_algalPlantChem_isotopes_V1","Revesz & Coplen 2012a","N",,
"6c23b62e-238e-4cff-9951-062c41ea602e","D05","LIRO","LIRO.AOS.riparian.point.08","2020-07-22","LIRO.20200722.EPIXYLON.3.CNSB.1","A00000203613","condition ok","SIRFER Lab at University of Utah","2021-06-03","ElFtGy1kV49xqNP00HfxQA==","CNS","1",4,25,100,,,,,,,,"d13C",-27.32,"perMill","SIRFER_algalPlantChem_isotopes_V1","Revesz & Coplen 2012a","Y",,
"dcb087bc-ae2c-475c-89cc-8f1f21383b7f","D05","LIRO","LIRO.AOS.riparian.point.06","2020-07-22","LIRO.20200722.EPIXYLON.4.CNSA.1","A00000203618","condition ok","SIRFER Lab at University of Utah","2021-05-17","ElFtGy1kV49xqNP00HfxQA==","CNS","1",4,25,100,,,,,,,,"carbon",161425.79,"microgramsPerLiter","SIRFER_algalPlantChem_isotopes_V1","Revesz & Coplen 2012a","N",,
"9f030860-8069-412e-823b-bc7379b7ba57","D05","LIRO","LIRO.AOS.littoral1","2020-07-22","LIRO.20200722.PHYTOPLANKTON.2.CNSA.1","A00000203606","condition ok","SIRFER Lab at University of Utah","2021-05-19","ElFtGy1kV49xqNP00HfxQA==","CNS","1",100,25,100,,,,,,,,"carbon",591.90,"microgramsPerLiter","SIRFER_algalPlantChem_isotopes_V1","Revesz & Coplen 2012a","N",,
"61e482d1-eb5b-4479-b486-e81766b893b8","D05","LIRO","LIRO.AOS.riparian.point.06","2020-07-22","LIRO.20200722.EPIXYLON.4.CNSB.1","A00000203619","condition ok","SIRFER Lab at University of Utah","2021-06-03","ElFtGy1kV49xqNP00HfxQA==","CNS","1",4,25,100,,,,,,,,"d13C",-28.64,"perMill","SIRFER_algalPlantChem_isotopes_V1","Revesz & Coplen 2012a","Y",,
"652e9c38-2926-4208-b4e5-4e8b06359c88","D05","LIRO","LIRO.AOS.littoral2","2020-07-22","LIRO.20200722.PHYTOPLANKTON.8.CNSA.1","A00000203609","condition ok","SIRFER Lab at University of Utah","2021-05-19","ElFtGy1kV49xqNP00HfxQA==","CNS","1",100,25,100,,,,,,,,"carbon",690.78,"microgramsPerLiter","SIRFER_algalPlantChem_isotopes_V1","Revesz & Coplen 2012a","N",,
"260441a8-82fc-456d-b505-bc7fe4b8ce7f","D05","LIRO","LIRO.AOS.littoral1","2020-07-22","LIRO.20200722.PHYTOPLANKTON.2.CNSA.1","A00000203606","condition ok","SIRFER Lab at University of Utah","2021-05-19","ElFtGy1kV49xqNP00HfxQA==","CNS","1",100,25,100,,,,,,,,"nitrogen",49.16,"microgramsPerLiter","SIRFER_algalPlantChem_isotopes_V1","Revesz & Coplen 2012a","N",,
"6092042e-4d64-49e4-9755-355542950c4a","D05","LIRO","LIRO.AOS.littoral2","2020-07-22","LIRO.20200722.PHYTOPLANKTON.8.REP2.CNSA.2","A00000203617","condition ok","SIRFER Lab at University of Utah","2021-05-19","ElFtGy1kV49xqNP00HfxQA==","CNS","1",100,25,100,,,,,,,,"carbon",767.17,"microgramsPerLiter","SIRFER_algalPlantChem_isotopes_V1","Revesz & Coplen 2012a","N",,
"6d774d5c-8383-4aca-a56f-d2f2a6ff5e05","D05","LIRO","LIRO.AOS.riparian.point.06","2020-07-22","LIRO.20200722.EPIXYLON.4.CNSA.1","A00000203618","condition ok","SIRFER Lab at University of Utah","2021-05-17","ElFtGy1kV49xqNP00HfxQA==","CNS","1",4,25,100,,,,,,,,"d34S",4.80,"perMill","SIRFER_algalPlantChem_isotopes_V1","Revesz & Coplen 2012b","N",,
"0f185e73-e59f-4aef-8a75-7fe258d8ad54","D05","LIRO","LIRO.AOS.littoral2","2020-07-22","LIRO.20200722.PHYTOPLANKTON.8.CNSA.1","A00000203609","condition ok","SIRFER Lab at University of Utah","2021-05-19","ElFtGy1kV49xqNP00HfxQA==","CNS","1",100,25,100,,,,,,,,"d34S",5.07,"perMill","SIRFER_algalPlantChem_isotopes_V1","Revesz & Coplen 2012b","N",,
"5ddc448f-bad4-48d2-9a15-3df225ebc3ac","D05","LIRO","LIRO.AOS.littoral2","2020-07-22","LIRO.20200722.PHYTOPLANKTON.8.REP2.CNSA.2","A00000203617","condition ok","SIRFER Lab at University of Utah","2021-05-19","ElFtGy1kV49xqNP00HfxQA==","CNS","1",100,25,100,,,,,,,,"d15N",0.60,"perMill","SIRFER_algalPlantChem_isotopes_V1","Revesz & Coplen 2012a","N",,
"13162ccd-2947-40a4-b339-e93b02d08a98","D05","LIRO","LIRO.AOS.riparian.point.02","2020-07-22","LIRO.20200722.EPIXYLON.6.CNSA.1","A00000203624","condition ok","SIRFER Lab at University of Utah","2021-05-17","ElFtGy1kV49xqNP00HfxQA==","CNS","1",4,25,100,,,,,,,,"nitrogen",7403.20,"microgramsPerLiter","SIRFER_algalPlantChem_isotopes_V1","Revesz & Coplen 2012a","N",,
"2e31d852-9e08-4a43-a0b1-cf3a02fb90e6","D05","LIRO","LIRO.AOS.buoy.c1","2020-07-22","LIRO.20200722.PHYTOPLANKTON.1.CNSB.1","A00000203604","condition ok","SIRFER Lab at University of Utah","2021-06-03","ElFtGy1kV49xqNP00HfxQA==","CNS","1",100,25,100,,,,,,,,"d13C",-31.65,"perMill","SIRFER_algalPlantChem_isotopes_V1","Revesz & Coplen 2012a","Y",,
"11fac4b1-1bee-45a1-a110-28109f72e822","D05","LIRO","LIRO.AOS.buoy.c1","2020-07-22","LIRO.20200722.PHYTOPLANKTON.1.CNSA.1","A00000203603","condition ok","SIRFER Lab at University of Utah","2021-05-19","ElFtGy1kV49xqNP00HfxQA==","CNS","1",100,25,100,,,,,,,,"sulfur",5.59,"microgramsPerLiter","SIRFER_algalPlantChem_isotopes_V1","Revesz & Coplen 2012b","N",,
"78a073fd-127e-406b-8785-097bfeb71091","D05","LIRO","LIRO.AOS.riparian.point.04","2020-07-22","LIRO.20200722.EPIXYLON.5.CNSA.1","A00000203621","condition ok","SIRFER Lab at University of Utah","2021-05-17","ElFtGy1kV49xqNP00HfxQA==","CNS","1",4,25,100,,,,,,,,"d34S",3.98,"perMill","SIRFER_algalPlantChem_isotopes_V1","Revesz & Coplen 2012b","N",,
"0840f07f-1f9a-4efc-bc58-ceb2b3a9f4d9","D05","LIRO","LIRO.AOS.riparian.point.02","2020-07-22","LIRO.20200722.EPIXYLON.6.CNSB.1","A00000203625","condition ok","SIRFER Lab at University of Utah","2021-06-03","ElFtGy1kV49xqNP00HfxQA==","CNS","1",4,25,100,,,,,,,,"carbon",127761.16,"microgramsPerLiter","SIRFER_algalPlantChem_isotopes_V1","Revesz & Coplen 2012a","Y",,
"27aabd58-8e80-465a-a4f6-74a05f31698b","D05","LIRO","LIRO.AOS.littoral2","2020-07-22","LIRO.20200722.PHYTOPLANKTON.8.CNSB.1","A00000203610","condition ok","SIRFER Lab at University of Utah","2021-06-03","ElFtGy1kV49xqNP00HfxQA==","CNS","1",100,25,100,,,,,,,,"d13C",-30.65,"perMill","SIRFER_algalPlantChem_isotopes_V1","Revesz & Coplen 2012a","Y",,
"bb8bec90-d2cf-4bd6-93fd-fd22dc701f82","D05","LIRO","LIRO.AOS.buoy.c1","2020-07-22","LIRO.20200722.PHYTOPLANKTON.1.CNSA.1","A00000203603","condition ok","SIRFER Lab at University of Utah","2021-05-19","ElFtGy1kV49xqNP00HfxQA==","CNS","1",100,25,100,,,,,,,,"d34S",6.02,"perMill","SIRFER_algalPlantChem_isotopes_V1","Revesz & Coplen 2012b","N",,
"2de6e4ad-0757-42f1-a5bd-c055177917dd","D05","LIRO","LIRO.AOS.littoral2","2020-07-22","LIRO.20200722.PHYTOPLANKTON.8.REP2.CNSA.2","A00000203617","condition ok","SIRFER Lab at University of Utah","2021-05-19","ElFtGy1kV49xqNP00HfxQA==","CNS","1",100,25,100,,,,,,,,"d13C",-30.22,"perMill","SIRFER_algalPlantChem_isotopes_V1","Revesz & Coplen 2012a","N",,
"3ef43a6a-8a80-4745-b512-89be102a2de8","D05","LIRO","LIRO.AOS.buoy.c1","2020-07-22","LIRO.20200722.PHYTOPLANKTON.1.CNSA.1","A00000203603","condition ok","SIRFER Lab at University of Utah","2021-05-19","ElFtGy1kV49xqNP00HfxQA==","CNS","1",100,25,100,,,,,,,,"carbon",1003.54,"microgramsPerLiter","SIRFER_algalPlantChem_isotopes_V1","Revesz & Coplen 2012a","N",,
"95825f2f-720c-4aff-861e-6761dd0c8da1","D05","LIRO","LIRO.AOS.riparian.point.02","2020-07-22","LIRO.20200722.EPIXYLON.6.CNSB.1","A00000203625","condition ok","SIRFER Lab at University of Utah","2021-06-03","ElFtGy1kV49xqNP00HfxQA==","CNS","1",4,25,100,,,,,,,,"d13C",-28.65,"perMill","SIRFER_algalPlantChem_isotopes_V1","Revesz & Coplen 2012a","Y",,
"4a1d3e14-4342-4c0e-b334-0810fa4b6d32","D05","LIRO","LIRO.AOS.riparian.point.08","2020-07-22","LIRO.20200722.EPIXYLON.3.CNSA.1","A00000203612","condition ok","SIRFER Lab at University of Utah","2021-05-17","ElFtGy1kV49xqNP00HfxQA==","CNS","1",4,25,100,,,,,,,,"d15N",-2.02,"perMill","SIRFER_algalPlantChem_isotopes_V1","Revesz & Coplen 2012a","N",,
"3913a3e5-1cf8-4eb3-a439-5e19418d3bd0","D05","LIRO","LIRO.AOS.riparian.point.04","2020-07-22","LIRO.20200722.EPIXYLON.5.CNSA.1","A00000203621","condition ok","SIRFER Lab at University of Utah","2021-05-17","ElFtGy1kV49xqNP00HfxQA==","CNS","1",4,25,100,,,,,,,,"d13C",-28.69,"perMill","SIRFER_algalPlantChem_isotopes_V1","Revesz & Coplen 2012a","N",,
"00d0cb96-71a8-40e0-81f8-55aa3c7424af","D05","LIRO","LIRO.AOS.riparian.point.08","2020-07-22","LIRO.20200722.EPIXYLON.3.CNSB.1","A00000203613","condition ok","SIRFER Lab at University of Utah","2021-06-03","ElFtGy1kV49xqNP00HfxQA==","CNS","1",4,25,100,,,,,,,,"carbon",143060.42,"microgramsPerLiter","SIRFER_algalPlantChem_isotopes_V1","Revesz & Coplen 2012a","Y",,
"cd69a5cd-750f-461a-b8f3-c30a2837a294","D05","LIRO","LIRO.AOS.riparian.point.10","2020-07-22","LIRO.20200722.EPIXYLON.7.CNSA.1","A00000203627","condition ok","SIRFER Lab at University of Utah","2021-05-17","ElFtGy1kV49xqNP00HfxQA==","CNS","1",4,25,100,,,,,,,,"d34S",3.66,"perMill","SIRFER_algalPlantChem_isotopes_V1","Revesz & Coplen 2012b","N",,
"76810bd7-66ba-443f-948e-b482b748b4c0","D05","LIRO","LIRO.AOS.riparian.point.02","2020-07-22","LIRO.20200722.EPIXYLON.6.CNSA.1","A00000203624","condition ok","SIRFER Lab at University of Utah","2021-05-17","ElFtGy1kV49xqNP00HfxQA==","CNS","1",4,25,100,,,,,,,,"sulfur",496.40,"microgramsPerLiter","SIRFER_algalPlantChem_isotopes_V1","Revesz & Coplen 2012b","N",,
"7b4b1c11-4dd8-49a6-b1ba-60a0e3cb9aba","D05","LIRO","LIRO.AOS.littoral2","2020-07-22","LIRO.20200722.PHYTOPLANKTON.8.CNSB.1","A00000203610","condition ok","SIRFER Lab at University of Utah","2021-06-03","ElFtGy1kV49xqNP00HfxQA==","CNS","1",100,25,100,,,,,,,,"carbon",561.16,"microgramsPerLiter","SIRFER_algalPlantChem_isotopes_V1","Revesz & Coplen 2012a","Y",,
"07d02582-8d85-4e57-a06c-880e76876b9c","D05","LIRO","LIRO.AOS.littoral2","2020-07-22","LIRO.20200722.PHYTOPLANKTON.8.REP2.CNSA.2","A00000203617","condition ok","SIRFER Lab at University of Utah","2021-05-19","ElFtGy1kV49xqNP00HfxQA==","CNS","1",100,25,100,,,,,,,,"sulfur",6.56,"microgramsPerLiter","SIRFER_algalPlantChem_isotopes_V1","Revesz & Coplen 2012b","N",,
"c6c83c60-1287-4571-b02a-8347624d2aea","D05","LIRO","LIRO.AOS.riparian.point.06","2020-07-22","LIRO.20200722.EPIXYLON.4.CNSA.1","A00000203618","condition ok","SIRFER Lab at University of Utah","2021-05-17","ElFtGy1kV49xqNP00HfxQA==","CNS","1",4,25,100,,,,,,,,"sulfur",641.89,"microgramsPerLiter","SIRFER_algalPlantChem_isotopes_V1","Revesz & Coplen 2012b","N",,
"d2b5c4db-7232-4a7a-ab2f-d067dd228a3a","D05","LIRO","LIRO.AOS.littoral1","2020-07-22","LIRO.20200722.PHYTOPLANKTON.2.CNSA.1","A00000203606","condition ok","SIRFER Lab at University of Utah","2021-05-19","ElFtGy1kV49xqNP00HfxQA==","CNS","1",100,25,100,,,,,,,,"d13C",-28.41,"perMill","SIRFER_algalPlantChem_isotopes_V1","Revesz & Coplen 2012a","N",,
"724354f3-5993-40b0-90ff-373f72c265c6","D05","LIRO","LIRO.AOS.riparian.point.10","2020-07-22","LIRO.20200722.EPIXYLON.7.CNSB.1","A00000203628","condition ok","SIRFER Lab at University of Utah","2021-06-03","ElFtGy1kV49xqNP00HfxQA==","CNS","1",4,25,100,,,,,,,,"carbon",127761.16,"microgramsPerLiter","SIRFER_algalPlantChem_isotopes_V1","Revesz & Coplen 2012a","Y",,
"8db41340-4756-4f99-a305-13f142990cea","D05","LIRO","LIRO.AOS.littoral1","2020-07-22","LIRO.20200722.PHYTOPLANKTON.2.CNSA.1","A00000203606","condition ok","SIRFER Lab at University of Utah","2021-05-19","ElFtGy1kV49xqNP00HfxQA==","CNS","1",100,25,100,,,,,,,,"sulfur",21.45,"microgramsPerLiter","SIRFER_algalPlantChem_isotopes_V1","Revesz & Coplen 2012b","N",,
"2ca2487d-0140-4c75-8be4-843a14bb6928","D05","LIRO","LIRO.AOS.riparian.point.10","2020-07-22","LIRO.20200722.EPIXYLON.7.CNSA.1","A00000203627","condition ok","SIRFER Lab at University of Utah","2021-05-17","ElFtGy1kV49xqNP00HfxQA==","CNS","1",4,25,100,,,,,,,,"sulfur",532.86,"microgramsPerLiter","SIRFER_algalPlantChem_isotopes_V1","Revesz & Coplen 2012b","N",,
"4439333f-d753-4a58-a46b-9464c91db8e4","D05","LIRO","LIRO.AOS.riparian.point.06","2020-07-22","LIRO.20200722.EPIXYLON.4.CNSA.1","A00000203618","condition ok","SIRFER Lab at University of Utah","2021-05-17","ElFtGy1kV49xqNP00HfxQA==","CNS","1",4,25,100,,,,,,,,"d13C",-28.66,"perMill","SIRFER_algalPlantChem_isotopes_V1","Revesz & Coplen 2012a","N",,
"4c23baa6-fcdf-4ed6-a837-20e4f895c8a3","D05","LIRO","LIRO.AOS.riparian.point.08","2020-07-22","LIRO.20200722.EPIXYLON.3.CNSA.1","A00000203612","condition ok","SIRFER Lab at University of Utah","2021-05-17","ElFtGy1kV49xqNP00HfxQA==","CNS","1",4,25,100,,,,,,,,"d13C",-26.98,"perMill","SIRFER_algalPlantChem_isotopes_V1","Revesz & Coplen 2012a","N",,
"2894aa07-0261-40d0-998f-d7c5608d9986","D05","LIRO","LIRO.AOS.riparian.point.04","2020-07-22","LIRO.20200722.EPIXYLON.5.CNSA.1","A00000203621","condition ok","SIRFER Lab at University of Utah","2021-05-17","ElFtGy1kV49xqNP00HfxQA==","CNS","1",4,25,100,,,,,,,,"sulfur",570.37,"microgramsPerLiter","SIRFER_algalPlantChem_isotopes_V1","Revesz & Coplen 2012b","N",,
"05f33458-ff48-4ccf-a370-83738a689719","D05","LIRO","LIRO.AOS.riparian.point.10","2020-07-22","LIRO.20200722.EPIXYLON.7.CNSA.1","A00000203627","condition ok","SIRFER Lab at University of Utah","2021-05-17","ElFtGy1kV49xqNP00HfxQA==","CNS","1",4,25,100,,,,,,,,"d13C",-27.17,"perMill","SIRFER_algalPlantChem_isotopes_V1","Revesz & Coplen 2012a","N",,
"79d42461-a497-491c-b86f-b23e1b3fa90a","D05","LIRO","LIRO.AOS.riparian.point.02","2020-07-22","LIRO.20200722.EPIXYLON.6.CNSA.1","A00000203624","condition ok","SIRFER Lab at University of Utah","2021-05-17","ElFtGy1kV49xqNP00HfxQA==","CNS","1",4,25,100,,,,,,,,"d34S",4.01,"perMill","SIRFER_algalPlantChem_isotopes_V1","Revesz & Coplen 2012b","N",,
"e00ac55a-9775-46a5-934d-953c9f8b1af6","D05","LIRO","LIRO.AOS.littoral1","2020-07-22","LIRO.20200722.PHYTOPLANKTON.2.CNSB.1","A00000203607","condition ok","SIRFER Lab at University of Utah","2021-06-03","ElFtGy1kV49xqNP00HfxQA==","CNS","1",100,25,100,,,,,,,,"carbon",761.16,"microgramsPerLiter","SIRFER_algalPlantChem_isotopes_V1","Revesz & Coplen 2012a","Y",,
"c2439b7a-88cd-4f3f-b28e-56d6c6d317a6","D05","LIRO","LIRO.AOS.littoral2","2020-07-22","LIRO.20200722.PHYTOPLANKTON.8.CNSA.1","A00000203609","condition ok","SIRFER Lab at University of Utah","2021-05-19","ElFtGy1kV49xqNP00HfxQA==","CNS","1",100,25,100,,,,,,,,"nitrogen",66.12,"microgramsPerLiter","SIRFER_algalPlantChem_isotopes_V1","Revesz & Coplen 2012a","N",,
"731690cc-c85e-446c-965d-7ca11bcd1acf","D05","LIRO","LIRO.AOS.littoral1","2020-07-22","LIRO.20200722.PHYTOPLANKTON.2.CNSA.1","A00000203606","condition ok","SIRFER Lab at University of Utah","2021-05-19","ElFtGy1kV49xqNP00HfxQA==","CNS","1",100,25,100,,,,,,,,"d15N",-2.01,"perMill","SIRFER_algalPlantChem_isotopes_V1","Revesz & Coplen 2012a","N",,
"8f7b5514-3ac2-4f65-a040-8273b3372b50","D05","LIRO","LIRO.AOS.littoral2","2020-07-22","LIRO.20200722.PHYTOPLANKTON.8.REP2.CNSB.2","A00000203616","condition ok","SIRFER Lab at University of Utah","2021-06-03","ElFtGy1kV49xqNP00HfxQA==","CNS","1",100,25,100,,,,,,,,"d13C",-30.54,"perMill","SIRFER_algalPlantChem_isotopes_V1","Revesz & Coplen 2012a","Y",,
"d6415dea-068a-4a91-90fd-2a9f0a1b2b08","D05","LIRO","LIRO.AOS.riparian.point.08","2020-07-22","LIRO.20200722.EPIXYLON.3.CNSA.1","A00000203612","condition ok","SIRFER Lab at University of Utah","2021-05-17","ElFtGy1kV49xqNP00HfxQA==","CNS","1",4,25,100,,,,,,,,"carbon",133242.90,"microgramsPerLiter","SIRFER_algalPlantChem_isotopes_V1","Revesz & Coplen 2012a","N",,
"bc54654d-874b-4cc8-ae53-88c2bea4c8ab","D05","LIRO","LIRO.AOS.riparian.point.08","2020-07-22","LIRO.20200722.EPIXYLON.3.CNSA.1","A00000203612","condition ok","SIRFER Lab at University of Utah","2021-05-17","ElFtGy1kV49xqNP00HfxQA==","CNS","1",4,25,100,,,,,,,,"sulfur",489.39,"microgramsPerLiter","SIRFER_algalPlantChem_isotopes_V1","Revesz & Coplen 2012b","N",,
"1ad1999a-dc68-465d-91ad-bb7416ec9fbb","D05","LIRO","LIRO.AOS.riparian.point.08","2020-07-22","LIRO.20200722.EPIXYLON.3.CNSA.1","A00000203612","condition ok","SIRFER Lab at University of Utah","2021-05-17","ElFtGy1kV49xqNP00HfxQA==","CNS","1",4,25,100,,,,,,,,"nitrogen",6862.93,"microgramsPerLiter","SIRFER_algalPlantChem_isotopes_V1","Revesz & Coplen 2012a","N",,
"c0f2b56c-10dc-499c-b736-14a6ca039717","D05","LIRO","LIRO.AOS.littoral2","2020-07-22","LIRO.20200722.PHYTOPLANKTON.8.REP2.CNSB.2","A00000203616","condition ok","SIRFER Lab at University of Utah","2021-06-03","ElFtGy1kV49xqNP00HfxQA==","CNS","1",100,25,100,,,,,,,,"carbon",825.82,"microgramsPerLiter","SIRFER_algalPlantChem_isotopes_V1","Revesz & Coplen 2012a","Y",,
"3cf05124-e4fe-46a0-8537-4f891d2d710d","D05","LIRO","LIRO.AOS.littoral2","2020-07-22","LIRO.20200722.PHYTOPLANKTON.8.REP2.CNSA.2","A00000203617","condition ok","SIRFER Lab at University of Utah","2021-05-19","ElFtGy1kV49xqNP00HfxQA==","CNS","1",100,25,100,,,,,,,,"d34S",4.19,"perMill","SIRFER_algalPlantChem_isotopes_V1","Revesz & Coplen 2012b","N",,
"62699a20-9d37-477a-a65e-cbed7eb14611","D05","LIRO","LIRO.AOS.buoy.c1","2020-07-22","LIRO.20200722.PHYTOPLANKTON.1.CNSB.1","A00000203604","condition ok","SIRFER Lab at University of Utah","2021-06-03","ElFtGy1kV49xqNP00HfxQA==","CNS","1",100,25,100,,,,,,,,"carbon",1201.16,"microgramsPerLiter","SIRFER_algalPlantChem_isotopes_V1","Revesz & Coplen 2012a","Y",,
"63012ac6-8e53-43f3-9a29-7290c2505cdf","D05","LIRO","LIRO.AOS.riparian.point.10","2020-07-22","LIRO.20200722.EPIXYLON.7.CNSB.1","A00000203628","condition ok","SIRFER Lab at University of Utah","2021-06-03","ElFtGy1kV49xqNP00HfxQA==","CNS","1",4,25,100,,,,,,,,"d13C",-28.65,"perMill","SIRFER_algalPlantChem_isotopes_V1","Revesz & Coplen 2012a","Y",,
"bb0fa4f9-ec79-4fef-915a-d4abf5e30e83","D05","LIRO","LIRO.AOS.littoral1","2020-07-22","LIRO.20200722.PHYTOPLANKTON.2.CNSB.1","A00000203607","condition ok","SIRFER Lab at University of Utah","2021-06-03","ElFtGy1kV49xqNP00HfxQA==","CNS","1",100,25,100,,,,,,,,"d13C",-28.65,"perMill","SIRFER_algalPlantChem_isotopes_V1","Revesz & Coplen 2012a","Y",,
"65a8deba-4d37-4295-b7ee-49b58ff3d500","D05","LIRO","LIRO.AOS.riparian.point.04","2020-07-22","LIRO.20200722.EPIXYLON.5.CNSB.1","A00000203622","condition ok","SIRFER Lab at University of Utah","2021-06-03","ElFtGy1kV49xqNP00HfxQA==","CNS","1",4,25,100,,,,,,,,"carbon",127761.16,"microgramsPerLiter","SIRFER_algalPlantChem_isotopes_V1","Revesz & Coplen 2012a","Y",,
"a32f276f-8a9f-437f-ad70-a2d6d2b0e98c","D05","LIRO","LIRO.AOS.riparian.point.04","2020-07-22","LIRO.20200722.EPIXYLON.5.CHL/PHEO.1","B00000061967","condition ok","Great Lakes Environmental Center, Inc.","2020-08-05","4CajRO/thb0=","chlorophyll/pheophytin","1",4,25,100,1,7,415.3213,,,0.6910,0.2330,"chlorophyll a",394.70,"microgramsPerLiter","GLEC_algalChlorophyll_V1","APHA 10200H",,"Samples exceeded 7-day hold time at Domain 5 by 1 day but are within 14 day hold time for anaylsis.",
"a7f6c0ab-c6c1-46d8-892d-5ecaaab2b64b","D05","LIRO","LIRO.AOS.littoral2","2020-07-22","LIRO.20200722.PHYTOPLANKTON.8.REP2.CHL/PHEO.2","B00000061969","condition ok","Great Lakes Environmental Center, Inc.","2020-08-05","4CajRO/thb0=","chlorophyll/pheophytin","2",100,25,100,1,7,415.3213,,,0.1710,0.0730,"pheophytin",10.17,"microgramsPerLiter","GLEC_algalChlorophyll_V1","APHA 10200H",,"Samples exceeded 7-day hold time at Domain 5 by 1 day but are within 14 day hold time for anaylsis.",
"fc1987f3-51d2-4c0c-92f4-bec5d1cf525f","D05","LIRO","LIRO.AOS.riparian.point.08","2020-07-22","LIRO.20200722.EPIXYLON.3.CHL/PHEO.1","B00000061970","condition ok","Great Lakes Environmental Center, Inc.","2020-08-05","4CajRO/thb0=","chlorophyll/pheophytin","1",4,25,100,1,7,415.3213,,,0.3410,0.1370,"chlorophyll a",175.81,"microgramsPerLiter","GLEC_algalChlorophyll_V1","APHA 10200H",,"Samples exceeded 7-day hold time at Domain 5 by 1 day but are within 14 day hold time for anaylsis.",
"13ba5e1d-f5a0-45ed-a048-801d31d1dd42","D05","LIRO","LIRO.AOS.littoral1","2020-07-22","LIRO.20200722.PHYTOPLANKTON.2.CHL/PHEO.1","B00000061972","condition ok","Great Lakes Environmental Center, Inc.","2020-08-05","4CajRO/thb0=","chlorophyll/pheophytin","1",100,25,100,1,7,415.3213,,,0.1890,0.0790,"pheophytin",10.87,"microgramsPerLiter","GLEC_algalChlorophyll_V1","APHA 10200H",,"Samples exceeded 7-day hold time at Domain 5 by 1 day but are within 14 day hold time for anaylsis.",
"ed2f47f6-a027-4fdd-a23c-cd855d832929","D05","LIRO","LIRO.AOS.buoy.c1","2020-07-22","LIRO.20200722.PHYTOPLANKTON.1.CHL/PHEO.1","B00000061973","condition ok","Great Lakes Environmental Center, Inc.","2020-08-05","4CajRO/thb0=","chlorophyll/pheophytin","1",100,25,100,1,7,415.3213,,,0.7130,0.1970,"pheophytin",18.78,"microgramsPerLiter","GLEC_algalChlorophyll_V1","APHA 10200H",,"Samples exceeded 7-day hold time at Domain 5 by 1 day but are within 14 day hold time for anaylsis.",
"9556cf78-0c1e-4372-b5c7-dd4a07ec6926","D05","LIRO","LIRO.AOS.littoral2","2020-07-22","LIRO.20200722.PHYTOPLANKTON.8.CHL/PHEO.1","B00000061971","condition ok","Great Lakes Environmental Center, Inc.","2020-08-05","4CajRO/thb0=","chlorophyll/pheophytin","1",100,25,100,1,7,415.3213,,,0.1790,0.0750,"chlorophyll a",3.59,"microgramsPerLiter","GLEC_algalChlorophyll_V1","APHA 10200H",,"Samples exceeded 7-day hold time at Domain 5 by 1 day but are within 14 day hold time for anaylsis.",
"d7c1facb-4789-44ac-ade0-3b96c047efb1","D05","LIRO","LIRO.AOS.littoral2","2020-07-22","LIRO.20200722.PHYTOPLANKTON.8.REP2.CHL/PHEO.2","B00000061969","condition ok","Great Lakes Environmental Center, Inc.","2020-08-05","4CajRO/thb0=","chlorophyll/pheophytin","2",100,25,100,1,7,415.3213,,,0.1710,0.0730,"chlorophyll a",3.38,"microgramsPerLiter","GLEC_algalChlorophyll_V1","APHA 10200H",,"Samples exceeded 7-day hold time at Domain 5 by 1 day but are within 14 day hold time for anaylsis.",
"22cb7f8b-0e72-4937-9ae3-129476c24a7d","D05","LIRO","LIRO.AOS.riparian.point.02","2020-07-22","LIRO.20200722.EPIXYLON.6.CHL/PHEO.1","B00000061966","condition ok","Great Lakes Environmental Center, Inc.","2020-08-05","4CajRO/thb0=","chlorophyll/pheophytin","1",4,25,100,1,7,415.3213,,,0.2800,0.1730,"pheophytin",710.55,"microgramsPerLiter","GLEC_algalChlorophyll_V1","APHA 10200H",,"Samples exceeded 7-day hold time at Domain 5 by 1 day but are within 14 day hold time for anaylsis.",
"1d5e1610-8e41-470e-8fb4-aba862e15d6d","D05","LIRO","LIRO.AOS.littoral1","2020-07-22","LIRO.20200722.PHYTOPLANKTON.2.CHL/PHEO.1","B00000061972","condition ok","Great Lakes Environmental Center, Inc.","2020-08-05","4CajRO/thb0=","chlorophyll/pheophytin","1",100,25,100,1,7,415.3213,,,0.1890,0.0790,"chlorophyll a",3.79,"microgramsPerLiter","GLEC_algalChlorophyll_V1","APHA 10200H",,"Samples exceeded 7-day hold time at Domain 5 by 1 day but are within 14 day hold time for anaylsis.",
"28628b1c-efaf-4305-b758-ac75dbfec35e","D05","LIRO","LIRO.AOS.riparian.point.04","2020-07-22","LIRO.20200722.EPIXYLON.5.CHL/PHEO.1","B00000061967","condition ok","Great Lakes Environmental Center, Inc.","2020-08-05","4CajRO/thb0=","chlorophyll/pheophytin","1",4,25,100,1,7,415.3213,,,0.6910,0.2330,"pheophytin",686.47,"microgramsPerLiter","GLEC_algalChlorophyll_V1","APHA 10200H",,"Samples exceeded 7-day hold time at Domain 5 by 1 day but are within 14 day hold time for anaylsis.",
"a26ee143-5586-48d9-99d3-9cbeda3ad4b7","D05","LIRO","LIRO.AOS.riparian.point.02","2020-07-22","LIRO.20200722.EPIXYLON.6.CHL/PHEO.1","B00000061966","condition ok","Great Lakes Environmental Center, Inc.","2020-08-05","4CajRO/thb0=","chlorophyll/pheophytin","1",4,25,100,1,7,415.3213,,,0.2800,0.1730,"chlorophyll a",92.21,"microgramsPerLiter","GLEC_algalChlorophyll_V1","APHA 10200H",,"Samples exceeded 7-day hold time at Domain 5 by 1 day but are within 14 day hold time for anaylsis.",
"33d84a3d-8d8c-4748-8a19-7df8ab3a12f7","D05","LIRO","LIRO.AOS.buoy.c1","2020-07-22","LIRO.20200722.PHYTOPLANKTON.1.CHL/PHEO.1","B00000061973","condition ok","Great Lakes Environmental Center, Inc.","2020-08-05","4CajRO/thb0=","chlorophyll/pheophytin","1",100,25,100,1,7,415.3213,,,0.7130,0.1970,"chlorophyll a",17.79,"microgramsPerLiter","GLEC_algalChlorophyll_V1","APHA 10200H",,"Samples exceeded 7-day hold time at Domain 5 by 1 day but are within 14 day hold time for anaylsis.",
"45c399d9-f037-480e-b1a3-a0ebcf17990d","D05","LIRO","LIRO.AOS.riparian.point.10","2020-07-22","LIRO.20200722.EPIXYLON.7.CHL/PHEO.1","B00000061965","condition ok","Great Lakes Environmental Center, Inc.","2020-08-05","4CajRO/thb0=","chlorophyll/pheophytin","1",4,25,100,1,7,415.3213,,,0.4570,0.1720,"chlorophyll a",245.61,"microgramsPerLiter","GLEC_algalChlorophyll_V1","APHA 10200H",,"Samples exceeded 7-day hold time at Domain 5 by 1 day but are within 14 day hold time for anaylsis.",
"f18d739b-d575-4612-91dc-fd9dd7d4c5d4","D05","LIRO","LIRO.AOS.littoral2","2020-07-22","LIRO.20200722.PHYTOPLANKTON.8.CHL/PHEO.1","B00000061971","condition ok","Great Lakes Environmental Center, Inc.","2020-08-05","4CajRO/thb0=","chlorophyll/pheophytin","1",100,25,100,1,7,415.3213,,,0.1790,0.0750,"pheophytin",10.34,"microgramsPerLiter","GLEC_algalChlorophyll_V1","APHA 10200H",,"Samples exceeded 7-day hold time at Domain 5 by 1 day but are within 14 day hold time for anaylsis.",
"9230031d-141d-46f9-8a26-c249377241d7","D05","LIRO","LIRO.AOS.riparian.point.06","2020-07-22","LIRO.20200722.EPIXYLON.4.CHL/PHEO.1","B00000061968","condition ok","Great Lakes Environmental Center, Inc.","2020-08-05","4CajRO/thb0=","chlorophyll/pheophytin","1",4,25,100,1,7,415.3213,,,0.3390,0.1610,"chlorophyll a",153.40,"microgramsPerLiter","GLEC_algalChlorophyll_V1","APHA 10200H",,"Samples exceeded 7-day hold time at Domain 5 by 1 day but are within 14 day hold time for anaylsis.",
"28acb655-2975-4b9b-9e2f-748e5bb2f370","D05","LIRO","LIRO.AOS.riparian.point.06","2020-07-22","LIRO.20200722.EPIXYLON.4.CHL/PHEO.1","B00000061968","condition ok","Great Lakes Environmental Center, Inc.","2020-08-05","4CajRO/thb0=","chlorophyll/pheophytin","1",4,25,100,1,7,415.3213,,,0.3390,0.1610,"pheophytin",593.68,"microgramsPerLiter","GLEC_algalChlorophyll_V1","APHA 10200H",,"Samples exceeded 7-day hold time at Domain 5 by 1 day but are within 14 day hold time for anaylsis.",
"eecf28e9-0d68-44af-8e2b-da7b99d1d4bc","D05","LIRO","LIRO.AOS.riparian.point.08","2020-07-22","LIRO.20200722.EPIXYLON.3.CHL/PHEO.1","B00000061970","condition ok","Great Lakes Environmental Center, Inc.","2020-08-05","4CajRO/thb0=","chlorophyll/pheophytin","1",4,25,100,1,7,415.3213,,,0.3410,0.1370,"pheophytin",459.91,"microgramsPerLiter","GLEC_algalChlorophyll_V1","APHA 10200H",,"Samples exceeded 7-day hold time at Domain 5 by 1 day but are within 14 day hold time for anaylsis.",
"a7e5c793-91b4-4021-b372-4a1970287f8c","D05","LIRO","LIRO.AOS.riparian.point.10","2020-07-22","LIRO.20200722.EPIXYLON.7.CHL/PHEO.1","B00000061965","condition ok","Great Lakes Environmental Center, Inc.","2020-08-05","4CajRO/thb0=","chlorophyll/pheophytin","1",4,25,100,1,7,415.3213,,,0.4570,0.1720,"pheophytin",552.51,"microgramsPerLiter","GLEC_algalChlorophyll_V1","APHA 10200H",,"Samples exceeded 7-day hold time at Domain 5 by 1 day but are within 14 day hold time for anaylsis.",
