uid,domainID,siteID,namedLocation,date,eventID,sampleDepth,waterTemp,specificConductance,dissolvedOxygen,dissolvedOxygenSaturation,dataQF
"ae9d2525-c0c7-4a98-be69-67bf8da84ecf","D09","PRLA","PRLA.AOS.buoy.c0","2021-10-12T13:22Z","PRLA.c0.20211012",1.5,10.6,1458.0,8.2,78.5,
"de424b8d-918a-4523-b98d-27ca93073469","D09","PRLA","PRLA.AOS.buoy.c0","2021-10-12T13:22Z","PRLA.c0.20211012",0.5,10.6,1460.0,8.2,78.0,
"04b7483e-e50a-4a21-ad8f-e6d584e6eb0c","D09","PRLA","PRLA.AOS.buoy.c0","2021-10-12T13:22Z","PRLA.c0.20211012",2.0,10.6,1458.0,8.2,78.6,
"923663f0-695a-4dbd-8b2c-c19adb8d3911","D09","PRLA","PRLA.AOS.buoy.c0","2021-10-12T13:22Z","PRLA.c0.20211012",1.0,10.6,1458.0,8.2,78.8,
