uid,startDate,endDate,analyte,sampleType,instrument,testMethod,method,qaReferenceID,standardReferenceKnownValue,standardReferenceMeasuredMean,analyteAccuracy,analyteStandardDeviation,analyteMetricsCount,laboratoryName,labSpecificStartDate,labSpecificEndDate
"be437ee6-906e-4c26-ae66-b3506e0a8dd8","2017-07-03","2017-07-03","carbon","plant","Carlo Erba Model 1112 Flash Elemental Analyzer","ANSP P-16-54 Rev2","US. Environmental Protection Agency. 1992. Determination of carbon and nitrogen in sediments and particulates of estuarine/coastal waters using elemental analysis. Method 440.0 In: Methods for the Determination of Chemical Substances in Marine and Estuarine Environmental Samples. EPA/600/R-92/121 ORD, Washington DC.","B2176",15.95,15.70,,0.26,,"Academy of Natural Sciences of Drexel University","2014-01-01",
"8ecfff8d-7360-4bf7-a855-4da457ac623b","2017-07-03","2017-07-03","d34S","filter","GV IsoPrime Isotope Ratio Mass Spectrometer and Eurovector Elemental Analyser EuroEA3028-HT","SO2 EA-combustion-IRMS method",,"NBS-127 barium sulfate",20.30,21.00,,0.20,,"Academy of Natural Sciences of Drexel University","2014-01-01","2016-02-05"
"a84ce864-da94-411f-ad73-a3a4f267552d","2017-07-03","2017-07-03","phosphorus","filter","ALPKEM RFA 300","ANSP P-16-114 Rev2; ANSP P-16_95 Rev3",,"spinach",5180.00,4995.00,,223.20,,"Academy of Natural Sciences of Drexel University","2014-01-01",
"414f56a5-d787-48f6-9f80-2c43af919463","2017-07-03","2017-07-03","d34S","filter","Vario Pyro Cube",,"Glesemann, A., H.-J. Jager, A. L. Norman, H. R. Krouse, and W. A. Brand. 1994. On-Line Sulfur-Isotope Determination Using an Elemental Analyzer Coupled to a Mass Spectrometer. Analytical Chemistry, 66:2816-2819.",,,,,,,"Academy of Natural Sciences of Drexel University","2016-02-06",
"f0bda171-eab7-428d-a661-8fc6f4221fc8","2017-07-03","2017-07-03","nitrogen","filter","Carlo Erba Model 1112 Flash Elemental Analyzer","ANSP P-16-54 Rev2","US. Environmental Protection Agency. 1992. Determination of carbon and nitrogen in sediments and particulates of estuarine/coastal waters using elemental analysis. Method 440.0 In: Methods for the Determination of Chemical Substances in Marine and Estuarine Environmental Samples. EPA/600/R-92/121 ORD, Washington DC.","Aspartic acid",10.52,10.77,,0.39,,"Academy of Natural Sciences of Drexel University","2014-01-01",
"8db636f8-5354-4e34-9185-94832de3b74b","2017-07-03","2017-07-03","nitrogen","plant","Carlo Erba Model 1112 Flash Elemental Analyzer","ANSP P-16-54 Rev2","US. Environmental Protection Agency. 1992. Determination of carbon and nitrogen in sediments and particulates of estuarine/coastal waters using elemental analysis. Method 440.0 In: Methods for the Determination of Chemical Substances in Marine and Estuarine Environmental Samples. EPA/600/R-92/121 ORD, Washington DC.","B2176",1.29,1.29,,0.06,,"Academy of Natural Sciences of Drexel University","2014-01-01",
"b7d05206-70d5-467c-9cdd-efe57d752693","2017-07-03","2017-07-03","carbon","filter","Carlo Erba Model 1112 Flash Elemental Analyzer","ANSP P-16-54 Rev2","US. Environmental Protection Agency. 1992. Determination of carbon and nitrogen in sediments and particulates of estuarine/coastal waters using elemental analysis. Method 440.0 In: Methods for the Determination of Chemical Substances in Marine and Estuarine Environmental Samples. EPA/600/R-92/121 ORD, Washington DC.","Aspartic acid",36.09,36.52,,0.88,,"Academy of Natural Sciences of Drexel University","2014-01-01",
"1c4e6cc6-ea29-463b-bca9-25c5aa1bb41f","2017-07-03","2017-07-03","chlorophyll a","filter","Turner Designs TD-700 Fluorometer","ANSP P-16-92 Rev2","Strickland, J. D. H. and T. R. Parsons. 1972. A Manual of Sea Water Analysis. Fisheries Research Board of Canada. Ottawa, Canada.; Parsons, T. R., Y. Maita, and C. M. Lalli. 1984. A Manual of Chemical and Biological Methods for Seawater Analysis. Pergamon Press, Oxford, England.","chlorophyll a from Anacystis nidulans algae",4000.00,4211.00,,,,"Academy of Natural Sciences of Drexel University","2014-01-01",
"20295d52-9808-446a-96ae-79cc65cd8977","2017-07-03","2017-07-03","d15N","POM","Costech 2500 Elemental Analyzer and Delta Plus Mass Spectrometer","ANSP P-16-202 Rev0","Revesz, K., H. Qi, Haiping, and T. B. Coplen. 2012. Determination of the d15N and d13C of total nitrogen and carbon in solids; RSIL lab code 1832. Chap. 5 in Book 10, Methods of the Reston Stable Isotope Laboratory. USGS, Reston, VA. 31 pp.","Aspartic acid",,,,0.14,,"Academy of Natural Sciences of Drexel University","2014-01-01",
"4f8e8c44-7f9c-44c4-a6a6-9e6bc23a4766","2017-07-03","2017-07-03","d13C","POM","Costech 2500 Elemental Analyzer and Delta Plus Mass Spectrometer","ANSP P-16-202 Rev0","Revesz, K., H. Qi, Haiping, and T. B. Coplen. 2012. Determination of the d15N and d13C of total nitrogen and carbon in solids; RSIL lab code 1832. Chap. 5 in Book 10, Methods of the Reston Stable Isotope Laboratory. USGS, Reston, VA. 31 pp.","Aspartic acid",,,,0.02,,"Academy of Natural Sciences of Drexel University","2014-01-01",
"b0091ee8-4187-411a-bd14-25bc0829a0f1","2017-07-03","2017-07-03","pheophytin","filter","Turner Designs TD-700 Fluorometer","ANSP P-16-92 Rev2","Strickland, J. D. H. and T. R. Parsons. 1972. A Manual of Sea Water Analysis. Fisheries Research Board of Canada. Ottawa, Canada.; Parsons, T. R., Y. Maita, and C. M. Lalli. 1984. A Manual of Chemical and Biological Methods for Seawater Analysis. Pergamon Press, Oxford, England.",,,,,,,"Academy of Natural Sciences of Drexel University","2014-01-01",
