uid,domainID,siteID,namedLocation,collectDate,parentSampleID,sampleID,sampleCode,filterNumber,analysisType,fieldSampleVolume,domainFilterVolume,storageDays,remarks,measuredBy,recordedBy,sampleCondition,dataQF
"a88cc9d8-e391-4331-b3ef-9819cb4a2b3a","D03","BARC","BARC.AOS.littoral1","2014-07-02T14:00Z","BARC.20140702.PHYTOPLANKTON.2","BARC.20140702.PHYTOPLANKTON.2",,1,"P",4000.0,355.0,1.1,,,"ksandusky@neoninc.org","OK","legacyData"
"04e1f822-7e86-4111-b26c-990918fa1da7","D03","BARC","BARC.AOS.littoral2","2014-07-02T14:00Z","BARC.20140702.PHYTOPLANKTON.3","BARC.20140702.PHYTOPLANKTON.3",,1,"CN",4000.0,300.0,1.1,,,"ksandusky@neoninc.org","OK","legacyData"
"e851e010-3595-471c-aca9-f86d97267816","D03","BARC","BARC.AOS.riparian.point.10","2014-07-02T14:00Z","BARC.20140702.EPIPHYTON.9","BARC.20140702.EPIPHYTON.9",,1,"P",125.0,5.0,1.1,,,"ksandusky@neoninc.org","OK","legacyData"
"21a4dbfe-02a8-4469-8396-59128cd1a473","D03","BARC","BARC.AOS.riparian.point.02","2014-07-02T14:00Z","BARC.20140702.EPIPHYTON.7","BARC.20140702.EPIPHYTON.7",,2,"CN",125.0,5.0,1.1,,,"ksandusky@neoninc.org","OK","legacyData"
"c2e6fca0-a29c-4f53-96fe-83eab03a8bf9","D03","BARC","BARC.AOS.buoy.c0","2014-07-02T14:00Z","BARC.20140702.PHYTOPLANKTON.1","BARC.20140702.PHYTOPLANKTON.1",,1,"CN",4000.0,352.0,1.1,,,"ksandusky@neoninc.org","OK","legacyData"
"dc5f52a8-f05a-4133-b9b7-e6a869176b7b","D03","BARC","BARC.AOS.riparian.point.04","2014-07-02T14:00Z","BARC.20140702.EPIPHYTON.5","BARC.20140702.EPIPHYTON.5",,1,"P",125.0,2.5,1.1,,,"ksandusky@neoninc.org","OK","legacyData"
"9d9cef72-ea4a-4b20-a295-53f65b5e9066","D03","BARC","BARC.AOS.riparian.point.04","2014-07-02T14:00Z","BARC.20140702.EPIPHYTON.5","BARC.20140702.EPIPHYTON.5",,2,"13C15N",125.0,2.5,1.1,,,"ksandusky@neoninc.org","OK","legacyData"
"d07b1a0e-1e27-4282-8e4f-138c461b2e13","D03","BARC","BARC.AOS.littoral1","2014-07-02T14:00Z","BARC.20140702.PHYTOPLANKTON.2","BARC.20140702.PHYTOPLANKTON.2",,2,"CN",4000.0,400.0,1.1,,,"ksandusky@neoninc.org","OK","legacyData"
"8c10e15c-57a0-4d67-b6f3-9f97320ed5fb","D03","BARC","BARC.AOS.riparian.point.02","2014-07-02T14:00Z","BARC.20140702.EPIPHYTON.7","BARC.20140702.EPIPHYTON.7",,2,"chlorophyll/pheophytin",125.0,5.0,1.1,,,"ksandusky@neoninc.org","OK","legacyData"
"5baadb40-facf-412a-9bd4-6803df016343","D03","BARC","BARC.AOS.riparian.point.10","2014-07-02T14:00Z","BARC.20140702.EPIPHYTON.9","BARC.20140702.EPIPHYTON.9",,2,"CN",125.0,5.0,1.1,,,"ksandusky@neoninc.org","OK","legacyData"
"ced9a24e-8e25-42f3-a720-cf0542bc6edb","D03","BARC","BARC.AOS.riparian.point.02","2014-07-02T14:00Z","BARC.20140702.EPIPHYTON.7","BARC.20140702.EPIPHYTON.7",,1,"chlorophyll/pheophytin",125.0,5.0,1.1,,,"ksandusky@neoninc.org","OK","legacyData"
"6ddde5b9-6648-43e6-98b7-e3485fbea81d","D03","BARC","BARC.AOS.riparian.point.10","2014-07-02T14:00Z","BARC.20140702.EPIPHYTON.9","BARC.20140702.EPIPHYTON.9",,2,"chlorophyll/pheophytin",125.0,5.0,1.1,,,"ksandusky@neoninc.org","OK","legacyData"
"a9c275ef-80b0-4539-be09-0b9097f5b0e8","D03","BARC","BARC.AOS.riparian.point.04","2014-07-02T14:00Z","BARC.20140702.EPIPHYTON.5","BARC.20140702.EPIPHYTON.5",,1,"CN",125.0,2.5,1.1,,,"ksandusky@neoninc.org","OK","legacyData"
"df15bfde-0400-413d-a1ba-5efe629b0b68","D03","BARC","BARC.AOS.riparian.point.04","2014-07-02T14:00Z","BARC.20140702.EPIPHYTON.5","BARC.20140702.EPIPHYTON.5",,1,"13C15N",125.0,2.5,1.1,,,"ksandusky@neoninc.org","OK","legacyData"
"a824b7f8-dcbc-4a77-8ac0-999c986dc8f9","D03","BARC","BARC.AOS.riparian.point.10","2014-07-02T14:00Z","BARC.20140702.EPIPHYTON.9","BARC.20140702.EPIPHYTON.9",,1,"13C15N",125.0,5.0,1.1,,,"ksandusky@neoninc.org","OK","legacyData"
"0b48184c-e43d-46f2-8782-b9885ad205d2","D03","BARC","BARC.AOS.riparian.point.06","2014-07-02T14:00Z","BARC.20140702.EPIPHYTON.3","BARC.20140702.EPIPHYTON.3",,1,"34S",125.0,5.0,1.1,,,"ksandusky@neoninc.org","OK","legacyData"
"8afcc52e-c7c3-420f-a2b0-ecc4f47bd06f","D03","BARC","BARC.AOS.riparian.point.08","2014-07-02T14:00Z","BARC.20140702.EPIPHYTON.1","BARC.20140702.EPIPHYTON.1",,2,"13C15N",125.0,5.0,1.1,,,"ksandusky@neoninc.org","OK","legacyData"
"bff92fe9-d198-41a2-a5d2-fafa8a915ff0","D03","BARC","BARC.AOS.riparian.point.06","2014-07-02T14:00Z","BARC.20140702.EPIPHYTON.3","BARC.20140702.EPIPHYTON.3",,2,"CN",125.0,5.0,1.1,,,"ksandusky@neoninc.org","OK","legacyData"
"97eb69c7-2139-4eeb-afca-8261c86396bf","D03","BARC","BARC.AOS.littoral1","2014-07-02T14:00Z","BARC.20140702.PHYTOPLANKTON.2","BARC.20140702.PHYTOPLANKTON.2",,1,"chlorophyll/pheophytin",4000.0,360.0,1.1,,,"ksandusky@neoninc.org","OK","legacyData"
"9c82b1d4-d067-406f-8f46-090e7393c0a9","D03","BARC","BARC.AOS.buoy.c0","2014-07-02T14:00Z","BARC.20140702.PHYTOPLANKTON.1","BARC.20140702.PHYTOPLANKTON.1",,1,"P",4000.0,400.0,1.1,,,"ksandusky@neoninc.org","OK","legacyData"
"7375dc6a-f174-4ad5-a2a5-8992c52481c7","D03","BARC","BARC.AOS.riparian.point.06","2014-07-02T14:00Z","BARC.20140702.EPIPHYTON.3","BARC.20140702.EPIPHYTON.3",,1,"CN",125.0,5.0,1.1,,,"ksandusky@neoninc.org","OK","legacyData"
"64d6a39f-7f91-4c85-a97c-08e7a1f834d5","D03","BARC","BARC.AOS.riparian.point.10","2014-07-02T14:00Z","BARC.20140702.EPIPHYTON.9","BARC.20140702.EPIPHYTON.9",,1,"CN",125.0,5.0,1.1,,,"ksandusky@neoninc.org","OK","legacyData"
"6fc5fa1c-1af8-4355-b821-a5569e797491","D03","BARC","BARC.AOS.riparian.point.06","2014-07-02T14:00Z","BARC.20140702.EPIPHYTON.3","BARC.20140702.EPIPHYTON.3",,2,"13C15N",125.0,5.0,1.1,,,"ksandusky@neoninc.org","OK","legacyData"
"ef1b2c27-cb5d-4e30-ad46-cecc5bbc391c","D03","BARC","BARC.AOS.riparian.point.08","2014-07-02T14:00Z","BARC.20140702.EPIPHYTON.1","BARC.20140702.EPIPHYTON.1",,1,"13C15N",125.0,5.0,1.1,,,"ksandusky@neoninc.org","OK","legacyData"
"27ac849c-1d6a-4123-ac37-8007f8e892ff","D03","BARC","BARC.AOS.riparian.point.06","2014-07-02T14:00Z","BARC.20140702.EPIPHYTON.3","BARC.20140702.EPIPHYTON.3",,2,"chlorophyll/pheophytin",125.0,5.0,1.1,,,"ksandusky@neoninc.org","OK","legacyData"
"043a1684-aeb4-44a4-915f-f19baf79d5b3","D03","BARC","BARC.AOS.riparian.point.08","2014-07-02T14:00Z","BARC.20140702.EPIPHYTON.1","BARC.20140702.EPIPHYTON.1",,1,"P",125.0,5.0,1.1,,,"ksandusky@neoninc.org","OK","legacyData"
"7c4f0623-8c84-409c-9151-ab0d23d3c1ca","D03","BARC","BARC.AOS.riparian.point.04","2014-07-02T14:00Z","BARC.20140702.EPIPHYTON.5","BARC.20140702.EPIPHYTON.5",,2,"chlorophyll/pheophytin",125.0,2.5,1.1,,,"ksandusky@neoninc.org","OK","legacyData"
"1e5c23b0-6e85-4778-9d67-b1bf700c045f","D03","BARC","BARC.AOS.riparian.point.08","2014-07-02T14:00Z","BARC.20140702.EPIPHYTON.1","BARC.20140702.EPIPHYTON.1",,2,"CN",125.0,5.0,1.1,,,"ksandusky@neoninc.org","OK","legacyData"
"7dafc1ec-5b98-442e-b697-a9cfa0a37df9","D03","BARC","BARC.AOS.riparian.point.06","2014-07-02T14:00Z","BARC.20140702.EPIPHYTON.3","BARC.20140702.EPIPHYTON.3",,1,"chlorophyll/pheophytin",125.0,5.0,1.1,,,"ksandusky@neoninc.org","OK","legacyData"
"57d63e5c-3e9a-4598-88ac-902599906c21","D03","BARC","BARC.AOS.riparian.point.08","2014-07-02T14:00Z","BARC.20140702.EPIPHYTON.1","BARC.20140702.EPIPHYTON.1",,2,"chlorophyll/pheophytin",125.0,5.0,1.1,,,"ksandusky@neoninc.org","OK","legacyData"
"a6a24922-09de-40e4-ad8b-f246d74632b7","D03","BARC","BARC.AOS.riparian.point.06","2014-07-02T14:00Z","BARC.20140702.EPIPHYTON.3","BARC.20140702.EPIPHYTON.3",,1,"P",125.0,5.0,1.1,,,"ksandusky@neoninc.org","OK","legacyData"
"25b18b46-7a0c-4a0f-a569-1b9bcf7c6674","D03","BARC","BARC.AOS.buoy.c0","2014-07-02T14:00Z","BARC.20140702.PHYTOPLANKTON.1","BARC.20140702.PHYTOPLANKTON.1",,2,"CN",4000.0,325.0,1.1,"sample label says 375; please flag",,"ksandusky@neoninc.org","OK","legacyData"
"638c2ecb-f61a-43f4-9f47-9370a1f05bee","D03","BARC","BARC.AOS.littoral1","2014-07-02T14:00Z","BARC.20140702.PHYTOPLANKTON.2","BARC.20140702.PHYTOPLANKTON.2",,1,"CN",4000.0,375.0,1.1,,,"ksandusky@neoninc.org","OK","legacyData"
"675553cf-57d3-4e9f-b2b7-f7862278ad65","D03","BARC","BARC.AOS.littoral2","2014-07-02T14:00Z","BARC.20140702.PHYTOPLANKTON.3","BARC.20140702.PHYTOPLANKTON.3",,2,"CN",4000.0,300.0,1.1,,,"ksandusky@neoninc.org","OK","legacyData"
"feee3bf1-da6e-43d4-bc30-87d1a7ab8d86","D03","BARC","BARC.AOS.riparian.point.08","2014-07-02T14:00Z","BARC.20140702.EPIPHYTON.1","BARC.20140702.EPIPHYTON.1",,1,"chlorophyll/pheophytin",125.0,5.0,1.1,,,"ksandusky@neoninc.org","OK","legacyData"
"bf048ded-06e9-407a-88d5-a794cefb56cb","D03","BARC","BARC.AOS.riparian.point.02","2014-07-02T14:00Z","BARC.20140702.EPIPHYTON.7","BARC.20140702.EPIPHYTON.7",,1,"CN",125.0,5.0,1.1,,,"ksandusky@neoninc.org","OK","legacyData"
"dc85e123-2180-46ff-a668-ce44cfee6304","D03","BARC","BARC.AOS.littoral2","2014-07-02T14:00Z","BARC.20140702.PHYTOPLANKTON.3","BARC.20140702.PHYTOPLANKTON.3",,1,"chlorophyll/pheophytin",4000.0,350.0,1.1,,,"ksandusky@neoninc.org","OK","legacyData"
"74d12b4e-ce58-493c-b9ff-7eff29b9f93f","D03","BARC","BARC.AOS.buoy.c0","2014-07-02T14:00Z","BARC.20140702.PHYTOPLANKTON.1","BARC.20140702.PHYTOPLANKTON.1",,1,"chlorophyll/pheophytin",4000.0,255.0,1.1,,,"ksandusky@neoninc.org","OK","legacyData"
"43bfe824-01bf-46e5-a717-ba2686014454","D03","BARC","BARC.AOS.riparian.point.04","2014-07-02T14:00Z","BARC.20140702.EPIPHYTON.5","BARC.20140702.EPIPHYTON.5",,1,"chlorophyll/pheophytin",125.0,2.5,1.1,,,"ksandusky@neoninc.org","OK","legacyData"
"89169142-d93d-40ef-a9fe-65ddd10647cb","D03","BARC","BARC.AOS.riparian.point.02","2014-07-02T14:00Z","BARC.20140702.EPIPHYTON.7","BARC.20140702.EPIPHYTON.7",,1,"P",125.0,5.0,1.1,,,"ksandusky@neoninc.org","OK","legacyData"
"19d2cddd-4f04-4394-8ec7-0ad2ddee1401","D03","BARC","BARC.AOS.riparian.point.02","2014-07-02T14:00Z","BARC.20140702.EPIPHYTON.7","BARC.20140702.EPIPHYTON.7",,1,"34S",125.0,5.0,1.1,,,"ksandusky@neoninc.org","OK","legacyData"
"e0d3ee65-2d31-4cf8-a1e7-dac6c1d4ff0f","D03","BARC","BARC.AOS.riparian.point.10","2014-07-02T14:00Z","BARC.20140702.EPIPHYTON.9","BARC.20140702.EPIPHYTON.9",,1,"chlorophyll/pheophytin",125.0,5.0,1.1,,,"ksandusky@neoninc.org","OK","legacyData"
"3d48f14d-14c8-4ee4-a9df-b0e8829d4d22","D03","BARC","BARC.AOS.riparian.point.02","2014-07-02T14:00Z","BARC.20140702.EPIPHYTON.7","BARC.20140702.EPIPHYTON.7",,1,"13C15N",125.0,5.0,1.1,,,"ksandusky@neoninc.org","OK","legacyData"
"33a16e0f-1c3d-4f96-8d1f-b5434f5a1f1b","D03","BARC","BARC.AOS.riparian.point.04","2014-07-02T14:00Z","BARC.20140702.EPIPHYTON.5","BARC.20140702.EPIPHYTON.5",,2,"CN",125.0,2.5,1.1,,,"ksandusky@neoninc.org","OK","legacyData"
"8b2aa0ad-c0f4-47c6-8f0b-816b0ec3cc9b","D03","BARC","BARC.AOS.riparian.point.10","2014-07-02T14:00Z","BARC.20140702.EPIPHYTON.9","BARC.20140702.EPIPHYTON.9",,1,"34S",125.0,5.0,1.1,,,"ksandusky@neoninc.org","OK","legacyData"
"049816aa-f2d6-4c65-b93a-919a4677b33c","D03","BARC","BARC.AOS.riparian.point.10","2014-07-02T14:00Z","BARC.20140702.EPIPHYTON.9","BARC.20140702.EPIPHYTON.9",,2,"13C15N",125.0,5.0,1.1,,,"ksandusky@neoninc.org","OK","legacyData"
"7d5c49b9-e6b2-4bc0-ad3c-b1a47362bbe0","D03","BARC","BARC.AOS.riparian.point.06","2014-07-02T14:00Z","BARC.20140702.EPIPHYTON.3","BARC.20140702.EPIPHYTON.3",,1,"13C15N",125.0,5.0,1.1,,,"ksandusky@neoninc.org","OK","legacyData"
"6b074641-363b-4cb6-a56b-8fb1c066df60","D03","BARC","BARC.AOS.riparian.point.02","2014-07-02T14:00Z","BARC.20140702.EPIPHYTON.7","BARC.20140702.EPIPHYTON.7",,2,"13C15N",125.0,5.0,1.1,,,"ksandusky@neoninc.org","OK","legacyData"
"37a99572-a03d-4786-ab5c-b23cdabf78f4","D03","BARC","BARC.AOS.riparian.point.08","2014-07-02T14:00Z","BARC.20140702.EPIPHYTON.1","BARC.20140702.EPIPHYTON.1",,1,"34S",125.0,5.0,1.1,,,"ksandusky@neoninc.org","OK","legacyData"
"f510fa27-5f20-40d1-a6d9-ca77c46b32bd","D03","BARC","BARC.AOS.littoral2","2014-07-02T14:00Z","BARC.20140702.PHYTOPLANKTON.3","BARC.20140702.PHYTOPLANKTON.3",,1,"P",4000.0,300.0,1.1,,,"ksandusky@neoninc.org","OK","legacyData"
"4e6f74ba-f0c0-401d-a2e6-29f8f8d39eeb","D03","BARC","BARC.AOS.riparian.point.08","2014-07-02T14:00Z","BARC.20140702.EPIPHYTON.1","BARC.20140702.EPIPHYTON.1",,1,"CN",125.0,5.0,1.1,,,"ksandusky@neoninc.org","OK","legacyData"
"0fce8cf5-37e1-4a38-b24a-d41609127e6f","D03","BARC","BARC.AOS.riparian.point.04","2014-07-02T14:00Z","BARC.20140702.EPIPHYTON.5","BARC.20140702.EPIPHYTON.5",,1,"34S",125.0,2.5,1.1,,,"ksandusky@neoninc.org","OK","legacyData"
