uid,domainID,siteID,namedLocation,collectDate,sampleID,sampleCode,sampleCondition,laboratoryName,analysisDate,analyzedBy,sampleType,replicate,sampleVolumeFiltered,filterSize,percentFilterAnalyzed,dilutionFactor,solventVolume,responseFactor,acidificationResponseFactor,fluorometerSensitivitySetting,preAcidificationFluorescence,postAcidificationFluorescence,analyte,analyteConcentration,plantAlgaeLabUnits,testMethod,method,acidTreatment,externalRemarks,externalLabDataQF
"d8f69c77-2abd-4de5-931e-487bc1c8a491","D03","BARC","BARC.AOS.riparian.point.08","2014-07-02","BARC.20140702.EPIPHYTON.1",,,"Academy of Natural Sciences of Drexel University","2015-03-11","OKgcKejxXbI=","13C15N","2",,25,100,,,,,,,,"d15N",-0.34,"perMill","ANSP P-16-202 Rev0",,,,"legacyData|Did not meet quality audit requirements for analysis audit"
"5cfbf789-3875-4640-a25a-b9ce0e203c11","D03","BARC","BARC.AOS.riparian.point.06","2014-07-02","BARC.20140702.EPIPHYTON.3",,,"Academy of Natural Sciences of Drexel University","2014-09-16","OKgcKejxXbI=","CN","1",,25,100,,,,,,,,"carbon",145412.86,"microgramsPerLiter","ANSP P-16-54 Rev2",,"N",,"legacyData|Did not meet quality audit requirements for analysis audit|acidTreatmentSOPNotFollowed"
"f8eedeb5-31a6-4fcb-8952-5a4c78596aec","D03","BARC","BARC.AOS.riparian.point.04","2014-07-02","BARC.20140702.EPIPHYTON.5",,,"Academy of Natural Sciences of Drexel University","2014-12-10","Txt9C5i/u7k=","chlorophyll/pheophytin","1",,25,100,,,,,,,,"chlorophyll a",,"microgramsPerLiter","ANSP P-16-92 Rev2",,,,"legacyData|Did not meet quality audit requirements for analysis audit"
"f4a55095-a002-448b-a3f6-bb8a7d87f912","D03","BARC","BARC.AOS.riparian.point.04","2014-07-02","BARC.20140702.EPIPHYTON.5",,,"Academy of Natural Sciences of Drexel University","2015-03-12","OKgcKejxXbI=","13C15N","1",,25,75,,,,,,,,"d15N",1.36,"perMill","ANSP P-16-202 Rev0",,,,"legacyData|Did not meet quality audit requirements for analysis audit"
"5f1abc67-f839-451d-a3fc-8a59adb326df","D03","BARC","BARC.AOS.riparian.point.04","2014-07-02","BARC.20140702.EPIPHYTON.5",,,"Academy of Natural Sciences of Drexel University","2015-03-13","OKgcKejxXbI=","13C15N","2",,25,75,,,,,,,,"d13C",-23.73,"perMill","ANSP P-16-202 Rev0",,"N",,"legacyData|Did not meet quality audit requirements for analysis audit|acidTreatmentSOPNotFollowed"
"1b1f7deb-7a40-4d5f-a9c4-7b548bfd8517","D03","BARC","BARC.AOS.buoy.c0","2014-07-02","BARC.20140702.PHYTOPLANKTON.1",,,"Academy of Natural Sciences of Drexel University","2014-12-10","Txt9C5i/u7k=","chlorophyll/pheophytin","1",,25,100,,,,,,,,"pheophytin",,"microgramsPerLiter","ANSP P-16-92 Rev2",,,,"legacyData|Did not meet quality audit requirements for analysis audit"
"46b055a0-d974-45fb-a158-4e7d4840977c","D03","BARC","BARC.AOS.riparian.point.06","2014-07-02","BARC.20140702.EPIPHYTON.3",,,"Academy of Natural Sciences of Drexel University","2015-03-13","OKgcKejxXbI=","13C15N","1",,25,75,,,,,,,,"d13C",-23.35,"perMill","ANSP P-16-202 Rev0",,"N",,"legacyData|Did not meet quality audit requirements for analysis audit|acidTreatmentSOPNotFollowed"
"6f2f11d9-b877-46c8-991d-624b4619a438","D03","BARC","BARC.AOS.riparian.point.08","2014-07-02","BARC.20140702.EPIPHYTON.1",,,"Academy of Natural Sciences of Drexel University","2015-03-11","OKgcKejxXbI=","13C15N","1",,25,100,,,,,,,,"d15N",-0.03,"perMill","ANSP P-16-202 Rev0",,,,"legacyData|Did not meet quality audit requirements for analysis audit"
"2134b051-fae6-451e-a4e8-55d96b7dd8f5","D03","BARC","BARC.AOS.riparian.point.06","2014-07-02","BARC.20140702.EPIPHYTON.3",,,"Academy of Natural Sciences of Drexel University","2015-03-13","OKgcKejxXbI=","13C15N","1",,25,75,,,,,,,,"d15N",-0.28,"perMill","ANSP P-16-202 Rev0",,,,"legacyData|Did not meet quality audit requirements for analysis audit"
"ee31117b-4331-4525-8d2a-738af32fd8fa","D03","BARC","BARC.AOS.riparian.point.10","2014-07-02","BARC.20140702.EPIPHYTON.9",,,"Academy of Natural Sciences of Drexel University","2015-03-12","OKgcKejxXbI=","13C15N","2",,25,75,,,,,,,,"d15N",1.41,"perMill","ANSP P-16-202 Rev0",,,,"legacyData|Did not meet quality audit requirements for analysis audit"
"8f91413b-6030-4d50-bc56-9af2ea29fc1b","D03","BARC","BARC.AOS.riparian.point.02","2014-07-02","BARC.20140702.EPIPHYTON.7",,,"Academy of Natural Sciences of Drexel University","2014-09-16","OKgcKejxXbI=","CN","1",,25,100,,,,,,,,"nitrogen",10378.33,"microgramsPerLiter","ANSP P-16-54 Rev2",,,,"legacyData|Did not meet quality audit requirements for analysis audit"
"427953a5-f595-4dff-b426-c22db6302e89","D03","BARC","BARC.AOS.riparian.point.02","2014-07-02","BARC.20140702.EPIPHYTON.7",,,"Academy of Natural Sciences of Drexel University","2014-09-16","OKgcKejxXbI=","CN","2",,25,100,,,,,,,,"nitrogen",11454.25,"microgramsPerLiter","ANSP P-16-54 Rev2",,,,"legacyData|Did not meet quality audit requirements for analysis audit"
"be86ae4f-f5fd-4ae1-b975-3c6fdcfc789f","D03","BARC","BARC.AOS.littoral1","2014-07-02","BARC.20140702.PHYTOPLANKTON.2",,,"Academy of Natural Sciences of Drexel University","2014-12-10","Txt9C5i/u7k=","chlorophyll/pheophytin","1",,25,100,,,,,,,,"chlorophyll a",,"microgramsPerLiter","ANSP P-16-92 Rev2",,,,"legacyData|Did not meet quality audit requirements for analysis audit"
"3c1f0590-4279-4db7-b381-700b97d0847d","D03","BARC","BARC.AOS.riparian.point.04","2014-07-02","BARC.20140702.EPIPHYTON.5",,,"Academy of Natural Sciences of Drexel University","2014-12-10","Txt9C5i/u7k=","chlorophyll/pheophytin","1",,25,100,,,,,,,,"pheophytin",,"microgramsPerLiter","ANSP P-16-92 Rev2",,,,"legacyData|Did not meet quality audit requirements for analysis audit"
"5ba32164-9044-4a31-a7dc-15d1268c1772","D03","BARC","BARC.AOS.littoral1","2014-07-02","BARC.20140702.PHYTOPLANKTON.2",,,"Academy of Natural Sciences of Drexel University","2014-09-16","OKgcKejxXbI=","CN","1",,25,100,,,,,,,,"nitrogen",28.18,"microgramsPerLiter","ANSP P-16-54 Rev2",,,"single filter","legacyData|Did not meet quality audit requirements for analysis audit"
"b9bea171-467e-4b15-8541-53530d227906","D03","BARC","BARC.AOS.buoy.c0","2014-07-02","BARC.20140702.PHYTOPLANKTON.1",,,"Academy of Natural Sciences of Drexel University","2014-09-16","OKgcKejxXbI=","CN","1",,25,100,,,,,,,,"nitrogen",26.64,"microgramsPerLiter","ANSP P-16-54 Rev2",,,"single filter","legacyData|Did not meet quality audit requirements for analysis audit"
"bf83bc2a-f9ed-41fa-ba3e-ec1c72798817","D03","BARC","BARC.AOS.riparian.point.08","2014-07-02","BARC.20140702.EPIPHYTON.1",,,"Academy of Natural Sciences of Drexel University","2014-12-10","Txt9C5i/u7k=","chlorophyll/pheophytin","1",,25,100,,,,,,,,"pheophytin",,"microgramsPerLiter","ANSP P-16-92 Rev2",,,,"legacyData|Did not meet quality audit requirements for analysis audit"
"61220543-5044-4dbc-8ffb-df22dc4b11ee","D03","BARC","BARC.AOS.littoral1","2014-07-02","BARC.20140702.PHYTOPLANKTON.2",,,"Academy of Natural Sciences of Drexel University","2015-03-04","OKgcKejxXbI=","13C15N","1",,25,100,,,,,,,,"d15N",6.61,"perMill","ANSP P-16-202 Rev0",,,,"legacyData|Did not meet quality audit requirements for analysis audit"
"dc0cd842-a987-44a2-be60-686902ccfca6","D03","BARC","BARC.AOS.riparian.point.02","2014-07-02","BARC.20140702.EPIPHYTON.7",,,"Academy of Natural Sciences of Drexel University","2014-12-10","Txt9C5i/u7k=","chlorophyll/pheophytin","2",,25,100,,,,,,,,"chlorophyll a",,"microgramsPerLiter","ANSP P-16-92 Rev2",,,,"legacyData|Did not meet quality audit requirements for analysis audit"
"aef6ff96-3f25-4592-90ee-5dee5af2c471","D03","BARC","BARC.AOS.riparian.point.04","2014-07-02","BARC.20140702.EPIPHYTON.5",,,"Academy of Natural Sciences of Drexel University","2014-09-16","OKgcKejxXbI=","CN","2",,25,100,,,,,,,,"carbon",303731.54,"microgramsPerLiter","ANSP P-16-54 Rev2",,"N",,"legacyData|Did not meet quality audit requirements for analysis audit|acidTreatmentSOPNotFollowed"
"aeea457c-60b4-4d4d-8d84-d43dd461770b","D03","BARC","BARC.AOS.riparian.point.06","2014-07-02","BARC.20140702.EPIPHYTON.3",,,"Academy of Natural Sciences of Drexel University","2014-12-10","Txt9C5i/u7k=","chlorophyll/pheophytin","2",,25,100,,,,,,,,"chlorophyll a",,"microgramsPerLiter","ANSP P-16-92 Rev2",,,,"legacyData|Did not meet quality audit requirements for analysis audit"
"1986e58d-dd7d-4838-8b5e-6ebf7eb5235f","D03","BARC","BARC.AOS.riparian.point.08","2014-07-02","BARC.20140702.EPIPHYTON.1",,,"Academy of Natural Sciences of Drexel University","2015-03-11","OKgcKejxXbI=","13C15N","2",,25,100,,,,,,,,"d13C",-21.19,"perMill","ANSP P-16-202 Rev0",,"N",,"legacyData|Did not meet quality audit requirements for analysis audit|acidTreatmentSOPNotFollowed"
"bfffe90e-1db8-4e1c-9725-2a83339b1d16","D03","BARC","BARC.AOS.riparian.point.06","2014-07-02","BARC.20140702.EPIPHYTON.3",,,"Academy of Natural Sciences of Drexel University","2015-03-13","OKgcKejxXbI=","13C15N","2",,25,75,,,,,,,,"d13C",-23.19,"perMill","ANSP P-16-202 Rev0",,"N",,"legacyData|Did not meet quality audit requirements for analysis audit|acidTreatmentSOPNotFollowed"
"eee4626d-5ca9-45ac-a4c6-23a0da49a237","D03","BARC","BARC.AOS.riparian.point.04","2014-07-02","BARC.20140702.EPIPHYTON.5",,,"Academy of Natural Sciences of Drexel University","2014-12-10","Txt9C5i/u7k=","chlorophyll/pheophytin","2",,25,100,,,,,,,,"pheophytin",,"microgramsPerLiter","ANSP P-16-92 Rev2",,,,"legacyData|Did not meet quality audit requirements for analysis audit"
"e48601c1-fb34-43e6-99b4-d0f8b1b6fb60","D03","BARC","BARC.AOS.littoral1","2014-07-02","BARC.20140702.PHYTOPLANKTON.2",,,"Academy of Natural Sciences of Drexel University","2015-03-04","OKgcKejxXbI=","13C15N","1",,25,100,,,,,,,,"d13C",-33.60,"perMill","ANSP P-16-202 Rev0",,"N",,"legacyData|Did not meet quality audit requirements for analysis audit|acidTreatmentSOPNotFollowed"
"69eb172d-e0c4-4b1a-b437-f0c8f8aa6a8d","D03","BARC","BARC.AOS.buoy.c0","2014-07-02","BARC.20140702.PHYTOPLANKTON.1",,,"Academy of Natural Sciences of Drexel University","2015-03-13","OKgcKejxXbI=","13C15N","1",,25,100,,,,,,,,"d13C",-27.17,"perMill","ANSP P-16-202 Rev0",,"N",,"legacyData|Did not meet quality audit requirements for analysis audit|acidTreatmentSOPNotFollowed"
"e0b62a67-5b0c-4b19-87cd-13c2f2246c9d","D03","BARC","BARC.AOS.riparian.point.10","2014-07-02","BARC.20140702.EPIPHYTON.9",,,"Academy of Natural Sciences of Drexel University","2014-12-10","Txt9C5i/u7k=","chlorophyll/pheophytin","2",,25,100,,,,,,,,"pheophytin",,"microgramsPerLiter","ANSP P-16-92 Rev2",,,,"legacyData|Did not meet quality audit requirements for analysis audit"
"124d9ecc-ef4e-415c-83a3-2feb11bc52c8","D03","BARC","BARC.AOS.riparian.point.06","2014-07-02","BARC.20140702.EPIPHYTON.3",,,"Academy of Natural Sciences of Drexel University","2015-03-13","OKgcKejxXbI=","13C15N","2",,25,75,,,,,,,,"d15N",1.10,"perMill","ANSP P-16-202 Rev0",,,,"legacyData|Did not meet quality audit requirements for analysis audit"
"71b56d09-21b0-4a41-826b-417b69e6cf01","D03","BARC","BARC.AOS.littoral1","2014-07-02","BARC.20140702.PHYTOPLANKTON.2",,,"Academy of Natural Sciences of Drexel University","2015-01-28","+IoRzddUq5A=","P","1",,25,100,,,,,,,,"phosphorus",4.63,"microgramsPerLiter","ANSP P-16-114 Rev2; ANSP P-16_95 Rev3",,,,"legacyData|Did not meet quality audit requirements for analysis audit"
"3e8cb38c-48bf-45cd-9cdf-3d463118670c","D03","BARC","BARC.AOS.riparian.point.02","2014-07-02","BARC.20140702.EPIPHYTON.7",,,"Academy of Natural Sciences of Drexel University","2015-03-12","OKgcKejxXbI=","13C15N","1",,25,75,,,,,,,,"d13C",-21.17,"perMill","ANSP P-16-202 Rev0",,"N",,"legacyData|Did not meet quality audit requirements for analysis audit|acidTreatmentSOPNotFollowed"
"4e8b6d72-dcbd-4467-bf57-b791e4d99ddd","D03","BARC","BARC.AOS.riparian.point.06","2014-07-02","BARC.20140702.EPIPHYTON.3",,,"Academy of Natural Sciences of Drexel University","2015-03-14","P3U2J3I2sLk=","34S","1",,25,100,,,,,,,,"d34S",6.66,"perMill","SO2 EA-combustion-IRMS method",,,,"legacyData|Did not meet quality audit requirements for analysis audit"
"8d455e61-2665-4d82-98d9-268742bdb575","D03","BARC","BARC.AOS.riparian.point.04","2014-07-02","BARC.20140702.EPIPHYTON.5",,,"Academy of Natural Sciences of Drexel University","2015-03-14","P3U2J3I2sLk=","34S","1",,25,100,,,,,,,,"d34S",7.23,"perMill","SO2 EA-combustion-IRMS method",,,,"legacyData|Did not meet quality audit requirements for analysis audit"
"108bd5e9-94e5-4b2d-804a-80e156a0672b","D03","BARC","BARC.AOS.riparian.point.10","2014-07-02","BARC.20140702.EPIPHYTON.9",,,"Academy of Natural Sciences of Drexel University","2015-03-12","OKgcKejxXbI=","13C15N","1",,25,75,,,,,,,,"d15N",1.26,"perMill","ANSP P-16-202 Rev0",,,,"legacyData|Did not meet quality audit requirements for analysis audit"
"d4a46c95-6023-4a48-a25d-e237a7926af2","D03","BARC","BARC.AOS.riparian.point.02","2014-07-02","BARC.20140702.EPIPHYTON.7",,,"Academy of Natural Sciences of Drexel University","2014-12-10","Txt9C5i/u7k=","chlorophyll/pheophytin","2",,25,100,,,,,,,,"pheophytin",,"microgramsPerLiter","ANSP P-16-92 Rev2",,,,"legacyData|Did not meet quality audit requirements for analysis audit"
"89e3defa-d93e-4891-9f88-45e93b34444f","D03","BARC","BARC.AOS.littoral2","2014-07-02","BARC.20140702.PHYTOPLANKTON.3",,,"Academy of Natural Sciences of Drexel University","2015-03-04","OKgcKejxXbI=","13C15N","1",,25,100,,,,,,,,"d15N",-3.37,"perMill","ANSP P-16-202 Rev0",,,,"legacyData|Did not meet quality audit requirements for analysis audit"
"68aa4bd0-fb0a-4a54-98db-800d471adc1c","D03","BARC","BARC.AOS.riparian.point.02","2014-07-02","BARC.20140702.EPIPHYTON.7",,,"Academy of Natural Sciences of Drexel University","2015-01-28","+IoRzddUq5A=","P","1",,25,100,,,,,,,,"phosphorus",974.80,"microgramsPerLiter","ANSP P-16-114 Rev2; ANSP P-16_95 Rev3",,,,"legacyData|Did not meet quality audit requirements for analysis audit"
"d6b0637c-768c-42b0-9d98-1605ee1c91b9","D03","BARC","BARC.AOS.riparian.point.02","2014-07-02","BARC.20140702.EPIPHYTON.7",,,"Academy of Natural Sciences of Drexel University","2015-03-12","OKgcKejxXbI=","13C15N","2",,25,75,,,,,,,,"d15N",2.02,"perMill","ANSP P-16-202 Rev0",,,,"legacyData|Did not meet quality audit requirements for analysis audit"
"dd199b7d-4e7f-411c-81ad-e67f1875cb38","D03","BARC","BARC.AOS.riparian.point.06","2014-07-02","BARC.20140702.EPIPHYTON.3",,,"Academy of Natural Sciences of Drexel University","2014-09-16","OKgcKejxXbI=","CN","2",,25,100,,,,,,,,"nitrogen",8784.24,"microgramsPerLiter","ANSP P-16-54 Rev2",,,,"legacyData|Did not meet quality audit requirements for analysis audit"
"b2627689-b93c-40be-afb0-f37f729fc547","D03","BARC","BARC.AOS.riparian.point.06","2014-07-02","BARC.20140702.EPIPHYTON.3",,,"Academy of Natural Sciences of Drexel University","2015-01-28","+IoRzddUq5A=","P","1",,25,100,,,,,,,,"phosphorus",1067.20,"microgramsPerLiter","ANSP P-16-114 Rev2; ANSP P-16_95 Rev3",,,,"legacyData|Did not meet quality audit requirements for analysis audit"
"2fc713a5-16a7-4427-8f96-809ad9fcd999","D03","BARC","BARC.AOS.littoral1","2014-07-02","BARC.20140702.PHYTOPLANKTON.2",,,"Academy of Natural Sciences of Drexel University","2014-12-10","Txt9C5i/u7k=","chlorophyll/pheophytin","1",,25,100,,,,,,,,"pheophytin",,"microgramsPerLiter","ANSP P-16-92 Rev2",,,,"legacyData|Did not meet quality audit requirements for analysis audit"
"3ff53bf8-4a03-4978-81f1-97d55d1e9821","D03","BARC","BARC.AOS.riparian.point.10","2014-07-02","BARC.20140702.EPIPHYTON.9",,,"Academy of Natural Sciences of Drexel University","2014-09-16","OKgcKejxXbI=","CN","1",,25,100,,,,,,,,"carbon",152271.48,"microgramsPerLiter","ANSP P-16-54 Rev2",,"N",,"legacyData|Did not meet quality audit requirements for analysis audit|acidTreatmentSOPNotFollowed"
"37118e19-bc3a-4231-abb7-53c29621733a","D03","BARC","BARC.AOS.riparian.point.08","2014-07-02","BARC.20140702.EPIPHYTON.1",,,"Academy of Natural Sciences of Drexel University","2014-09-16","OKgcKejxXbI=","CN","2",,25,100,,,,,,,,"nitrogen",7002.61,"microgramsPerLiter","ANSP P-16-54 Rev2",,,,"legacyData|Did not meet quality audit requirements for analysis audit"
"53ddfc61-556d-4f75-9278-70c14aa42b68","D03","BARC","BARC.AOS.riparian.point.04","2014-07-02","BARC.20140702.EPIPHYTON.5",,,"Academy of Natural Sciences of Drexel University","2014-09-16","OKgcKejxXbI=","CN","2",,25,100,,,,,,,,"nitrogen",25763.40,"microgramsPerLiter","ANSP P-16-54 Rev2",,,,"legacyData|Did not meet quality audit requirements for analysis audit"
"95290d5e-1fc2-4140-a16b-e6ab6823af53","D03","BARC","BARC.AOS.riparian.point.06","2014-07-02","BARC.20140702.EPIPHYTON.3",,,"Academy of Natural Sciences of Drexel University","2014-09-16","OKgcKejxXbI=","CN","2",,25,100,,,,,,,,"carbon",138179.00,"microgramsPerLiter","ANSP P-16-54 Rev2",,"N",,"legacyData|Did not meet quality audit requirements for analysis audit|acidTreatmentSOPNotFollowed"
"c620c0c3-2e5e-4617-8932-0efa1c8c2b44","D03","BARC","BARC.AOS.littoral2","2014-07-02","BARC.20140702.PHYTOPLANKTON.3",,,"Academy of Natural Sciences of Drexel University","2015-01-28","+IoRzddUq5A=","P","1",,25,100,,,,,,,,"phosphorus",6.88,"microgramsPerLiter","ANSP P-16-114 Rev2; ANSP P-16_95 Rev3",,,,"legacyData|Did not meet quality audit requirements for analysis audit"
"605da719-b0cf-4866-9e4f-959c9241eac0","D03","BARC","BARC.AOS.riparian.point.02","2014-07-02","BARC.20140702.EPIPHYTON.7",,,"Academy of Natural Sciences of Drexel University","2014-12-10","Txt9C5i/u7k=","chlorophyll/pheophytin","1",,25,100,,,,,,,,"pheophytin",,"microgramsPerLiter","ANSP P-16-92 Rev2",,,,"legacyData|Did not meet quality audit requirements for analysis audit"
"f36bd09a-7677-4ddc-8b5f-3b561b5a07b5","D03","BARC","BARC.AOS.riparian.point.02","2014-07-02","BARC.20140702.EPIPHYTON.7",,,"Academy of Natural Sciences of Drexel University","2015-03-12","OKgcKejxXbI=","13C15N","2",,25,75,,,,,,,,"d13C",-19.33,"perMill","ANSP P-16-202 Rev0",,"N",,"legacyData|Did not meet quality audit requirements for analysis audit|acidTreatmentSOPNotFollowed"
"8aeee510-2b6b-4aba-ba96-292a3d2b22d1","D03","BARC","BARC.AOS.riparian.point.08","2014-07-02","BARC.20140702.EPIPHYTON.1",,,"Academy of Natural Sciences of Drexel University","2015-03-14","P3U2J3I2sLk=","34S","1",,25,100,,,,,,,,"d34S",8.02,"perMill","SO2 EA-combustion-IRMS method",,,,"legacyData|Did not meet quality audit requirements for analysis audit"
"1333055d-787d-4293-b818-a6bc71b4398e","D03","BARC","BARC.AOS.littoral2","2014-07-02","BARC.20140702.PHYTOPLANKTON.3",,,"Academy of Natural Sciences of Drexel University","2014-09-16","OKgcKejxXbI=","CN","1",,25,100,,,,,,,,"carbon",478.22,"microgramsPerLiter","ANSP P-16-54 Rev2",,"N","single filter","legacyData|Did not meet quality audit requirements for analysis audit|acidTreatmentSOPNotFollowed"
"edcf5527-a609-4a59-bd58-12afc26fd67a","D03","BARC","BARC.AOS.buoy.c0","2014-07-02","BARC.20140702.PHYTOPLANKTON.1",,,"Academy of Natural Sciences of Drexel University","2014-09-16","OKgcKejxXbI=","CN","1",,25,100,,,,,,,,"carbon",118.53,"microgramsPerLiter","ANSP P-16-54 Rev2",,"N","single filter","legacyData|Did not meet quality audit requirements for analysis audit|acidTreatmentSOPNotFollowed"
"9da87bac-494e-4d5d-a0c4-b9421c45a021","D03","BARC","BARC.AOS.littoral2","2014-07-02","BARC.20140702.PHYTOPLANKTON.3",,,"Academy of Natural Sciences of Drexel University","2015-03-04","OKgcKejxXbI=","13C15N","1",,25,100,,,,,,,,"d13C",-28.32,"perMill","ANSP P-16-202 Rev0",,"N",,"legacyData|Did not meet quality audit requirements for analysis audit|acidTreatmentSOPNotFollowed"
"2eba249b-7ee3-412b-aed1-f798fa79284f","D03","BARC","BARC.AOS.riparian.point.04","2014-07-02","BARC.20140702.EPIPHYTON.5",,,"Academy of Natural Sciences of Drexel University","2015-03-12","OKgcKejxXbI=","13C15N","1",,25,75,,,,,,,,"d13C",-22.86,"perMill","ANSP P-16-202 Rev0",,"N",,"legacyData|Did not meet quality audit requirements for analysis audit|acidTreatmentSOPNotFollowed"
"aa3c0cb0-d394-4e8d-bc47-3e73d0bf8450","D03","BARC","BARC.AOS.riparian.point.08","2014-07-02","BARC.20140702.EPIPHYTON.1",,,"Academy of Natural Sciences of Drexel University","2014-12-10","Txt9C5i/u7k=","chlorophyll/pheophytin","1",,25,100,,,,,,,,"chlorophyll a",,"microgramsPerLiter","ANSP P-16-92 Rev2",,,,"legacyData|Did not meet quality audit requirements for analysis audit"
"2e08a731-e280-43ed-ae50-9930a9fc89e6","D03","BARC","BARC.AOS.riparian.point.10","2014-07-02","BARC.20140702.EPIPHYTON.9",,,"Academy of Natural Sciences of Drexel University","2015-03-12","OKgcKejxXbI=","13C15N","1",,25,75,,,,,,,,"d13C",-24.44,"perMill","ANSP P-16-202 Rev0",,"N",,"legacyData|Did not meet quality audit requirements for analysis audit|acidTreatmentSOPNotFollowed"
"f7cb0b2e-1d8a-4188-909f-79f830820e03","D03","BARC","BARC.AOS.riparian.point.10","2014-07-02","BARC.20140702.EPIPHYTON.9",,,"Academy of Natural Sciences of Drexel University","2015-01-28","+IoRzddUq5A=","P","1",,25,100,,,,,,,,"phosphorus",756.80,"microgramsPerLiter","ANSP P-16-114 Rev2; ANSP P-16_95 Rev3",,,,"legacyData|Did not meet quality audit requirements for analysis audit"
"23fdf166-9c36-4f15-8605-61600916d76e","D03","BARC","BARC.AOS.riparian.point.10","2014-07-02","BARC.20140702.EPIPHYTON.9",,,"Academy of Natural Sciences of Drexel University","2014-12-10","Txt9C5i/u7k=","chlorophyll/pheophytin","1",,25,100,,,,,,,,"pheophytin",,"microgramsPerLiter","ANSP P-16-92 Rev2",,,,"legacyData|Did not meet quality audit requirements for analysis audit"
"df856c4b-8e45-40b2-96d6-f7845941422c","D03","BARC","BARC.AOS.riparian.point.10","2014-07-02","BARC.20140702.EPIPHYTON.9",,,"Academy of Natural Sciences of Drexel University","2014-09-16","OKgcKejxXbI=","CN","2",,25,100,,,,,,,,"carbon",117645.94,"microgramsPerLiter","ANSP P-16-54 Rev2",,"N",,"legacyData|Did not meet quality audit requirements for analysis audit|acidTreatmentSOPNotFollowed"
"d96980a1-31ce-4686-b3ee-9521f370e66c","D03","BARC","BARC.AOS.riparian.point.04","2014-07-02","BARC.20140702.EPIPHYTON.5",,,"Academy of Natural Sciences of Drexel University","2015-01-28","+IoRzddUq5A=","P","1",,25,100,,,,,,,,"phosphorus",2672.00,"microgramsPerLiter","ANSP P-16-114 Rev2; ANSP P-16_95 Rev3",,,,"legacyData|Did not meet quality audit requirements for analysis audit"
"60a7bbba-de35-4834-b0bd-8db4c16a03e9","D03","BARC","BARC.AOS.riparian.point.02","2014-07-02","BARC.20140702.EPIPHYTON.7",,,"Academy of Natural Sciences of Drexel University","2014-12-10","Txt9C5i/u7k=","chlorophyll/pheophytin","1",,25,100,,,,,,,,"chlorophyll a",,"microgramsPerLiter","ANSP P-16-92 Rev2",,,,"legacyData|Did not meet quality audit requirements for analysis audit"
"db9486cc-89f2-4730-b9d6-2171d46e1692","D03","BARC","BARC.AOS.riparian.point.08","2014-07-02","BARC.20140702.EPIPHYTON.1",,,"Academy of Natural Sciences of Drexel University","2014-12-10","Txt9C5i/u7k=","chlorophyll/pheophytin","2",,25,100,,,,,,,,"chlorophyll a",,"microgramsPerLiter","ANSP P-16-92 Rev2",,,,"legacyData|Did not meet quality audit requirements for analysis audit"
"c3ec3159-2455-425e-9efc-06fa9e00e863","D03","BARC","BARC.AOS.riparian.point.10","2014-07-02","BARC.20140702.EPIPHYTON.9",,,"Academy of Natural Sciences of Drexel University","2014-09-16","OKgcKejxXbI=","CN","1",,25,100,,,,,,,,"nitrogen",9286.35,"microgramsPerLiter","ANSP P-16-54 Rev2",,,,"legacyData|Did not meet quality audit requirements for analysis audit"
"73469729-1d75-4ee8-802d-633bbd49084a","D03","BARC","BARC.AOS.riparian.point.08","2014-07-02","BARC.20140702.EPIPHYTON.1",,,"Academy of Natural Sciences of Drexel University","2014-12-10","Txt9C5i/u7k=","chlorophyll/pheophytin","2",,25,100,,,,,,,,"pheophytin",,"microgramsPerLiter","ANSP P-16-92 Rev2",,,,"legacyData|Did not meet quality audit requirements for analysis audit"
"015ee14a-b2ba-4d5e-9b5b-6a0c9455c00a","D03","BARC","BARC.AOS.buoy.c0","2014-07-02","BARC.20140702.PHYTOPLANKTON.1",,,"Academy of Natural Sciences of Drexel University","2014-12-10","Txt9C5i/u7k=","chlorophyll/pheophytin","1",,25,100,,,,,,,,"chlorophyll a",,"microgramsPerLiter","ANSP P-16-92 Rev2",,,,"legacyData|Did not meet quality audit requirements for analysis audit"
"074d6534-335b-4a60-ab20-7bf324b1a028","D03","BARC","BARC.AOS.littoral2","2014-07-02","BARC.20140702.PHYTOPLANKTON.3",,,"Academy of Natural Sciences of Drexel University","2014-12-10","Txt9C5i/u7k=","chlorophyll/pheophytin","1",,25,100,,,,,,,,"chlorophyll a",,"microgramsPerLiter","ANSP P-16-92 Rev2",,,,"legacyData|Did not meet quality audit requirements for analysis audit"
"1764ade5-f789-48ef-9408-42e470b379f7","D03","BARC","BARC.AOS.riparian.point.08","2014-07-02","BARC.20140702.EPIPHYTON.1",,,"Academy of Natural Sciences of Drexel University","2015-03-11","OKgcKejxXbI=","13C15N","1",,25,100,,,,,,,,"d13C",-21.50,"perMill","ANSP P-16-202 Rev0",,"N",,"legacyData|Did not meet quality audit requirements for analysis audit|acidTreatmentSOPNotFollowed"
"20898fc2-1835-4d91-9c48-6b8ad4415831","D03","BARC","BARC.AOS.riparian.point.02","2014-07-02","BARC.20140702.EPIPHYTON.7",,,"Academy of Natural Sciences of Drexel University","2014-09-16","OKgcKejxXbI=","CN","1",,25,100,,,,,,,,"carbon",145733.63,"microgramsPerLiter","ANSP P-16-54 Rev2",,"N",,"legacyData|Did not meet quality audit requirements for analysis audit|acidTreatmentSOPNotFollowed"
"dd1554b5-8504-4e60-8d25-654e045f5ed2","D03","BARC","BARC.AOS.riparian.point.04","2014-07-02","BARC.20140702.EPIPHYTON.5",,,"Academy of Natural Sciences of Drexel University","2014-12-10","Txt9C5i/u7k=","chlorophyll/pheophytin","2",,25,100,,,,,,,,"chlorophyll a",,"microgramsPerLiter","ANSP P-16-92 Rev2",,,,"legacyData|Did not meet quality audit requirements for analysis audit"
"e4c6ef74-e2a1-40c6-9f22-e5a8814cf7f9","D03","BARC","BARC.AOS.riparian.point.04","2014-07-02","BARC.20140702.EPIPHYTON.5",,,"Academy of Natural Sciences of Drexel University","2015-03-13","OKgcKejxXbI=","13C15N","2",,25,75,,,,,,,,"d15N",0.96,"perMill","ANSP P-16-202 Rev0",,,,"legacyData|Did not meet quality audit requirements for analysis audit"
"b65aeef3-cbef-4001-86ef-6703d49fb951","D03","BARC","BARC.AOS.riparian.point.06","2014-07-02","BARC.20140702.EPIPHYTON.3",,,"Academy of Natural Sciences of Drexel University","2014-12-10","Txt9C5i/u7k=","chlorophyll/pheophytin","2",,25,100,,,,,,,,"pheophytin",,"microgramsPerLiter","ANSP P-16-92 Rev2",,,,"legacyData|Did not meet quality audit requirements for analysis audit"
"7a0c3f51-1f63-4448-838f-0d8e552d4799","D03","BARC","BARC.AOS.riparian.point.08","2014-07-02","BARC.20140702.EPIPHYTON.1",,,"Academy of Natural Sciences of Drexel University","2014-09-16","OKgcKejxXbI=","CN","2",,25,100,,,,,,,,"carbon",106478.82,"microgramsPerLiter","ANSP P-16-54 Rev2",,"N",,"legacyData|Did not meet quality audit requirements for analysis audit|acidTreatmentSOPNotFollowed"
"69452174-8313-48ee-8245-fbfd04d8c57c","D03","BARC","BARC.AOS.riparian.point.10","2014-07-02","BARC.20140702.EPIPHYTON.9",,,"Academy of Natural Sciences of Drexel University","2014-12-10","Txt9C5i/u7k=","chlorophyll/pheophytin","1",,25,100,,,,,,,,"chlorophyll a",,"microgramsPerLiter","ANSP P-16-92 Rev2",,,,"legacyData|Did not meet quality audit requirements for analysis audit"
"ab62a210-f39a-4169-8170-e2a9aecff132","D03","BARC","BARC.AOS.riparian.point.02","2014-07-02","BARC.20140702.EPIPHYTON.7",,,"Academy of Natural Sciences of Drexel University","2015-03-12","OKgcKejxXbI=","13C15N","1",,25,75,,,,,,,,"d15N",5.89,"perMill","ANSP P-16-202 Rev0",,,,"legacyData|Did not meet quality audit requirements for analysis audit"
"8ca0a929-2400-4df0-8e44-ab63f1730b24","D03","BARC","BARC.AOS.riparian.point.04","2014-07-02","BARC.20140702.EPIPHYTON.5",,,"Academy of Natural Sciences of Drexel University","2014-09-16","OKgcKejxXbI=","CN","1",,25,100,,,,,,,,"carbon",282845.79,"microgramsPerLiter","ANSP P-16-54 Rev2",,"N",,"legacyData|Did not meet quality audit requirements for analysis audit|acidTreatmentSOPNotFollowed"
"d1a3872d-4839-496a-a804-9350ee06e95e","D03","BARC","BARC.AOS.littoral2","2014-07-02","BARC.20140702.PHYTOPLANKTON.3",,,"Academy of Natural Sciences of Drexel University","2014-09-16","OKgcKejxXbI=","CN","1",,25,100,,,,,,,,"nitrogen",50.58,"microgramsPerLiter","ANSP P-16-54 Rev2",,,"single filter","legacyData|Did not meet quality audit requirements for analysis audit"
"c140d282-8f1b-49db-8dc5-911fe562796a","D03","BARC","BARC.AOS.buoy.c0","2014-07-02","BARC.20140702.PHYTOPLANKTON.1",,,"Academy of Natural Sciences of Drexel University","2015-01-28","+IoRzddUq5A=","P","1",,25,100,,,,,,,,"phosphorus",4.32,"microgramsPerLiter","ANSP P-16-114 Rev2; ANSP P-16_95 Rev3",,,,"legacyData|Did not meet quality audit requirements for analysis audit"
"625db158-b8b0-4a4d-a7a0-c46d92c41647","D03","BARC","BARC.AOS.riparian.point.10","2014-07-02","BARC.20140702.EPIPHYTON.9",,,"Academy of Natural Sciences of Drexel University","2014-09-16","OKgcKejxXbI=","CN","2",,25,100,,,,,,,,"nitrogen",8013.57,"microgramsPerLiter","ANSP P-16-54 Rev2",,,,"legacyData|Did not meet quality audit requirements for analysis audit"
"90c330ab-02b5-4e1c-acca-90fdfe2aa1d8","D03","BARC","BARC.AOS.riparian.point.06","2014-07-02","BARC.20140702.EPIPHYTON.3",,,"Academy of Natural Sciences of Drexel University","2014-12-10","Txt9C5i/u7k=","chlorophyll/pheophytin","1",,25,100,,,,,,,,"pheophytin",,"microgramsPerLiter","ANSP P-16-92 Rev2",,,,"legacyData|Did not meet quality audit requirements for analysis audit"
"d6b9fcfe-0ea5-4016-8bae-53c63c279047","D03","BARC","BARC.AOS.riparian.point.06","2014-07-02","BARC.20140702.EPIPHYTON.3",,,"Academy of Natural Sciences of Drexel University","2014-09-16","OKgcKejxXbI=","CN","1",,25,100,,,,,,,,"nitrogen",9286.50,"microgramsPerLiter","ANSP P-16-54 Rev2",,,,"legacyData|Did not meet quality audit requirements for analysis audit"
"a8bafb13-b0e6-4a00-82f8-632b27be2edd","D03","BARC","BARC.AOS.riparian.point.02","2014-07-02","BARC.20140702.EPIPHYTON.7",,,"Academy of Natural Sciences of Drexel University","2014-09-16","OKgcKejxXbI=","CN","2",,25,100,,,,,,,,"carbon",149014.98,"microgramsPerLiter","ANSP P-16-54 Rev2",,"N",,"legacyData|Did not meet quality audit requirements for analysis audit|acidTreatmentSOPNotFollowed"
"6852009f-8ab2-4001-96b6-7a40db7c5aa3","D03","BARC","BARC.AOS.riparian.point.08","2014-07-02","BARC.20140702.EPIPHYTON.1",,,"Academy of Natural Sciences of Drexel University","2015-01-28","+IoRzddUq5A=","P","1",,25,100,,,,,,,,"phosphorus",908.00,"microgramsPerLiter","ANSP P-16-114 Rev2; ANSP P-16_95 Rev3",,,,"legacyData|Did not meet quality audit requirements for analysis audit"
"fddf4162-4b0e-453a-a6f7-6b72cb40b9dd","D03","BARC","BARC.AOS.riparian.point.10","2014-07-02","BARC.20140702.EPIPHYTON.9",,,"Academy of Natural Sciences of Drexel University","2015-03-12","OKgcKejxXbI=","13C15N","2",,25,75,,,,,,,,"d13C",-24.64,"perMill","ANSP P-16-202 Rev0",,"N",,"legacyData|Did not meet quality audit requirements for analysis audit|acidTreatmentSOPNotFollowed"
"ac3932fb-e1db-4e4b-b5b8-f359a6129d5f","D03","BARC","BARC.AOS.littoral1","2014-07-02","BARC.20140702.PHYTOPLANKTON.2",,,"Academy of Natural Sciences of Drexel University","2014-09-16","OKgcKejxXbI=","CN","1",,25,100,,,,,,,,"carbon",128.81,"microgramsPerLiter","ANSP P-16-54 Rev2",,"N","single filter","legacyData|Did not meet quality audit requirements for analysis audit|acidTreatmentSOPNotFollowed"
"0f6e8c18-7ff1-48db-a778-8cc007adac97","D03","BARC","BARC.AOS.buoy.c0","2014-07-02","BARC.20140702.PHYTOPLANKTON.1",,,"Academy of Natural Sciences of Drexel University","2015-03-13","OKgcKejxXbI=","13C15N","1",,25,100,,,,,,,,"d15N",2.43,"perMill","ANSP P-16-202 Rev0",,,,"legacyData|Did not meet quality audit requirements for analysis audit"
"13a76c9f-60d6-45b6-a03a-2ad5e28346e2","D03","BARC","BARC.AOS.riparian.point.10","2014-07-02","BARC.20140702.EPIPHYTON.9",,,"Academy of Natural Sciences of Drexel University","2014-12-10","Txt9C5i/u7k=","chlorophyll/pheophytin","2",,25,100,,,,,,,,"chlorophyll a",,"microgramsPerLiter","ANSP P-16-92 Rev2",,,,"legacyData|Did not meet quality audit requirements for analysis audit"
"8979d7c5-c360-46e5-b1af-cff1c449bb46","D03","BARC","BARC.AOS.riparian.point.08","2014-07-02","BARC.20140702.EPIPHYTON.1",,,"Academy of Natural Sciences of Drexel University","2014-09-16","OKgcKejxXbI=","CN","1",,25,100,,,,,,,,"carbon",134405.11,"microgramsPerLiter","ANSP P-16-54 Rev2",,"N",,"legacyData|Did not meet quality audit requirements for analysis audit|acidTreatmentSOPNotFollowed"
"33d94a85-0044-4043-a40b-241562191a30","D03","BARC","BARC.AOS.littoral2","2014-07-02","BARC.20140702.PHYTOPLANKTON.3",,,"Academy of Natural Sciences of Drexel University","2014-12-10","Txt9C5i/u7k=","chlorophyll/pheophytin","1",,25,100,,,,,,,,"pheophytin",,"microgramsPerLiter","ANSP P-16-92 Rev2",,,,"legacyData|Did not meet quality audit requirements for analysis audit"
"690d8969-40b0-469c-86be-cc3a1b9044fc","D03","BARC","BARC.AOS.riparian.point.06","2014-07-02","BARC.20140702.EPIPHYTON.3",,,"Academy of Natural Sciences of Drexel University","2014-12-10","Txt9C5i/u7k=","chlorophyll/pheophytin","1",,25,100,,,,,,,,"chlorophyll a",,"microgramsPerLiter","ANSP P-16-92 Rev2",,,,"legacyData|Did not meet quality audit requirements for analysis audit"
"35b39b1d-fc56-4e9d-b340-4a8e943b64ca","D03","BARC","BARC.AOS.riparian.point.08","2014-07-02","BARC.20140702.EPIPHYTON.1",,,"Academy of Natural Sciences of Drexel University","2014-09-16","OKgcKejxXbI=","CN","1",,25,100,,,,,,,,"nitrogen",8683.10,"microgramsPerLiter","ANSP P-16-54 Rev2",,,,"legacyData|Did not meet quality audit requirements for analysis audit"
"234b7ee8-4bb5-470c-bed6-8aedf3eaa1a2","D03","BARC","BARC.AOS.riparian.point.04","2014-07-02","BARC.20140702.EPIPHYTON.5",,,"Academy of Natural Sciences of Drexel University","2014-09-16","OKgcKejxXbI=","CN","1",,25,100,,,,,,,,"nitrogen",23981.87,"microgramsPerLiter","ANSP P-16-54 Rev2",,,,"legacyData|Did not meet quality audit requirements for analysis audit"
