uid,domainID,siteID,namedLocation,aquaticSiteType,decimalLatitude,decimalLongitude,coordinateUncertainty,elevation,elevationUncertainty,geodeticDatum,collectDate,eventID,parentSampleID,parentSampleCode,samplingImpractical,biophysicalCriteria,affectedByWind,habitatType,algalSampleType,benthicArea,samplingProtocolVersion,phytoDepth1,phytoDepth2,phytoDepth3,substratumSizeClass,remarks,recordedBy,collectedBy,dataQF
"9d83df09-6516-44dc-81d9-b31def95a460","D03","BARC","BARC.AOS.riparian.point.10","lake",29.677686,-82.008911,5.0,24.2,5.0,"WGS84","2020-07-14T12:37Z","BARC.20200714","BARC.20200714.EPIPHYTON.10",,,"OK - no known exceptions",,"littoral","epiphyton",0.010000,"NEON.DOC.003045vE",,,,,,"0000-0003-1571-3196","0000-0001-6607-7236",
"6a8a14c4-a203-41d9-a985-8dfa4ee495a0","D03","BARC","BARC.AOS.riparian.point.04","lake",29.675164,-82.006743,5.0,22.5,5.0,"WGS84","2020-07-14T12:37Z","BARC.20200714","BARC.20200714.EPIPHYTON.4",,,"OK - no known exceptions",,"littoral","epiphyton",0.010000,"NEON.DOC.003045vE",,,,,,"0000-0003-1571-3196","0000-0001-6607-7236",
"9ba04928-a1ff-42b2-9c94-7734dada13c6","D03","BARC","BARC.AOS.riparian.point.08","lake",29.675584,-82.010729,5.0,25.1,5.0,"WGS84","2020-07-14T12:37Z","BARC.20200714","BARC.20200714.EPIPHYTON.8",,,"OK - no known exceptions",,"littoral","epiphyton",0.010000,"NEON.DOC.003045vE",,,,,,"0000-0003-1571-3196","0000-0001-6607-7236",
"4385c493-5006-415c-bba6-1239ba54be60","D03","BARC","BARC.AOS.riparian.point.06","lake",29.674507,-82.008596,5.0,26.6,5.0,"WGS84","2020-07-14T12:37Z","BARC.20200714","BARC.20200714.EPIPHYTON.6",,,"OK - no known exceptions",,"littoral","epiphyton",0.010000,"NEON.DOC.003045vE",,,,,,"0000-0003-1571-3196","0000-0001-6607-7236",
"c9bd495e-1cc8-4001-b808-09e131761ec3","D03","BARC","BARC.AOS.buoy.c0","lake",29.675982,-82.008414,10.0,27.0,10.0,"WGS84","2020-07-14T12:37Z","BARC.20200714","BARC.20200714.PHYTOPLANKTON.1",,,"OK - no known exceptions","N","pelagic","phytoplankton",,"NEON.DOC.003045vE",0.5,2.5,2.5,,,"0000-0003-1571-3196","0000-0001-6607-7236",
"7c61323e-a027-4230-8541-f8aab5e6a55f","D03","BARC","BARC.AOS.riparian.point.02","lake",29.677034,-82.006975,5.0,26.1,5.0,"WGS84","2020-07-14T12:37Z","BARC.20200714","BARC.20200714.EPIPHYTON.2",,,"OK - no known exceptions",,"littoral","epiphyton",0.010000,"NEON.DOC.003045vE",,,,,,"0000-0003-1571-3196","0000-0001-6607-7236",
"097b2611-e474-4819-b476-77d71b7c48f5","D03","BARC","BARC.AOS.littoral1","lake",29.677479,-82.007710,1.1,26.0,1.0,"WGS84","2020-07-14T12:37Z","BARC.20200714","BARC.20200714.PHYTOPLANKTON.2",,,"OK - no known exceptions","N","pelagic","phytoplankton",,"NEON.DOC.003045vE",0.5,2.5,2.5,,,"0000-0003-1571-3196","0000-0001-6607-7236",
"e4142230-ef47-4c10-a1fe-ec68b369a54b","D03","BARC","BARC.AOS.littoral2","lake",29.674748,-82.008401,1.1,27.1,1.0,"WGS84","2020-07-14T12:37Z","BARC.20200714","BARC.20200714.PHYTOPLANKTON.3",,,"OK - no known exceptions","N","pelagic","phytoplankton",,"NEON.DOC.003045vE",0.5,1.9,1.9,,,"0000-0003-1571-3196","0000-0001-6607-7236",
