uid,domainID,siteID,namedLocation,collectDate,sampleID,sampleCode,sampleCondition,laboratoryName,analysisDate,analyzedBy,sampleType,replicate,sampleVolumeFiltered,filterSize,percentFilterAnalyzed,dilutionFactor,solventVolume,responseFactor,acidificationResponseFactor,fluorometerSensitivitySetting,preAcidificationFluorescence,postAcidificationFluorescence,analyte,analyteConcentration,plantAlgaeLabUnits,testMethod,method,acidTreatment,externalRemarks,externalLabDataQF
"97c8b7e5-e0c3-4d73-a631-1c54a123bfee","D03","BARC","BARC.AOS.riparian.point.08","2020-07-14","BARC.20200714.EPIPHYTON.8.CNSA.1","A00000131453","condition ok","SIRFER Lab at University of Utah","2021-06-16","ElFtGy1kV49xqNP00HfxQA==","CNS","1",5,25,100,,,,,,,,"sulfur",4139.79,"microgramsPerLiter","SIRFER_algalPlantChem_isotopes_V1","Revesz & Coplen 2012b","N",,
"9e0dc55f-28ae-483a-96aa-e29a299653de","D03","BARC","BARC.AOS.littoral1","2020-07-14","BARC.20200714.PHYTOPLANKTON.2.CNSA.1","A00000131439","condition ok","SIRFER Lab at University of Utah","2021-06-16","ElFtGy1kV49xqNP00HfxQA==","CNS","1",300,25,100,,,,,,,,"d15N",0.64,"perMill","SIRFER_algalPlantChem_isotopes_V1","Revesz & Coplen 2012a","N",,
"136ca5a5-2d0c-41f9-b0ad-e556d7599db4","D03","BARC","BARC.AOS.littoral1","2020-07-14","BARC.20200714.PHYTOPLANKTON.2.CNSB.1","A00000131438","condition ok","SIRFER Lab at University of Utah","2021-07-09","ElFtGy1kV49xqNP00HfxQA==","CNS","1",300,25,100,,,,,,,,"d13C",-29.64,"perMill","SIRFER_algalPlantChem_isotopes_V1","Revesz & Coplen 2012a","Y",,
"9e9becf8-b800-46ca-b0ba-978f74dc1c65","D03","BARC","BARC.AOS.riparian.point.06","2020-07-14","BARC.20200714.EPIPHYTON.6.CNSA.1","A00000131449","condition ok","SIRFER Lab at University of Utah","2021-06-16","ElFtGy1kV49xqNP00HfxQA==","CNS","1",5,25,100,,,,,,,,"d15N",0.51,"perMill","SIRFER_algalPlantChem_isotopes_V1","Revesz & Coplen 2012a","N",,
"29eea4d5-0175-4659-98f1-81cb35cbe81b","D03","BARC","BARC.AOS.riparian.point.04","2020-07-14","BARC.20200714.EPIPHYTON.4.CNSA.1","A00000131445","condition ok","SIRFER Lab at University of Utah","2021-06-16","ElFtGy1kV49xqNP00HfxQA==","CNS","1",5,25,100,,,,,,,,"d34S",6.45,"perMill","SIRFER_algalPlantChem_isotopes_V1","Revesz & Coplen 2012b","N",,
"8e4d302a-6c85-4a38-9429-07e0a5fcac24","D03","BARC","BARC.AOS.buoy.c0","2020-07-14","BARC.20200714.PHYTOPLANKTON.1.CNSA.1","A00000131421","condition ok","SIRFER Lab at University of Utah","2021-06-16","ElFtGy1kV49xqNP00HfxQA==","CNS","1",300,25,100,,,,,,,,"d34S",11.49,"perMill","SIRFER_algalPlantChem_isotopes_V1","Revesz & Coplen 2012b","N",,
"a1173aca-4f95-466c-9cc5-26184f2d5e08","D03","BARC","BARC.AOS.littoral2","2020-07-14","BARC.20200714.PHYTOPLANKTON.3.CNSB.1","A00000131430","condition ok","SIRFER Lab at University of Utah","2021-07-09","ElFtGy1kV49xqNP00HfxQA==","CNS","1",300,25,100,,,,,,,,"d13C",-32.76,"perMill","SIRFER_algalPlantChem_isotopes_V1","Revesz & Coplen 2012a","Y",,
"2a19c0e9-9d16-42eb-b2a2-a4e0965df401","D03","BARC","BARC.AOS.littoral2","2020-07-14","BARC.20200714.PHYTOPLANKTON.3.CNSA.1","A00000131431","condition ok","SIRFER Lab at University of Utah","2021-06-21","ElFtGy1kV49xqNP00HfxQA==","CNS","1",300,25,100,,,,,,,,"carbon",905.60,"microgramsPerLiter","SIRFER_algalPlantChem_isotopes_V1","Revesz & Coplen 2012a","N",,
"3421ab0a-875b-4511-aee7-d3e688fab290","D03","BARC","BARC.AOS.littoral1","2020-07-14","BARC.20200714.PHYTOPLANKTON.2.CNSB.1","A00000131438","condition ok","SIRFER Lab at University of Utah","2021-07-09","ElFtGy1kV49xqNP00HfxQA==","CNS","1",300,25,100,,,,,,,,"carbon",1181.06,"microgramsPerLiter","SIRFER_algalPlantChem_isotopes_V1","Revesz & Coplen 2012a","Y",,
"fe11acc9-ae5f-46e6-bc9a-6be4c80f9825","D03","BARC","BARC.AOS.riparian.point.02","2020-07-14","BARC.20200714.EPIPHYTON.2.CNSB.1","A00000131428","condition ok","SIRFER Lab at University of Utah","2021-07-09","ElFtGy1kV49xqNP00HfxQA==","CNS","1",5,25,100,,,,,,,,"carbon",172889.65,"microgramsPerLiter","SIRFER_algalPlantChem_isotopes_V1","Revesz & Coplen 2012a","Y",,
"849ec3b0-accd-440a-9ac1-2fd15a93a614","D03","BARC","BARC.AOS.buoy.c0","2020-07-14","BARC.20200714.PHYTOPLANKTON.1.CNSA.1","A00000131421","condition ok","SIRFER Lab at University of Utah","2021-06-16","ElFtGy1kV49xqNP00HfxQA==","CNS","1",300,25,100,,,,,,,,"sulfur",17.04,"microgramsPerLiter","SIRFER_algalPlantChem_isotopes_V1","Revesz & Coplen 2012b","N",,
"8f39a2d7-7f0d-466f-821e-b9d94ad7cf87","D03","BARC","BARC.AOS.riparian.point.08","2020-07-14","BARC.20200714.EPIPHYTON.8.CNSA.1","A00000131453","condition ok","SIRFER Lab at University of Utah","2021-06-16","ElFtGy1kV49xqNP00HfxQA==","CNS","1",5,25,100,,,,,,,,"d13C",-29.06,"perMill","SIRFER_algalPlantChem_isotopes_V1","Revesz & Coplen 2012a","N",,
"7e98e543-28f8-4525-916d-7804df8e6f9a","D03","BARC","BARC.AOS.riparian.point.10","2020-07-14","BARC.20200714.EPIPHYTON.10.CNSB.1","A00000131458","condition ok","SIRFER Lab at University of Utah","2021-07-09","ElFtGy1kV49xqNP00HfxQA==","CNS","1",5,25,100,,,,,,,,"carbon",187242.21,"microgramsPerLiter","SIRFER_algalPlantChem_isotopes_V1","Revesz & Coplen 2012a","Y",,
"c35b8987-11d7-4034-8625-ed339b85982d","D03","BARC","BARC.AOS.littoral2","2020-07-14","BARC.20200714.PHYTOPLANKTON.3.CNSA.1","A00000131431","condition ok","SIRFER Lab at University of Utah","2021-06-21","ElFtGy1kV49xqNP00HfxQA==","CNS","1",300,25,100,,,,,,,,"d15N",0.68,"perMill","SIRFER_algalPlantChem_isotopes_V1","Revesz & Coplen 2012a","N",,
"3db3ea07-3262-43ef-b556-647ca80943d6","D03","BARC","BARC.AOS.riparian.point.06","2020-07-14","BARC.20200714.EPIPHYTON.6.CNSB.1","A00000131450","condition ok","SIRFER Lab at University of Utah","2021-07-09","ElFtGy1kV49xqNP00HfxQA==","CNS","1",5,25,100,,,,,,,,"carbon",111371.06,"microgramsPerLiter","SIRFER_algalPlantChem_isotopes_V1","Revesz & Coplen 2012a","Y",,
"fcd2ac1b-6d81-43dd-b686-6b4011a8e643","D03","BARC","BARC.AOS.riparian.point.08","2020-07-14","BARC.20200714.EPIPHYTON.8.CNSB.1","A00000131454","condition ok","SIRFER Lab at University of Utah","2021-07-09","ElFtGy1kV49xqNP00HfxQA==","CNS","1",5,25,100,,,,,,,,"carbon",165974.81,"microgramsPerLiter","SIRFER_algalPlantChem_isotopes_V1","Revesz & Coplen 2012a","Y",,
"36be17ce-302e-4a36-8b35-d85a9f45f684","D03","BARC","BARC.AOS.riparian.point.10","2020-07-14","BARC.20200714.EPIPHYTON.10.CNSA.1","A00000131457","condition ok","SIRFER Lab at University of Utah","2021-06-16","ElFtGy1kV49xqNP00HfxQA==","CNS","1",5,25,100,,,,,,,,"sulfur",1778.94,"microgramsPerLiter","SIRFER_algalPlantChem_isotopes_V1","Revesz & Coplen 2012b","N",,
"3b9ac7ab-aff9-43a7-aa0d-bb1171c40dea","D03","BARC","BARC.AOS.buoy.c0","2020-07-14","BARC.20200714.PHYTOPLANKTON.1.REP2.CNSA.2","A00000131425","condition ok","SIRFER Lab at University of Utah","2021-06-16","ElFtGy1kV49xqNP00HfxQA==","CNS","1",300,25,100,,,,,,,,"d15N",0.06,"perMill","SIRFER_algalPlantChem_isotopes_V1","Revesz & Coplen 2012a","N",,
"839d44fe-2557-4113-8520-c8c930ad9b12","D03","BARC","BARC.AOS.riparian.point.02","2020-07-14","BARC.20200714.EPIPHYTON.2.CNSA.1","A00000131426","condition ok","SIRFER Lab at University of Utah","2021-06-16","ElFtGy1kV49xqNP00HfxQA==","CNS","1",5,25,100,,,,,,,,"d13C",-29.29,"perMill","SIRFER_algalPlantChem_isotopes_V1","Revesz & Coplen 2012a","N",,
"120cce98-8be0-4fc1-8cf7-dd92e3e8b7bd","D03","BARC","BARC.AOS.buoy.c0","2020-07-14","BARC.20200714.PHYTOPLANKTON.1.REP2.CNSA.2","A00000131425","condition ok","SIRFER Lab at University of Utah","2021-06-16","ElFtGy1kV49xqNP00HfxQA==","CNS","1",300,25,100,,,,,,,,"d34S",12.05,"perMill","SIRFER_algalPlantChem_isotopes_V1","Revesz & Coplen 2012b","N",,
"e76fa4a8-dfe5-4422-9fbd-d6b3ddaf30ce","D03","BARC","BARC.AOS.buoy.c0","2020-07-14","BARC.20200714.PHYTOPLANKTON.1.CNSA.1","A00000131421","condition ok","SIRFER Lab at University of Utah","2021-06-16","ElFtGy1kV49xqNP00HfxQA==","CNS","1",300,25,100,,,,,,,,"nitrogen",37.57,"microgramsPerLiter","SIRFER_algalPlantChem_isotopes_V1","Revesz & Coplen 2012a","N",,
"a20497d5-8fa4-4d4d-89a7-572f039ee874","D03","BARC","BARC.AOS.littoral2","2020-07-14","BARC.20200714.PHYTOPLANKTON.3.CNSA.1","A00000131431","condition ok","SIRFER Lab at University of Utah","2021-06-21","ElFtGy1kV49xqNP00HfxQA==","CNS","1",300,25,100,,,,,,,,"nitrogen",51.18,"microgramsPerLiter","SIRFER_algalPlantChem_isotopes_V1","Revesz & Coplen 2012a","N",,
"3f1dfd5d-ded0-4807-a9f9-7eb4c5505d4f","D03","BARC","BARC.AOS.riparian.point.04","2020-07-14","BARC.20200714.EPIPHYTON.4.CNSA.1","A00000131445","condition ok","SIRFER Lab at University of Utah","2021-06-16","ElFtGy1kV49xqNP00HfxQA==","CNS","1",5,25,100,,,,,,,,"carbon",111727.07,"microgramsPerLiter","SIRFER_algalPlantChem_isotopes_V1","Revesz & Coplen 2012a","N",,
"f9439d7b-3744-4ecf-8def-ef74a47ecf04","D03","BARC","BARC.AOS.riparian.point.04","2020-07-14","BARC.20200714.EPIPHYTON.4.CNSA.1","A00000131445","condition ok","SIRFER Lab at University of Utah","2021-06-16","ElFtGy1kV49xqNP00HfxQA==","CNS","1",5,25,100,,,,,,,,"d15N",2.25,"perMill","SIRFER_algalPlantChem_isotopes_V1","Revesz & Coplen 2012a","N",,
"9548ce3e-1175-4911-88dc-ad5a86fa4546","D03","BARC","BARC.AOS.buoy.c0","2020-07-14","BARC.20200714.PHYTOPLANKTON.1.REP2.CNSA.2","A00000131425","condition ok","SIRFER Lab at University of Utah","2021-06-16","ElFtGy1kV49xqNP00HfxQA==","CNS","1",300,25,100,,,,,,,,"d13C",-27.77,"perMill","SIRFER_algalPlantChem_isotopes_V1","Revesz & Coplen 2012a","N",,
"fd30fd3b-4f95-4429-87ae-c61c008aa579","D03","BARC","BARC.AOS.buoy.c0","2020-07-14","BARC.20200714.PHYTOPLANKTON.1.REP2.CNSB.2","A00000131442","condition ok","SIRFER Lab at University of Utah","2021-07-09","ElFtGy1kV49xqNP00HfxQA==","CNS","1",300,25,100,,,,,,,,"d13C",-32.78,"perMill","SIRFER_algalPlantChem_isotopes_V1","Revesz & Coplen 2012a","Y",,
"6a23264b-da92-4802-a300-c243e56b908a","D03","BARC","BARC.AOS.littoral1","2020-07-14","BARC.20200714.PHYTOPLANKTON.2.CNSA.1","A00000131439","condition ok","SIRFER Lab at University of Utah","2021-06-16","ElFtGy1kV49xqNP00HfxQA==","CNS","1",300,25,100,,,,,,,,"carbon",1810.77,"microgramsPerLiter","SIRFER_algalPlantChem_isotopes_V1","Revesz & Coplen 2012a","N",,
"623977e0-e189-4692-8e86-d3b957c06298","D03","BARC","BARC.AOS.riparian.point.02","2020-07-14","BARC.20200714.EPIPHYTON.2.CNSA.1","A00000131426","condition ok","SIRFER Lab at University of Utah","2021-06-16","ElFtGy1kV49xqNP00HfxQA==","CNS","1",5,25,100,,,,,,,,"d34S",10.72,"perMill","SIRFER_algalPlantChem_isotopes_V1","Revesz & Coplen 2012b","N",,
"da765efb-da85-4d6d-b96d-d223eae1d060","D03","BARC","BARC.AOS.buoy.c0","2020-07-14","BARC.20200714.PHYTOPLANKTON.1.CNSA.1","A00000131421","condition ok","SIRFER Lab at University of Utah","2021-06-16","ElFtGy1kV49xqNP00HfxQA==","CNS","1",300,25,100,,,,,,,,"d13C",-27.47,"perMill","SIRFER_algalPlantChem_isotopes_V1","Revesz & Coplen 2012a","N",,
"be94922c-4359-4815-a749-c205ef8c3402","D03","BARC","BARC.AOS.buoy.c0","2020-07-14","BARC.20200714.PHYTOPLANKTON.1.CNSB.1","A00000131422","condition ok","SIRFER Lab at University of Utah","2021-07-09","ElFtGy1kV49xqNP00HfxQA==","CNS","1",300,25,100,,,,,,,,"d13C",-33.02,"perMill","SIRFER_algalPlantChem_isotopes_V1","Revesz & Coplen 2012a","Y",,
"59f306db-936f-4985-8714-f7f64790c214","D03","BARC","BARC.AOS.riparian.point.08","2020-07-14","BARC.20200714.EPIPHYTON.8.CNSA.1","A00000131453","condition ok","SIRFER Lab at University of Utah","2021-06-16","ElFtGy1kV49xqNP00HfxQA==","CNS","1",5,25,100,,,,,,,,"d34S",9.97,"perMill","SIRFER_algalPlantChem_isotopes_V1","Revesz & Coplen 2012b","N",,
"76e1dce7-f4fa-466c-a861-91f44cbd60a1","D03","BARC","BARC.AOS.littoral1","2020-07-14","BARC.20200714.PHYTOPLANKTON.2.CNSA.1","A00000131439","condition ok","SIRFER Lab at University of Utah","2021-06-16","ElFtGy1kV49xqNP00HfxQA==","CNS","1",300,25,100,,,,,,,,"d34S",3.16,"perMill","SIRFER_algalPlantChem_isotopes_V1","Revesz & Coplen 2012b","N",,
"7c5883af-0106-4c00-974a-fff22b3813a7","D03","BARC","BARC.AOS.buoy.c0","2020-07-14","BARC.20200714.PHYTOPLANKTON.1.REP2.CNSB.2","A00000131442","condition ok","SIRFER Lab at University of Utah","2021-07-09","ElFtGy1kV49xqNP00HfxQA==","CNS","1",300,25,100,,,,,,,,"carbon",663.65,"microgramsPerLiter","SIRFER_algalPlantChem_isotopes_V1","Revesz & Coplen 2012a","Y",,
"1809878b-da0f-4d3e-844c-54e38f8bfca8","D03","BARC","BARC.AOS.riparian.point.06","2020-07-14","BARC.20200714.EPIPHYTON.6.CNSA.1","A00000131449","condition ok","SIRFER Lab at University of Utah","2021-06-16","ElFtGy1kV49xqNP00HfxQA==","CNS","1",5,25,100,,,,,,,,"d13C",-28.98,"perMill","SIRFER_algalPlantChem_isotopes_V1","Revesz & Coplen 2012a","N",,
"8b725a25-bd75-451f-88f0-07fa54ca6a8d","D03","BARC","BARC.AOS.riparian.point.06","2020-07-14","BARC.20200714.EPIPHYTON.6.CNSA.1","A00000131449","condition ok","SIRFER Lab at University of Utah","2021-06-16","ElFtGy1kV49xqNP00HfxQA==","CNS","1",5,25,100,,,,,,,,"carbon",139371.63,"microgramsPerLiter","SIRFER_algalPlantChem_isotopes_V1","Revesz & Coplen 2012a","N",,
"33741352-acd0-4a11-bfbe-baf9bb6001a5","D03","BARC","BARC.AOS.riparian.point.02","2020-07-14","BARC.20200714.EPIPHYTON.2.CNSA.1","A00000131426","condition ok","SIRFER Lab at University of Utah","2021-06-16","ElFtGy1kV49xqNP00HfxQA==","CNS","1",5,25,100,,,,,,,,"sulfur",2706.24,"microgramsPerLiter","SIRFER_algalPlantChem_isotopes_V1","Revesz & Coplen 2012b","N",,
"59d1e6ce-d84d-45bb-9abe-1f888ea48d08","D03","BARC","BARC.AOS.riparian.point.08","2020-07-14","BARC.20200714.EPIPHYTON.8.CNSA.1","A00000131453","condition ok","SIRFER Lab at University of Utah","2021-06-16","ElFtGy1kV49xqNP00HfxQA==","CNS","1",5,25,100,,,,,,,,"d15N",2.44,"perMill","SIRFER_algalPlantChem_isotopes_V1","Revesz & Coplen 2012a","N",,
"f591fa30-a2c8-416d-864d-00640447da84","D03","BARC","BARC.AOS.riparian.point.10","2020-07-14","BARC.20200714.EPIPHYTON.10.CNSA.1","A00000131457","condition ok","SIRFER Lab at University of Utah","2021-06-16","ElFtGy1kV49xqNP00HfxQA==","CNS","1",5,25,100,,,,,,,,"d15N",0.57,"perMill","SIRFER_algalPlantChem_isotopes_V1","Revesz & Coplen 2012a","N",,
"3a96e42d-3a1f-4e85-9dd6-69d794ea2901","D03","BARC","BARC.AOS.buoy.c0","2020-07-14","BARC.20200714.PHYTOPLANKTON.1.CNSA.1","A00000131421","condition ok","SIRFER Lab at University of Utah","2021-06-16","ElFtGy1kV49xqNP00HfxQA==","CNS","1",300,25,100,,,,,,,,"d15N",0.19,"perMill","SIRFER_algalPlantChem_isotopes_V1","Revesz & Coplen 2012a","N",,
"67565a6e-059d-46c2-8721-c5c9ffdcb29e","D03","BARC","BARC.AOS.riparian.point.04","2020-07-14","BARC.20200714.EPIPHYTON.4.CNSA.1","A00000131445","condition ok","SIRFER Lab at University of Utah","2021-06-16","ElFtGy1kV49xqNP00HfxQA==","CNS","1",5,25,100,,,,,,,,"sulfur",1940.53,"microgramsPerLiter","SIRFER_algalPlantChem_isotopes_V1","Revesz & Coplen 2012b","N",,
"7e9b6c49-c197-48ec-b8b1-bff884cfa884","D03","BARC","BARC.AOS.riparian.point.04","2020-07-14","BARC.20200714.EPIPHYTON.4.CNSA.1","A00000131445","condition ok","SIRFER Lab at University of Utah","2021-06-16","ElFtGy1kV49xqNP00HfxQA==","CNS","1",5,25,100,,,,,,,,"nitrogen",8105.07,"microgramsPerLiter","SIRFER_algalPlantChem_isotopes_V1","Revesz & Coplen 2012a","N",,
"c36fd182-253b-451c-8e2b-276fed2ad01b","D03","BARC","BARC.AOS.riparian.point.02","2020-07-14","BARC.20200714.EPIPHYTON.2.CNSA.1","A00000131426","condition ok","SIRFER Lab at University of Utah","2021-06-16","ElFtGy1kV49xqNP00HfxQA==","CNS","1",5,25,100,,,,,,,,"carbon",165468.22,"microgramsPerLiter","SIRFER_algalPlantChem_isotopes_V1","Revesz & Coplen 2012a","N",,
"2e88b263-4f66-45cb-87c1-6b0783bce9d5","D03","BARC","BARC.AOS.riparian.point.10","2020-07-14","BARC.20200714.EPIPHYTON.10.CNSA.1","A00000131457","condition ok","SIRFER Lab at University of Utah","2021-06-16","ElFtGy1kV49xqNP00HfxQA==","CNS","1",5,25,100,,,,,,,,"d13C",-28.80,"perMill","SIRFER_algalPlantChem_isotopes_V1","Revesz & Coplen 2012a","N",,
"f4baccf3-cc26-4637-971b-26a3b538520c","D03","BARC","BARC.AOS.littoral2","2020-07-14","BARC.20200714.PHYTOPLANKTON.3.CNSA.1","A00000131431","condition ok","SIRFER Lab at University of Utah","2021-06-21","ElFtGy1kV49xqNP00HfxQA==","CNS","1",300,25,100,,,,,,,,"sulfur",25.07,"microgramsPerLiter","SIRFER_algalPlantChem_isotopes_V1","Revesz & Coplen 2012b","N",,
"65f4af40-ae84-4446-8a09-ce130b48e757","D03","BARC","BARC.AOS.littoral1","2020-07-14","BARC.20200714.PHYTOPLANKTON.2.CNSA.1","A00000131439","condition ok","SIRFER Lab at University of Utah","2021-06-16","ElFtGy1kV49xqNP00HfxQA==","CNS","1",300,25,100,,,,,,,,"nitrogen",245.29,"microgramsPerLiter","SIRFER_algalPlantChem_isotopes_V1","Revesz & Coplen 2012a","N",,
"4a519b8d-5b83-4a00-a945-b28419d27505","D03","BARC","BARC.AOS.riparian.point.08","2020-07-14","BARC.20200714.EPIPHYTON.8.CNSA.1","A00000131453","condition ok","SIRFER Lab at University of Utah","2021-06-16","ElFtGy1kV49xqNP00HfxQA==","CNS","1",5,25,100,,,,,,,,"carbon",182987.89,"microgramsPerLiter","SIRFER_algalPlantChem_isotopes_V1","Revesz & Coplen 2012a","N",,
"94770862-d8df-497b-b0f5-e6c8ae8dc62a","D03","BARC","BARC.AOS.riparian.point.10","2020-07-14","BARC.20200714.EPIPHYTON.10.CNSA.1","A00000131457","condition ok","SIRFER Lab at University of Utah","2021-06-16","ElFtGy1kV49xqNP00HfxQA==","CNS","1",5,25,100,,,,,,,,"d34S",13.44,"perMill","SIRFER_algalPlantChem_isotopes_V1","Revesz & Coplen 2012b","N",,
"5cab1b35-3910-46e2-8bf7-4069727457b4","D03","BARC","BARC.AOS.riparian.point.02","2020-07-14","BARC.20200714.EPIPHYTON.2.CNSA.1","A00000131426","condition ok","SIRFER Lab at University of Utah","2021-06-16","ElFtGy1kV49xqNP00HfxQA==","CNS","1",5,25,100,,,,,,,,"nitrogen",12494.83,"microgramsPerLiter","SIRFER_algalPlantChem_isotopes_V1","Revesz & Coplen 2012a","N",,
"e6ddadf6-d153-4e87-a53e-a1ee0f113236","D03","BARC","BARC.AOS.riparian.point.04","2020-07-14","BARC.20200714.EPIPHYTON.4.CNSB.1","A00000131427","condition ok","SIRFER Lab at University of Utah","2021-07-09","ElFtGy1kV49xqNP00HfxQA==","CNS","1",5,25,100,,,,,,,,"carbon",115708.84,"microgramsPerLiter","SIRFER_algalPlantChem_isotopes_V1","Revesz & Coplen 2012a","Y",,
"68180466-c17b-4a62-aca4-f0bfefbccb39","D03","BARC","BARC.AOS.buoy.c0","2020-07-14","BARC.20200714.PHYTOPLANKTON.1.REP2.CNSA.2","A00000131425","condition ok","SIRFER Lab at University of Utah","2021-06-16","ElFtGy1kV49xqNP00HfxQA==","CNS","1",300,25,100,,,,,,,,"sulfur",18.18,"microgramsPerLiter","SIRFER_algalPlantChem_isotopes_V1","Revesz & Coplen 2012b","N",,
"842ea4d6-7333-4f81-862d-9641731eb18d","D03","BARC","BARC.AOS.buoy.c0","2020-07-14","BARC.20200714.PHYTOPLANKTON.1.CNSA.1","A00000131421","condition ok","SIRFER Lab at University of Utah","2021-06-16","ElFtGy1kV49xqNP00HfxQA==","CNS","1",300,25,100,,,,,,,,"carbon",1236.11,"microgramsPerLiter","SIRFER_algalPlantChem_isotopes_V1","Revesz & Coplen 2012a","N",,
"32be63a4-9472-4d38-9355-392fba24708b","D03","BARC","BARC.AOS.littoral1","2020-07-14","BARC.20200714.PHYTOPLANKTON.2.CNSA.1","A00000131439","condition ok","SIRFER Lab at University of Utah","2021-06-16","ElFtGy1kV49xqNP00HfxQA==","CNS","1",300,25,100,,,,,,,,"d13C",-28.89,"perMill","SIRFER_algalPlantChem_isotopes_V1","Revesz & Coplen 2012a","N",,
"006bf1f8-50bc-4aa3-bf97-3cebe6914148","D03","BARC","BARC.AOS.littoral2","2020-07-14","BARC.20200714.PHYTOPLANKTON.3.CNSB.1","A00000131430","condition ok","SIRFER Lab at University of Utah","2021-07-09","ElFtGy1kV49xqNP00HfxQA==","CNS","1",300,25,100,,,,,,,,"carbon",821.41,"microgramsPerLiter","SIRFER_algalPlantChem_isotopes_V1","Revesz & Coplen 2012a","Y",,
"ca65c16f-30dc-4e72-aeb7-86a6f5b9dbf7","D03","BARC","BARC.AOS.riparian.point.04","2020-07-14","BARC.20200714.EPIPHYTON.4.CNSB.1","A00000131427","condition ok","SIRFER Lab at University of Utah","2021-07-09","ElFtGy1kV49xqNP00HfxQA==","CNS","1",5,25,100,,,,,,,,"d13C",-28.61,"perMill","SIRFER_algalPlantChem_isotopes_V1","Revesz & Coplen 2012a","Y",,
"87f23507-8fdd-4ff1-9ee9-55f46e528e82","D03","BARC","BARC.AOS.riparian.point.06","2020-07-14","BARC.20200714.EPIPHYTON.6.CNSB.1","A00000131450","condition ok","SIRFER Lab at University of Utah","2021-07-09","ElFtGy1kV49xqNP00HfxQA==","CNS","1",5,25,100,,,,,,,,"d13C",-29.11,"perMill","SIRFER_algalPlantChem_isotopes_V1","Revesz & Coplen 2012a","Y",,
"8cc3cc72-030f-43cd-953e-b08d8fc60786","D03","BARC","BARC.AOS.buoy.c0","2020-07-14","BARC.20200714.PHYTOPLANKTON.1.REP2.CNSA.2","A00000131425","condition ok","SIRFER Lab at University of Utah","2021-06-16","ElFtGy1kV49xqNP00HfxQA==","CNS","1",300,25,100,,,,,,,,"nitrogen",44.67,"microgramsPerLiter","SIRFER_algalPlantChem_isotopes_V1","Revesz & Coplen 2012a","N",,
"a2a14dbc-4fa4-4d0a-978a-9560cfe176af","D03","BARC","BARC.AOS.riparian.point.02","2020-07-14","BARC.20200714.EPIPHYTON.2.CNSA.1","A00000131426","condition ok","SIRFER Lab at University of Utah","2021-06-16","ElFtGy1kV49xqNP00HfxQA==","CNS","1",5,25,100,,,,,,,,"d15N",1.22,"perMill","SIRFER_algalPlantChem_isotopes_V1","Revesz & Coplen 2012a","N",,
"3f503b72-e8df-4fb0-a757-6d8e89707991","D03","BARC","BARC.AOS.buoy.c0","2020-07-14","BARC.20200714.PHYTOPLANKTON.1.CNSB.1","A00000131422","condition ok","SIRFER Lab at University of Utah","2021-07-09","ElFtGy1kV49xqNP00HfxQA==","CNS","1",300,25,100,,,,,,,,"carbon",640.66,"microgramsPerLiter","SIRFER_algalPlantChem_isotopes_V1","Revesz & Coplen 2012a","Y",,
"a80e4417-cace-4d2c-834d-15e7ffb64f6c","D03","BARC","BARC.AOS.riparian.point.06","2020-07-14","BARC.20200714.EPIPHYTON.6.CNSA.1","A00000131449","condition ok","SIRFER Lab at University of Utah","2021-06-16","ElFtGy1kV49xqNP00HfxQA==","CNS","1",5,25,100,,,,,,,,"sulfur",1498.23,"microgramsPerLiter","SIRFER_algalPlantChem_isotopes_V1","Revesz & Coplen 2012b","N",,
"8dec299b-141a-43df-9ff2-6e8881b5ed80","D03","BARC","BARC.AOS.riparian.point.02","2020-07-14","BARC.20200714.EPIPHYTON.2.CNSB.1","A00000131428","condition ok","SIRFER Lab at University of Utah","2021-07-09","ElFtGy1kV49xqNP00HfxQA==","CNS","1",5,25,100,,,,,,,,"d13C",-29.04,"perMill","SIRFER_algalPlantChem_isotopes_V1","Revesz & Coplen 2012a","Y",,
"de2cb91f-069b-4b9a-a674-2e416b706521","D03","BARC","BARC.AOS.riparian.point.08","2020-07-14","BARC.20200714.EPIPHYTON.8.CNSA.1","A00000131453","condition ok","SIRFER Lab at University of Utah","2021-06-16","ElFtGy1kV49xqNP00HfxQA==","CNS","1",5,25,100,,,,,,,,"nitrogen",3184.89,"microgramsPerLiter","SIRFER_algalPlantChem_isotopes_V1","Revesz & Coplen 2012a","N",,
"cfc81a8e-99fa-42eb-a0b5-05567fb15615","D03","BARC","BARC.AOS.buoy.c0","2020-07-14","BARC.20200714.PHYTOPLANKTON.1.REP2.CNSA.2","A00000131425","condition ok","SIRFER Lab at University of Utah","2021-06-16","ElFtGy1kV49xqNP00HfxQA==","CNS","1",300,25,100,,,,,,,,"carbon",1236.11,"microgramsPerLiter","SIRFER_algalPlantChem_isotopes_V1","Revesz & Coplen 2012a","N",,
"b45ccc08-6a50-4853-bac0-66a2f81ec4d4","D03","BARC","BARC.AOS.littoral2","2020-07-14","BARC.20200714.PHYTOPLANKTON.3.CNSA.1","A00000131431","condition ok","SIRFER Lab at University of Utah","2021-06-21","ElFtGy1kV49xqNP00HfxQA==","CNS","1",300,25,100,,,,,,,,"d34S",5.97,"perMill","SIRFER_algalPlantChem_isotopes_V1","Revesz & Coplen 2012b","N",,
"a710aa41-9b92-49dd-acd1-e05e939236be","D03","BARC","BARC.AOS.riparian.point.10","2020-07-14","BARC.20200714.EPIPHYTON.10.CNSB.1","A00000131458","condition ok","SIRFER Lab at University of Utah","2021-07-09","ElFtGy1kV49xqNP00HfxQA==","CNS","1",5,25,100,,,,,,,,"d13C",-29.04,"perMill","SIRFER_algalPlantChem_isotopes_V1","Revesz & Coplen 2012a","Y",,
"7c329493-0338-41bf-ac47-20feb3c937dd","D03","BARC","BARC.AOS.littoral2","2020-07-14","BARC.20200714.PHYTOPLANKTON.3.CNSA.1","A00000131431","condition ok","SIRFER Lab at University of Utah","2021-06-21","ElFtGy1kV49xqNP00HfxQA==","CNS","1",300,25,100,,,,,,,,"d13C",-33.19,"perMill","SIRFER_algalPlantChem_isotopes_V1","Revesz & Coplen 2012a","N",,
"37f227e4-7819-4a0a-8185-0235d676be6d","D03","BARC","BARC.AOS.littoral1","2020-07-14","BARC.20200714.PHYTOPLANKTON.2.CNSA.1","A00000131439","condition ok","SIRFER Lab at University of Utah","2021-06-16","ElFtGy1kV49xqNP00HfxQA==","CNS","1",300,25,100,,,,,,,,"sulfur",14.47,"microgramsPerLiter","SIRFER_algalPlantChem_isotopes_V1","Revesz & Coplen 2012b","N",,
"9fa4520c-183f-47b8-8956-31f952001bb1","D03","BARC","BARC.AOS.riparian.point.10","2020-07-14","BARC.20200714.EPIPHYTON.10.CNSA.1","A00000131457","condition ok","SIRFER Lab at University of Utah","2021-06-16","ElFtGy1kV49xqNP00HfxQA==","CNS","1",5,25,100,,,,,,,,"nitrogen",13033.45,"microgramsPerLiter","SIRFER_algalPlantChem_isotopes_V1","Revesz & Coplen 2012a","N",,
"6bdff9d1-6787-43cf-a519-3cf5064435cb","D03","BARC","BARC.AOS.riparian.point.08","2020-07-14","BARC.20200714.EPIPHYTON.8.CNSB.1","A00000131454","condition ok","SIRFER Lab at University of Utah","2021-07-09","ElFtGy1kV49xqNP00HfxQA==","CNS","1",5,25,100,,,,,,,,"d13C",-29.04,"perMill","SIRFER_algalPlantChem_isotopes_V1","Revesz & Coplen 2012a","Y",,
"5c1f35a3-56dc-4240-b483-3a507badc280","D03","BARC","BARC.AOS.riparian.point.10","2020-07-14","BARC.20200714.EPIPHYTON.10.CNSA.1","A00000131457","condition ok","SIRFER Lab at University of Utah","2021-06-16","ElFtGy1kV49xqNP00HfxQA==","CNS","1",5,25,100,,,,,,,,"carbon",155328.47,"microgramsPerLiter","SIRFER_algalPlantChem_isotopes_V1","Revesz & Coplen 2012a","N",,
"e7b7da9d-57c7-48d3-9b01-a7fa5e84fd61","D03","BARC","BARC.AOS.riparian.point.06","2020-07-14","BARC.20200714.EPIPHYTON.6.CNSA.1","A00000131449","condition ok","SIRFER Lab at University of Utah","2021-06-16","ElFtGy1kV49xqNP00HfxQA==","CNS","1",5,25,100,,,,,,,,"d34S",13.39,"perMill","SIRFER_algalPlantChem_isotopes_V1","Revesz & Coplen 2012b","N",,
"12b4594e-4eab-459d-ab1f-c3f2f0cf0b82","D03","BARC","BARC.AOS.riparian.point.04","2020-07-14","BARC.20200714.EPIPHYTON.4.CNSA.1","A00000131445","condition ok","SIRFER Lab at University of Utah","2021-06-16","ElFtGy1kV49xqNP00HfxQA==","CNS","1",5,25,100,,,,,,,,"d13C",-28.48,"perMill","SIRFER_algalPlantChem_isotopes_V1","Revesz & Coplen 2012a","N",,
"1d65c268-1a8c-48e9-8767-87e782d1dce6","D03","BARC","BARC.AOS.riparian.point.06","2020-07-14","BARC.20200714.EPIPHYTON.6.CNSA.1","A00000131449","condition ok","SIRFER Lab at University of Utah","2021-06-16","ElFtGy1kV49xqNP00HfxQA==","CNS","1",5,25,100,,,,,,,,"nitrogen",10275.95,"microgramsPerLiter","SIRFER_algalPlantChem_isotopes_V1","Revesz & Coplen 2012a","N",,
"e976b135-6e92-43fe-8c89-4f76fd28ea54","D03","BARC","BARC.AOS.riparian.point.10","2020-07-14","BARC.20200714.EPIPHYTON.10.CHL/PHEO.1","A00000131456",,"Great Lakes Environmental Center, Inc.","2020-07-21","4CajRO/thb0=","chlorophyll/pheophytin","1",5,25,100,1,7,413.4633,,,1.3390,0.3740,"pheophytin",608.45,"microgramsPerLiter","GLEC_algalChlorophyll_V1","APHA 10200H",,,
"011eccbf-ade1-4ad9-bde8-00efb1752976","D03","BARC","BARC.AOS.riparian.point.08","2020-07-14","BARC.20200714.EPIPHYTON.8.CHL/PHEO.1","A00000131452",,"Great Lakes Environmental Center, Inc.","2020-07-21","4CajRO/thb0=","chlorophyll/pheophytin","1",5,25,100,1,7,413.4633,,,1.6100,0.4710,"pheophytin",819.39,"microgramsPerLiter","GLEC_algalChlorophyll_V1","APHA 10200H",,,
"df036afc-d2de-43e6-94ac-0d54b5a048a9","D03","BARC","BARC.AOS.buoy.c0","2020-07-14","BARC.20200714.PHYTOPLANKTON.1.CHL/PHEO.1","A00000131424",,"Great Lakes Environmental Center, Inc.","2020-07-21","4CajRO/thb0=","chlorophyll/pheophytin","1",300,25,100,1,7,413.4633,,,0.1490,0.0500,"pheophytin",1.70,"microgramsPerLiter","GLEC_algalChlorophyll_V1","APHA 10200H",,,
"a23b934c-047e-4b4d-a866-ac2a1e787cf5","D03","BARC","BARC.AOS.buoy.c0","2020-07-14","BARC.20200714.PHYTOPLANKTON.1.CHL/PHEO.1","A00000131424",,"Great Lakes Environmental Center, Inc.","2020-07-21","4CajRO/thb0=","chlorophyll/pheophytin","1",300,25,100,1,7,413.4633,,,0.1490,0.0500,"chlorophyll a",1.15,"microgramsPerLiter","GLEC_algalChlorophyll_V1","APHA 10200H",,,
"b92d0de2-f504-4d54-9e31-e7485a6133ad","D03","BARC","BARC.AOS.littoral2","2020-07-14","BARC.20200714.PHYTOPLANKTON.3.CHL/PHEO.1","A00000131432",,"Great Lakes Environmental Center, Inc.","2020-07-21","4CajRO/thb0=","chlorophyll/pheophytin","1",300,25,100,1,7,413.4633,,,0.2870,0.1020,"chlorophyll a",2.15,"microgramsPerLiter","GLEC_algalChlorophyll_V1","APHA 10200H",,,
"49962821-dc23-4389-8a81-a7df051aefbd","D03","BARC","BARC.AOS.riparian.point.02","2020-07-14","BARC.20200714.EPIPHYTON.2.CHL/PHEO.1","A00000131443",,"Great Lakes Environmental Center, Inc.","2020-07-21","4CajRO/thb0=","chlorophyll/pheophytin","1",5,25,100,1,7,413.4633,,,1.9440,0.6750,"chlorophyll a",883.99,"microgramsPerLiter","GLEC_algalChlorophyll_V1","APHA 10200H",,,
"56a0cf6a-e5f0-46d8-8d52-03f1e17119ce","D03","BARC","BARC.AOS.buoy.c0","2020-07-14","BARC.20200714.PHYTOPLANKTON.1.REP2.CHL/PHEO.2","A00000131441",,"Great Lakes Environmental Center, Inc.","2020-07-21","4CajRO/thb0=","chlorophyll/pheophytin","2",200,25,100,1,7,413.4633,,,0.1420,0.0430,"chlorophyll a",1.72,"microgramsPerLiter","GLEC_algalChlorophyll_V1","APHA 10200H",,,
"17848a52-32ea-4ddc-a014-5228b36e0b33","D03","BARC","BARC.AOS.riparian.point.06","2020-07-14","BARC.20200714.EPIPHYTON.6.CHL/PHEO.1","A00000131448",,"Great Lakes Environmental Center, Inc.","2020-07-21","4CajRO/thb0=","chlorophyll/pheophytin","1",5,25,100,1,7,413.4633,,,1.0510,0.3090,"pheophytin",541.21,"microgramsPerLiter","GLEC_algalChlorophyll_V1","APHA 10200H",,,
"de0df496-0ad5-4acd-a7be-c0bf58b91b9d","D03","BARC","BARC.AOS.littoral2","2020-07-14","BARC.20200714.PHYTOPLANKTON.3.CHL/PHEO.1","A00000131432",,"Great Lakes Environmental Center, Inc.","2020-07-21","4CajRO/thb0=","chlorophyll/pheophytin","1",300,25,100,1,7,413.4633,,,0.2870,0.1020,"pheophytin",3.67,"microgramsPerLiter","GLEC_algalChlorophyll_V1","APHA 10200H",,,
"431c0f39-845c-4528-9042-51decd239479","D03","BARC","BARC.AOS.riparian.point.04","2020-07-14","BARC.20200714.EPIPHYTON.4.CHL/PHEO.1","A00000131446",,"Great Lakes Environmental Center, Inc.","2020-07-21","4CajRO/thb0=","chlorophyll/pheophytin","1",5,25,100,1,7,413.4633,,,1.1700,0.4000,"pheophytin",833.31,"microgramsPerLiter","GLEC_algalChlorophyll_V1","APHA 10200H",,,
"94d6e348-ee5f-4382-9e5a-de7b89d6ba93","D03","BARC","BARC.AOS.riparian.point.04","2020-07-14","BARC.20200714.EPIPHYTON.4.CHL/PHEO.1","A00000131446",,"Great Lakes Environmental Center, Inc.","2020-07-21","4CajRO/thb0=","chlorophyll/pheophytin","1",5,25,100,1,7,413.4633,,,1.1700,0.4000,"chlorophyll a",536.39,"microgramsPerLiter","GLEC_algalChlorophyll_V1","APHA 10200H",,,
"5b91ba1a-14c9-425e-8565-1ba7c261a8a4","D03","BARC","BARC.AOS.riparian.point.10","2020-07-14","BARC.20200714.EPIPHYTON.10.CHL/PHEO.1","A00000131456",,"Great Lakes Environmental Center, Inc.","2020-07-21","4CajRO/thb0=","chlorophyll/pheophytin","1",5,25,100,1,7,413.4633,,,1.3390,0.3740,"chlorophyll a",672.22,"microgramsPerLiter","GLEC_algalChlorophyll_V1","APHA 10200H",,,
"74b3ca8e-6cd8-4722-847f-33f5f314c52e","D03","BARC","BARC.AOS.riparian.point.08","2020-07-14","BARC.20200714.EPIPHYTON.8.CHL/PHEO.1","A00000131452",,"Great Lakes Environmental Center, Inc.","2020-07-21","4CajRO/thb0=","chlorophyll/pheophytin","1",5,25,100,1,7,413.4633,,,1.6100,0.4710,"chlorophyll a",793.43,"microgramsPerLiter","GLEC_algalChlorophyll_V1","APHA 10200H",,,
"356ae385-8b7e-4905-9f69-70b2a9caa002","D03","BARC","BARC.AOS.littoral1","2020-07-14","BARC.20200714.PHYTOPLANKTON.2.CHL/PHEO.1","A00000131436",,"Great Lakes Environmental Center, Inc.","2020-07-21","4CajRO/thb0=","chlorophyll/pheophytin","1",300,25,100,1,7,413.4633,,,0.2230,0.0780,"pheophytin",2.77,"microgramsPerLiter","GLEC_algalChlorophyll_V1","APHA 10200H",,,
"b495943d-fb78-49a7-a5cb-8d2cf454cd09","D03","BARC","BARC.AOS.littoral1","2020-07-14","BARC.20200714.PHYTOPLANKTON.2.CHL/PHEO.1","A00000131436",,"Great Lakes Environmental Center, Inc.","2020-07-21","4CajRO/thb0=","chlorophyll/pheophytin","1",300,25,100,1,7,413.4633,,,0.2230,0.0780,"chlorophyll a",1.68,"microgramsPerLiter","GLEC_algalChlorophyll_V1","APHA 10200H",,,
"c436ca45-e04e-4fc5-add7-3c8c11027eb4","D03","BARC","BARC.AOS.riparian.point.06","2020-07-14","BARC.20200714.EPIPHYTON.6.CHL/PHEO.1","A00000131448",,"Great Lakes Environmental Center, Inc.","2020-07-21","4CajRO/thb0=","chlorophyll/pheophytin","1",5,25,100,1,7,413.4633,,,1.0510,0.3090,"chlorophyll a",516.88,"microgramsPerLiter","GLEC_algalChlorophyll_V1","APHA 10200H",,,
"0092e572-541e-497e-abc5-229096c98203","D03","BARC","BARC.AOS.buoy.c0","2020-07-14","BARC.20200714.PHYTOPLANKTON.1.REP2.CHL/PHEO.2","A00000131441",,"Great Lakes Environmental Center, Inc.","2020-07-21","4CajRO/thb0=","chlorophyll/pheophytin","2",200,25,100,1,7,413.4633,,,0.1420,0.0430,"pheophytin",1.96,"microgramsPerLiter","GLEC_algalChlorophyll_V1","APHA 10200H",,,
"a03f2b64-cd5a-472c-9e4a-1056d4173a2d","D03","BARC","BARC.AOS.riparian.point.02","2020-07-14","BARC.20200714.EPIPHYTON.2.CHL/PHEO.1","A00000131443",,"Great Lakes Environmental Center, Inc.","2020-07-21","4CajRO/thb0=","chlorophyll/pheophytin","1",5,25,100,1,7,413.4633,,,1.9440,0.6750,"pheophytin",1427.40,"microgramsPerLiter","GLEC_algalChlorophyll_V1","APHA 10200H",,,
