uid,laboratoryName,startDate,analysisDate,batchID,internalLabID,sampleID,sampleCode,qaType,analyte,analyteConcentration,plantAlgaeLabUnits,analyteKnownValue,analyteKnownValueUnits,externalRemarks,analyzedBy,externalLabDataQF
"14f4e7be-5dd0-4679-805a-6ca963614474","Great Lakes Environmental Center, Inc.","2021-06-09","2021-06-09","CA060921A","LRB060921A(2)",,,"blank","chlorophyll a",0.000,"microgramsPerLiter",,"microgramsPerLiter",,"bcook",
"1d63df74-34bf-4c6b-a615-7fa97cd8cb72","Great Lakes Environmental Center, Inc.","2021-06-09","2021-06-09","CA060921A","LRB060921A",,,"blank","chlorophyll a",0.000,"microgramsPerLiter",0.000,"microgramsPerLiter",,"bcook",
"4b79da04-da47-4fde-a9cb-177e4815f942","Great Lakes Environmental Center, Inc.","2021-06-09","2021-06-09","PHEO060921A","LRB060921A(2)",,,"blank","pheophytin",0.000,"microgramsPerLiter",0.000,"microgramsPerLiter",,"bcook",
"410a43d9-b9ea-45a7-92fb-3090d45b6c75","Great Lakes Environmental Center, Inc.","2021-06-09","2021-06-09","PHEO060921A","LRB060921A",,,"blank","pheophytin",0.000,"microgramsPerLiter",0.000,"microgramsPerLiter",,"bcook",
"250ce491-917c-4240-a16d-4ff1374a6610","Great Lakes Environmental Center, Inc.","2021-06-09","2021-06-09","CA060921A","QC 0.0191",,,"chla standard","chlorophyll a",20.113,"microgramsPerLiter",19.100,"microgramsPerLiter",,"bcook",
"cc174ab1-2384-4b8f-a509-c810ba700cd3","Great Lakes Environmental Center, Inc.","2021-06-09","2021-06-09","CA060921A","LFBUF1 060921",,,"standard","chlorophyll a",25.700,"microgramsPerLiter",25.000,"microgramsPerLiter",,"bcook",
"07d72ed7-0eab-4bfc-8d1b-9db01daa2864","Great Lakes Environmental Center, Inc.","2021-05-26","2021-05-26","CA052621A","LRB0526A(2)",,,"blank","chlorophyll a",0.000,"microgramsPerLiter",,"microgramsPerLiter",,"bcook",
"c8338605-f6dd-4cab-8568-4efc1333902f","Great Lakes Environmental Center, Inc.","2021-05-26","2021-05-26","CA052621A","LFBUF1 0526A",,,"standard","chlorophyll a",25.193,"microgramsPerLiter",25.000,"microgramsPerLiter",,"bcook",
"e1995f08-a0b7-494e-bc00-0b61257a8656","Great Lakes Environmental Center, Inc.","2021-05-26","2021-05-26","PHEO052621A","LRB0526A(2)",,,"blank","pheophytin",0.000,"microgramsPerLiter",0.000,"microgramsPerLiter",,"bcook",
"33b34e39-1cdc-4fcc-bce6-cf93ba55b761","Great Lakes Environmental Center, Inc.","2021-05-26","2021-05-26","CA052621A","LRB0526 A",,,"blank","chlorophyll a",0.000,"microgramsPerLiter",0.000,"microgramsPerLiter",,"bcook",
"a4e68ede-30cf-4694-9194-ab8559e32165","Great Lakes Environmental Center, Inc.","2021-05-26","2021-05-26","PHEO052621A","LRB0526 A",,,"blank","pheophytin",0.000,"microgramsPerLiter",0.000,"microgramsPerLiter",,"bcook",
"318f8d70-209c-420e-b1e9-d5a6c35139a9","Great Lakes Environmental Center, Inc.","2021-05-26","2021-05-26","CA052621A","QC 0.0191",,,"chla standard","chlorophyll a",19.833,"microgramsPerLiter",19.100,"microgramsPerLiter",,"bcook",
"52e11392-82ee-43f5-b45f-3781acb86e4f","Great Lakes Environmental Center, Inc.","2021-05-18","2021-05-18","CA051821A","LRB0518A",,,"blank","chlorophyll a",0.000,"microgramsPerLiter",0.000,"microgramsPerLiter",,"bcook",
"8455a9e2-a5db-4b95-9b97-cf62ffc5b1af","Great Lakes Environmental Center, Inc.","2021-05-18","2021-05-18","CA051821A","LRB05128A(2)",,,"blank","chlorophyll a",0.000,"microgramsPerLiter",0.000,"microgramsPerLiter",,"bcook",
"8cec3a97-9945-4e7a-91ab-b262d2fde8f5","Great Lakes Environmental Center, Inc.","2021-05-18","2021-05-18","PHEO051821A","LRB05128A(2)",,,"blank","pheophytin",0.000,"microgramsPerLiter",0.000,"microgramsPerLiter",,"bcook",
"a9c5a80c-f7ac-4353-bca4-e171e30f60d9","Great Lakes Environmental Center, Inc.","2021-05-18","2021-05-18","CA051821A","LFBUF1 0518A",,,"standard","chlorophyll a",25.193,"microgramsPerLiter",25.000,"microgramsPerLiter",,"bcook",
"17cf1546-82db-4710-824b-713271559f95","Great Lakes Environmental Center, Inc.","2021-05-18","2021-05-18","PHEO051821A","LRB0518A",,,"blank","pheophytin",0.000,"microgramsPerLiter",0.000,"microgramsPerLiter",,"bcook",
"f4f9c670-027b-468e-adfb-b18e3b696c31","Great Lakes Environmental Center, Inc.","2021-05-18","2021-05-18","CA051821A","QC 0.0219",,,"chla standard","chlorophyll a",20.369,"microgramsPerLiter",21.900,"microgramsPerLiter",,"bcook",
"ca2207cd-4e6a-4843-aee5-54010c5c73f1","Great Lakes Environmental Center, Inc.","2021-05-10","2021-05-10","PHEO051021A","LRB0510A",,,"blank","pheophytin",0.000,"microgramsPerLiter",0.000,"microgramsPerLiter",,"bcook",
"fffaf246-76cb-4901-bd40-81e3ab606ab4","Great Lakes Environmental Center, Inc.","2021-05-10","2021-05-10","CA051021A","LFBUF1 0510A",,,"standard","chlorophyll a",24.675,"microgramsPerLiter",25.000,"microgramsPerLiter",,"bcook",
"9eeac728-2f56-4c78-8f24-2e1408b6a47a","Great Lakes Environmental Center, Inc.","2021-05-10","2021-05-10","CA051021A","QC 0.0219",,,"chla standard","chlorophyll a",19.740,"microgramsPerLiter",21.900,"microgramsPerLiter",,"bcook",
"83640f34-3377-48c9-9862-41651408b7cc","Great Lakes Environmental Center, Inc.","2021-05-10","2021-05-10","PHEO051021A","LRB0510A(2)",,,"blank","pheophytin",0.000,"microgramsPerLiter",0.000,"microgramsPerLiter",,"bcook",
"1baa82ae-9e3a-4ef3-86e8-c40301e8d564","Great Lakes Environmental Center, Inc.","2021-05-10","2021-05-10","CA051021A","LRB0510A(2)",,,"blank","chlorophyll a",0.000,"microgramsPerLiter",0.000,"microgramsPerLiter",,"bcook",
"ba5c1ba9-95ad-4696-8e27-4aa46698f382","Great Lakes Environmental Center, Inc.","2021-05-10","2021-05-10","CA051021A","LRB0510A",,,"blank","chlorophyll a",0.000,"microgramsPerLiter",0.000,"microgramsPerLiter",,"bcook",
"0e89f06f-943d-4b56-b682-303d807d722f","Great Lakes Environmental Center, Inc.","2021-05-03","2021-05-03","CA050321A","LRB0503B",,,"blank","chlorophyll a",0.000,"microgramsPerLiter",0.000,"microgramsPerLiter",,"bcook",
"c1b6f484-7711-43a0-96a7-122275cda7c9","Great Lakes Environmental Center, Inc.","2021-05-03","2021-05-03","CA050321A","LRB0503A",,,"blank","chlorophyll a",0.000,"microgramsPerLiter",0.000,"microgramsPerLiter",,"bcook",
"e7d13dc9-33be-4c00-8230-1a4a3810c430","Great Lakes Environmental Center, Inc.","2021-05-03","2021-05-03","CA050321A","LFBUF1 0503A",,,"standard","chlorophyll a",24.968,"microgramsPerLiter",25.000,"microgramsPerLiter",,"bcook",
"dc5240da-5e8a-4608-b071-d753bf98c28a","Great Lakes Environmental Center, Inc.","2021-05-03","2021-05-03","PHEO050321A","LRB0503B(2)",,,"blank","pheophytin",0.000,"microgramsPerLiter",0.000,"microgramsPerLiter",,"bcook",
"aabfec05-30d6-4784-a25d-9d1f46439ab4","Great Lakes Environmental Center, Inc.","2021-05-03","2021-05-03","CA050321A","QC 0.0191",,,"chla standard","chlorophyll a",19.475,"microgramsPerLiter",19.100,"microgramsPerLiter",,"bcook",
"2e0f326d-79b0-4c97-8ace-bb7943f068ea","Great Lakes Environmental Center, Inc.","2021-05-03","2021-05-03","CA050321A","LRB0503B(2)",,,"blank","chlorophyll a",0.000,"microgramsPerLiter",0.000,"microgramsPerLiter",,"bcook",
"25cce5c8-2530-47a9-bdbf-3bca61c8773f","Great Lakes Environmental Center, Inc.","2021-05-03","2021-05-03","PHEO050321A","LRB0503A(2)",,,"blank","pheophytin",0.000,"microgramsPerLiter",0.000,"microgramsPerLiter",,"bcook",
"c3d86895-8bfd-4376-a2bb-276f6e315ade","Great Lakes Environmental Center, Inc.","2021-05-03","2021-05-03","CA050321A","LRB0503A(2)",,,"blank","chlorophyll a",0.000,"microgramsPerLiter",0.000,"microgramsPerLiter",,"bcook",
"5598a593-50b5-4f59-b6ef-49b7793c4c0c","Great Lakes Environmental Center, Inc.","2021-05-03","2021-05-03","CA050321A","LFBUF1 0503B",,,"standard","chlorophyll a",24.968,"microgramsPerLiter",25.000,"microgramsPerLiter",,"bcook",
"ed697939-635b-4a8e-872d-274ab03b008e","Great Lakes Environmental Center, Inc.","2021-05-03","2021-05-03","PHEO050321A","LRB0503B",,,"blank","pheophytin",0.000,"microgramsPerLiter",0.000,"microgramsPerLiter",,"bcook",
"e90b44ff-85f5-47cc-9744-a03ba554a1fa","Great Lakes Environmental Center, Inc.","2021-05-03","2021-05-03","PHEO050321A","LRB0503A",,,"blank","pheophytin",0.000,"microgramsPerLiter",0.000,"microgramsPerLiter",,"bcook",
"afdbf770-bcc9-460c-88bf-78914d76cc4c","Great Lakes Environmental Center, Inc.","2021-04-26","2021-04-26","CA042621A","QC 0.0231",,,"chla standard","chlorophyll a",23.083,"microgramsPerLiter",23.100,"microgramsPerLiter",,"bcook",
"42dafd06-5acc-4f99-b348-1348e92086e1","Great Lakes Environmental Center, Inc.","2021-04-26","2021-04-26","CA042621A","LRB00426B",,,"blank","chlorophyll a",0.000,"microgramsPerLiter",0.000,"microgramsPerLiter",,"bcook",
"892749c1-0006-49ef-b3a0-e5f8d7ec10c5","Great Lakes Environmental Center, Inc.","2021-04-26","2021-04-26","PHEO042621A","LRB0426A(2)",,,"blank","pheophytin",0.000,"microgramsPerLiter",0.000,"microgramsPerLiter",,"bcook",
"4cdc41cd-e718-450d-9f22-f348b0086000","Great Lakes Environmental Center, Inc.","2021-04-26","2021-04-26","PHEO042621A","LRB00426B",,,"blank","pheophytin",0.000,"microgramsPerLiter",0.000,"microgramsPerLiter",,"bcook",
"0585ebee-d599-49fb-aaf4-71018e4a1997","Great Lakes Environmental Center, Inc.","2021-04-26","2021-04-26","CA042621A","LRB0426B(2)",,,"blank","chlorophyll a",0.000,"microgramsPerLiter",0.000,"microgramsPerLiter",,"bcook",
"9e808d37-f044-457a-bed9-29809c401a2c","Great Lakes Environmental Center, Inc.","2021-04-26","2021-04-26","CA042621A","LRB0426A",,,"blank","chlorophyll a",0.000,"microgramsPerLiter",0.000,"microgramsPerLiter",,"bcook",
"bb00ae06-ad11-4ccb-a4a5-b1a013cb6f02","Great Lakes Environmental Center, Inc.","2021-04-26","2021-04-26","CA042621A","LRB0426A(2)",,,"blank","chlorophyll a",0.000,"microgramsPerLiter",0.000,"microgramsPerLiter",,"bcook",
"298c0679-8fe3-4248-bce2-ea8a5f65c749","Great Lakes Environmental Center, Inc.","2021-04-26","2021-04-26","PHEO042621A","LRB0426B(2)",,,"blank","pheophytin",0.000,"microgramsPerLiter",0.000,"microgramsPerLiter",,"bcook",
"3649709b-b03f-4c1a-8ca0-69629daa2362","Great Lakes Environmental Center, Inc.","2021-04-26","2021-04-26","CA042621A","LFBUF1 0426B",,,"standard","chlorophyll a",24.556,"microgramsPerLiter",25.000,"microgramsPerLiter",,"bcook",
"759fbdb6-6569-48bb-ba8f-431993f9c716","Great Lakes Environmental Center, Inc.","2021-04-26","2021-04-26","CA042621A","LFBUF1 0426A",,,"standard","chlorophyll a",24.556,"microgramsPerLiter",25.000,"microgramsPerLiter",,"bcook",
"6bb29219-14c1-4725-a326-3205657d5c3d","Great Lakes Environmental Center, Inc.","2021-04-26","2021-04-26","PHEO042621A","LRB0426A",,,"blank","pheophytin",0.000,"microgramsPerLiter",0.000,"microgramsPerLiter",,"bcook",
"c14928ed-35aa-446b-8cbe-6c59035e0ef7","Great Lakes Environmental Center, Inc.","2021-04-16","2021-04-16","PHEO041621A","LRB0416A(2)",,,"blank","pheophytin",0.000,"microgramsPerLiter",0.000,"microgramsPerLiter",,"bcook",
"e8f82b5d-61b0-4e92-8e7c-f51e9d930e22","Great Lakes Environmental Center, Inc.","2021-04-16","2021-04-16","PHEO041621A","LRB0416A",,,"blank","pheophytin",0.000,"microgramsPerLiter",0.000,"microgramsPerLiter",,"bcook",
"e93f1735-efb9-4a59-8b0c-4ef15907f4c0","Great Lakes Environmental Center, Inc.","2021-04-16","2021-04-16","CA041621A","LFBUF1 0416A",,,"standard","chlorophyll a",24.675,"microgramsPerLiter",25.000,"microgramsPerLiter",,"bcook",
"fc0939b7-9669-4a65-8c1a-6cb3ca5f9a53","Great Lakes Environmental Center, Inc.","2021-04-16","2021-04-16","CA041621A","LRB0416A(2)",,,"blank","chlorophyll a",0.000,"microgramsPerLiter",0.000,"microgramsPerLiter",,"bcook",
"24c114e6-910f-4193-ad9f-cdc1eedfdaf8","Great Lakes Environmental Center, Inc.","2021-04-16","2021-04-16","CA041621A","QC 0.0231",,,"chla standard","chlorophyll a",23.195,"microgramsPerLiter",23.100,"microgramsPerLiter",,"bcook",
"434b2fa0-03b3-47fc-b1dd-d25e95521957","Great Lakes Environmental Center, Inc.","2021-04-16","2021-04-16","CA041621A","LRB0416A",,,"blank","chlorophyll a",0.000,"microgramsPerLiter",0.000,"microgramsPerLiter",,"bcook",
"e48bfc00-c8b7-4ab1-847a-72fd37b3d265","Great Lakes Environmental Center, Inc.","2021-04-02","2021-04-02","PHEO040221A","LRB0402A(2)",,,"blank","pheophytin",0.000,"microgramsPerLiter",0.000,"microgramsPerLiter",,"bcook",
"963ad45c-a4b1-4645-9ecf-652abf63ac00","Great Lakes Environmental Center, Inc.","2021-04-02","2021-04-02","CA040221A","LRB0402B(2)",,,"blank","chlorophyll a",0.000,"microgramsPerLiter",0.000,"microgramsPerLiter",,"bcook",
"861ac8a0-d110-4e70-b2e7-86edbe50a052","Great Lakes Environmental Center, Inc.","2021-04-02","2021-04-02","CA040221A","LRB0402A(2)",,,"blank","chlorophyll a",0.000,"microgramsPerLiter",0.000,"microgramsPerLiter",,"bcook",
"ff34ce92-95f6-4551-a467-e6b6b7462726","Great Lakes Environmental Center, Inc.","2021-04-02","2021-04-02","CA040221A","LRB0402C",,,"blank","chlorophyll a",0.000,"microgramsPerLiter",0.000,"microgramsPerLiter",,"bcook",
"75086521-64c4-411d-a8a1-5111c2109596","Great Lakes Environmental Center, Inc.","2021-04-02","2021-04-02","CA040221A","LFBUF1 0402C",,,"standard","chlorophyll a",24.609,"microgramsPerLiter",25.000,"microgramsPerLiter",,"bcook",
"19820dcc-4b4d-472e-a190-7c731b23d02f","Great Lakes Environmental Center, Inc.","2021-04-02","2021-04-02","CA040221A","LFBUF1 0402B",,,"standard","chlorophyll a",24.609,"microgramsPerLiter",25.000,"microgramsPerLiter",,"bcook",
"b20963a2-8644-4f72-b277-cd1f0878ccfd","Great Lakes Environmental Center, Inc.","2021-04-02","2021-04-02","CA040221A","QC 0.0231",,,"chla standard","chlorophyll a",23.133,"microgramsPerLiter",23.100,"microgramsPerLiter",,"bcook",
"704646ee-9506-4708-8a48-262d994c7dce","Great Lakes Environmental Center, Inc.","2021-04-02","2021-04-02","PHEO040221A","LRB0402C(2)",,,"blank","pheophytin",0.000,"microgramsPerLiter",0.000,"microgramsPerLiter",,"bcook",
"ab5c9278-8b21-4811-ada6-f4cf23a5960d","Great Lakes Environmental Center, Inc.","2021-04-02","2021-04-02","PHEO040221A","LRB0402B(2)",,,"blank","pheophytin",0.000,"microgramsPerLiter",0.000,"microgramsPerLiter",,"bcook",
"8d993f5e-8ba8-4e04-9dbe-d765ec54eb45","Great Lakes Environmental Center, Inc.","2021-04-02","2021-04-02","PHEO040221A","LRB0402B",,,"blank","pheophytin",0.000,"microgramsPerLiter",0.000,"microgramsPerLiter",,"bcook",
"5f717cdf-2067-49e4-aa4e-f142563a7aef","Great Lakes Environmental Center, Inc.","2021-04-02","2021-04-02","PHEO040221A","LRB0402C",,,"blank","pheophytin",0.000,"microgramsPerLiter",0.000,"microgramsPerLiter",,"bcook",
"89cf1a1e-b519-4764-9364-93a7d9b11e49","Great Lakes Environmental Center, Inc.","2021-04-02","2021-04-02","CA040221A","LRB0402A",,,"blank","chlorophyll a",0.000,"microgramsPerLiter",0.000,"microgramsPerLiter",,"bcook",
"8f4e59e9-9a0f-41d9-8f68-35cd74af6a99","Great Lakes Environmental Center, Inc.","2021-04-02","2021-04-02","CA040221A","LRB0402B",,,"blank","chlorophyll a",0.000,"microgramsPerLiter",0.000,"microgramsPerLiter",,"bcook",
"556eef71-f7b1-4ca6-a772-21bd2299c0cd","Great Lakes Environmental Center, Inc.","2021-04-02","2021-04-02","CA040221A","LFBUF1 0402A",,,"standard","chlorophyll a",24.609,"microgramsPerLiter",25.000,"microgramsPerLiter",,"bcook",
"fbc55245-1c84-49b6-9c81-df38a21c53fa","Great Lakes Environmental Center, Inc.","2021-04-02","2021-04-02","PHEO040221A","LRB0402A",,,"blank","pheophytin",0.000,"microgramsPerLiter",0.000,"microgramsPerLiter",,"bcook",
"c6cd6c7d-a390-4290-b85f-5a26cb51a138","Great Lakes Environmental Center, Inc.","2021-04-02","2021-04-02","CA040221A","LRB0402C(2)",,,"blank","chlorophyll a",0.000,"microgramsPerLiter",0.000,"microgramsPerLiter",,"bcook",
"0a3190b1-2e83-4e3c-8d78-33a20518fbee","Great Lakes Environmental Center, Inc.","2021-03-23","2021-03-23","PHEO032321A","LRB0323A",,,"blank","pheophytin",0.000,"microgramsPerLiter",0.000,"microgramsPerLiter",,"bcook",
"78bf3439-1d52-4c84-bee2-b3af082a3768","Great Lakes Environmental Center, Inc.","2021-03-23","2021-03-23","CA032321A","QC 0.0231",,,"chla standard","chlorophyll a",22.971,"microgramsPerLiter",23.100,"microgramsPerLiter",,"bcook",
"814bcc6e-8d29-4e01-bed0-753ebe35ef2a","Great Lakes Environmental Center, Inc.","2021-03-23","2021-03-23","PHEO032321A","LRB0323A(2)",,,"blank","pheophytin",0.000,"microgramsPerLiter",0.000,"microgramsPerLiter",,"bcook",
"a2ce9f51-a016-4cb2-9798-e5b508899bff","Great Lakes Environmental Center, Inc.","2021-03-23","2021-03-23","CA032321A","LRB0323A",,,"blank","chlorophyll a",0.000,"microgramsPerLiter",0.000,"microgramsPerLiter",,"bcook",
"47fda711-5b94-4649-8969-b708daeb2177","Great Lakes Environmental Center, Inc.","2021-03-23","2021-03-23","CA032321A","LRB0323B(2)",,,"blank","chlorophyll a",0.000,"microgramsPerLiter",0.000,"microgramsPerLiter",,"bcook",
"7bda783a-39d4-4ac8-8c9a-5478bf517fe7","Great Lakes Environmental Center, Inc.","2021-03-23","2021-03-23","CA032321A","LRB0323B",,,"blank","chlorophyll a",0.000,"microgramsPerLiter",0.000,"microgramsPerLiter",,"bcook",
"00f3d877-2a72-4fa6-8e9b-9f161dc22595","Great Lakes Environmental Center, Inc.","2021-03-23","2021-03-23","CA032321A","LFBUF1 0323A",,,"standard","chlorophyll a",24.968,"microgramsPerLiter",25.000,"microgramsPerLiter",,"bcook",
"99181bf4-d27b-4012-ae16-4c9de80df546","Great Lakes Environmental Center, Inc.","2021-03-23","2021-03-23","PHEO032321A","LRB0323B",,,"blank","pheophytin",0.000,"microgramsPerLiter",0.000,"microgramsPerLiter",,"bcook",
"652e7dd9-2917-462a-a7fa-fdffdbf2ad0d","Great Lakes Environmental Center, Inc.","2021-03-23","2021-03-23","CA032321A","LFBUF1 0323B",,,"standard","chlorophyll a",24.968,"microgramsPerLiter",25.000,"microgramsPerLiter",,"bcook",
"0144e3fb-4d61-4db8-a7c2-8733ab88f86e","Great Lakes Environmental Center, Inc.","2021-03-23","2021-03-23","PHEO032321A","LRB0323B(2)",,,"blank","pheophytin",0.000,"microgramsPerLiter",0.000,"microgramsPerLiter",,"bcook",
"5ce894f3-0558-47b7-a60e-ecef9d7e8864","Great Lakes Environmental Center, Inc.","2021-03-23","2021-03-23","CA032321A","LRB0323A(2)",,,"blank","chlorophyll a",0.000,"microgramsPerLiter",0.000,"microgramsPerLiter",,"bcook",
"d681a7bf-07ac-4edb-b492-e7b5581cb11c","Great Lakes Environmental Center, Inc.","2021-03-12","2021-03-12","PHEO031221A","LRB0312A(2)",,,"blank","pheophytin",0.000,"microgramsPerLiter",0.000,"microgramsPerLiter",,"bcook",
"3a9bcf1e-df82-4410-8225-df10973a2889","Great Lakes Environmental Center, Inc.","2021-03-12","2021-03-12","CA031221A","LFBUF1 0312B",,,"standard","chlorophyll a",24.675,"microgramsPerLiter",25.000,"microgramsPerLiter",,"bcook",
"84a84cde-6f97-4f54-a911-ae1aa3bb154e","Great Lakes Environmental Center, Inc.","2021-03-12","2021-03-12","PHEO031221A","LRB0312A",,,"blank","pheophytin",0.000,"microgramsPerLiter",0.000,"microgramsPerLiter",,"bcook",
"29d2ee24-5f31-4af0-9de7-b0dbb134332a","Great Lakes Environmental Center, Inc.","2021-03-12","2021-03-12","CA031221A","QC 0.0231",,,"chla standard","chlorophyll a",22.701,"microgramsPerLiter",23.100,"microgramsPerLiter",,"bcook",
"50bd1973-5eb4-4fb0-9ae3-589b2263790f","Great Lakes Environmental Center, Inc.","2021-03-12","2021-03-12","PHEO031221A","LRB0312B",,,"blank","pheophytin",0.000,"microgramsPerLiter",0.000,"microgramsPerLiter",,"bcook",
"cd6b2e3b-3024-43de-a3f4-64f7260b452a","Great Lakes Environmental Center, Inc.","2021-03-12","2021-03-12","PHEO031221A","LRB0312B(2)",,,"blank","pheophytin",0.000,"microgramsPerLiter",0.000,"microgramsPerLiter",,"bcook",
"d7dab50f-414c-42dc-a2b8-21ba285d3cb5","Great Lakes Environmental Center, Inc.","2021-03-12","2021-03-12","CA031221A","LFBUF1 0312A",,,"standard","chlorophyll a",24.675,"microgramsPerLiter",25.000,"microgramsPerLiter",,"bcook",
"57af8bc9-8039-4548-aa51-c0db5ca76288","Great Lakes Environmental Center, Inc.","2021-03-12","2021-03-12","CA031221A","LRB0312B(2)",,,"blank","chlorophyll a",0.000,"microgramsPerLiter",0.000,"microgramsPerLiter",,"bcook",
"5f9073ea-8ee9-46b8-924d-2d8a88f16216","Great Lakes Environmental Center, Inc.","2021-03-12","2021-03-12","CA031221A","LRB0312A",,,"blank","chlorophyll a",0.000,"microgramsPerLiter",0.000,"microgramsPerLiter",,"bcook",
"ec37d89c-4f05-4f3c-bed3-fc25b2a19b1c","Great Lakes Environmental Center, Inc.","2021-03-12","2021-03-12","CA031221A","LRB0312A(2)",,,"blank","chlorophyll a",0.000,"microgramsPerLiter",0.000,"microgramsPerLiter",,"bcook",
"7a534fe1-27b3-4a85-8ec7-cbbb43c4f347","Great Lakes Environmental Center, Inc.","2021-03-12","2021-03-12","CA031221A","LRB0312B",,,"blank","chlorophyll a",0.000,"microgramsPerLiter",0.000,"microgramsPerLiter",,"bcook",
"7bbbb900-9968-4ae3-ab7f-2e955dbbf548","Great Lakes Environmental Center, Inc.","2021-03-05","2021-03-05","CA030521A","LFBUF1 0305A",,,"standard","chlorophyll a",24.675,"microgramsPerLiter",25.000,"microgramsPerLiter",,"bcook",
"ea8ed419-a310-4a08-a59c-3746bc716bf1","Great Lakes Environmental Center, Inc.","2021-03-05","2021-03-05","PHEO030521A","LRB0305A",,,"blank","pheophytin",0.000,"microgramsPerLiter",0.000,"microgramsPerLiter",,"bcook",
"83d94b37-2b3f-4be6-adac-f9280c9e1251","Great Lakes Environmental Center, Inc.","2021-03-05","2021-03-05","PHEO030521A","LRB0305A (2)",,,"blank","pheophytin",0.000,"microgramsPerLiter",0.000,"microgramsPerLiter",,"bcook",
"4103b15d-a664-48f5-8ce8-38562d7ef017","Great Lakes Environmental Center, Inc.","2021-03-05","2021-03-05","CA030521A","LRB0305A (2)",,,"blank","chlorophyll a",0.000,"microgramsPerLiter",0.000,"microgramsPerLiter",,"bcook",
"3083d626-13cd-4bf0-b3d8-4c695e40fa88","Great Lakes Environmental Center, Inc.","2021-03-05","2021-03-05","CA030521A","QC 0.0231",,,"chla standard","chlorophyll a",23.195,"microgramsPerLiter",23.100,"microgramsPerLiter",,"bcook",
"c8488f91-fdd6-46e0-9512-a7b247c08693","Great Lakes Environmental Center, Inc.","2021-03-05","2021-03-05","CA030521A","LRB0305A",,,"blank","chlorophyll a",0.000,"microgramsPerLiter",0.000,"microgramsPerLiter",,"bcook",
"43684858-d579-4ce7-8af7-72986d3341c1","Great Lakes Environmental Center, Inc.","2021-02-17","2021-02-17","CA021721A","LFBUF1 0217A",,,"standard","chlorophyll a",24.680,"microgramsPerLiter",25.000,"microgramsPerLiter",,"bcook",
"cc2ac62d-8cb6-4051-979c-0f6b46d70535","Great Lakes Environmental Center, Inc.","2021-02-17","2021-02-17","PHEO021721A","LRB0217A",,,"blank","pheophytin",0.000,"microgramsPerLiter",0.000,"microgramsPerLiter",,"bcook",
"1b5717f0-3034-46a7-836b-7e39a2a96278","Great Lakes Environmental Center, Inc.","2021-02-17","2021-02-17","CA021721A","QC 0.0231",,,"chla standard","chlorophyll a",22.701,"microgramsPerLiter",23.100,"microgramsPerLiter",,"bcook",
"b8267900-8322-422f-8cad-91453b14ba20","Great Lakes Environmental Center, Inc.","2021-02-17","2021-02-17","CA021721A","LRB0217A",,,"blank","chlorophyll a",0.000,"microgramsPerLiter",0.000,"microgramsPerLiter",,"bcook",
"8451c296-0161-438b-a407-2d506a6937a7","Great Lakes Environmental Center, Inc.","2021-02-17","2021-02-17","CA021721A","LRB0217A(2)",,,"blank","chlorophyll a",0.000,"microgramsPerLiter",0.000,"microgramsPerLiter",,"bcook",
"19418edc-d644-47de-a361-c1197ad687de","Great Lakes Environmental Center, Inc.","2021-02-05","2021-02-05","CA020521A","QC 0.0231",,,"chla standard","chlorophyll a",23.195,"microgramsPerLiter",23.100,"microgramsPerLiter",,"bcook",
"6ff2290a-23ea-4fe6-9cf7-f191afba5ec7","Great Lakes Environmental Center, Inc.","2021-02-05","2021-02-05","CA020521A","LFBUF1 0205A",,,"standard","chlorophyll a",24.680,"microgramsPerLiter",25.000,"microgramsPerLiter",,"bcook",
"1c2aa902-aec4-40a3-b5f6-a56eeb59b8e9","Great Lakes Environmental Center, Inc.","2021-02-05","2021-02-05","PHEO020521A","LRB0205A(2)",,,"blank","pheophytin",0.000,"microgramsPerLiter",0.000,"microgramsPerLiter",,"bcook",
"26b4a27a-7951-4b02-9a47-195842db375c","Great Lakes Environmental Center, Inc.","2021-02-05","2021-02-05","PHEO020521A","LRB0205A",,,"blank","pheophytin",0.000,"microgramsPerLiter",0.000,"microgramsPerLiter",,"bcook",
"4da745dc-9321-4429-a6c1-4a99e849b595","Great Lakes Environmental Center, Inc.","2021-02-05","2021-02-05","CA020521A","LRB0205A(2)",,,"blank","chlorophyll a",0.000,"microgramsPerLiter",0.000,"microgramsPerLiter",,"bcook",
"1874d269-9c4d-45b1-aea2-4477ca79555c","Great Lakes Environmental Center, Inc.","2021-02-05","2021-02-05","CA020521A","LRB0205A",,,"blank","chlorophyll a",0.000,"microgramsPerLiter",0.000,"microgramsPerLiter",,"bcook",
"de4b8c9f-7ec0-40e9-963c-867774f5f7d2","Great Lakes Environmental Center, Inc.","2021-02-05","2021-02-05","PHEO021721A","LRB0217A(2)",,,"blank","pheophytin",0.000,"microgramsPerLiter",0.000,"microgramsPerLiter",,"bcook",
"93529127-f4c0-4827-8e83-d481c5096b96","Great Lakes Environmental Center, Inc.","2020-12-09","2020-12-09","CA120920A","LRB1208A",,,"blank","chlorophyll a",0.000,"microgramsPerLiter",0.000,"microgramsPerLiter",,"bcook",
"c8b166a5-086c-4fa5-83ac-95d6935f06c6","Great Lakes Environmental Center, Inc.","2020-12-09","2020-12-09","PHEO129020A","LRB1208A(2)",,,"blank","pheophytin",0.000,"microgramsPerLiter",0.000,"microgramsPerLiter",,"bcook",
"7a1f3d49-fbe1-4e22-82dd-ea661f09f96a","Great Lakes Environmental Center, Inc.","2020-12-09","2020-12-09","CA120920A","LRB1208A(2)",,,"blank","chlorophyll a",0.000,"microgramsPerLiter",,"microgramsPerLiter",,"bcook",
"38548244-8551-441c-b8bc-4f4ec16aa8fd","Great Lakes Environmental Center, Inc.","2020-12-09","2020-12-09","PHEO129020A","LRB1208A",,,"blank","pheophytin",0.000,"microgramsPerLiter",0.000,"microgramsPerLiter",,"bcook",
"058aa7af-f618-4d33-a48a-21f7aac9eafc","Great Lakes Environmental Center, Inc.","2020-12-09","2020-12-09","CA120920A","QC 0.0217",,,"chla standard","chlorophyll a",21.416,"microgramsPerLiter",21.700,"microgramsPerLiter",,"bcook",
"4ce73adb-1636-4ab4-90d4-4c180ec0446e","Great Lakes Environmental Center, Inc.","2020-12-09","2020-12-09","CA120920A","LFBUF1 1209A",,,"standard","chlorophyll a",24.902,"microgramsPerLiter",25.000,"microgramsPerLiter",,"bcook",
"0229e22c-8c70-4f1b-a77e-08d15c5dabad","Great Lakes Environmental Center, Inc.","2020-11-30","2020-11-30","CA113020A","LRB1130A(2)",,,"blank","chlorophyll a",0.000,"microgramsPerLiter",0.000,"microgramsPerLiter",,"bcook",
"db96e7bd-dc2a-44f8-9c23-b979abde8330","Great Lakes Environmental Center, Inc.","2020-11-30","2020-11-30","CA113020A","LFBUF1 1130A",,,"standard","chlorophyll a",24.968,"microgramsPerLiter",25.000,"microgramsPerLiter",,"bcook",
"f43210d2-0c73-468d-93a8-bb821cc322b3","Great Lakes Environmental Center, Inc.","2020-11-30","2020-11-30","PHEO113020A","LRB1130A(2)",,,"blank","pheophytin",0.000,"microgramsPerLiter",0.000,"microgramsPerLiter",,"bcook",
"4431ed47-0d46-4226-a559-7914cbfff9b4","Great Lakes Environmental Center, Inc.","2020-11-30","2020-11-30","CA113020A","QC 0.0217",,,"chla standard","chlorophyll a",20.973,"microgramsPerLiter",21.700,"microgramsPerLiter",,"bcook",
"ce05bda3-d39a-413e-bfd6-5d19e6e52a9b","Great Lakes Environmental Center, Inc.","2020-11-30","2020-11-30","CA113020A","LRB1130A",,,"blank","chlorophyll a",0.000,"microgramsPerLiter",0.000,"microgramsPerLiter",,"bcook",
"67e81dd8-1b10-4d37-9946-78d15519c7c9","Great Lakes Environmental Center, Inc.","2020-11-30","2020-11-30","PHEO113020A","LRB1130A",,,"blank","pheophytin",0.000,"microgramsPerLiter",0.000,"microgramsPerLiter",,"bcook",
"6fb28179-891e-4355-b173-f74bd0d4cc09","Great Lakes Environmental Center, Inc.","2020-11-24","2020-11-24","CA112420A","LRB1124A",,,"blank","chlorophyll a",0.000,"microgramsPerLiter",0.000,"microgramsPerLiter",,"bcook",
"19e872a5-556a-4b14-87e8-ad89879b87ec","Great Lakes Environmental Center, Inc.","2020-11-24","2020-11-24","CA112420A","LRB1124A(2)",,,"blank","chlorophyll a",0.000,"microgramsPerLiter",0.000,"microgramsPerLiter",,"bcook",
"54f68f6d-3c3c-4b43-b5be-d495b5334e43","Great Lakes Environmental Center, Inc.","2020-11-24","2020-11-24","PHEO112420A","LRB1124A(2)",,,"blank","pheophytin",0.000,"microgramsPerLiter",0.000,"microgramsPerLiter",,"bcook",
"872621ab-0109-438b-b7f6-0c379b711e42","Great Lakes Environmental Center, Inc.","2020-11-24","2020-11-24","CA112420A","LFBUF1 1124A",,,"standard","chlorophyll a",24.902,"microgramsPerLiter",25.000,"microgramsPerLiter",,"bcook",
"b604e356-5575-411e-824c-53621680cb98","Great Lakes Environmental Center, Inc.","2020-11-24","2020-11-24","PHEO112420A","LRB1124A",,,"blank","pheophytin",0.000,"microgramsPerLiter",0.000,"microgramsPerLiter",,"bcook",
"7b5d3c02-5ca0-4d15-a1fb-d0adecf1def3","Great Lakes Environmental Center, Inc.","2020-11-24","2020-11-24","CA112420A","QC 0.0217",,,"chla standard","chlorophyll a",20.918,"microgramsPerLiter",21.700,"microgramsPerLiter",,"bcook",
"22f3b9fa-57b6-4d5c-b4d0-d6d928b993d7","Great Lakes Environmental Center, Inc.","2020-11-13","2020-11-13","CA111320A","LFBUF1 1113B",,,"standard","chlorophyll a",24.902,"microgramsPerLiter",25.000,"microgramsPerLiter",,"bcook",
"ef1149f6-cb57-4773-b508-cf628b144caf","Great Lakes Environmental Center, Inc.","2020-11-13","2020-11-13","PHEO111320A","LRB1113B(2)",,,"blank","pheophytin",0.000,"microgramsPerLiter",0.000,"microgramsPerLiter",,"bcook",
"adafc8c9-c69b-427d-8957-55363f0bfdee","Great Lakes Environmental Center, Inc.","2020-11-13","2020-11-13","PHEO111320A","LRB1113A(2)",,,"blank","pheophytin",0.000,"microgramsPerLiter",0.000,"microgramsPerLiter",,"bcook",
"35eb8534-f9eb-4b19-addd-72324db3eb9a","Great Lakes Environmental Center, Inc.","2020-11-13","2020-11-13","CA111320A","LRB1113A(2)",,,"blank","chlorophyll a",0.000,"microgramsPerLiter",0.000,"microgramsPerLiter",,"bcook",
"38cbb934-7f1e-48f2-b889-86c96a3418a4","Great Lakes Environmental Center, Inc.","2020-11-13","2020-11-13","CA111320A","QC 0.0222",,,"chla standard","chlorophyll a",21.416,"microgramsPerLiter",21.700,"microgramsPerLiter",,"bcook",
"152fa228-505f-41e6-90a8-6ea19f4f76c4","Great Lakes Environmental Center, Inc.","2020-11-13","2020-11-13","PHEO111320A","LRB1113B",,,"blank","pheophytin",0.000,"microgramsPerLiter",0.000,"microgramsPerLiter",,"bcook",
"4476b4fb-ab6e-497b-a5c7-a6acd7e873da","Great Lakes Environmental Center, Inc.","2020-11-13","2020-11-13","CA111320A","LRB1113B(2)",,,"blank","chlorophyll a",0.000,"microgramsPerLiter",0.000,"microgramsPerLiter",,"bcook",
"5fbedf16-9d93-452d-b359-80eca68f4ba6","Great Lakes Environmental Center, Inc.","2020-11-13","2020-11-13","CA111320A","LFBUF1 1113A",,,"standard","chlorophyll a",24.902,"microgramsPerLiter",25.000,"microgramsPerLiter",,"bcook",
"a469c3a9-960e-45b8-a770-e1a33496c3f4","Great Lakes Environmental Center, Inc.","2020-11-13","2020-11-13","CA111320A","LRB1113B",,,"blank","chlorophyll a",0.000,"microgramsPerLiter",0.000,"microgramsPerLiter",,"bcook",
"abb38bfa-4ef4-44c0-a2ad-fd4381d14d7b","Great Lakes Environmental Center, Inc.","2020-11-13","2020-11-13","PHEO111320A","LRB1113A",,,"blank","pheophytin",0.000,"microgramsPerLiter",0.000,"microgramsPerLiter",,"bcook",
"afc727f3-9189-45d2-ab18-b9efd82871e9","Great Lakes Environmental Center, Inc.","2020-11-13","2020-11-13","CA111320A","LRB1113A",,,"blank","chlorophyll a",0.000,"microgramsPerLiter",0.000,"microgramsPerLiter",,"bcook",
"58536946-fcb9-4e7b-b227-0f83a3b997d4","Great Lakes Environmental Center, Inc.","2020-11-09","2020-11-09","PHEO110920A","LRB1109A(2)",,,"blank","pheophytin",0.000,"microgramsPerLiter",0.000,"microgramsPerLiter",,"bcook",
"2f8c59ee-b3bb-45f2-9543-2e1a7b273eac","Great Lakes Environmental Center, Inc.","2020-11-09","2020-11-09","PHEO110920A","LRB1109A",,,"blank","pheophytin",0.000,"microgramsPerLiter",0.000,"microgramsPerLiter",,"bcook",
"e492b850-50b5-44c7-aba3-6b518c1b281f","Great Lakes Environmental Center, Inc.","2020-11-09","2020-11-09","CA110920A","LRB1109A(2)",,,"blank","chlorophyll a",0.000,"microgramsPerLiter",0.000,"microgramsPerLiter",,"bcook",
"6f873abb-9427-400a-8fb4-09fd68af83a2","Great Lakes Environmental Center, Inc.","2020-11-09","2020-11-09","CA110920A","QC 0.0231",,,"chla standard","chlorophyll a",22.471,"microgramsPerLiter",23.100,"microgramsPerLiter",,"bcook",
"82ff6258-79c5-41e3-89b7-b483cf84b2a3","Great Lakes Environmental Center, Inc.","2020-11-09","2020-11-09","CA110920A","LFBUF1 1109A",,,"standard","chlorophyll a",24.968,"microgramsPerLiter",25.000,"microgramsPerLiter",,"bcook",
"55ba0ee6-ee0f-48f7-8660-af3db5a70b13","Great Lakes Environmental Center, Inc.","2020-11-09","2020-11-09","CA110920A","LRB1109A",,,"blank","chlorophyll a",0.000,"microgramsPerLiter",0.000,"microgramsPerLiter",,"bcook",
"e67d679f-737d-4fdd-89dc-b159231565e7","Great Lakes Environmental Center, Inc.","2020-11-04","2020-11-04","PHEO110420A","LRB1103A(2)",,,"blank","pheophytin",0.000,"microgramsPerLiter",0.000,"microgramsPerLiter",,"bcook",
"a0d9dbb6-6038-4e09-99dd-cff6d96e3623","Great Lakes Environmental Center, Inc.","2020-11-04","2020-11-04","PHEO110420A","LRB1103B(2)",,,"blank","pheophytin",0.000,"microgramsPerLiter",0.000,"microgramsPerLiter",,"bcook",
"0c732db6-bd1b-41a7-bd3f-5dbe70807580","Great Lakes Environmental Center, Inc.","2020-11-04","2020-11-04","PHEO110420A","LRB1103B",,,"blank","pheophytin",0.000,"microgramsPerLiter",0.000,"microgramsPerLiter",,"bcook",
"c35d0c38-36f6-4c31-8b6a-1c7d1a91ca28","Great Lakes Environmental Center, Inc.","2020-11-04","2020-11-04","CA110420A","LRB1103B(2)",,,"blank","chlorophyll a",0.000,"microgramsPerLiter",0.000,"microgramsPerLiter",,"bcook",
"20c51123-112b-4147-94ea-2fd4d20973c8","Great Lakes Environmental Center, Inc.","2020-11-04","2020-11-04","CA110420A","LRB1103A(2)",,,"blank","chlorophyll a",0.000,"microgramsPerLiter",0.000,"microgramsPerLiter",,"bcook",
"159e5694-dd3e-4b31-806c-55dd2e8e030c","Great Lakes Environmental Center, Inc.","2020-11-04","2020-11-04","CA110420A","QC 0.0231",,,"chla standard","chlorophyll a",22.471,"microgramsPerLiter",23.100,"microgramsPerLiter",,"bcook",
"14c9e7ac-0702-4f28-90d2-1de3dcaf774e","Great Lakes Environmental Center, Inc.","2020-11-04","2020-11-04","CA110420A","LFBUF1 1104B",,,"standard","chlorophyll a",24.968,"microgramsPerLiter",250.000,"microgramsPerLiter",,"bcook",
"4c86d8b6-4450-4028-97f9-af60ccdd1386","Great Lakes Environmental Center, Inc.","2020-11-04","2020-11-04","CA110420A","LFBUF1 1104A",,,"standard","chlorophyll a",24.968,"microgramsPerLiter",25.000,"microgramsPerLiter",,"bcook",
"0e9f1f98-2989-4906-8ec5-7116c98639c6","Great Lakes Environmental Center, Inc.","2020-11-04","2020-11-04","CA110420A","LRB1103A",,,"blank","chlorophyll a",0.000,"microgramsPerLiter",0.000,"microgramsPerLiter",,"bcook",
"946f6371-0386-4a94-a352-79ecb32ddbf4","Great Lakes Environmental Center, Inc.","2020-11-04","2020-11-04","CA110420A","LRB1103B",,,"blank","chlorophyll a",0.000,"microgramsPerLiter",0.000,"microgramsPerLiter",,"bcook",
"466bdbbc-944b-4838-b806-2aefcb8ceb3e","Great Lakes Environmental Center, Inc.","2020-11-04","2020-11-04","PHEO110420A","LRB1103A",,,"blank","pheophytin",0.000,"microgramsPerLiter",0.000,"microgramsPerLiter",,"bcook",
"c179aa95-1cac-4d1a-8550-6f00f96afb7a","Great Lakes Environmental Center, Inc.","2020-10-23","2020-10-23","CA102320A","LRB1023A",,,"blank","chlorophyll a",0.000,"microgramsPerLiter",0.000,"microgramsPerLiter",,"bcook",
"6cfe21f9-fd2e-470e-805f-d6ca9803686c","Great Lakes Environmental Center, Inc.","2020-10-23","2020-10-23","CA102320A","LFBUF1 1023A",,,"standard","chlorophyll a",24.609,"microgramsPerLiter",25.000,"microgramsPerLiter",,"bcook",
"01a63b9c-603a-48ad-a901-47d8a9fd665a","Great Lakes Environmental Center, Inc.","2020-10-23","2020-10-23","PHEO102320A","LRB1023A(2)",,,"blank","pheophytin",0.000,"microgramsPerLiter",0.000,"microgramsPerLiter",,"bcook",
"f7f66e25-06e7-4ddc-8a5f-fd080ad52f5c","Great Lakes Environmental Center, Inc.","2020-10-23","2020-10-23","PHEO102320A","LRB1023A",,,"blank","pheophytin",0.000,"microgramsPerLiter",0.000,"microgramsPerLiter",,"bcook",
"642ce325-3854-4023-876c-16450b073b18","Great Lakes Environmental Center, Inc.","2020-10-23","2020-10-23","CA102320A","QC 0.0231",,,"chla standard","chlorophyll a",21.656,"microgramsPerLiter",23.100,"microgramsPerLiter",,"bcook",
"4348cdee-ec2b-418b-ae00-94de7a33598e","Great Lakes Environmental Center, Inc.","2020-10-23","2020-10-23","CA102320A","LRB1023A(2)",,,"blank","chlorophyll a",0.000,"microgramsPerLiter",0.000,"microgramsPerLiter",,"bcook",
"b715aa5a-c330-4c1f-aa45-58b939e58ba9","Great Lakes Environmental Center, Inc.","2020-10-19","2020-10-19","CA101920A","LFBUF1 1019B",,,"standard","chlorophyll a",24.968,"microgramsPerLiter",25.000,"microgramsPerLiter",,"bcook",
"013d2824-353e-450b-9e79-b8dd9fa74a09","Great Lakes Environmental Center, Inc.","2020-10-19","2020-10-19","PHEO101920A","LRB1019B(2)",,,"blank","pheophytin",0.000,"microgramsPerLiter",0.000,"microgramsPerLiter",,"bcook",
"5f4783d7-80d9-48bc-bf23-384b1fa1a476","Great Lakes Environmental Center, Inc.","2020-10-19","2020-10-19","PHEO101920A","LRB1019A",,,"blank","pheophytin",0.000,"microgramsPerLiter",0.000,"microgramsPerLiter",,"bcook",
"ac9b4fa0-2647-4549-a208-aee27eb8711d","Great Lakes Environmental Center, Inc.","2020-10-19","2020-10-19","CA101920A","LRB1019A",,,"blank","chlorophyll a",0.000,"microgramsPerLiter",0.000,"microgramsPerLiter",,"bcook",
"6a71f697-0ff9-4bc0-88b9-c74456ef78b0","Great Lakes Environmental Center, Inc.","2020-10-19","2020-10-19","CA101920A","LRB1019B",,,"blank","chlorophyll a",0.000,"microgramsPerLiter",0.000,"microgramsPerLiter",,"bcook",
"85b01e3d-daa4-44f5-88be-1cbd01534db8","Great Lakes Environmental Center, Inc.","2020-10-19","2020-10-19","PHEO101920A","LRB1019B",,,"blank","pheophytin",0.000,"microgramsPerLiter",0.000,"microgramsPerLiter",,"bcook",
"414c2d18-a985-4d03-94da-5c3b41867733","Great Lakes Environmental Center, Inc.","2020-10-19","2020-10-19","PHEO101920A","LRB1019A(2)",,,"blank","pheophytin",0.000,"microgramsPerLiter",0.000,"microgramsPerLiter",,"bcook",
"75da6e93-bee7-4dc8-8f54-d5cb72abbf42","Great Lakes Environmental Center, Inc.","2020-10-19","2020-10-19","CA101920A","LRB1019B(2)",,,"blank","chlorophyll a",0.000,"microgramsPerLiter",0.000,"microgramsPerLiter",,"bcook",
"d46fa807-a5fc-4293-b7ab-ef43352b20f5","Great Lakes Environmental Center, Inc.","2020-10-19","2020-10-19","CA101920A","QC 0.0231",,,"chla standard","chlorophyll a",21.972,"microgramsPerLiter",23.100,"microgramsPerLiter",,"bcook",
"88a1efa4-5850-474a-82c9-8d30a379e747","Great Lakes Environmental Center, Inc.","2020-10-19","2020-10-19","CA101920A","LFBUF1 1019A",,,"standard","chlorophyll a",24.968,"microgramsPerLiter",25.000,"microgramsPerLiter",,"bcook",
"b586535f-8e25-4987-9eec-f0f53a6c6d01","Great Lakes Environmental Center, Inc.","2020-10-19","2020-10-19","CA101920A","LRB1019A(2)",,,"blank","chlorophyll a",0.000,"microgramsPerLiter",0.000,"microgramsPerLiter",,"bcook",
"3ad31a71-6921-40b1-bc8a-f7ee637ec3b5","Great Lakes Environmental Center, Inc.","2020-10-09","2020-10-09","PHEO100920A","LRB1009A",,,"blank","pheophytin",0.000,"microgramsPerLiter",0.000,"microgramsPerLiter",,"bcook",
"0c643cf2-c83d-4f32-9c6e-0d2e105910e5","Great Lakes Environmental Center, Inc.","2020-10-09","2020-10-09","CA100920A","LFBUF1 1009A",,,"standard","chlorophyll a",24.968,"microgramsPerLiter",25.000,"microgramsPerLiter",,"bcook",
"5a61b32e-fc4a-4f4e-aa3e-244e2e94f25d","Great Lakes Environmental Center, Inc.","2020-10-09","2020-10-09","CA100920A","LRB1009A(2)",,,"blank","chlorophyll a",0.000,"microgramsPerLiter",0.000,"microgramsPerLiter",,"bcook",
"54646423-b209-449e-9eb1-77fe3035ef0e","Great Lakes Environmental Center, Inc.","2020-10-09","2020-10-09","PHEO100920A","LRB1009A(2)",,,"blank","pheophytin",0.000,"microgramsPerLiter",0.000,"microgramsPerLiter",,"bcook",
"63afe477-a90a-4098-829a-c7627c0e6750","Great Lakes Environmental Center, Inc.","2020-10-09","2020-10-09","CA100920A","LRB1009A",,,"blank","chlorophyll a",0.000,"microgramsPerLiter",0.000,"microgramsPerLiter",,"bcook",
"2020296f-f02b-4211-8165-fc33862c1bc0","Great Lakes Environmental Center, Inc.","2020-10-09","2020-10-09","CA100920A","QC 0.0231",,,"chla standard","chlorophyll a",22.471,"microgramsPerLiter",23.100,"microgramsPerLiter",,"bcook",
"e722de47-4650-4bd1-87e3-033f53a221dc","Great Lakes Environmental Center, Inc.","2020-10-02","2020-10-02","CA100220A","LRB1002A",,,"blank","chlorophyll a",0.000,"microgramsPerLiter",0.000,"microgramsPerLiter",,"bcook",
"6ad555cd-8970-4516-87df-ad68da2a54e2","Great Lakes Environmental Center, Inc.","2020-10-02","2020-10-02","PHEO100220A","LRB1002A",,,"blank","pheophytin",0.000,"microgramsPerLiter",0.000,"microgramsPerLiter",,"bcook",
"c278a8dc-ac96-4c5b-a443-05150df819ff","Great Lakes Environmental Center, Inc.","2020-10-02","2020-10-02","CA100220A","LFBUF1 1002A",,,"standard","chlorophyll a",25.345,"microgramsPerLiter",25.000,"microgramsPerLiter",,"bcook",
"7f758478-1c97-46de-8b9a-76b733fff09d","Great Lakes Environmental Center, Inc.","2020-10-02","2020-10-02","CA100220A","QC 0.0231",,,"chla standard","chlorophyll a",22.861,"microgramsPerLiter",23.100,"microgramsPerLiter",,"bcook",
"8415e0d9-a59a-4e0f-8ce3-5b30331b4ca8","Great Lakes Environmental Center, Inc.","2020-10-02","2020-10-02","PHEO100220A","LRB1002A(2)",,,"blank","pheophytin",0.000,"microgramsPerLiter",0.000,"microgramsPerLiter",,"bcook",
"c8c1f049-4524-42f9-ba52-110b195f5395","Great Lakes Environmental Center, Inc.","2020-10-02","2020-10-02","CA100220A","LRB1002A(2)",,,"blank","chlorophyll a",0.000,"microgramsPerLiter",0.000,"microgramsPerLiter",,"bcook",
"f173c063-2291-4709-a55a-2a4d6cef9de4","Great Lakes Environmental Center, Inc.","2020-09-25","2020-09-25","CA092520A","LRB0925A",,,"blank","chlorophyll a",0.000,"microgramsPerLiter",0.000,"microgramsPerLiter",,"bcook",
"711f4b3b-ca1b-4028-ae6c-60643804bf6b","Great Lakes Environmental Center, Inc.","2020-09-25","2020-09-25","CA092520A","LRB0925B",,,"blank","chlorophyll a",0.000,"microgramsPerLiter",0.000,"microgramsPerLiter",,"bcook",
"93e836e8-aaf4-40ee-bf69-d0ad5169e830","Great Lakes Environmental Center, Inc.","2020-09-25","2020-09-25","CA092520A","LFBUF10925A",,,"standard","chlorophyll a",25.345,"microgramsPerLiter",25.000,"microgramsPerLiter",,"bcook",
"042ca607-d486-48f8-bddc-f2755c03fb6a","Great Lakes Environmental Center, Inc.","2020-09-25","2020-09-25","CA092520A","LRB0925A(2)",,,"blank","chlorophyll a",0.000,"microgramsPerLiter",0.000,"microgramsPerLiter",,"bcook",
"a07a2d3d-6cc2-4c0a-92b4-83bef8341b82","Great Lakes Environmental Center, Inc.","2020-09-25","2020-09-25","PHEO092520A","LRB0925A",,,"blank","pheophytin",0.000,"microgramsPerLiter",0.000,"microgramsPerLiter",,"bcook",
"6a7b4234-b97a-43ce-a86d-59563215ccb1","Great Lakes Environmental Center, Inc.","2020-09-25","2020-09-25","PHEO092520A","LRB0925A(2)",,,"blank","pheophytin",0.000,"microgramsPerLiter",0.000,"microgramsPerLiter",,"bcook",
"db25707c-d69d-4892-8ec7-42da69df6205","Great Lakes Environmental Center, Inc.","2020-09-25","2020-09-25","CA092520A","LFBUF10925B",,,"standard","chlorophyll a",25.345,"microgramsPerLiter",25.000,"microgramsPerLiter",,"bcook",
"5b410994-678c-4dc0-b258-3e684256b48d","Great Lakes Environmental Center, Inc.","2020-09-25","2020-09-25","PHEO092520A","LRB0925B",,,"blank","pheophytin",0.000,"microgramsPerLiter",0.000,"microgramsPerLiter",,"bcook",
"2cc6870b-69bb-45df-9573-eab2536159bf","Great Lakes Environmental Center, Inc.","2020-09-25","2020-09-25","PHEO092520A","LRB0925B(2)",,,"blank","pheophytin",0.000,"microgramsPerLiter",0.000,"microgramsPerLiter",,"bcook",
"7b75b8e1-7835-49c0-a637-49a2bc36ddca","Great Lakes Environmental Center, Inc.","2020-09-25","2020-09-25","CA092520A","QC 0.0231",,,"chla standard","chlorophyll a",23.357,"microgramsPerLiter",23.100,"microgramsPerLiter",,"bcook",
"3a8d07f5-8811-44f2-a770-dcf85dedb166","Great Lakes Environmental Center, Inc.","2020-09-25","2020-09-25","CA092520A","LRB0925B(2)",,,"blank","chlorophyll a",0.000,"microgramsPerLiter",0.000,"microgramsPerLiter",,"bcook",
"5f53a464-9474-4696-a466-1cc993182ce7","Great Lakes Environmental Center, Inc.","2020-09-17","2020-09-17","PHEO091720A","LRB0917B(2)",,,"blank","pheophytin",0.000,"microgramsPerLiter",0.000,"microgramsPerLiter",,"bcook",
"f8528248-9451-4b49-977b-60f206a72ee4","Great Lakes Environmental Center, Inc.","2020-09-17","2020-09-17","PHEO091720A","LRB0917A(2)",,,"blank","pheophytin",0.000,"microgramsPerLiter",0.000,"microgramsPerLiter",,"bcook",
"32b73fe9-dbec-41d3-bc8f-7aeecb82a724","Great Lakes Environmental Center, Inc.","2020-09-17","2020-09-17","PHEO091720A","LRB0917A",,,"blank","pheophytin",0.000,"microgramsPerLiter",0.000,"microgramsPerLiter",,"bcook",
"8d2acc24-55ed-4c46-962f-40e75a97d7ac","Great Lakes Environmental Center, Inc.","2020-09-17","2020-09-17","CA091720A","LRB0917A(2)",,,"blank","chlorophyll a",0.000,"microgramsPerLiter",0.000,"microgramsPerLiter",,"bcook",
"8cfe0c4b-243e-4d54-9697-fa8892450aea","Great Lakes Environmental Center, Inc.","2020-09-17","2020-09-17","PHEO091720A","LRB0917B",,,"blank","pheophytin",0.000,"microgramsPerLiter",0.000,"microgramsPerLiter",,"bcook",
"26c80863-e273-45ec-aa7a-f95c7179dc34","Great Lakes Environmental Center, Inc.","2020-09-17","2020-09-17","CA091720A","LRB0917B(2)",,,"blank","chlorophyll a",0.000,"microgramsPerLiter",0.000,"microgramsPerLiter",,"bcook",
"576a7f2b-7ff5-47b8-93aa-16b7dcd50b42","Great Lakes Environmental Center, Inc.","2020-09-17","2020-09-17","CA091720A","LFBUF10917A",,,"standard","chlorophyll a",24.968,"microgramsPerLiter",25.000,"microgramsPerLiter",,"bcook",
"9d4f1b14-a19d-4616-82f5-1ae23505e63b","Great Lakes Environmental Center, Inc.","2020-09-17","2020-09-17","CA091720A","QC 0.0217",,,"chla standard","chlorophyll a",21.972,"microgramsPerLiter",21.700,"microgramsPerLiter",,"bcook",
"9d8e996b-b45a-4b07-85f9-e0f4d7bbf6ad","Great Lakes Environmental Center, Inc.","2020-09-17","2020-09-17","CA091720A","LFBUF1 0917B",,,"standard","chlorophyll a",24.968,"microgramsPerLiter",25.000,"microgramsPerLiter",,"bcook",
"b77cd530-1746-4f35-ba70-4b1254b623a2","Great Lakes Environmental Center, Inc.","2020-09-17","2020-09-17","CA091720A","LRB0917A",,,"blank","chlorophyll a",0.000,"microgramsPerLiter",0.000,"microgramsPerLiter",,"bcook",
"8136a26b-a325-4413-a513-84757c1140a4","Great Lakes Environmental Center, Inc.","2020-09-17","2020-09-17","CA091720A","LRB0917B",,,"blank","chlorophyll a",0.000,"microgramsPerLiter",0.000,"microgramsPerLiter",,"bcook",
"28b3cdba-de7b-4356-8ae7-5c6e27c0e2ba","Great Lakes Environmental Center, Inc.","2020-09-11","2020-09-11","CA091120A","LRB 0911 A",,,"blank","chlorophyll a",0.000,"microgramsPerLiter",0.000,"microgramsPerLiter",,"bcook",
"1062b0e6-f8e9-4d4f-8746-fe2136d4f6d8","Great Lakes Environmental Center, Inc.","2020-09-11","2020-09-11","PHEO091120A","LRB 0911 B",,,"blank","pheophytin",0.000,"microgramsPerLiter",0.000,"microgramsPerLiter",,"bcook",
"99a3262f-fa28-4234-97be-f7461d1095c0","Great Lakes Environmental Center, Inc.","2020-09-11","2020-09-11","CA091120A","LFBUF1 0911 A",,,"standard","chlorophyll a",24.902,"microgramsPerLiter",25.000,"microgramsPerLiter",,"bcook",
"64f79533-fb8c-4552-a573-e588e33be454","Great Lakes Environmental Center, Inc.","2020-09-11","2020-09-11","CA091120A","QC 0.0217",,,"chla standard","chlorophyll a",21.914,"microgramsPerLiter",21.700,"microgramsPerLiter",,"bcook",
"458d4c49-786e-4dda-b55c-649b85ebb1b5","Great Lakes Environmental Center, Inc.","2020-09-11","2020-09-11","PHEO091120A","LRB 0911 A",,,"blank","pheophytin",0.000,"microgramsPerLiter",0.000,"microgramsPerLiter",,"bcook",
"5e36527c-da7f-4986-8399-a5e5632fe923","Great Lakes Environmental Center, Inc.","2020-09-11","2020-09-11","CA091120A","LRB 0911 B",,,"blank","chlorophyll a",0.000,"microgramsPerLiter",0.000,"microgramsPerLiter",,"bcook",
"19034d9a-94ca-41a0-9cbf-1cf6c3c5224e","Great Lakes Environmental Center, Inc.","2020-08-28","2020-08-28","PHEO082820A","LRB 0827 A(2)",,,"blank","pheophytin",0.000,"microgramsPerLiter",0.000,"microgramsPerLiter",,"bcook",
"8b14f708-b03f-47b2-a0ca-1466803166ef","Great Lakes Environmental Center, Inc.","2020-08-28","2020-08-28","CA082820A","QC 0.0222",,,"chla standard","chlorophyll a",22.531,"microgramsPerLiter",22.200,"microgramsPerLiter",,"bcook",
"df1050b6-9cca-41ce-bc39-2884295ede65","Great Lakes Environmental Center, Inc.","2020-08-28","2020-08-28","PHEO082820A","LRB 0827 A",,,"blank","pheophytin",0.000,"microgramsPerLiter",0.000,"microgramsPerLiter",,"bcook",
"8c36c3d4-fcdf-4c02-8794-6107ad45a72c","Great Lakes Environmental Center, Inc.","2020-08-28","2020-08-28","CA082820A","LRB 0827 A(2)",,,"blank","chlorophyll a",0.000,"microgramsPerLiter",0.000,"microgramsPerLiter",,"bcook",
"9d9d2154-ceb1-42d1-9992-de8df9eed47c","Great Lakes Environmental Center, Inc.","2020-08-28","2020-08-28","CA082820A","LRB 0827 A",,,"blank","chlorophyll a",0.000,"microgramsPerLiter",0.000,"microgramsPerLiter",,"bcook",
"5e133505-3e3b-4bd5-9bbb-26b460f3ab23","Great Lakes Environmental Center, Inc.","2020-08-28","2020-08-28","CA082820A","LFBUF1 0828 A",,,"standard","chlorophyll a",24.980,"microgramsPerLiter",25.000,"microgramsPerLiter",,"bcook",
"c491b2aa-5c92-43da-9c54-00a0186210ee","Great Lakes Environmental Center, Inc.","2020-08-26","2020-08-26","CA082620A","LRB 0825A",,,"blank","chlorophyll a",0.000,"microgramsPerLiter",0.000,"microgramsPerLiter",,"bcook",
"56a67ffd-7086-44eb-bccb-2aebc50159ba","Great Lakes Environmental Center, Inc.","2020-08-26","2020-08-26","PHEO082620A","LRB 0825A",,,"blank","pheophytin",0.000,"microgramsPerLiter",0.000,"microgramsPerLiter",,"bcook",
"e774ce9c-61c0-4120-9d7a-855f4ff8f1df","Great Lakes Environmental Center, Inc.","2020-08-26","2020-08-26","CA082620A","LFBUF1 0826A",,,"standard","chlorophyll a",25.345,"microgramsPerLiter",25.000,"microgramsPerLiter",,"bcook",
"d5209bec-1059-4266-a285-bbf1331a7c6d","Great Lakes Environmental Center, Inc.","2020-08-26","2020-08-26","CA082620A","QC 0.0222",,,"chla standard","chlorophyll a",22.861,"microgramsPerLiter",22.200,"microgramsPerLiter",,"bcook",
"edbeb237-f116-4aca-9308-056838d93ec1","Great Lakes Environmental Center, Inc.","2020-08-26","2020-08-26","CA082620A","LRB 0825A(2)",,,"blank","chlorophyll a",0.000,"microgramsPerLiter",0.000,"microgramsPerLiter",,"bcook",
"dae919c4-fdaf-4552-934e-117ac77c2e20","Great Lakes Environmental Center, Inc.","2020-08-26","2020-08-26","PHEO082620A","LRB 0825A(2)",,,"blank","pheophytin",0.000,"microgramsPerLiter",0.000,"microgramsPerLiter",,"bcook",
"89f89132-89ad-45f6-ad1a-ca469d8a2896","Great Lakes Environmental Center, Inc.","2020-08-12","2020-08-12","CA081220A","LRB 0811B(2)",,,"blank","chlorophyll a",0.000,"microgramsPerLiter",0.000,"microgramsPerLiter",,"bcook",
"b0484bbe-bf8a-41bb-bd3f-aa6803a2d89d","Great Lakes Environmental Center, Inc.","2020-08-12","2020-08-12","PHEO081220A","LRB 0811A",,,"blank","pheophytin",0.000,"microgramsPerLiter",0.000,"microgramsPerLiter",,"bcook",
"93ec3504-0aa5-4e83-9699-ee44917590f4","Great Lakes Environmental Center, Inc.","2020-08-12","2020-08-12","CA081220A","LRB 0811A(2)",,,"blank","chlorophyll a",0.000,"microgramsPerLiter",0.000,"microgramsPerLiter",,"bcook",
"87083f42-20a9-4d1b-be09-f9338bf959bf","Great Lakes Environmental Center, Inc.","2020-08-12","2020-08-12","PHEO081220A","LRB 0811B",,,"blank","pheophytin",0.000,"microgramsPerLiter",0.000,"microgramsPerLiter",,"bcook",
"43e75705-e165-4ada-9275-a60e3f9f5ed4","Great Lakes Environmental Center, Inc.","2020-08-12","2020-08-12","CA081220A","LFBUF1 0812A",,,"standard","chlorophyll a",25.047,"microgramsPerLiter",25.000,"microgramsPerLiter",,"bcook",
"07cba54b-bf1b-4fb3-a609-d2620b57f967","Great Lakes Environmental Center, Inc.","2020-08-12","2020-08-12","CA081220A","LRB 0811A",,,"blank","chlorophyll a",0.000,"microgramsPerLiter",0.000,"microgramsPerLiter",,"bcook",
"d674b912-65e3-4efa-872c-89b2a38e15f4","Great Lakes Environmental Center, Inc.","2020-08-12","2020-08-12","CA081220A","QC 0.0222",,,"chla standard","chlorophyll a",22.100,"microgramsPerLiter",22.200,"microgramsPerLiter",,"bcook",
"385e8cc5-b0a7-454f-a5b4-62fe16d374dc","Great Lakes Environmental Center, Inc.","2020-08-12","2020-08-12","PHEO081220A","LRB 0811B(2)",,,"blank","pheophytin",0.000,"microgramsPerLiter",0.000,"microgramsPerLiter",,"bcook",
"58cd84f8-7d8a-4a53-bf0a-96fd677f0f71","Great Lakes Environmental Center, Inc.","2020-08-12","2020-08-12","CA081220A","LFBUF1 0812B",,,"standard","chlorophyll a",25.047,"microgramsPerLiter",25.000,"microgramsPerLiter",,"bcook",
"5b49acf5-c3bd-45de-8362-c0396cd70afe","Great Lakes Environmental Center, Inc.","2020-08-12","2020-08-12","PHEO081220A","LRB 0811A(2)",,,"blank","pheophytin",0.000,"microgramsPerLiter",0.000,"microgramsPerLiter",,"bcook",
"b459f68e-c5e3-4531-ba43-16e1dfdab825","Great Lakes Environmental Center, Inc.","2020-08-12","2020-08-12","CA081220A","LRB 0811B",,,"blank","chlorophyll a",0.000,"microgramsPerLiter",0.000,"microgramsPerLiter",,"bcook",
"69d8db96-ba31-4dcc-b082-0538cadc266c","Great Lakes Environmental Center, Inc.","2020-08-05","2020-08-05","CA080520A","LRB 0804B",,,"blank","pheophytin",0.000,"microgramsPerLiter",0.000,"microgramsPerLiter",,"bcook",
"caf89efb-4894-47b7-829b-8e1d03e9f91e","Great Lakes Environmental Center, Inc.","2020-08-05","2020-08-05","CA080520A","LRB 0804B (2)",,,"blank","chlorophyll a",0.000,"microgramsPerLiter",0.000,"microgramsPerLiter",,"bcook",
"53150fe0-b191-407b-84da-2b74c18f19ee","Great Lakes Environmental Center, Inc.","2020-08-05","2020-08-05","CA080520A","QC 0.0222",,,"chla standard","chlorophyll a",22.161,"microgramsPerLiter",22.200,"microgramsPerLiter",,"bcook",
"d5d51584-d6a0-4cdf-85d9-9867cc097e81","Great Lakes Environmental Center, Inc.","2020-08-05","2020-08-05","CA080520A","LRB 0804A",,,"blank","chlorophyll a",0.000,"microgramsPerLiter",0.000,"microgramsPerLiter",,"bcook",
"c8a228cd-8d76-4bfe-92e1-f13aecfd8e70","Great Lakes Environmental Center, Inc.","2020-08-05","2020-08-05","CA080520A","LRB 0804B",,,"blank","chlorophyll a",0.000,"microgramsPerLiter",0.000,"microgramsPerLiter",,"bcook",
"6a17b92c-ee9d-4f7e-92ab-19cd4fd5bf80","Great Lakes Environmental Center, Inc.","2020-08-05","2020-08-05","CA080520A","LRB 0804C",,,"blank","chlorophyll a",0.000,"microgramsPerLiter",0.000,"microgramsPerLiter",,"bcook",
"108a9735-c790-4721-9233-c8cbef672200","Great Lakes Environmental Center, Inc.","2020-08-05","2020-08-05","CA080520A","LRB 0804A",,,"blank","pheophytin",0.000,"microgramsPerLiter",0.000,"microgramsPerLiter",,"bcook",
"959f3a05-f1a8-4b63-a4f3-dd4f7eb03e22","Great Lakes Environmental Center, Inc.","2020-08-05","2020-08-05","CA080520A","LRB 0804C",,,"blank","pheophytin",0.000,"microgramsPerLiter",0.000,"microgramsPerLiter",,"bcook",
"149a3c33-984f-4cd9-a7b6-702236335789","Great Lakes Environmental Center, Inc.","2020-08-05","2020-08-05","CA080520A","LFBUF1 0805C",,,"standard","chlorophyll a",25.115,"microgramsPerLiter",25.000,"microgramsPerLiter",,"bcook",
"23af1e92-a64a-4f20-ada9-9f4e7b8fcbe4","Great Lakes Environmental Center, Inc.","2020-08-05","2020-08-05","CA080520A","LFBUF1 0805B",,,"standard","chlorophyll a",25.115,"microgramsPerLiter",25.000,"microgramsPerLiter",,"bcook",
"182d6ba1-7966-483b-b6e7-081a11534902","Great Lakes Environmental Center, Inc.","2020-08-05","2020-08-05","CA080520A","LRB 0804C (2)",,,"blank","chlorophyll a",0.000,"microgramsPerLiter",0.000,"microgramsPerLiter",,"bcook",
"e68f8a34-d96a-4165-9d33-bf7e0b29ba57","Great Lakes Environmental Center, Inc.","2020-08-05","2020-08-05","CA080520A","LFBUF1 0805A",,,"standard","chlorophyll a",24.623,"microgramsPerLiter",25.000,"microgramsPerLiter",,"bcook",
"973a7617-eb12-4f87-9a84-4e9c590ad4a6","Great Lakes Environmental Center, Inc.","2020-08-05","2020-08-05","CA080520A","LRB 0804C (2)",,,"blank","pheophytin",0.000,"microgramsPerLiter",0.000,"microgramsPerLiter",,"bcook",
"10e0fccf-4a61-4d76-8a2d-b1d945460a74","Great Lakes Environmental Center, Inc.","2020-08-05","2020-08-05","CA080520A","LRB 0804A (2)",,,"blank","chlorophyll a",0.000,"microgramsPerLiter",0.000,"microgramsPerLiter",,"bcook",
"3bb3c6a7-0e96-4233-b852-a5a0105db8c6","Great Lakes Environmental Center, Inc.","2020-08-05","2020-08-05","CA080520A","LRB 0804B (2)",,,"blank","pheophytin",0.000,"microgramsPerLiter",0.000,"microgramsPerLiter",,"bcook",
"1f34f4d7-4bf0-419b-babe-9912f191df5d","Great Lakes Environmental Center, Inc.","2020-08-05","2020-08-05","CA080520A","LRB 0804A (2)",,,"blank","pheophytin",0.000,"microgramsPerLiter",0.000,"microgramsPerLiter",,"bcook",
"ad8ff453-f05a-473d-9b59-a372856b39e9","Great Lakes Environmental Center, Inc.","2020-07-29","2020-07-29","CA072920A","LRB 0728D (2)",,,"blank","chlorophyll a",0.000,"microgramsPerLiter",0.000,"microgramsPerLiter",,"bcook",
"a35b2842-6752-4771-85ac-f401077f8452","Great Lakes Environmental Center, Inc.","2020-07-29","2020-07-29","CA072920A","LRB 0728D",,,"blank","chlorophyll a",0.000,"microgramsPerLiter",0.000,"microgramsPerLiter",,"bcook",
"52537ce9-8009-4385-a314-9e39a8885b60","Great Lakes Environmental Center, Inc.","2020-07-29","2020-07-29","CA072920A","QC 0.0222",,,"chla standard","chlorophyll a",22.031,"microgramsPerLiter",22.200,"microgramsPerLiter",,"bcook",
"ce9e4f2e-6952-4fd1-acc7-6c873ed376d8","Great Lakes Environmental Center, Inc.","2020-07-29","2020-07-29","CA072920A","LRB 0728C",,,"blank","chlorophyll a",0.000,"microgramsPerLiter",0.000,"microgramsPerLiter",,"bcook",
"ea17ebe3-3ecc-4719-a788-904d823a8a00","Great Lakes Environmental Center, Inc.","2020-07-29","2020-07-29","CA072920A","LRB 0728B (2)",,,"blank","chlorophyll a",0.000,"microgramsPerLiter",0.000,"microgramsPerLiter",,"bcook",
"68a3ee4d-c75b-4ad6-989c-36995bcfaefb","Great Lakes Environmental Center, Inc.","2020-07-29","2020-07-29","CA072920A","LRB 0728C",,,"blank","pheophytin",0.000,"microgramsPerLiter",0.000,"microgramsPerLiter",,"bcook",
"bde277f5-4a3b-47f2-ba2e-b19b8d180019","Great Lakes Environmental Center, Inc.","2020-07-29","2020-07-29","CA072920A","LRB 0728D",,,"blank","pheophytin",0.000,"microgramsPerLiter",0.000,"microgramsPerLiter",,"bcook",
"259d16ec-342d-46a4-9d92-171b3837476d","Great Lakes Environmental Center, Inc.","2020-07-29","2020-07-29","CA072920A","LRB 0728D (2)",,,"blank","pheophytin",0.000,"microgramsPerLiter",0.000,"microgramsPerLiter",,"bcook",
"7e928e62-f4de-4c04-8499-d1b8ce09852b","Great Lakes Environmental Center, Inc.","2020-07-29","2020-07-29","CA072920A","LRB 0728A",,,"blank","pheophytin",0.000,"microgramsPerLiter",0.000,"microgramsPerLiter",,"bcook",
"793edabc-cbc8-4600-bcea-4b036f07f2dc","Great Lakes Environmental Center, Inc.","2020-07-29","2020-07-29","CA072920A","LRB 0728B",,,"blank","chlorophyll a",0.000,"microgramsPerLiter",0.000,"microgramsPerLiter",,"bcook",
"4380e219-880d-4a8b-be46-9574308e1aff","Great Lakes Environmental Center, Inc.","2020-07-29","2020-07-29","CA072920A","LRB 0728A",,,"blank","chlorophyll a",0.000,"microgramsPerLiter",0.000,"microgramsPerLiter",,"bcook",
"06bb9dbf-42ce-48c6-8cc1-3c34807a9ec8","Great Lakes Environmental Center, Inc.","2020-07-29","2020-07-29","CA072920A","LFBUF1 0729D",,,"standard","chlorophyll a",25.036,"microgramsPerLiter",25.000,"microgramsPerLiter",,"bcook",
"5b8d6b90-e508-46ed-bac8-8185ad86a2aa","Great Lakes Environmental Center, Inc.","2020-07-29","2020-07-29","CA072920A","LFBUF1 0729C",,,"standard","chlorophyll a",25.036,"microgramsPerLiter",25.000,"microgramsPerLiter",,"bcook",
"3c5f7a69-8bde-445e-a772-b673726ab07e","Great Lakes Environmental Center, Inc.","2020-07-29","2020-07-29","CA072920A","LRB 0728C (2)",,,"blank","pheophytin",0.000,"microgramsPerLiter",0.000,"microgramsPerLiter",,"bcook",
"e94d4ae0-12e4-4d03-b2db-f44271eafb16","Great Lakes Environmental Center, Inc.","2020-07-29","2020-07-29","CA072920A","LRB 0728B",,,"blank","pheophytin",0.000,"microgramsPerLiter",0.000,"microgramsPerLiter",,"bcook",
"097a3595-5d7c-4582-a3c8-b23709b3ecdf","Great Lakes Environmental Center, Inc.","2020-07-29","2020-07-29","CA072920A","LRB 0728A (2)",,,"blank","pheophytin",0.000,"microgramsPerLiter",0.000,"microgramsPerLiter",,"bcook",
"b3e7a33a-b131-4f6f-8c0e-1c9333ed2ea2","Great Lakes Environmental Center, Inc.","2020-07-29","2020-07-29","CA072920A","LRB 0728B (2)",,,"blank","pheophytin",0.000,"microgramsPerLiter",0.000,"microgramsPerLiter",,"bcook",
"c7e876c9-1bac-4aff-8c25-87741219b94d","Great Lakes Environmental Center, Inc.","2020-07-29","2020-07-29","CA072920A","LRB 0728C (2)",,,"blank","chlorophyll a",0.000,"microgramsPerLiter",0.000,"microgramsPerLiter",,"bcook",
"230ffd94-8987-4c0e-a50c-b4bd7c5e46d4","Great Lakes Environmental Center, Inc.","2020-07-29","2020-07-29","CA072920A","LRB 0728A (2)",,,"blank","chlorophyll a",0.000,"microgramsPerLiter",0.000,"microgramsPerLiter",,"bcook",
"ce9fea10-ba98-4b4b-b848-aafc8dbb8188","Great Lakes Environmental Center, Inc.","2020-07-29","2020-07-29","CA072920A","LFBUF1 0729A",,,"standard","chlorophyll a",25.036,"microgramsPerLiter",25.000,"microgramsPerLiter",,"bcook",
"f2356e32-5baf-4b6b-b42f-34ead61cd190","Great Lakes Environmental Center, Inc.","2020-07-29","2020-07-29","CA072920A","LFBUF1 0729B",,,"standard","chlorophyll a",25.036,"microgramsPerLiter",25.000,"microgramsPerLiter",,"bcook",
"a650f1db-bb0f-4b40-8c3b-216d6e497759","Great Lakes Environmental Center, Inc.","2020-07-21","2020-07-21","PHEO072120A","LRB0721A(2)",,,"blank","pheophytin",0.000,"microgramsPerLiter",0.000,"microgramsPerLiter",,"bcook",
"57e6e6aa-ca61-48bb-ba32-5b23fdb5c0a4","Great Lakes Environmental Center, Inc.","2020-07-21","2020-07-21","CA072120A","LRB0721B",,,"blank","chlorophyll a",0.000,"microgramsPerLiter",0.000,"microgramsPerLiter",,"bcook",
"ade9c8a8-f371-469a-839b-8bf0b68ed80e","Great Lakes Environmental Center, Inc.","2020-07-21","2020-07-21","PHEO072120A","LRB0721B",,,"blank","pheophytin",0.000,"microgramsPerLiter",0.000,"microgramsPerLiter",,"bcook",
"62bc021d-ae04-40be-b989-ddeada79f546","Great Lakes Environmental Center, Inc.","2020-07-21","2020-07-21","CA072120A","QC 0.024",,,"chla standard","chlorophyll a",24.380,"microgramsPerLiter",24.000,"microgramsPerLiter",,"bcook",
"c62339ed-42f9-46cd-bf6a-2ebf9400bcc1","Great Lakes Environmental Center, Inc.","2020-07-21","2020-07-21","CA072120A","LFBUF10721B",,,"standard","chlorophyll a",25.376,"microgramsPerLiter",24.000,"microgramsPerLiter",,"bcook",
"b73fbfba-6b93-477a-a4b8-c6a09590313a","Great Lakes Environmental Center, Inc.","2020-07-21","2020-07-21","CA072120A","LRB0721A(2)",,,"blank","chlorophyll a",0.000,"microgramsPerLiter",0.000,"microgramsPerLiter",,"bcook",
"63a3c35f-a53d-4977-947f-0e5306658415","Great Lakes Environmental Center, Inc.","2020-07-21","2020-07-21","PHEO072120A","LRB0721B(2)",,,"blank","pheophytin",0.000,"microgramsPerLiter",0.000,"microgramsPerLiter",,"bcook",
"5570bdc8-718b-42cf-83c2-b7cae8f80e8d","Great Lakes Environmental Center, Inc.","2020-07-21","2020-07-21","CA072120A","LRB0721B(2)",,,"blank","chlorophyll a",0.000,"microgramsPerLiter",0.000,"microgramsPerLiter",,"bcook",
"22c036ac-93b9-46d7-ae8e-49f25808387f","Great Lakes Environmental Center, Inc.","2020-07-16","2020-07-16","CA071620A","LFBUF10716B",,,"standard","chlorophyll a",24.902,"microgramsPerLiter",24.000,"microgramsPerLiter",,"bcook",
"ea66c7c9-93a7-4919-b64a-4e14a8c7c796","Great Lakes Environmental Center, Inc.","2020-07-16","2020-07-16","PHEO071620A","LRB0716A",,,"blank","pheophytin",0.000,"microgramsPerLiter",0.000,"microgramsPerLiter",,"bcook",
"512fe4e4-f3a2-4a2f-9d5e-bed46facc3c2","Great Lakes Environmental Center, Inc.","2020-07-16","2020-07-16","PHEO071620A","LRB0716B(2)",,,"blank","pheophytin",0.000,"microgramsPerLiter",0.000,"microgramsPerLiter",,"bcook",
"8a1bb3cb-415f-45ae-a0a3-dc22d9bbfbf5","Great Lakes Environmental Center, Inc.","2020-07-16","2020-07-16","CA071620A","LRB0716B",,,"blank","chlorophyll a",0.000,"microgramsPerLiter",0.000,"microgramsPerLiter",,"bcook",
"a7d64ced-4468-4e9b-8abf-fddec2082f49","Great Lakes Environmental Center, Inc.","2020-07-16","2020-07-16","CA071620A","LRB0716A",,,"blank","chlorophyll a",0.000,"microgramsPerLiter",0.000,"microgramsPerLiter",,"bcook",
"f848c365-a4f3-4f41-bc2e-1c8fc2e5a8ea","Great Lakes Environmental Center, Inc.","2020-07-16","2020-07-16","PHEO071620A","LRB0716A(2)",,,"blank","pheophytin",0.000,"microgramsPerLiter",0.000,"microgramsPerLiter",,"bcook",
"3be244df-ab49-4f4c-9f05-0cffa2381c58","Great Lakes Environmental Center, Inc.","2020-07-16","2020-07-16","CA071620A","QC 0.0240",,,"chla standard","chlorophyll a",23.906,"microgramsPerLiter",24.000,"microgramsPerLiter",,"bcook",
"50e9d3ab-7a86-437e-a8bd-0be0f71a5913","Great Lakes Environmental Center, Inc.","2020-07-16","2020-07-16","PHEO071620A","LRB0716B",,,"blank","pheophytin",0.000,"microgramsPerLiter",0.000,"microgramsPerLiter",,"bcook",
"4165862f-d611-4b35-845f-b52d91c49ac3","Great Lakes Environmental Center, Inc.","2020-07-16","2020-07-16","CA071620A","LFBUF10716A",,,"standard","chlorophyll a",24.902,"microgramsPerLiter",24.000,"microgramsPerLiter",,"bcook",
"a9800a35-c21e-4b47-8946-bcf40b9ef278","Great Lakes Environmental Center, Inc.","2020-07-16","2020-07-16","CA071620A","LRB0716B(2)",,,"blank","chlorophyll a",0.000,"microgramsPerLiter",0.000,"microgramsPerLiter",,"bcook",
"69a4e952-18a2-4fa6-afe3-fbd72f730277","Great Lakes Environmental Center, Inc.","2020-07-16","2020-07-16","CA071620A","LRB0716A(2)",,,"blank","chlorophyll a",0.000,"microgramsPerLiter",0.000,"microgramsPerLiter",,"bcook",
"c57a35da-939b-4ab8-b6f1-f8d9426eec62","Great Lakes Environmental Center, Inc.","2020-06-29","2020-06-29","PHEO062920A","LRB0629A(2)",,,"blank","pheophytin",0.000,"microgramsPerLiter",0.000,"microgramsPerLiter",,"bcook",
"28e5d9a0-dac2-4b11-8340-bcd9e01f6d7a","Great Lakes Environmental Center, Inc.","2020-06-29","2020-06-29","CA062920A","LRB0629A(2)",,,"blank","chlorophyll a",0.000,"microgramsPerLiter",0.000,"microgramsPerLiter",,"bcook",
"bcf7e606-daeb-48b3-8510-2767a3e206de","Great Lakes Environmental Center, Inc.","2020-06-29","2020-06-29","CA062920A","LRB0629A",,,"blank","chlorophyll a",0.000,"microgramsPerLiter",0.000,"microgramsPerLiter",,"bcook",
"242c0967-abd1-4e67-88ce-67a6c1bd28aa","Great Lakes Environmental Center, Inc.","2020-06-29","2020-06-29","CA062920A","LFBUF10629A",,,"standard","chlorophyll a",24.810,"microgramsPerLiter",24.000,"microgramsPerLiter",,"bcook",
"4d0f314f-3115-413a-98af-96951b024e19","Great Lakes Environmental Center, Inc.","2020-06-29","2020-06-29","CA062920A","QC 0.0240",,,"chla standard","chlorophyll a",23.818,"microgramsPerLiter",24.000,"microgramsPerLiter",,"bcook",
"5237afd6-0ea9-4408-be00-9d4584c96f36","Great Lakes Environmental Center, Inc.","2020-06-29","2020-06-29","PHEO062920A","LRB0629A",,,"blank","pheophytin",0.000,"microgramsPerLiter",0.000,"microgramsPerLiter",,"bcook",
"ddeeb105-18ae-486c-aed9-e196c38c464b","Great Lakes Environmental Center, Inc.","2020-06-24","2020-06-24","PHEO062420A","LRB0623A(2)",,,"blank","pheophytin",0.000,"microgramsPerLiter",0.000,"microgramsPerLiter",,"bcook",
"c13e9787-4323-48dc-8e4b-59bd4e64d08c","Great Lakes Environmental Center, Inc.","2020-06-24","2020-06-24","CA062420A","QC 0.0240",,,"chla standard","chlorophyll a",24.130,"microgramsPerLiter",24.000,"microgramsPerLiter",,"bcook",
"3d1b74c4-db32-4488-ac47-2b5d090dc224","Great Lakes Environmental Center, Inc.","2020-06-24","2020-06-24","CA062420A","LRB0623A(2)",,,"blank","chlorophyll a",0.000,"microgramsPerLiter",0.000,"microgramsPerLiter",,"bcook",
"4e2a3f26-7ce5-4750-8aa9-ae078cfc84be","Great Lakes Environmental Center, Inc.","2020-06-24","2020-06-24","CA062420A","LFBUF10624A",,,"standard","chlorophyll a",25.115,"microgramsPerLiter",25.000,"microgramsPerLiter",,"bcook",
"daae0891-1fbf-4f55-814b-7a82266b9b7c","Great Lakes Environmental Center, Inc.","2020-06-24","2020-06-24","CA062420A","LRB0623A",,,"blank","chlorophyll a",0.000,"microgramsPerLiter",0.000,"microgramsPerLiter",,"bcook",
"3f00add3-6755-41cb-901a-aa780e29e582","Great Lakes Environmental Center, Inc.","2020-06-24","2020-06-24","PHEO062420A","LRB0624A",,,"standard","pheophytin",0.000,"microgramsPerLiter",0.000,"microgramsPerLiter",,"bcook",
"8ab731b3-6432-48d3-9884-159dd0040794","Great Lakes Environmental Center, Inc.","2020-06-18","2020-06-18","CA061820A","QC 0.0222",,,"chla standard","chlorophyll a",21.221,"microgramsPerLiter",22.200,"microgramsPerLiter",,"bcook",
"bce08cc3-516b-4c4c-842c-0913e393e9c4","Great Lakes Environmental Center, Inc.","2020-06-18","2020-06-18","CA061820A","LRB0617C",,,"blank","chlorophyll a",0.000,"microgramsPerLiter",0.000,"microgramsPerLiter",,"bcook",
"85508f20-5186-4ef4-bbf1-03ca21cd06a6","Great Lakes Environmental Center, Inc.","2020-06-18","2020-06-18","CA061820A","LRB0617A(2)",,,"blank","pheophytin",0.000,"microgramsPerLiter",0.000,"microgramsPerLiter",,"bcook",
"33e731ef-9817-4a24-b12a-46fc5f974491","Great Lakes Environmental Center, Inc.","2020-06-18","2020-06-18","CA061820A","LFBUF10618C",,,"standard","chlorophyll a",24.675,"microgramsPerLiter",25.000,"microgramsPerLiter",,"bcook",
"e4defba0-1ce7-4983-80e0-f6f475ada74d","Great Lakes Environmental Center, Inc.","2020-06-18","2020-06-18","CA061820A","LRB0617B(2)",,,"blank","pheophytin",0.000,"microgramsPerLiter",0.000,"microgramsPerLiter",,"bcook",
"0a980c76-62b6-496f-a884-263afa432776","Great Lakes Environmental Center, Inc.","2020-06-18","2020-06-18","CA061820A","LRB0617C",,,"blank","pheophytin",0.000,"microgramsPerLiter",0.000,"microgramsPerLiter",,"bcook",
"a267e789-1543-486e-a11d-7a92a61528e4","Great Lakes Environmental Center, Inc.","2020-06-18","2020-06-18","CA061820A","LRB0617B(2)",,,"blank","chlorophyll a",0.000,"microgramsPerLiter",0.000,"microgramsPerLiter",,"bcook",
"115f520c-522b-434f-931c-7095027614f0","Great Lakes Environmental Center, Inc.","2020-06-18","2020-06-18","CA061820A","LRB0617B",,,"blank","pheophytin",0.000,"microgramsPerLiter",0.000,"microgramsPerLiter",,"bcook",
"f914d2f8-7f13-4cc4-9568-89b26ef1b708","Great Lakes Environmental Center, Inc.","2020-06-18","2020-06-18","CA061820A","LRB0617A",,,"blank","chlorophyll a",0.000,"microgramsPerLiter",0.000,"microgramsPerLiter",,"bcook",
"40bc8f91-d437-449d-be91-153a95913a2a","Great Lakes Environmental Center, Inc.","2020-06-18","2020-06-18","CA061820A","LFBUF10618A",,,"standard","chlorophyll a",24.675,"microgramsPerLiter",25.000,"microgramsPerLiter",,"bcook",
"c4efe029-0123-4616-9f6a-0d387038f806","Great Lakes Environmental Center, Inc.","2020-06-18","2020-06-18","CA061820A","LRB0617C(2)",,,"blank","pheophytin",0.000,"microgramsPerLiter",0.000,"microgramsPerLiter",,"bcook",
"62722a1b-35e7-463e-b6e4-576a891b7c7c","Great Lakes Environmental Center, Inc.","2020-06-18","2020-06-18","CA061820A","LRB0617B",,,"blank","chlorophyll a",0.000,"microgramsPerLiter",0.000,"microgramsPerLiter",,"bcook",
"4461e67b-c216-4f3e-80bb-76f12e35b87f","Great Lakes Environmental Center, Inc.","2020-06-18","2020-06-18","CA061820A","LFBUF10618B",,,"standard","chlorophyll a",24.675,"microgramsPerLiter",25.000,"microgramsPerLiter",,"bcook",
"0d21a5ab-1a10-44de-ac17-92ae0d40c77e","Great Lakes Environmental Center, Inc.","2020-06-18","2020-06-18","CA061820A","LRB0617A",,,"blank","pheophytin",0.000,"microgramsPerLiter",0.000,"microgramsPerLiter",,"bcook",
"eda858bd-1d77-4865-a337-ef5926a642a8","Great Lakes Environmental Center, Inc.","2020-06-18","2020-06-18","CA061820A","LRB0617C(2)",,,"blank","chlorophyll a",0.000,"microgramsPerLiter",0.000,"microgramsPerLiter",,"bcook",
"de3d25d5-6b29-42c7-a6bd-ed8147b89315","Great Lakes Environmental Center, Inc.","2020-06-18","2020-06-18","CA061820A","LRB0617A(2)",,,"blank","chlorophyll a",0.000,"microgramsPerLiter",0.000,"microgramsPerLiter",,"bcook",
