uid,startDate,endDate,analyte,sampleType,instrument,testMethod,method,qaReferenceID,standardReferenceKnownValue,standardReferenceMeasuredMean,analyteAccuracy,analyteStandardDeviation,analyteMetricsCount,laboratoryName,labSpecificStartDate,labSpecificEndDate
"3f3e69ae-9ae8-4a82-aa1a-49e07b6e7b05","2021-02-19","2021-02-19","chlorophyll a",,"Sequoia Turner","GLEC_chlorophyll_SOP_2041","SM 22nd Ed 10200 H","LFBUF 0.025",0.03,0.03,0.00,0.00,,"Great Lakes Environmental Center, Inc.","2020-06-18","2020-12-09"
"543a70e1-24c4-49e8-a79f-d97c110c0a52","2021-02-19","2021-02-19","chlorophyll a",,"Sequoia Turner","GLEC_chlorophyll_SOP_2041","SM 22nd Ed 10200 H","QC060520 0.0217",0.02,0.02,0.00,0.00,,"Great Lakes Environmental Center, Inc.","2020-09-04","2020-12-09"
"18584429-bd9a-40d5-9558-dbe65021b4c9","2021-02-19","2021-02-19","chlorophyll a",,"Sequoia Turner","GLEC_chlorophyll_SOP_2041","SM 22nd Ed 10200 H","QC060520 0.0231",0.02,0.02,0.00,0.00,,"Great Lakes Environmental Center, Inc.","2020-09-25","2020-11-09"
"af21e1a3-5705-4436-889b-1d6086a00420","2021-02-19","2021-02-19","chlorophyll a",,"Sequoia Turner","GLEC_chlorophyll_SOP_2041","SM 22nd Ed 10200 H","QC032320 0.0222",0.02,0.02,0.00,0.00,,"Great Lakes Environmental Center, Inc.","2020-06-18","2020-08-28"
"91f86938-135a-4d04-8994-cba059cac295","2021-02-19","2021-02-19","chlorophyll a",,"Sequoia Turner","GLEC_chlorophyll_SOP_2041","SM 22nd Ed 10200 H","QC032320 0.0240",0.02,0.02,0.00,0.00,,"Great Lakes Environmental Center, Inc.","2020-06-24","2020-07-21"
