uid,domainID,siteID,namedLocation,collectDate,parentSampleID,sampleID,sampleCode,filterNumber,analysisType,fieldSampleVolume,domainFilterVolume,storageDays,remarks,measuredBy,recordedBy,sampleCondition,dataQF
"3c45cab0-1aae-44a2-a38d-6231fa94f9ce","D03","BARC","BARC.AOS.riparian.point.10","2020-07-14T12:37Z","BARC.20200714.EPIPHYTON.10","BARC.20200714.EPIPHYTON.10.CNSA.1","A00000131457",1,"CNSa",125.0,5.0,0.2,,"0000-0003-1571-3196","0000-0003-1571-3196","OK",
"2ad03910-7935-4848-a694-2a53ddadf875","D03","BARC","BARC.AOS.buoy.c0","2020-07-14T12:37Z","BARC.20200714.PHYTOPLANKTON.1","BARC.20200714.PHYTOPLANKTON.1.REP2.CHL/PHEO.2","A00000131441",2,"chlorophyll/pheophytin",5000.0,200.0,0.1,,"0000-0003-1571-3196","0000-0003-1571-3196","OK",
"1daa7c09-1252-46f7-a3aa-2481b081190e","D03","BARC","BARC.AOS.buoy.c0","2020-07-14T12:37Z","BARC.20200714.PHYTOPLANKTON.1","BARC.20200714.PHYTOPLANKTON.1.CHL/PHEO.1","A00000131424",1,"chlorophyll/pheophytin",5000.0,300.0,0.1,,"0000-0003-1571-3196","0000-0003-1571-3196","OK",
"091c57f1-b5c1-4ea5-a5e8-2f8a16ad816c","D03","BARC","BARC.AOS.riparian.point.02","2020-07-14T12:37Z","BARC.20200714.EPIPHYTON.2","BARC.20200714.EPIPHYTON.2.CHL/PHEO.1","A00000131443",1,"chlorophyll/pheophytin",125.0,5.0,0.2,,"0000-0003-1571-3196","0000-0003-1571-3196","OK",
"db78b90d-f930-405c-8cac-c281e0dd8367","D03","BARC","BARC.AOS.riparian.point.02","2020-07-14T12:37Z","BARC.20200714.EPIPHYTON.2","BARC.20200714.EPIPHYTON.2.CNSB.1","A00000131428",1,"CNSb",125.0,5.0,0.2,,"0000-0003-1571-3196","0000-0003-1571-3196","OK",
"61afc0e2-f7ff-45f6-9bec-fe8f56bae84a","D03","BARC","BARC.AOS.riparian.point.02","2020-07-14T12:37Z","BARC.20200714.EPIPHYTON.2","BARC.20200714.EPIPHYTON.2.P.1","A00000131444",1,"P",125.0,5.0,0.2,,"0000-0003-1571-3196","0000-0003-1571-3196","OK",
"2b0ce893-2381-4486-8160-706db05c373e","D03","BARC","BARC.AOS.riparian.point.08","2020-07-14T12:37Z","BARC.20200714.EPIPHYTON.8","BARC.20200714.EPIPHYTON.8.CNSA.1","A00000131453",1,"CNSa",125.0,5.0,0.3,,"0000-0003-1571-3196","0000-0003-1571-3196","OK",
"98f3ea90-cb69-44cf-9f16-524da631de71","D03","BARC","BARC.AOS.buoy.c0","2020-07-14T12:37Z","BARC.20200714.PHYTOPLANKTON.1","BARC.20200714.PHYTOPLANKTON.1.REP2.CNSA.2","A00000131425",2,"CNSa",5000.0,300.0,0.1,,"0000-0003-1571-3196","0000-0003-1571-3196","OK",
"72acd0e7-c69f-4c75-8ec0-eee612ef8ff4","D03","BARC","BARC.AOS.riparian.point.04","2020-07-14T12:37Z","BARC.20200714.EPIPHYTON.4","BARC.20200714.EPIPHYTON.4.CNSA.1","A00000131445",1,"CNSa",125.0,5.0,0.2,,"0000-0003-1571-3196","0000-0003-1571-3196","OK",
"9dbd380f-299c-4cfe-a89a-aaac07dfbeb7","D03","BARC","BARC.AOS.riparian.point.04","2020-07-14T12:37Z","BARC.20200714.EPIPHYTON.4","BARC.20200714.EPIPHYTON.4.CHL/PHEO.1","A00000131446",1,"chlorophyll/pheophytin",125.0,5.0,0.2,,"0000-0003-1571-3196","0000-0003-1571-3196","OK",
"6f70823c-68e0-4cc4-96b1-efe429679ecc","D03","BARC","BARC.AOS.littoral2","2020-07-14T12:37Z","BARC.20200714.PHYTOPLANKTON.3","BARC.20200714.PHYTOPLANKTON.3.CHL/PHEO.1","A00000131432",1,"chlorophyll/pheophytin",5000.0,300.0,0.1,,"0000-0003-1571-3196","0000-0003-1571-3196","OK",
"2ba89bc1-8194-4d22-9235-d74fb7d87c29","D03","BARC","BARC.AOS.littoral2","2020-07-14T12:37Z","BARC.20200714.PHYTOPLANKTON.3","BARC.20200714.PHYTOPLANKTON.3.P.1","A00000131429",1,"P",5000.0,300.0,0.1,,"0000-0003-1571-3196","0000-0003-1571-3196","OK",
"4cea1c8d-c961-4023-a24a-2ef796141cc5","D03","BARC","BARC.AOS.riparian.point.02","2020-07-14T12:37Z","BARC.20200714.EPIPHYTON.2","BARC.20200714.EPIPHYTON.2.CNSA.1","A00000131426",1,"CNSa",125.0,5.0,0.2,,"0000-0003-1571-3196","0000-0003-1571-3196","OK",
"a41f3c9c-01ee-49c8-8df5-effa7dfabc55","D03","BARC","BARC.AOS.riparian.point.10","2020-07-14T12:37Z","BARC.20200714.EPIPHYTON.10","BARC.20200714.EPIPHYTON.10.CHL/PHEO.1","A00000131456",1,"chlorophyll/pheophytin",125.0,5.0,0.2,,"0000-0003-1571-3196","0000-0003-1571-3196","OK",
"5fd59f87-75b6-428d-85d4-bc9a4d227369","D03","BARC","BARC.AOS.riparian.point.04","2020-07-14T12:37Z","BARC.20200714.EPIPHYTON.4","BARC.20200714.EPIPHYTON.4.P.1","A00000131447",1,"P",125.0,5.0,0.2,,"0000-0003-1571-3196","0000-0003-1571-3196","OK",
"8811fd4a-6d98-4450-bb6a-9ad56c76fd5f","D03","BARC","BARC.AOS.buoy.c0","2020-07-14T12:37Z","BARC.20200714.PHYTOPLANKTON.1","BARC.20200714.PHYTOPLANKTON.1.REP2.CNSB.2","A00000131442",2,"CNSb",5000.0,300.0,0.1,,"0000-0003-1571-3196","0000-0003-1571-3196","OK",
"065db20b-dd0c-451d-871d-d07b22c40bc0","D03","BARC","BARC.AOS.buoy.c0","2020-07-14T12:37Z","BARC.20200714.PHYTOPLANKTON.1","BARC.20200714.PHYTOPLANKTON.1.P.1","A00000131423",1,"P",5000.0,300.0,0.1,,"0000-0003-1571-3196","0000-0003-1571-3196","OK",
"049c4730-ad23-4d67-9c22-5242e02b75bd","D03","BARC","BARC.AOS.littoral1","2020-07-14T12:37Z","BARC.20200714.PHYTOPLANKTON.2","BARC.20200714.PHYTOPLANKTON.2.P.1","A00000131437",1,"P",5000.0,300.0,0.1,,"0000-0003-1571-3196","0000-0003-1571-3196","OK",
"f23f0fad-1427-4783-8f5a-cbf8b8c56f0a","D03","BARC","BARC.AOS.buoy.c0","2020-07-14T12:37Z","BARC.20200714.PHYTOPLANKTON.1","BARC.20200714.PHYTOPLANKTON.1.CNSB.1","A00000131422",1,"CNSb",5000.0,300.0,0.1,,"0000-0003-1571-3196","0000-0003-1571-3196","OK",
"86e45455-bcf4-479f-8e1c-6fafa35980a1","D03","BARC","BARC.AOS.riparian.point.10","2020-07-14T12:37Z","BARC.20200714.EPIPHYTON.10","BARC.20200714.EPIPHYTON.10.CNSB.1","A00000131458",1,"CNSb",125.0,5.0,0.2,,"0000-0003-1571-3196","0000-0003-1571-3196","OK",
"6535809f-ee5d-4144-9080-14519e45203f","D03","BARC","BARC.AOS.riparian.point.10","2020-07-14T12:37Z","BARC.20200714.EPIPHYTON.10","BARC.20200714.EPIPHYTON.10.P.1","A00000131459",1,"P",125.0,5.0,0.2,,"0000-0003-1571-3196","0000-0003-1571-3196","OK",
"64e20925-d17c-4e30-884b-7128ca6c832f","D03","BARC","BARC.AOS.riparian.point.06","2020-07-14T12:37Z","BARC.20200714.EPIPHYTON.6","BARC.20200714.EPIPHYTON.6.CHL/PHEO.1","A00000131448",1,"chlorophyll/pheophytin",125.0,5.0,0.2,,"0000-0003-1571-3196","0000-0003-1571-3196","OK",
"51380647-6af0-451a-a8b5-6b29e7c142c6","D03","BARC","BARC.AOS.riparian.point.08","2020-07-14T12:37Z","BARC.20200714.EPIPHYTON.8","BARC.20200714.EPIPHYTON.8.CNSB.1","A00000131454",1,"CNSb",125.0,5.0,0.3,,"0000-0003-1571-3196","0000-0003-1571-3196","OK",
"bef4a6bb-9442-471e-9c8b-d2fe9e23c6bb","D03","BARC","BARC.AOS.riparian.point.06","2020-07-14T12:37Z","BARC.20200714.EPIPHYTON.6","BARC.20200714.EPIPHYTON.6.CNSB.1","A00000131450",1,"CNSb",125.0,5.0,0.2,,"0000-0003-1571-3196","0000-0003-1571-3196","OK",
"188fbba8-1ed7-4144-9efb-2d2497341504","D03","BARC","BARC.AOS.littoral1","2020-07-14T12:37Z","BARC.20200714.PHYTOPLANKTON.2","BARC.20200714.PHYTOPLANKTON.2.CNSA.1","A00000131439",1,"CNSa",5000.0,300.0,0.1,,"0000-0003-1571-3196","0000-0003-1571-3196","OK",
"3bae8299-ed95-42bc-9a32-3de46c2c9ebb","D03","BARC","BARC.AOS.littoral1","2020-07-14T12:37Z","BARC.20200714.PHYTOPLANKTON.2","BARC.20200714.PHYTOPLANKTON.2.CNSB.1","A00000131438",1,"CNSb",5000.0,300.0,0.1,,"0000-0003-1571-3196","0000-0003-1571-3196","OK",
"922c8994-b5a9-4979-bb78-dcf1385f7394","D03","BARC","BARC.AOS.riparian.point.08","2020-07-14T12:37Z","BARC.20200714.EPIPHYTON.8","BARC.20200714.EPIPHYTON.8.CHL/PHEO.1","A00000131452",1,"chlorophyll/pheophytin",125.0,5.0,0.3,,"0000-0003-1571-3196","0000-0003-1571-3196","OK",
"1a26ff19-92b5-46ef-9737-e51844cec9f1","D03","BARC","BARC.AOS.riparian.point.04","2020-07-14T12:37Z","BARC.20200714.EPIPHYTON.4","BARC.20200714.EPIPHYTON.4.CNSB.1","A00000131427",1,"CNSb",125.0,5.0,0.2,,"0000-0003-1571-3196","0000-0003-1571-3196","OK",
"3c032033-438a-4c2c-9759-a552f011171f","D03","BARC","BARC.AOS.buoy.c0","2020-07-14T12:37Z","BARC.20200714.PHYTOPLANKTON.1","BARC.20200714.PHYTOPLANKTON.1.CNSA.1","A00000131421",1,"CNSa",5000.0,300.0,0.1,,"0000-0003-1571-3196","0000-0003-1571-3196","OK",
"ba916b96-9907-4c01-9c35-d484288d359e","D03","BARC","BARC.AOS.buoy.c0","2020-07-14T12:37Z","BARC.20200714.PHYTOPLANKTON.1","BARC.20200714.PHYTOPLANKTON.1.REP2.P.2","A00000131440",2,"P",5000.0,300.0,0.1,,"0000-0003-1571-3196","0000-0003-1571-3196","OK",
"6050b87f-46de-45a2-aecf-002ccdb73107","D03","BARC","BARC.AOS.littoral2","2020-07-14T12:37Z","BARC.20200714.PHYTOPLANKTON.3","BARC.20200714.PHYTOPLANKTON.3.CNSB.1","A00000131430",1,"CNSb",5000.0,300.0,0.1,,"0000-0003-1571-3196","0000-0003-1571-3196","OK",
"2ada298e-e9d0-48da-970b-69b05c28a011","D03","BARC","BARC.AOS.riparian.point.06","2020-07-14T12:37Z","BARC.20200714.EPIPHYTON.6","BARC.20200714.EPIPHYTON.6.P.1","A00000131451",1,"P",125.0,5.0,0.2,,"0000-0003-1571-3196","0000-0003-1571-3196","OK",
"8e68eb96-efc2-48f3-a9c6-85a995559c68","D03","BARC","BARC.AOS.riparian.point.06","2020-07-14T12:37Z","BARC.20200714.EPIPHYTON.6","BARC.20200714.EPIPHYTON.6.CNSA.1","A00000131449",1,"CNSa",125.0,5.0,0.2,,"0000-0003-1571-3196","0000-0003-1571-3196","OK",
"103bcf93-8378-4a7c-acb1-f3964be015ad","D03","BARC","BARC.AOS.littoral1","2020-07-14T12:37Z","BARC.20200714.PHYTOPLANKTON.2","BARC.20200714.PHYTOPLANKTON.2.CHL/PHEO.1","A00000131436",1,"chlorophyll/pheophytin",5000.0,300.0,0.1,,"0000-0003-1571-3196","0000-0003-1571-3196","OK",
"ab26bbb8-0c05-4ffc-a073-a881e1def5a4","D03","BARC","BARC.AOS.littoral2","2020-07-14T12:37Z","BARC.20200714.PHYTOPLANKTON.3","BARC.20200714.PHYTOPLANKTON.3.CNSA.1","A00000131431",1,"CNSa",5000.0,300.0,0.1,,"0000-0003-1571-3196","0000-0003-1571-3196","OK",
"c3f011fa-108d-4d89-a27f-e06bb695339e","D03","BARC","BARC.AOS.riparian.point.08","2020-07-14T12:37Z","BARC.20200714.EPIPHYTON.8","BARC.20200714.EPIPHYTON.8.P.1","A00000131455",1,"P",125.0,5.0,0.3,,"0000-0003-1571-3196","0000-0003-1571-3196","OK",
