uid,domainID,siteID,namedLocation,collectDate,parentSampleID,sampleID,sampleCode,filterNumber,analysisType,fieldSampleVolume,domainFilterVolume,storageDays,remarks,measuredBy,recordedBy,sampleCondition,dataQF
"91e12bb1-8945-44be-bf4d-f33959d776cc","D05","CRAM","CRAM.AOS.littoral1","2017-05-03T15:01Z","CRAM.20170503.PHYTOPLANKTON.2","CRAM.20170503.PHYTOPLANKTON.2",,2,"CN",5000.0,200.0,1.0,"Sample warmed to a maximum of 5 degrees C for around 15 hours maximum during storage","hbeeler@battelleecology.org","jhudson@neoninc.org","other (specify in remarks)",
"68753947-4e9d-4655-94f9-9e6eb160288f","D05","CRAM","CRAM.AOS.littoral2","2017-05-03T15:01Z","CRAM.20170503.PHYTOPLANKTON.1","CRAM.20170503.PHYTOPLANKTON.1",,2,"CN",5000.0,150.0,0.9,"Sample warmed to a maximum of 5 degrees C for around 15 hours maximum during storage","hbeeler@battelleecology.org","jhudson@neoninc.org","other (specify in remarks)",
"f5413377-0952-423d-a396-3b6c996b69f3","D05","CRAM","CRAM.AOS.littoral1","2017-05-03T15:01Z","CRAM.20170503.PHYTOPLANKTON.2","CRAM.20170503.PHYTOPLANKTON.2",,1,"CNS",5000.0,200.0,1.0,"Sample warmed to a maximum of 5 degrees C for around 15 hours maximum during storage","hbeeler@battelleecology.org","jhudson@neoninc.org","other (specify in remarks)",
"0b2a65d4-3df9-457c-85c0-521fa682693c","D05","CRAM","CRAM.AOS.littoral1","2017-05-03T15:01Z","CRAM.20170503.PHYTOPLANKTON.2","CRAM.20170503.PHYTOPLANKTON.2",,1,"CN",5000.0,200.0,1.0,"Sample warmed to a maximum of 5 degrees C for around 15 hours maximum during storage","hbeeler@battelleecology.org","jhudson@neoninc.org","other (specify in remarks)",
"24bdb606-1fbd-4bda-8198-e5a5c4a2a0b4","D05","CRAM","CRAM.AOS.littoral2","2017-05-03T15:01Z","CRAM.20170503.PHYTOPLANKTON.1","CRAM.20170503.PHYTOPLANKTON.1",,2,"chlorophyll/pheophytin",5000.0,150.0,0.9,,"hbeeler@battelleecology.org","jhudson@neoninc.org","OK",
"e62db145-e312-4859-843c-143f5eb00b85","D05","CRAM","CRAM.AOS.buoy.c0","2017-05-03T15:01Z","CRAM.20170503.PHYTOPLANKTON.3","CRAM.20170503.PHYTOPLANKTON.3",,1,"CNS",5000.0,200.0,1.0,"Sample warmed to a maximum of 5 degrees C for around 15 hours maximum during storage","hbeeler@battelleecology.org","jhudson@neoninc.org","other (specify in remarks)",
"dcfa682f-bca4-434a-8ed9-d79f981a57a5","D05","CRAM","CRAM.AOS.buoy.c0","2017-05-03T15:01Z","CRAM.20170503.PHYTOPLANKTON.3","CRAM.20170503.PHYTOPLANKTON.3",,1,"CN",5000.0,200.0,1.0,"Sample warmed to a maximum of 5 degrees C for around 15 hours maximum during storage","hbeeler@battelleecology.org","jhudson@neoninc.org","other (specify in remarks)",
"988866c5-c045-4308-81c5-372916556633","D05","CRAM","CRAM.AOS.littoral2","2017-05-03T15:01Z","CRAM.20170503.PHYTOPLANKTON.1","CRAM.20170503.PHYTOPLANKTON.1",,2,"CNS",5000.0,150.0,0.9,"Sample warmed to a maximum of 5 degrees C for around 15 hours maximum during storage","hbeeler@battelleecology.org","jhudson@neoninc.org","other (specify in remarks)",
"0fd3b963-e856-482c-ab97-e86ac5ac4179","D05","CRAM","CRAM.AOS.buoy.c0","2017-05-03T15:01Z","CRAM.20170503.PHYTOPLANKTON.3","CRAM.20170503.PHYTOPLANKTON.3",,1,"P",5000.0,200.0,1.0,"Sample warmed to a maximum of 5 degrees C for around 15 hours maximum during storage","hbeeler@battelleecology.org","jhudson@neoninc.org","other (specify in remarks)",
"c12f0585-1421-4ec9-b6f3-58e19fbe56cb","D05","CRAM","CRAM.AOS.buoy.c0","2017-05-03T15:01Z","CRAM.20170503.PHYTOPLANKTON.3","CRAM.20170503.PHYTOPLANKTON.3",,2,"CNS",5000.0,200.0,1.0,"Sample warmed to a maximum of 5 degrees C for around 15 hours maximum during storage","hbeeler@battelleecology.org","jhudson@neoninc.org","other (specify in remarks)",
"873665f1-2abf-4883-8ebe-7968fdee5a58","D05","CRAM","CRAM.AOS.buoy.c0","2017-05-03T15:01Z","CRAM.20170503.PHYTOPLANKTON.3","CRAM.20170503.PHYTOPLANKTON.3",,2,"chlorophyll/pheophytin",5000.0,150.0,1.0,,"hbeeler@battelleecology.org","jhudson@neoninc.org","OK",
"4095a0f3-4034-4d37-b0c3-172456843c0c","D05","CRAM","CRAM.AOS.littoral1","2017-05-03T15:01Z","CRAM.20170503.PHYTOPLANKTON.2","CRAM.20170503.PHYTOPLANKTON.2",,2,"CNS",5000.0,200.0,1.0,"Sample warmed to a maximum of 5 degrees C for around 15 hours maximum during storage","hbeeler@battelleecology.org","jhudson@neoninc.org","other (specify in remarks)",
"a5fcf84a-bc5e-45eb-9490-e84dfafa9b20","D05","CRAM","CRAM.AOS.littoral2","2017-05-03T15:01Z","CRAM.20170503.PHYTOPLANKTON.1","CRAM.20170503.PHYTOPLANKTON.1",,1,"CN",5000.0,150.0,0.9,"Sample warmed to a maximum of 5 degrees C for around 15 hours maximum during storage","hbeeler@battelleecology.org","jhudson@neoninc.org","other (specify in remarks)",
"15cb979c-59fc-4f87-824e-5e0f0667f953","D05","CRAM","CRAM.AOS.buoy.c0","2017-05-03T15:01Z","CRAM.20170503.PHYTOPLANKTON.3","CRAM.20170503.PHYTOPLANKTON.3",,1,"chlorophyll/pheophytin",5000.0,150.0,1.0,,"hbeeler@battelleecology.org","jhudson@neoninc.org","OK",
"547cac99-2d3d-4223-8fee-72e17292c471","D05","CRAM","CRAM.AOS.littoral1","2017-05-03T15:01Z","CRAM.20170503.PHYTOPLANKTON.2","CRAM.20170503.PHYTOPLANKTON.2",,2,"chlorophyll/pheophytin",5000.0,150.0,1.0,,"hbeeler@battelleecology.org","jhudson@neoninc.org","OK",
"24b84d29-889c-47b2-b83f-7808dd402749","D05","CRAM","CRAM.AOS.buoy.c0","2017-05-03T15:01Z","CRAM.20170503.PHYTOPLANKTON.3","CRAM.20170503.PHYTOPLANKTON.3",,2,"CN",5000.0,200.0,1.0,"Sample warmed to a maximum of 5 degrees C for around 15 hours maximum during storage","hbeeler@battelleecology.org","jhudson@neoninc.org","other (specify in remarks)",
"26100098-16f8-4e9b-b853-725a7e0b64f2","D05","CRAM","CRAM.AOS.littoral2","2017-05-03T15:01Z","CRAM.20170503.PHYTOPLANKTON.1","CRAM.20170503.PHYTOPLANKTON.1",,1,"P",5000.0,150.0,0.9,"Sample warmed to a maximum of 5 degrees C for around 15 hours maximum during storage","hbeeler@battelleecology.org","jhudson@neoninc.org","other (specify in remarks)",
"0b1a82a6-6fb2-4d8a-a69c-8115c0284f4b","D05","CRAM","CRAM.AOS.littoral1","2017-05-03T15:01Z","CRAM.20170503.PHYTOPLANKTON.2","CRAM.20170503.PHYTOPLANKTON.2",,1,"chlorophyll/pheophytin",5000.0,150.0,1.0,,"hbeeler@battelleecology.org","jhudson@neoninc.org","OK",
"80611d65-5a2c-4d70-ab7a-479657253906","D05","CRAM","CRAM.AOS.littoral2","2017-05-03T15:01Z","CRAM.20170503.PHYTOPLANKTON.1","CRAM.20170503.PHYTOPLANKTON.1",,1,"CNS",5000.0,150.0,0.9,"Sample warmed to a maximum of 5 degrees C for around 15 hours maximum during storage","hbeeler@battelleecology.org","jhudson@neoninc.org","other (specify in remarks)",
"39f73db9-1c1e-4de2-a30d-883021fc746a","D05","CRAM","CRAM.AOS.littoral1","2017-05-03T15:01Z","CRAM.20170503.PHYTOPLANKTON.2","CRAM.20170503.PHYTOPLANKTON.2",,1,"P",5000.0,200.0,1.0,"Sample warmed to a maximum of 5 degrees C for around 15 hours maximum during storage","hbeeler@battelleecology.org","jhudson@neoninc.org","other (specify in remarks)",
"6e6e01ab-f04f-49c9-a73a-86073b205ccd","D05","CRAM","CRAM.AOS.littoral2","2017-05-03T15:01Z","CRAM.20170503.PHYTOPLANKTON.1","CRAM.20170503.PHYTOPLANKTON.1",,1,"chlorophyll/pheophytin",5000.0,150.0,0.9,,"hbeeler@battelleecology.org","jhudson@neoninc.org","OK",
"1925e8c3-9691-4162-80a4-2a60284cb2e6","D05","CRAM","CRAM.AOS.riparian.point.01","2017-05-04T15:01Z","CRAM.20170504.EPIXYLON.1","CRAM.20170504.EPIXYLON.1",,2,"chlorophyll/pheophytin",130.0,4.0,0.2,,"hbeeler@battelleecology.org","jhudson@neoninc.org","OK",
"3ae14d52-f16f-4df9-ab5e-1be8dc44df4f","D05","CRAM","CRAM.AOS.riparian.point.05","2017-05-04T15:01Z","CRAM.20170504.EPIXYLON.5","CRAM.20170504.EPIXYLON.5",,2,"CN",134.0,4.0,0.2,"Sample warmed to a maximum of 5 degrees C for around 15 hours maximum during storage","hbeeler@battelleecology.org","jhudson@neoninc.org","other (specify in remarks)",
"db8fd778-6ca3-4abb-8507-5637ea7405c2","D05","CRAM","CRAM.AOS.riparian.point.01","2017-05-04T15:01Z","CRAM.20170504.EPIXYLON.1","CRAM.20170504.EPIXYLON.1",,1,"CN",130.0,4.0,0.2,"Sample warmed to a maximum of 5 degrees C for around 15 hours maximum during storage","hbeeler@battelleecology.org","jhudson@neoninc.org","other (specify in remarks)",
"b54f1ac0-28fc-4af9-9f8d-df7a007968e2","D05","CRAM","CRAM.AOS.riparian.point.09","2017-05-04T15:01Z","CRAM.20170504.EPIXYLON.9","CRAM.20170504.EPIXYLON.9",,1,"chlorophyll/pheophytin",124.0,4.0,0.2,,"hbeeler@battelleecology.org","jhudson@neoninc.org","OK",
"6544a5b2-1062-46f5-9ead-ecbdf0ce8b8e","D05","CRAM","CRAM.AOS.riparian.point.01","2017-05-04T15:01Z","CRAM.20170504.EPIXYLON.1","CRAM.20170504.EPIXYLON.1",,1,"P",130.0,4.0,0.2,"Sample warmed to a maximum of 5 degrees C for around 15 hours maximum during storage","hbeeler@battelleecology.org","jhudson@neoninc.org","other (specify in remarks)",
"e2d97e40-4861-4605-9aae-f3a09bd5d674","D05","CRAM","CRAM.AOS.riparian.point.09","2017-05-04T15:01Z","CRAM.20170504.EPIXYLON.9","CRAM.20170504.EPIXYLON.9",,1,"CN",124.0,4.0,0.2,"Sample warmed to a maximum of 5 degrees C for around 15 hours maximum during storage","hbeeler@battelleecology.org","jhudson@neoninc.org","other (specify in remarks)",
"8562642f-9169-43ea-a2a9-862e89bd12b2","D05","CRAM","CRAM.AOS.riparian.point.09","2017-05-04T15:01Z","CRAM.20170504.EPIXYLON.9","CRAM.20170504.EPIXYLON.9",,1,"P",124.0,4.0,0.2,"Sample warmed to a maximum of 5 degrees C for around 15 hours maximum during storage","hbeeler@battelleecology.org","jhudson@neoninc.org","other (specify in remarks)",
"11b4d56e-f773-46c8-aef3-6607d7ca275e","D05","CRAM","CRAM.AOS.riparian.point.05","2017-05-04T15:01Z","CRAM.20170504.EPIXYLON.5","CRAM.20170504.EPIXYLON.5",,1,"CNS",134.0,5.0,0.2,"Sample warmed to a maximum of 5 degrees C for around 15 hours maximum during storage","hbeeler@battelleecology.org","jhudson@neoninc.org","other (specify in remarks)",
"1eb6774f-dfc1-43d6-9e43-2178b5012be9","D05","CRAM","CRAM.AOS.riparian.point.07","2017-05-04T15:01Z","CRAM.20170504.EPIXYLON.7","CRAM.20170504.EPIXYLON.7",,1,"CN",134.0,4.0,0.2,"Sample warmed to a maximum of 5 degrees C for around 15 hours maximum during storage","hbeeler@battelleecology.org","jhudson@neoninc.org","other (specify in remarks)",
"5bb77870-984d-4947-a96d-3fbb97bbed7c","D05","CRAM","CRAM.AOS.riparian.point.07","2017-05-04T15:01Z","CRAM.20170504.EPIXYLON.7","CRAM.20170504.EPIXYLON.7",,1,"chlorophyll/pheophytin",134.0,4.0,0.2,,"hbeeler@battelleecology.org","jhudson@neoninc.org","OK",
"12f0346b-f4f3-4557-a91c-91bcbec8e71d","D05","CRAM","CRAM.AOS.riparian.point.01","2017-05-04T15:01Z","CRAM.20170504.EPIXYLON.1","CRAM.20170504.EPIXYLON.1",,1,"chlorophyll/pheophytin",130.0,4.0,0.2,,"hbeeler@battelleecology.org","jhudson@neoninc.org","OK",
"385e7c17-a047-4f8d-a96d-1b1d46b64734","D05","CRAM","CRAM.AOS.riparian.point.09","2017-05-04T15:01Z","CRAM.20170504.EPIXYLON.9","CRAM.20170504.EPIXYLON.9",,1,"CNS",124.0,5.0,0.2,"Sample warmed to a maximum of 5 degrees C for around 15 hours maximum during storage","hbeeler@battelleecology.org","jhudson@neoninc.org","other (specify in remarks)",
"186b8393-fb22-4130-b5e5-750b68bc90ab","D05","CRAM","CRAM.AOS.riparian.point.03","2017-05-04T15:01Z","CRAM.20170504.EPIXYLON.3","CRAM.20170504.EPIXYLON.3",,1,"CN",132.0,4.0,0.2,"Sample warmed to a maximum of 5 degrees C for around 15 hours maximum during storage","hbeeler@battelleecology.org","jhudson@neoninc.org","other (specify in remarks)",
"4e626b0f-699f-41ba-8400-656cccf91d41","D05","CRAM","CRAM.AOS.riparian.point.01","2017-05-04T15:01Z","CRAM.20170504.EPIXYLON.1","CRAM.20170504.EPIXYLON.1",,2,"CN",130.0,4.0,0.2,"Sample warmed to a maximum of 5 degrees C for around 15 hours maximum during storage","hbeeler@battelleecology.org","jhudson@neoninc.org","other (specify in remarks)",
"b67b7a45-4ed2-4fba-aea1-431a0b1076d0","D05","CRAM","CRAM.AOS.riparian.point.09","2017-05-04T15:01Z","CRAM.20170504.EPIXYLON.9","CRAM.20170504.EPIXYLON.9",,2,"chlorophyll/pheophytin",124.0,4.0,0.2,,"hbeeler@battelleecology.org","jhudson@neoninc.org","OK",
"13b9a60e-efa0-4a2c-ac18-9d39f2b06e6e","D05","CRAM","CRAM.AOS.riparian.point.07","2017-05-04T15:01Z","CRAM.20170504.EPIXYLON.7","CRAM.20170504.EPIXYLON.7",,1,"CNS",134.0,5.0,0.2,"Sample warmed to a maximum of 5 degrees C for around 15 hours maximum during storage","hbeeler@battelleecology.org","jhudson@neoninc.org","other (specify in remarks)",
"bcf58c18-06e6-48bc-99d3-41715e36afc5","D05","CRAM","CRAM.AOS.riparian.point.07","2017-05-04T15:01Z","CRAM.20170504.EPIXYLON.7","CRAM.20170504.EPIXYLON.7",,1,"P",134.0,4.0,0.2,"Sample warmed to a maximum of 5 degrees C for around 15 hours maximum during storage","hbeeler@battelleecology.org","jhudson@neoninc.org","other (specify in remarks)",
"af60c2b4-181d-479e-8b23-f3f6d191a4fd","D05","CRAM","CRAM.AOS.riparian.point.07","2017-05-04T15:01Z","CRAM.20170504.EPIXYLON.7","CRAM.20170504.EPIXYLON.7",,2,"CN",134.0,4.0,0.2,"Sample warmed to a maximum of 5 degrees C for around 15 hours maximum during storage","hbeeler@battelleecology.org","jhudson@neoninc.org","other (specify in remarks)",
"8a603306-977d-4d41-830f-488e6e0a50db","D05","CRAM","CRAM.AOS.riparian.point.07","2017-05-04T15:01Z","CRAM.20170504.EPIXYLON.7","CRAM.20170504.EPIXYLON.7",,2,"CNS",134.0,5.0,0.2,"Sample warmed to a maximum of 5 degrees C for around 15 hours maximum during storage","hbeeler@battelleecology.org","jhudson@neoninc.org","other (specify in remarks)",
"961f0ff2-f047-4383-a912-d13bc8eb1f6d","D05","CRAM","CRAM.AOS.riparian.point.03","2017-05-04T15:01Z","CRAM.20170504.EPIXYLON.3","CRAM.20170504.EPIXYLON.3",,1,"CNS",132.0,5.0,0.2,"Sample warmed to a maximum of 5 degrees C for around 15 hours maximum during storage","hbeeler@battelleecology.org","jhudson@neoninc.org","other (specify in remarks)",
"a967bebf-b00f-4655-b657-453c54bd001f","D05","CRAM","CRAM.AOS.riparian.point.03","2017-05-04T15:01Z","CRAM.20170504.EPIXYLON.3","CRAM.20170504.EPIXYLON.3",,2,"chlorophyll/pheophytin",132.0,4.0,0.2,,"hbeeler@battelleecology.org","jhudson@neoninc.org","OK",
"84384506-5636-4a57-8e22-f17cf80189e5","D05","CRAM","CRAM.AOS.riparian.point.03","2017-05-04T15:01Z","CRAM.20170504.EPIXYLON.3","CRAM.20170504.EPIXYLON.3",,1,"P",132.0,4.0,0.2,"Sample warmed to a maximum of 5 degrees C for around 15 hours maximum during storage","hbeeler@battelleecology.org","jhudson@neoninc.org","other (specify in remarks)",
"0b4cdef7-ac53-4d9f-a10b-47e8328c9c7f","D05","CRAM","CRAM.AOS.riparian.point.05","2017-05-04T15:01Z","CRAM.20170504.EPIXYLON.5","CRAM.20170504.EPIXYLON.5",,2,"chlorophyll/pheophytin",134.0,4.0,0.2,,"hbeeler@battelleecology.org","jhudson@neoninc.org","OK",
"f0e9f6c3-3403-49a3-bfb1-34447d550322","D05","CRAM","CRAM.AOS.riparian.point.09","2017-05-04T15:01Z","CRAM.20170504.EPIXYLON.9","CRAM.20170504.EPIXYLON.9",,2,"CN",124.0,4.0,0.2,"Sample warmed to a maximum of 5 degrees C for around 15 hours maximum during storage","hbeeler@battelleecology.org","jhudson@neoninc.org","other (specify in remarks)",
"84880bef-abbd-4a94-977c-b8bc4c93a0c8","D05","CRAM","CRAM.AOS.riparian.point.05","2017-05-04T15:01Z","CRAM.20170504.EPIXYLON.5","CRAM.20170504.EPIXYLON.5",,1,"P",134.0,4.0,0.2,"Sample warmed to a maximum of 5 degrees C for around 15 hours maximum during storage","hbeeler@battelleecology.org","jhudson@neoninc.org","other (specify in remarks)",
"f970cf71-40f2-474f-9dd0-ac1dd9b4897e","D05","CRAM","CRAM.AOS.riparian.point.01","2017-05-04T15:01Z","CRAM.20170504.EPIXYLON.1","CRAM.20170504.EPIXYLON.1",,1,"CNS",130.0,4.0,0.2,"Sample warmed to a maximum of 5 degrees C for around 15 hours maximum during storage","hbeeler@battelleecology.org","jhudson@neoninc.org","other (specify in remarks)",
"cce9bb58-6a4c-4aa8-961f-ed846a59587d","D05","CRAM","CRAM.AOS.riparian.point.03","2017-05-04T15:01Z","CRAM.20170504.EPIXYLON.3","CRAM.20170504.EPIXYLON.3",,2,"CNS",132.0,5.0,0.2,"Sample warmed to a maximum of 5 degrees C for around 15 hours maximum during storage","hbeeler@battelleecology.org","jhudson@neoninc.org","other (specify in remarks)",
"cf2b0ccb-e44c-4561-ab9d-29ee17b5bc6c","D05","CRAM","CRAM.AOS.riparian.point.03","2017-05-04T15:01Z","CRAM.20170504.EPIXYLON.3","CRAM.20170504.EPIXYLON.3",,2,"CN",132.0,4.0,0.2,"Sample warmed to a maximum of 5 degrees C for around 15 hours maximum during storage","hbeeler@battelleecology.org","jhudson@neoninc.org","other (specify in remarks)",
"fd816419-8805-401f-aef7-379810160cb2","D05","CRAM","CRAM.AOS.riparian.point.01","2017-05-04T15:01Z","CRAM.20170504.EPIXYLON.1","CRAM.20170504.EPIXYLON.1",,2,"CNS",130.0,4.0,0.2,"Sample warmed to a maximum of 5 degrees C for around 15 hours maximum during storage","hbeeler@battelleecology.org","jhudson@neoninc.org","other (specify in remarks)",
"b68b51b9-81c3-4a71-ac50-eefc504effcb","D05","CRAM","CRAM.AOS.riparian.point.07","2017-05-04T15:01Z","CRAM.20170504.EPIXYLON.7","CRAM.20170504.EPIXYLON.7",,2,"chlorophyll/pheophytin",134.0,4.0,0.2,,"hbeeler@battelleecology.org","jhudson@neoninc.org","OK",
"52417f2a-5841-440d-877d-276943096168","D05","CRAM","CRAM.AOS.riparian.point.03","2017-05-04T15:01Z","CRAM.20170504.EPIXYLON.3","CRAM.20170504.EPIXYLON.3",,1,"chlorophyll/pheophytin",132.0,4.0,0.2,,"hbeeler@battelleecology.org","jhudson@neoninc.org","OK",
"b16ccd51-cd99-474a-bad0-5dd3e74f270c","D05","CRAM","CRAM.AOS.riparian.point.09","2017-05-04T15:01Z","CRAM.20170504.EPIXYLON.9","CRAM.20170504.EPIXYLON.9",,2,"CNS",124.0,5.0,0.2,"Sample warmed to a maximum of 5 degrees C for around 15 hours maximum during storage","hbeeler@battelleecology.org","jhudson@neoninc.org","other (specify in remarks)",
"e6a599f0-6164-43ce-9798-a6db56755d12","D05","CRAM","CRAM.AOS.riparian.point.05","2017-05-04T15:01Z","CRAM.20170504.EPIXYLON.5","CRAM.20170504.EPIXYLON.5",,1,"CN",134.0,4.0,0.2,"Sample warmed to a maximum of 5 degrees C for around 15 hours maximum during storage","hbeeler@battelleecology.org","jhudson@neoninc.org","other (specify in remarks)",
"0b17eac8-b6e6-411d-86c1-f4c7e5522a87","D05","CRAM","CRAM.AOS.riparian.point.05","2017-05-04T15:01Z","CRAM.20170504.EPIXYLON.5","CRAM.20170504.EPIXYLON.5",,1,"chlorophyll/pheophytin",134.0,4.0,0.2,,"hbeeler@battelleecology.org","jhudson@neoninc.org","OK",
"bca314e2-b767-45a5-8077-027d82574276","D05","CRAM","CRAM.AOS.riparian.point.05","2017-05-04T15:01Z","CRAM.20170504.EPIXYLON.5","CRAM.20170504.EPIXYLON.5",,2,"CNS",134.0,5.0,0.2,"Sample warmed to a maximum of 5 degrees C for around 15 hours maximum during storage","hbeeler@battelleecology.org","jhudson@neoninc.org","other (specify in remarks)",
