uid,domainID,siteID,namedLocation,collectDate,sampleID,sampleCode,sampleCondition,laboratoryName,analysisDate,analyzedBy,sampleType,replicate,sampleVolumeFiltered,filterSize,percentFilterAnalyzed,dilutionFactor,solventVolume,responseFactor,acidificationResponseFactor,fluorometerSensitivitySetting,preAcidificationFluorescence,postAcidificationFluorescence,analyte,analyteConcentration,plantAlgaeLabUnits,testMethod,method,acidTreatment,externalRemarks,externalLabDataQF
"04ebfd61-4d41-4ad5-9e1a-d9ef8be5a5dd","D03","BARC","BARC.AOS.riparian.point.03","2018-02-21","BARC.20180221.EPIPHYTON.3.CNSA.1",,"condition ok","SIRFER Lab at University of Utah","2018-10-02","ElFtGy1kV49xqNP00HfxQA==","CNS","1",,25,100,,,,,,,,"carbon",53134.34,"microgramsPerLiter","SIRFER_algalPlantChem_isotopes_V1","Revesz & Coplen 2012a","N",,
"f6f2ac1d-9f3e-449e-a503-a630e84f3e21","D03","BARC","BARC.AOS.littoral1","2018-02-21","BARC.20180221.PHYTOPLANKTON.2.CNSA.1",,"condition ok","SIRFER Lab at University of Utah","2018-10-01","ElFtGy1kV49xqNP00HfxQA==","CNS","1",,25,100,,,,,,,,"nitrogen",73.36,"microgramsPerLiter","SIRFER_algalPlantChem_isotopes_V1","Revesz & Coplen 2012a",,,
"e794388c-4365-48aa-bb35-3614df110338","D03","BARC","BARC.AOS.riparian.point.05","2018-02-21","BARC.20180221.EPIPHYTON.5.CNSA.1",,"condition ok","SIRFER Lab at University of Utah","2018-10-02","ElFtGy1kV49xqNP00HfxQA==","CNS","1",,25,100,,,,,,,,"d34S",7.98,"perMill","SIRFER_algalPlantChem_isotopes_V1","Revesz & Coplen 2012b",,,
"76944a61-115a-4fb2-b51b-a9a4ed046a2b","D03","BARC","BARC.AOS.riparian.point.05","2018-02-21","BARC.20180221.EPIPHYTON.5.CNSA.1",,"condition ok","SIRFER Lab at University of Utah","2018-10-02","ElFtGy1kV49xqNP00HfxQA==","CNS","1",,25,100,,,,,,,,"d15N",-4.28,"perMill","SIRFER_algalPlantChem_isotopes_V1","Revesz & Coplen 2012a",,,
"134aaadc-7572-4545-b289-a007faf18d36","D03","BARC","BARC.AOS.buoy.c0","2018-02-21","BARC.20180221.PHYTOPLANKTON.1.CNSA.1",,"condition ok","SIRFER Lab at University of Utah","2018-10-01","ElFtGy1kV49xqNP00HfxQA==","CNS","1",,25,100,,,,,,,,"nitrogen",49.07,"microgramsPerLiter","SIRFER_algalPlantChem_isotopes_V1","Revesz & Coplen 2012a",,,
"56b1a897-a9c7-4559-a052-282bcc41fdbf","D03","BARC","BARC.AOS.buoy.c0","2018-02-21","BARC.20180221.PHYTOPLANKTON.1.CNSA.1",,"condition ok","SIRFER Lab at University of Utah","2018-10-01","ElFtGy1kV49xqNP00HfxQA==","CNS","1",,25,100,,,,,,,,"d34S",8.40,"perMill","SIRFER_algalPlantChem_isotopes_V1","Revesz & Coplen 2012b",,,
"8b230be4-29ca-402c-ad59-acfde8b6df60","D03","BARC","BARC.AOS.riparian.point.07","2018-02-21","BARC.20180221.EPIPHYTON.7.CNSA.1",,"condition ok","SIRFER Lab at University of Utah","2018-10-02","ElFtGy1kV49xqNP00HfxQA==","CNS","1",,25,100,,,,,,,,"d13C",-27.33,"perMill","SIRFER_algalPlantChem_isotopes_V1","Revesz & Coplen 2012a","N",,
"63bce5ab-883e-45e9-b6a5-a99a79d06363","D03","BARC","BARC.AOS.buoy.c0","2018-02-21","BARC.20180221.PHYTOPLANKTON.1.CNSA.1",,"condition ok","SIRFER Lab at University of Utah","2018-10-01","ElFtGy1kV49xqNP00HfxQA==","CNS","1",,25,100,,,,,,,,"carbon",273.36,"microgramsPerLiter","SIRFER_algalPlantChem_isotopes_V1","Revesz & Coplen 2012a","N",,
"b897c207-882a-465b-a75a-a692cd31c05d","D03","BARC","BARC.AOS.buoy.c0","2018-02-21","BARC.20180221.PHYTOPLANKTON.1.CNSA.1",,"condition ok","SIRFER Lab at University of Utah","2018-10-01","ElFtGy1kV49xqNP00HfxQA==","CNS","1",,25,100,,,,,,,,"d15N",-0.86,"perMill","SIRFER_algalPlantChem_isotopes_V1","Revesz & Coplen 2012a",,,
"2c39b074-26aa-42cf-b0fe-405aaf0bd221","D03","BARC","BARC.AOS.riparian.point.05","2018-02-21","BARC.20180221.EPIPHYTON.5.CNSA.1",,"condition ok","SIRFER Lab at University of Utah","2018-10-02","ElFtGy1kV49xqNP00HfxQA==","CNS","1",,25,100,,,,,,,,"nitrogen",1988.43,"microgramsPerLiter","SIRFER_algalPlantChem_isotopes_V1","Revesz & Coplen 2012a",,,
"41e9c07d-6f44-4cf5-a805-6f46419abca3","D03","BARC","BARC.AOS.riparian.point.09","2018-02-21","BARC.20180221.EPIPHYTON.9.CNSA.1",,"condition ok","SIRFER Lab at University of Utah","2018-10-02","ElFtGy1kV49xqNP00HfxQA==","CNS","1",,25,100,,,,,,,,"sulfur",116.84,"microgramsPerLiter","SIRFER_algalPlantChem_isotopes_V1","Revesz & Coplen 2012b",,,
"f2f8f015-d3f6-4cc5-a89c-c3287ff8a479","D03","BARC","BARC.AOS.riparian.point.07","2018-02-21","BARC.20180221.EPIPHYTON.7.CNSA.1",,"condition ok","SIRFER Lab at University of Utah","2018-10-02","ElFtGy1kV49xqNP00HfxQA==","CNS","1",,25,100,,,,,,,,"carbon",2285.02,"microgramsPerLiter","SIRFER_algalPlantChem_isotopes_V1","Revesz & Coplen 2012a","N",,
"e9a119d5-9ef1-4092-a7a6-689882aca9bf","D03","BARC","BARC.AOS.littoral1","2018-02-21","BARC.20180221.PHYTOPLANKTON.2.CNSA.1",,"condition ok","SIRFER Lab at University of Utah","2018-10-01","ElFtGy1kV49xqNP00HfxQA==","CNS","1",,25,100,,,,,,,,"carbon",394.85,"microgramsPerLiter","SIRFER_algalPlantChem_isotopes_V1","Revesz & Coplen 2012a","N",,
"c071d20a-95b0-469c-9306-10afee1b9967","D03","BARC","BARC.AOS.littoral1","2018-02-21","BARC.20180221.PHYTOPLANKTON.2.CNSA.1",,"condition ok","SIRFER Lab at University of Utah","2018-10-01","ElFtGy1kV49xqNP00HfxQA==","CNS","1",,25,100,,,,,,,,"d15N",-1.72,"perMill","SIRFER_algalPlantChem_isotopes_V1","Revesz & Coplen 2012a",,,
"6cc1b786-2ac8-4ba2-89ff-33e53667420f","D03","BARC","BARC.AOS.riparian.point.03","2018-02-21","BARC.20180221.EPIPHYTON.3.CNSA.1",,"condition ok","SIRFER Lab at University of Utah","2018-10-02","ElFtGy1kV49xqNP00HfxQA==","CNS","1",,25,100,,,,,,,,"nitrogen",4944.13,"microgramsPerLiter","SIRFER_algalPlantChem_isotopes_V1","Revesz & Coplen 2012a",,,
"ef888987-38e5-4493-8f69-a2b8a709fa41","D03","BARC","BARC.AOS.riparian.point.09","2018-02-21","BARC.20180221.EPIPHYTON.9.CNSA.1",,"condition ok","SIRFER Lab at University of Utah","2018-10-02","ElFtGy1kV49xqNP00HfxQA==","CNS","1",,25,100,,,,,,,,"d15N",-3.76,"perMill","SIRFER_algalPlantChem_isotopes_V1","Revesz & Coplen 2012a",,,
"e5a46650-2bd2-4f96-abd5-d3b4284f1046","D03","BARC","BARC.AOS.riparian.point.01","2018-02-21","BARC.20180221.EPIPHYTON.1.CNSA.1",,"condition ok","SIRFER Lab at University of Utah","2018-10-02","ElFtGy1kV49xqNP00HfxQA==","CNS","1",,25,100,,,,,,,,"carbon",26457.06,"microgramsPerLiter","SIRFER_algalPlantChem_isotopes_V1","Revesz & Coplen 2012a","N",,
"1b6b7d4c-d85a-40ce-a5fb-ceab13d4bba1","D03","BARC","BARC.AOS.riparian.point.03","2018-02-21","BARC.20180221.EPIPHYTON.3.CNSA.1",,"condition ok","SIRFER Lab at University of Utah","2018-10-02","ElFtGy1kV49xqNP00HfxQA==","CNS","1",,25,100,,,,,,,,"d13C",-29.99,"perMill","SIRFER_algalPlantChem_isotopes_V1","Revesz & Coplen 2012a","N",,
"83ad58a5-6003-4004-ad70-32162a5ef252","D03","BARC","BARC.AOS.littoral1","2018-02-21","BARC.20180221.PHYTOPLANKTON.2.CNSA.1",,"condition ok","SIRFER Lab at University of Utah","2018-10-01","ElFtGy1kV49xqNP00HfxQA==","CNS","1",,25,100,,,,,,,,"d13C",-30.95,"perMill","SIRFER_algalPlantChem_isotopes_V1","Revesz & Coplen 2012a","N",,
"bfaa97a1-62de-48d7-bd70-5b91853d68f9","D03","BARC","BARC.AOS.buoy.c0","2018-02-21","BARC.20180221.PHYTOPLANKTON.1.CNSA.1",,"condition ok","SIRFER Lab at University of Utah","2018-10-01","ElFtGy1kV49xqNP00HfxQA==","CNS","1",,25,100,,,,,,,,"sulfur",3.59,"microgramsPerLiter","SIRFER_algalPlantChem_isotopes_V1","Revesz & Coplen 2012b",,,
"0c67a14e-d8b9-47fb-af2a-bf0adec82d88","D03","BARC","BARC.AOS.riparian.point.01","2018-02-21","BARC.20180221.EPIPHYTON.1.CNSA.1",,"condition ok","SIRFER Lab at University of Utah","2018-10-02","ElFtGy1kV49xqNP00HfxQA==","CNS","1",,25,100,,,,,,,,"sulfur",246.25,"microgramsPerLiter","SIRFER_algalPlantChem_isotopes_V1","Revesz & Coplen 2012b",,,
"5b60b0d3-63b1-49f0-8afc-0b2f796ec32e","D03","BARC","BARC.AOS.riparian.point.03","2018-02-21","BARC.20180221.EPIPHYTON.3.CNSA.1",,"condition ok","SIRFER Lab at University of Utah","2018-10-02","ElFtGy1kV49xqNP00HfxQA==","CNS","1",,25,100,,,,,,,,"d34S",10.17,"perMill","SIRFER_algalPlantChem_isotopes_V1","Revesz & Coplen 2012b",,,
"949697c6-c66f-46e6-8a82-87146f91f8f5","D03","BARC","BARC.AOS.riparian.point.07","2018-02-21","BARC.20180221.EPIPHYTON.7.CNSA.1",,"condition ok","SIRFER Lab at University of Utah","2018-10-02","ElFtGy1kV49xqNP00HfxQA==","CNS","1",,25,100,,,,,,,,"d34S",7.56,"perMill","SIRFER_algalPlantChem_isotopes_V1","Revesz & Coplen 2012b",,,
"c1de49d1-24fd-40ce-addf-d78e16a36d5c","D03","BARC","BARC.AOS.riparian.point.01","2018-02-21","BARC.20180221.EPIPHYTON.1.CNSA.1",,"condition ok","SIRFER Lab at University of Utah","2018-10-02","ElFtGy1kV49xqNP00HfxQA==","CNS","1",,25,100,,,,,,,,"d34S",9.51,"perMill","SIRFER_algalPlantChem_isotopes_V1","Revesz & Coplen 2012b",,,
"24438e5c-713e-4460-b495-cc054b4ae84f","D03","BARC","BARC.AOS.littoral2","2018-02-21","BARC.20180221.PHYTOPLANKTON.3.CNSA.1",,"condition ok","SIRFER Lab at University of Utah","2018-10-01","ElFtGy1kV49xqNP00HfxQA==","CNS","1",,25,100,,,,,,,,"d15N",-3.20,"perMill","SIRFER_algalPlantChem_isotopes_V1","Revesz & Coplen 2012a",,,
"56163bf7-6bca-4052-9ae0-5129a5facb00","D03","BARC","BARC.AOS.buoy.c0","2018-02-21","BARC.20180221.PHYTOPLANKTON.1.CNSA.1",,"condition ok","SIRFER Lab at University of Utah","2018-10-01","ElFtGy1kV49xqNP00HfxQA==","CNS","1",,25,100,,,,,,,,"d13C",-31.32,"perMill","SIRFER_algalPlantChem_isotopes_V1","Revesz & Coplen 2012a","N",,
"bf9b6c5c-429a-4c20-b23f-0a2311e57d83","D03","BARC","BARC.AOS.riparian.point.09","2018-02-21","BARC.20180221.EPIPHYTON.9.CNSA.1",,"condition ok","SIRFER Lab at University of Utah","2018-10-02","ElFtGy1kV49xqNP00HfxQA==","CNS","1",,25,100,,,,,,,,"nitrogen",1969.05,"microgramsPerLiter","SIRFER_algalPlantChem_isotopes_V1","Revesz & Coplen 2012a",,,
"3645dfbd-642c-4305-be6e-006d58a5b28f","D03","BARC","BARC.AOS.littoral2","2018-02-21","BARC.20180221.PHYTOPLANKTON.3.CNSA.1",,"condition ok","SIRFER Lab at University of Utah","2018-10-01","ElFtGy1kV49xqNP00HfxQA==","CNS","1",,25,100,,,,,,,,"nitrogen",92.49,"microgramsPerLiter","SIRFER_algalPlantChem_isotopes_V1","Revesz & Coplen 2012a",,,
"d697a399-8ddb-4fbd-985c-904c8c7cc23e","D03","BARC","BARC.AOS.littoral2","2018-02-21","BARC.20180221.PHYTOPLANKTON.3.CNSA.1",,"condition ok","SIRFER Lab at University of Utah","2018-10-01","ElFtGy1kV49xqNP00HfxQA==","CNS","1",,25,100,,,,,,,,"d13C",-31.11,"perMill","SIRFER_algalPlantChem_isotopes_V1","Revesz & Coplen 2012a","N",,
"4b415ab0-4758-44af-8333-240d3627a27f","D03","BARC","BARC.AOS.littoral2","2018-02-21","BARC.20180221.PHYTOPLANKTON.3.CNSA.1",,"condition ok","SIRFER Lab at University of Utah","2018-10-01","ElFtGy1kV49xqNP00HfxQA==","CNS","1",,25,100,,,,,,,,"d34S",8.94,"perMill","SIRFER_algalPlantChem_isotopes_V1","Revesz & Coplen 2012b",,,
"e63d45ea-eaef-4320-aafe-1776f6da845d","D03","BARC","BARC.AOS.riparian.point.01","2018-02-21","BARC.20180221.EPIPHYTON.1.CNSA.1",,"condition ok","SIRFER Lab at University of Utah","2018-10-02","ElFtGy1kV49xqNP00HfxQA==","CNS","1",,25,100,,,,,,,,"d13C",-30.70,"perMill","SIRFER_algalPlantChem_isotopes_V1","Revesz & Coplen 2012a","N",,
"05447efd-a0fa-401f-8983-d5eea307296d","D03","BARC","BARC.AOS.riparian.point.03","2018-02-21","BARC.20180221.EPIPHYTON.3.CNSA.1",,"condition ok","SIRFER Lab at University of Utah","2018-10-02","ElFtGy1kV49xqNP00HfxQA==","CNS","1",,25,100,,,,,,,,"d15N",-1.61,"perMill","SIRFER_algalPlantChem_isotopes_V1","Revesz & Coplen 2012a",,,
"3c9c184b-a4fb-486c-9325-49ffc16ee1d2","D03","BARC","BARC.AOS.riparian.point.05","2018-02-21","BARC.20180221.EPIPHYTON.5.CNSA.1",,"condition ok","SIRFER Lab at University of Utah","2018-10-02","ElFtGy1kV49xqNP00HfxQA==","CNS","1",,25,100,,,,,,,,"d13C",-30.19,"perMill","SIRFER_algalPlantChem_isotopes_V1","Revesz & Coplen 2012a","N",,
"d04564b9-1ba7-4734-aae1-e112df4396c5","D03","BARC","BARC.AOS.littoral1","2018-02-21","BARC.20180221.PHYTOPLANKTON.2.CNSA.1",,"condition ok","SIRFER Lab at University of Utah","2018-10-01","ElFtGy1kV49xqNP00HfxQA==","CNS","1",,25,100,,,,,,,,"sulfur",5.49,"microgramsPerLiter","SIRFER_algalPlantChem_isotopes_V1","Revesz & Coplen 2012b",,,
"6182a36a-5891-4cc5-af43-6cdd1dcb0106","D03","BARC","BARC.AOS.riparian.point.07","2018-02-21","BARC.20180221.EPIPHYTON.7.CNSA.1",,"condition ok","SIRFER Lab at University of Utah","2018-10-02","ElFtGy1kV49xqNP00HfxQA==","CNS","1",,25,100,,,,,,,,"sulfur",265.10,"microgramsPerLiter","SIRFER_algalPlantChem_isotopes_V1","Revesz & Coplen 2012b",,,
"8b652644-241f-4c8a-b1e4-19d719b124e9","D03","BARC","BARC.AOS.littoral1","2018-02-21","BARC.20180221.PHYTOPLANKTON.2.CNSA.1",,"condition ok","SIRFER Lab at University of Utah","2018-10-01","ElFtGy1kV49xqNP00HfxQA==","CNS","1",,25,100,,,,,,,,"d34S",9.09,"perMill","SIRFER_algalPlantChem_isotopes_V1","Revesz & Coplen 2012b",,,
"750ed49e-38f7-48d4-9838-dcd4f65e18c0","D03","BARC","BARC.AOS.riparian.point.01","2018-02-21","BARC.20180221.EPIPHYTON.1.CNSA.1",,"condition ok","SIRFER Lab at University of Utah","2018-10-02","ElFtGy1kV49xqNP00HfxQA==","CNS","1",,25,100,,,,,,,,"d15N",-1.99,"perMill","SIRFER_algalPlantChem_isotopes_V1","Revesz & Coplen 2012a",,,
"1edae3d6-540c-4761-b133-356a47b37b15","D03","BARC","BARC.AOS.riparian.point.09","2018-02-21","BARC.20180221.EPIPHYTON.9.CNSA.1",,"condition ok","SIRFER Lab at University of Utah","2018-10-02","ElFtGy1kV49xqNP00HfxQA==","CNS","1",,25,100,,,,,,,,"d34S",7.72,"perMill","SIRFER_algalPlantChem_isotopes_V1","Revesz & Coplen 2012b",,,
"f5eb1273-1a7f-4440-849d-ff1deb5543df","D03","BARC","BARC.AOS.riparian.point.01","2018-02-21","BARC.20180221.EPIPHYTON.1.CNSA.1",,"condition ok","SIRFER Lab at University of Utah","2018-10-02","ElFtGy1kV49xqNP00HfxQA==","CNS","1",,25,100,,,,,,,,"nitrogen",2468.53,"microgramsPerLiter","SIRFER_algalPlantChem_isotopes_V1","Revesz & Coplen 2012a",,,
"9407a33a-087c-4377-bdc2-a4a712222ea6","D03","BARC","BARC.AOS.riparian.point.05","2018-02-21","BARC.20180221.EPIPHYTON.5.CNSA.1",,"condition ok","SIRFER Lab at University of Utah","2018-10-02","ElFtGy1kV49xqNP00HfxQA==","CNS","1",,25,100,,,,,,,,"carbon",14819.26,"microgramsPerLiter","SIRFER_algalPlantChem_isotopes_V1","Revesz & Coplen 2012a","N",,
"14320caf-80f9-4eae-9172-19278c3f7f6a","D03","BARC","BARC.AOS.riparian.point.09","2018-02-21","BARC.20180221.EPIPHYTON.9.CNSA.1",,"condition ok","SIRFER Lab at University of Utah","2018-10-02","ElFtGy1kV49xqNP00HfxQA==","CNS","1",,25,100,,,,,,,,"d13C",-29.74,"perMill","SIRFER_algalPlantChem_isotopes_V1","Revesz & Coplen 2012a","N",,
"324c89df-4a4d-424d-b21e-f92db5d1ce12","D03","BARC","BARC.AOS.riparian.point.05","2018-02-21","BARC.20180221.EPIPHYTON.5.CNSA.1",,"condition ok","SIRFER Lab at University of Utah","2018-10-02","ElFtGy1kV49xqNP00HfxQA==","CNS","1",,25,100,,,,,,,,"sulfur",151.05,"microgramsPerLiter","SIRFER_algalPlantChem_isotopes_V1","Revesz & Coplen 2012b",,,
"28328d90-b74a-477c-bc1c-07994c34f4cb","D03","BARC","BARC.AOS.littoral2","2018-02-21","BARC.20180221.PHYTOPLANKTON.3.CNSA.1",,"condition ok","SIRFER Lab at University of Utah","2018-10-01","ElFtGy1kV49xqNP00HfxQA==","CNS","1",,25,100,,,,,,,,"carbon",421.51,"microgramsPerLiter","SIRFER_algalPlantChem_isotopes_V1","Revesz & Coplen 2012a","N",,
"0ff77115-a9bf-4baa-b695-1ce2ac22fc57","D03","BARC","BARC.AOS.riparian.point.07","2018-02-21","BARC.20180221.EPIPHYTON.7.CNSA.1",,"condition ok","SIRFER Lab at University of Utah","2018-10-02","ElFtGy1kV49xqNP00HfxQA==","CNS","1",,25,100,,,,,,,,"nitrogen",816.66,"microgramsPerLiter","SIRFER_algalPlantChem_isotopes_V1","Revesz & Coplen 2012a",,,
"4a3f3f83-1886-4fb6-a364-d0ab3bb9adb3","D03","BARC","BARC.AOS.riparian.point.03","2018-02-21","BARC.20180221.EPIPHYTON.3.CNSA.1",,"condition ok","SIRFER Lab at University of Utah","2018-10-02","ElFtGy1kV49xqNP00HfxQA==","CNS","1",,25,100,,,,,,,,"sulfur",594.50,"microgramsPerLiter","SIRFER_algalPlantChem_isotopes_V1","Revesz & Coplen 2012b",,,
"40b58e42-3d87-4ea7-a376-c9950cffd8ae","D03","BARC","BARC.AOS.littoral2","2018-02-21","BARC.20180221.PHYTOPLANKTON.3.CNSA.1",,"condition ok","SIRFER Lab at University of Utah","2018-10-01","ElFtGy1kV49xqNP00HfxQA==","CNS","1",,25,100,,,,,,,,"sulfur",6.05,"microgramsPerLiter","SIRFER_algalPlantChem_isotopes_V1","Revesz & Coplen 2012b",,,
"9cf4eb2a-0899-487a-8165-09a76c148c49","D03","BARC","BARC.AOS.riparian.point.09","2018-02-21","BARC.20180221.EPIPHYTON.9.CNSA.1",,"condition ok","SIRFER Lab at University of Utah","2018-10-02","ElFtGy1kV49xqNP00HfxQA==","CNS","1",,25,100,,,,,,,,"carbon",15744.69,"microgramsPerLiter","SIRFER_algalPlantChem_isotopes_V1","Revesz & Coplen 2012a","N",,
"d5747c5e-f7e9-4762-950b-1dc6d246acf1","D03","BARC","BARC.AOS.riparian.point.07","2018-02-21","BARC.20180221.EPIPHYTON.7.CNSA.1",,"condition ok","SIRFER Lab at University of Utah","2018-10-02","ElFtGy1kV49xqNP00HfxQA==","CNS","1",,25,100,,,,,,,,"d15N",-1.89,"perMill","SIRFER_algalPlantChem_isotopes_V1","Revesz & Coplen 2012a",,,
"82a14fe7-7564-414b-a90f-acbcdb708d28","D03","BARC","BARC.AOS.littoral1","2018-02-21","BARC.20180221.PHYTOPLANKTON.2.REP2.CHL/PHEO.2",,"condition ok","EcoAnalysts Inc.","2018-02-24","0QBDu0lH4MbNq7SOLnQKhA==","chlorophyll/pheophytin","2",150,25,100,,,,,,,,"pheophytin",1.65,"microgramsPerLiter","ECOANALYSTS_algalChlorophyll_V2",,,,
"757abbd7-9667-4359-866a-5653fe0a2858","D03","BARC","BARC.AOS.riparian.point.07","2018-02-21","BARC.20180221.EPIPHYTON.7.CHL/PHEO.1",,"condition ok","EcoAnalysts Inc.","2018-02-24","0QBDu0lH4MbNq7SOLnQKhA==","chlorophyll/pheophytin","1",10,25,100,,,,,,,,"total chlorophyll a",11.71,"microgramsPerLiter","ECOANALYSTS_algalChlorophyll_V2",,,,
"52839440-ee55-4547-8232-bd9da03d77bd","D03","BARC","BARC.AOS.buoy.c0","2018-02-21","BARC.20180221.PHYTOPLANKTON.1.CHL/PHEO.1",,"condition ok","EcoAnalysts Inc.","2018-02-24","0QBDu0lH4MbNq7SOLnQKhA==","chlorophyll/pheophytin","1",250,25,100,,,,,,,,"chlorophyll a",1.33,"microgramsPerLiter","ECOANALYSTS_algalChlorophyll_V2",,,,
"3e967eb1-8946-4150-afac-c49abe1abfe3","D03","BARC","BARC.AOS.littoral2","2018-02-21","BARC.20180221.PHYTOPLANKTON.3.CHL/PHEO.1",,"condition ok","EcoAnalysts Inc.","2018-02-24","0QBDu0lH4MbNq7SOLnQKhA==","chlorophyll/pheophytin","1",150,25,100,,,,,,,,"chlorophyll a",1.09,"microgramsPerLiter","ECOANALYSTS_algalChlorophyll_V2",,,,
"4b70d2a2-3552-4455-a2a0-4550149c9acf","D03","BARC","BARC.AOS.riparian.point.09","2018-02-21","BARC.20180221.EPIPHYTON.9.CHL/PHEO.1",,"condition ok","EcoAnalysts Inc.","2018-02-24","0QBDu0lH4MbNq7SOLnQKhA==","chlorophyll/pheophytin","1",5,25,100,,,,,,,,"pheophytin",94.75,"microgramsPerLiter","ECOANALYSTS_algalChlorophyll_V2",,,,
"f110b23c-e9d3-40c6-a7e9-1f1a279faccd","D03","BARC","BARC.AOS.riparian.point.09","2018-02-21","BARC.20180221.EPIPHYTON.9.CHL/PHEO.1",,"condition ok","EcoAnalysts Inc.","2018-02-24","0QBDu0lH4MbNq7SOLnQKhA==","chlorophyll/pheophytin","1",5,25,100,,,,,,,,"total chlorophyll a",153.57,"microgramsPerLiter","ECOANALYSTS_algalChlorophyll_V2",,,,
"f2fdbeb2-b907-463d-9b1d-b0edb9f28b42","D03","BARC","BARC.AOS.riparian.point.03","2018-02-21","BARC.20180221.EPIPHYTON.3.CHL/PHEO.1",,"condition ok","EcoAnalysts Inc.","2018-02-24","0QBDu0lH4MbNq7SOLnQKhA==","chlorophyll/pheophytin","1",5,25,100,,,,,,,,"chlorophyll a",188.62,"microgramsPerLiter","ECOANALYSTS_algalChlorophyll_V2",,,,
"ef1edd38-8bdc-433f-a1d5-5268d3a95d7a","D03","BARC","BARC.AOS.riparian.point.01","2018-02-21","BARC.20180221.EPIPHYTON.1.CHL/PHEO.1",,"condition ok","EcoAnalysts Inc.","2018-02-24","0QBDu0lH4MbNq7SOLnQKhA==","chlorophyll/pheophytin","1",5,25,100,,,,,,,,"pheophytin",93.21,"microgramsPerLiter","ECOANALYSTS_algalChlorophyll_V2",,,,
"fa38d6ac-334a-4aa0-9b6c-92be839c46e3","D03","BARC","BARC.AOS.riparian.point.01","2018-02-21","BARC.20180221.EPIPHYTON.1.CHL/PHEO.1",,"condition ok","EcoAnalysts Inc.","2018-02-24","0QBDu0lH4MbNq7SOLnQKhA==","chlorophyll/pheophytin","1",5,25,100,,,,,,,,"chlorophyll a",104.16,"microgramsPerLiter","ECOANALYSTS_algalChlorophyll_V2",,,,
"b561e269-f18f-4b09-9db7-0d6d078017f4","D03","BARC","BARC.AOS.riparian.point.03","2018-02-21","BARC.20180221.EPIPHYTON.3.CHL/PHEO.1",,"condition ok","EcoAnalysts Inc.","2018-02-24","0QBDu0lH4MbNq7SOLnQKhA==","chlorophyll/pheophytin","1",5,25,100,,,,,,,,"total chlorophyll a",279.54,"microgramsPerLiter","ECOANALYSTS_algalChlorophyll_V2",,,,
"e40d0c97-2619-4071-8ece-5f62a235c964","D03","BARC","BARC.AOS.riparian.point.07","2018-02-21","BARC.20180221.EPIPHYTON.7.CHL/PHEO.1",,"condition ok","EcoAnalysts Inc.","2018-02-24","0QBDu0lH4MbNq7SOLnQKhA==","chlorophyll/pheophytin","1",10,25,100,,,,,,,,"pheophytin",6.69,"microgramsPerLiter","ECOANALYSTS_algalChlorophyll_V2",,,,
"2c00f5fd-9a43-4ce6-9bc6-d321866d56ef","D03","BARC","BARC.AOS.littoral1","2018-02-21","BARC.20180221.PHYTOPLANKTON.2.REP2.CHL/PHEO.2",,"condition ok","EcoAnalysts Inc.","2018-02-24","0QBDu0lH4MbNq7SOLnQKhA==","chlorophyll/pheophytin","2",150,25,100,,,,,,,,"chlorophyll a",1.33,"microgramsPerLiter","ECOANALYSTS_algalChlorophyll_V2",,,,
"5b106e1e-6bc6-495b-96be-9320462d2aa5","D03","BARC","BARC.AOS.littoral1","2018-02-21","BARC.20180221.PHYTOPLANKTON.2.CHL/PHEO.1",,"condition ok","EcoAnalysts Inc.","2018-02-24","0QBDu0lH4MbNq7SOLnQKhA==","chlorophyll/pheophytin","1",150,25,100,,,,,,,,"pheophytin",1.18,"microgramsPerLiter","ECOANALYSTS_algalChlorophyll_V2",,,,
"a4bc2f56-a1bb-40c3-a357-91242807c79d","D03","BARC","BARC.AOS.riparian.point.09","2018-02-21","BARC.20180221.EPIPHYTON.9.CHL/PHEO.1",,"condition ok","EcoAnalysts Inc.","2018-02-24","0QBDu0lH4MbNq7SOLnQKhA==","chlorophyll/pheophytin","1",5,25,100,,,,,,,,"chlorophyll a",105.52,"microgramsPerLiter","ECOANALYSTS_algalChlorophyll_V2",,,,
"8ffb7203-2c68-46a8-a1b7-09c2c88ff13a","D03","BARC","BARC.AOS.riparian.point.05","2018-02-21","BARC.20180221.EPIPHYTON.5.CHL/PHEO.1",,"condition ok","EcoAnalysts Inc.","2018-02-24","0QBDu0lH4MbNq7SOLnQKhA==","chlorophyll/pheophytin","1",10,25,100,,,,,,,,"pheophytin",57.43,"microgramsPerLiter","ECOANALYSTS_algalChlorophyll_V2",,,,
"02ed7c1b-fabc-49cb-a842-ee0294f2a73b","D03","BARC","BARC.AOS.buoy.c0","2018-02-21","BARC.20180221.PHYTOPLANKTON.1.CHL/PHEO.1",,"condition ok","EcoAnalysts Inc.","2018-02-24","0QBDu0lH4MbNq7SOLnQKhA==","chlorophyll/pheophytin","1",250,25,100,,,,,,,,"total chlorophyll a",1.99,"microgramsPerLiter","ECOANALYSTS_algalChlorophyll_V2",,,,
"00b6d827-a190-4d98-b42a-7116a2b2ad70","D03","BARC","BARC.AOS.littoral2","2018-02-21","BARC.20180221.PHYTOPLANKTON.3.CHL/PHEO.1",,"condition ok","EcoAnalysts Inc.","2018-02-24","0QBDu0lH4MbNq7SOLnQKhA==","chlorophyll/pheophytin","1",150,25,100,,,,,,,,"total chlorophyll a",1.59,"microgramsPerLiter","ECOANALYSTS_algalChlorophyll_V2",,,,
"e18e3530-bc4d-46e1-871c-231d8d13f3d8","D03","BARC","BARC.AOS.littoral1","2018-02-21","BARC.20180221.PHYTOPLANKTON.2.REP2.CHL/PHEO.2",,"condition ok","EcoAnalysts Inc.","2018-02-24","0QBDu0lH4MbNq7SOLnQKhA==","chlorophyll/pheophytin","2",150,25,100,,,,,,,,"total chlorophyll a",2.16,"microgramsPerLiter","ECOANALYSTS_algalChlorophyll_V2",,,,
"78fec815-c254-4e49-8f68-d1d52a2548d8","D03","BARC","BARC.AOS.littoral1","2018-02-21","BARC.20180221.PHYTOPLANKTON.2.CHL/PHEO.1",,"condition ok","EcoAnalysts Inc.","2018-02-24","0QBDu0lH4MbNq7SOLnQKhA==","chlorophyll/pheophytin","1",150,25,100,,,,,,,,"chlorophyll a",1.18,"microgramsPerLiter","ECOANALYSTS_algalChlorophyll_V2",,,,
"ccc05da7-4dcf-432a-821c-879111fcebcf","D03","BARC","BARC.AOS.littoral2","2018-02-21","BARC.20180221.PHYTOPLANKTON.3.CHL/PHEO.1",,"condition ok","EcoAnalysts Inc.","2018-02-24","0QBDu0lH4MbNq7SOLnQKhA==","chlorophyll/pheophytin","1",150,25,100,,,,,,,,"pheophytin",0.99,"microgramsPerLiter","ECOANALYSTS_algalChlorophyll_V2",,,,
"2b88d28f-1774-431a-9718-6083b2f35aa1","D03","BARC","BARC.AOS.riparian.point.05","2018-02-21","BARC.20180221.EPIPHYTON.5.CHL/PHEO.1",,"condition ok","EcoAnalysts Inc.","2018-02-24","0QBDu0lH4MbNq7SOLnQKhA==","chlorophyll/pheophytin","1",10,25,100,,,,,,,,"chlorophyll a",70.73,"microgramsPerLiter","ECOANALYSTS_algalChlorophyll_V2",,,,
"50538987-e5cf-4c12-842d-a56d7dcafaf0","D03","BARC","BARC.AOS.riparian.point.05","2018-02-21","BARC.20180221.EPIPHYTON.5.CHL/PHEO.1",,"condition ok","EcoAnalysts Inc.","2018-02-24","0QBDu0lH4MbNq7SOLnQKhA==","chlorophyll/pheophytin","1",10,25,100,,,,,,,,"total chlorophyll a",99.86,"microgramsPerLiter","ECOANALYSTS_algalChlorophyll_V2",,,,
"85980042-59be-4766-a0e6-d75b14f3cb68","D03","BARC","BARC.AOS.riparian.point.07","2018-02-21","BARC.20180221.EPIPHYTON.7.CHL/PHEO.1",,"condition ok","EcoAnalysts Inc.","2018-02-24","0QBDu0lH4MbNq7SOLnQKhA==","chlorophyll/pheophytin","1",10,25,100,,,,,,,,"chlorophyll a",8.32,"microgramsPerLiter","ECOANALYSTS_algalChlorophyll_V2",,,,
"f61f71fa-a2aa-48f0-ac1a-93a7dd1d30c2","D03","BARC","BARC.AOS.buoy.c0","2018-02-21","BARC.20180221.PHYTOPLANKTON.1.CHL/PHEO.1",,"condition ok","EcoAnalysts Inc.","2018-02-24","0QBDu0lH4MbNq7SOLnQKhA==","chlorophyll/pheophytin","1",250,25,100,,,,,,,,"pheophytin",1.29,"microgramsPerLiter","ECOANALYSTS_algalChlorophyll_V2",,,,
"25a3e05a-f618-4f75-b5ec-ab3e3f799ae1","D03","BARC","BARC.AOS.littoral1","2018-02-21","BARC.20180221.PHYTOPLANKTON.2.CHL/PHEO.1",,"condition ok","EcoAnalysts Inc.","2018-02-24","0QBDu0lH4MbNq7SOLnQKhA==","chlorophyll/pheophytin","1",150,25,100,,,,,,,,"total chlorophyll a",1.78,"microgramsPerLiter","ECOANALYSTS_algalChlorophyll_V2",,,,
"988ec6f3-933b-48bc-bdd6-0115088daf9c","D03","BARC","BARC.AOS.riparian.point.03","2018-02-21","BARC.20180221.EPIPHYTON.3.CHL/PHEO.1",,"condition ok","EcoAnalysts Inc.","2018-02-24","0QBDu0lH4MbNq7SOLnQKhA==","chlorophyll/pheophytin","1",5,25,100,,,,,,,,"pheophytin",179.27,"microgramsPerLiter","ECOANALYSTS_algalChlorophyll_V2",,,,
"09af0f06-35ef-4bac-b426-d91d22509b10","D03","BARC","BARC.AOS.riparian.point.01","2018-02-21","BARC.20180221.EPIPHYTON.1.CHL/PHEO.1",,"condition ok","EcoAnalysts Inc.","2018-02-24","0QBDu0lH4MbNq7SOLnQKhA==","chlorophyll/pheophytin","1",5,25,100,,,,,,,,"total chlorophyll a",151.43,"microgramsPerLiter","ECOANALYSTS_algalChlorophyll_V2",,,,
