uid,domainID,siteID,namedLocation,collectDate,parentSampleID,sampleID,sampleCode,filterNumber,analysisType,fieldSampleVolume,domainFilterVolume,storageDays,remarks,measuredBy,recordedBy,sampleCondition,dataQF
"53d33709-550c-42d7-bdda-ef32e909cf54","D03","BARC","BARC.AOS.riparian.point.03","2018-02-21T16:48Z","BARC.20180221.EPIPHYTON.3","BARC.20180221.EPIPHYTON.3.P.1",,1,"P",125.0,7.0,0.2,,"kross@BattelleEcology.org","jcampbell@field-ops.org","OK",
"51a86e60-6c26-4019-a249-56568cbaa1ce","D03","BARC","BARC.AOS.riparian.point.07","2018-02-21T16:48Z","BARC.20180221.EPIPHYTON.7","BARC.20180221.EPIPHYTON.7.P.1",,1,"P",125.0,10.0,0.3,,"kross@BattelleEcology.org","jcampbell@field-ops.org","OK",
"16dab174-9c9e-4cec-b945-b09c0e3deecb","D03","BARC","BARC.AOS.riparian.point.03","2018-02-21T16:48Z","BARC.20180221.EPIPHYTON.3","BARC.20180221.EPIPHYTON.3.CNSA.1",,1,"CNSa",125.0,7.0,0.2,,"kross@BattelleEcology.org","jcampbell@field-ops.org","OK",
"eb8a47cd-0e36-4d46-8464-b3a0b164ecef","D03","BARC","BARC.AOS.riparian.point.07","2018-02-21T16:48Z","BARC.20180221.EPIPHYTON.7","BARC.20180221.EPIPHYTON.7.CNSA.1",,1,"CNSa",125.0,10.0,0.3,,"kross@BattelleEcology.org","jcampbell@field-ops.org","OK",
"104a52f5-83e9-48c2-bf0b-d16b1464d467","D03","BARC","BARC.AOS.riparian.point.03","2018-02-21T16:48Z","BARC.20180221.EPIPHYTON.3","BARC.20180221.EPIPHYTON.3.CNSB.1",,1,"CNSb",125.0,7.0,0.2,,"kross@BattelleEcology.org","jcampbell@field-ops.org","OK",
"6519f710-4d04-4c05-a51a-8ad2f3efa3b7","D03","BARC","BARC.AOS.riparian.point.03","2018-02-21T16:48Z","BARC.20180221.EPIPHYTON.3","BARC.20180221.EPIPHYTON.3.CHL/PHEO.1",,1,"chlorophyll/pheophytin",125.0,5.0,0.2,,"kross@BattelleEcology.org","jcampbell@field-ops.org","OK",
"d27f0d30-a8cc-4efc-84eb-a1acd862bd5c","D03","BARC","BARC.AOS.riparian.point.07","2018-02-21T16:48Z","BARC.20180221.EPIPHYTON.7","BARC.20180221.EPIPHYTON.7.CNSB.1",,1,"CNSb",125.0,10.0,0.3,,"kross@BattelleEcology.org","jcampbell@field-ops.org","OK",
"7fb26a4d-8c0b-4102-912d-374321112675","D03","BARC","BARC.AOS.riparian.point.07","2018-02-21T16:48Z","BARC.20180221.EPIPHYTON.7","BARC.20180221.EPIPHYTON.7.CHL/PHEO.1",,1,"chlorophyll/pheophytin",125.0,10.0,0.3,,"kross@BattelleEcology.org","jcampbell@field-ops.org","OK",
"28a40327-a705-41f4-927f-14199fffc78f","D03","BARC","BARC.AOS.littoral1","2018-02-21T16:48Z","BARC.20180221.PHYTOPLANKTON.2","BARC.20180221.PHYTOPLANKTON.2.REP2.P.2",,2,"P",6000.0,150.0,0.2,,"kross@BattelleEcology.org","jcampbell@field-ops.org","OK",
"71e0ca28-0362-470a-8c54-befdb7e677ac","D03","BARC","BARC.AOS.buoy.c0","2018-02-21T16:48Z","BARC.20180221.PHYTOPLANKTON.1","BARC.20180221.PHYTOPLANKTON.1.CNSA.1",,1,"CNSa",4000.0,500.0,0.2,,"kross@BattelleEcology.org","jcampbell@field-ops.org","OK",
"4ce7c8bf-42de-4ef8-9f20-1dd9b02898d9","D03","BARC","BARC.AOS.littoral1","2018-02-21T16:48Z","BARC.20180221.PHYTOPLANKTON.2","BARC.20180221.PHYTOPLANKTON.2.P.1",,1,"P",6000.0,150.0,0.2,,"kross@BattelleEcology.org","jcampbell@field-ops.org","OK",
"f3f541a5-fde6-4d30-b5b4-c814425100f7","D03","BARC","BARC.AOS.littoral1","2018-02-21T16:48Z","BARC.20180221.PHYTOPLANKTON.2","BARC.20180221.PHYTOPLANKTON.2.REP2.CHL/PHEO.2",,2,"chlorophyll/pheophytin",6000.0,150.0,0.2,,"kross@BattelleEcology.org","jcampbell@field-ops.org","OK",
"5af721a3-c62c-42ee-8fad-c72cd09c0879","D03","BARC","BARC.AOS.littoral2","2018-02-21T16:48Z","BARC.20180221.PHYTOPLANKTON.3","BARC.20180221.PHYTOPLANKTON.3.CNSB.1",,1,"CNSb",4000.0,150.0,0.3,,"kross@BattelleEcology.org","jcampbell@field-ops.org","OK",
"2d587865-10e9-4a15-b9c5-d6660f63e66d","D03","BARC","BARC.AOS.littoral2","2018-02-21T16:48Z","BARC.20180221.PHYTOPLANKTON.3","BARC.20180221.PHYTOPLANKTON.3.CHL/PHEO.1",,1,"chlorophyll/pheophytin",4000.0,150.0,0.3,,"kross@BattelleEcology.org","jcampbell@field-ops.org","OK",
"ec038b2b-57a9-4669-abac-3578eee0c84f","D03","BARC","BARC.AOS.littoral2","2018-02-21T16:48Z","BARC.20180221.PHYTOPLANKTON.3","BARC.20180221.PHYTOPLANKTON.3.P.1",,1,"P",4000.0,150.0,0.3,,"kross@BattelleEcology.org","jcampbell@field-ops.org","OK",
"1e3ee28c-da5f-4b41-802c-502d75cecdca","D03","BARC","BARC.AOS.buoy.c0","2018-02-21T16:48Z","BARC.20180221.PHYTOPLANKTON.1","BARC.20180221.PHYTOPLANKTON.1.P.1",,1,"P",4000.0,500.0,0.2,,"kross@BattelleEcology.org","jcampbell@field-ops.org","OK",
"d74b8bd6-eeae-4460-bed5-704bf9aa2208","D03","BARC","BARC.AOS.buoy.c0","2018-02-21T16:48Z","BARC.20180221.PHYTOPLANKTON.1","BARC.20180221.PHYTOPLANKTON.1.CHL/PHEO.1",,1,"chlorophyll/pheophytin",4000.0,250.0,0.2,,"kross@BattelleEcology.org","jcampbell@field-ops.org","OK",
"7c3d3ed6-e16c-4651-a020-ea4e482aa793","D03","BARC","BARC.AOS.buoy.c0","2018-02-21T16:48Z","BARC.20180221.PHYTOPLANKTON.1","BARC.20180221.PHYTOPLANKTON.1.CNSB.1",,1,"CNSb",4000.0,500.0,0.2,,"kross@BattelleEcology.org","jcampbell@field-ops.org","OK",
"b7e06144-36b0-499d-9414-ba3446a70ad9","D03","BARC","BARC.AOS.littoral1","2018-02-21T16:48Z","BARC.20180221.PHYTOPLANKTON.2","BARC.20180221.PHYTOPLANKTON.2.CNSA.1",,1,"CNSa",6000.0,250.0,0.2,,"kross@BattelleEcology.org","jcampbell@field-ops.org","OK",
"f5e3cd65-1931-401b-87c2-4a164ae603cc","D03","BARC","BARC.AOS.littoral1","2018-02-21T16:48Z","BARC.20180221.PHYTOPLANKTON.2","BARC.20180221.PHYTOPLANKTON.2.REP2.CNSB.2",,2,"CNSb",6000.0,150.0,0.2,,"kross@BattelleEcology.org","jcampbell@field-ops.org","OK",
"c166f175-eeaf-4cbc-ac17-a0400fca420c","D03","BARC","BARC.AOS.littoral2","2018-02-21T16:48Z","BARC.20180221.PHYTOPLANKTON.3","BARC.20180221.PHYTOPLANKTON.3.CNSA.1",,1,"CNSa",4000.0,150.0,0.3,,"kross@BattelleEcology.org","jcampbell@field-ops.org","OK",
"0fbd36a4-924e-4519-86e1-b8f5081e5e9a","D03","BARC","BARC.AOS.littoral1","2018-02-21T16:48Z","BARC.20180221.PHYTOPLANKTON.2","BARC.20180221.PHYTOPLANKTON.2.REP2.CNSA.2",,2,"CNSa",6000.0,250.0,0.2,,"kross@BattelleEcology.org","jcampbell@field-ops.org","OK",
"6dbef665-36b6-454c-ac55-f37f9c50d2bd","D03","BARC","BARC.AOS.littoral1","2018-02-21T16:48Z","BARC.20180221.PHYTOPLANKTON.2","BARC.20180221.PHYTOPLANKTON.2.CNSB.1",,1,"CNSb",6000.0,150.0,0.2,,"kross@BattelleEcology.org","jcampbell@field-ops.org","OK",
"195872df-2ce3-460f-8081-720525380aa7","D03","BARC","BARC.AOS.littoral1","2018-02-21T16:48Z","BARC.20180221.PHYTOPLANKTON.2","BARC.20180221.PHYTOPLANKTON.2.CHL/PHEO.1",,1,"chlorophyll/pheophytin",6000.0,150.0,0.2,,"kross@BattelleEcology.org","jcampbell@field-ops.org","OK",
"f5770c04-0ef2-435a-85ba-4b8a07458d25","D03","BARC","BARC.AOS.riparian.point.05","2018-02-21T16:48Z","BARC.20180221.EPIPHYTON.5","BARC.20180221.EPIPHYTON.5.CNSA.1",,1,"CNSa",125.0,10.0,0.3,,"kross@BattelleEcology.org","jcampbell@field-ops.org","OK",
"74140ff3-90b9-4036-ba80-55b7703cd744","D03","BARC","BARC.AOS.riparian.point.09","2018-02-21T16:48Z","BARC.20180221.EPIPHYTON.9","BARC.20180221.EPIPHYTON.9.CHL/PHEO.1",,1,"chlorophyll/pheophytin",125.0,5.0,0.2,,"kross@BattelleEcology.org","jcampbell@field-ops.org","OK",
"f9559c4f-3f71-4feb-917f-37f6cfb6a2b7","D03","BARC","BARC.AOS.riparian.point.09","2018-02-21T16:48Z","BARC.20180221.EPIPHYTON.9","BARC.20180221.EPIPHYTON.9.CNSB.1",,1,"CNSb",125.0,10.0,0.2,,"kross@BattelleEcology.org","jcampbell@field-ops.org","OK",
"92ff26ed-82e2-43b3-b006-04fd736cc088","D03","BARC","BARC.AOS.riparian.point.01","2018-02-21T16:48Z","BARC.20180221.EPIPHYTON.1","BARC.20180221.EPIPHYTON.1.CNSA.1",,1,"CNSa",125.0,10.0,0.2,,"kross@BattelleEcology.org","jcampbell@field-ops.org","OK",
"05a0065a-d571-4d92-b901-520f7fbab43c","D03","BARC","BARC.AOS.riparian.point.09","2018-02-21T16:48Z","BARC.20180221.EPIPHYTON.9","BARC.20180221.EPIPHYTON.9.P.1",,1,"P",125.0,10.0,0.2,,"kross@BattelleEcology.org","jcampbell@field-ops.org","OK",
"4d664674-15b1-432e-aa88-7c7b0bcfebd0","D03","BARC","BARC.AOS.riparian.point.01","2018-02-21T16:48Z","BARC.20180221.EPIPHYTON.1","BARC.20180221.EPIPHYTON.1.P.1",,1,"P",125.0,10.0,0.2,,"kross@BattelleEcology.org","jcampbell@field-ops.org","OK",
"fb242887-e082-42c0-a141-5ae39f852244","D03","BARC","BARC.AOS.riparian.point.05","2018-02-21T16:48Z","BARC.20180221.EPIPHYTON.5","BARC.20180221.EPIPHYTON.5.CHL/PHEO.1",,1,"chlorophyll/pheophytin",125.0,10.0,0.3,,"kross@BattelleEcology.org","jcampbell@field-ops.org","OK",
"32e80998-3b58-4169-b0c2-87b4077162bf","D03","BARC","BARC.AOS.riparian.point.01","2018-02-21T16:48Z","BARC.20180221.EPIPHYTON.1","BARC.20180221.EPIPHYTON.1.CHL/PHEO.1",,1,"chlorophyll/pheophytin",125.0,5.0,0.2,,"kross@BattelleEcology.org","jcampbell@field-ops.org","OK",
"8cc46888-99c5-4077-9f33-ec39f93a3aac","D03","BARC","BARC.AOS.riparian.point.05","2018-02-21T16:48Z","BARC.20180221.EPIPHYTON.5","BARC.20180221.EPIPHYTON.5.P.1",,1,"P",125.0,10.0,0.3,,"kross@BattelleEcology.org","jcampbell@field-ops.org","OK",
"640f16a6-dfb4-4993-beb7-d4ba3cd3a03d","D03","BARC","BARC.AOS.riparian.point.01","2018-02-21T16:48Z","BARC.20180221.EPIPHYTON.1","BARC.20180221.EPIPHYTON.1.CNSB.1",,1,"CNSb",125.0,10.0,0.2,,"kross@BattelleEcology.org","jcampbell@field-ops.org","OK",
"d989cf87-c1fd-432f-a23f-4fc80b0b511e","D03","BARC","BARC.AOS.riparian.point.09","2018-02-21T16:48Z","BARC.20180221.EPIPHYTON.9","BARC.20180221.EPIPHYTON.9.CNSA.1",,1,"CNSa",125.0,10.0,0.2,,"kross@BattelleEcology.org","jcampbell@field-ops.org","OK",
"1183af2f-ed6a-475f-9c9b-50543ed4ad24","D03","BARC","BARC.AOS.riparian.point.05","2018-02-21T16:48Z","BARC.20180221.EPIPHYTON.5","BARC.20180221.EPIPHYTON.5.CNSB.1",,1,"CNSb",125.0,10.0,0.3,,"kross@BattelleEcology.org","jcampbell@field-ops.org","OK",
