uid,domainID,siteID,namedLocation,aquaticSiteType,decimalLatitude,decimalLongitude,coordinateUncertainty,elevation,elevationUncertainty,geodeticDatum,collectDate,eventID,parentSampleID,parentSampleCode,samplingImpractical,biophysicalCriteria,affectedByWind,habitatType,algalSampleType,benthicArea,samplingProtocolVersion,phytoDepth1,phytoDepth2,phytoDepth3,substratumSizeClass,remarks,recordedBy,collectedBy,dataQF
"079f31bc-ea86-4a79-95e5-a22a70ac7b93","D03","BARC","BARC.AOS.riparian.point.03","lake",29.676118,-82.006564,5.0,22.2,5.0,"WGS84","2018-02-21T16:48Z","BARC.20180221","BARC.20180221.EPIPHYTON.3",,,,,"pelagic","epiphyton",0.010000,"NEON.DOC.003045vB",,,,,,"jcampbell@field-ops.org","kross@BattelleEcology.org",
"38baa3e1-7422-4a7b-8da6-52440d949092","D03","BARC","BARC.AOS.riparian.point.07","lake",29.674953,-82.009818,5.0,26.4,5.0,"WGS84","2018-02-21T16:48Z","BARC.20180221","BARC.20180221.EPIPHYTON.7",,,,,"pelagic","epiphyton",0.010000,"NEON.DOC.003045vB",,,,,,"jcampbell@field-ops.org","kross@BattelleEcology.org",
"2facf4bc-32b0-410f-8dfb-e0d4941f499d","D03","BARC","BARC.AOS.littoral2","lake",29.674748,-82.008401,1.1,27.1,1.0,"WGS84","2018-02-21T16:48Z","BARC.20180221","BARC.20180221.PHYTOPLANKTON.3",,,,,"pelagic","phytoplankton",,"NEON.DOC.003045vB",0.5,3.3,,,,"jcampbell@field-ops.org","kross@BattelleEcology.org",
"d0bff3af-edeb-4d0c-b702-427ed277a8d7","D03","BARC","BARC.AOS.riparian.point.05","lake",29.674476,-82.007454,5.0,25.9,5.0,"WGS84","2018-02-21T16:48Z","BARC.20180221","BARC.20180221.EPIPHYTON.5",,,,,"pelagic","epiphyton",0.010000,"NEON.DOC.003045vB",,,,,,"jcampbell@field-ops.org","kross@BattelleEcology.org",
"188eb681-a2b4-4ae5-8787-28ba0231c95c","D03","BARC","BARC.AOS.riparian.point.09","lake",29.676597,-82.009967,5.0,19.5,5.0,"WGS84","2018-02-21T16:48Z","BARC.20180221","BARC.20180221.EPIPHYTON.9",,,,,"pelagic","epiphyton",0.010000,"NEON.DOC.003045vB",,,,,,"jcampbell@field-ops.org","kross@BattelleEcology.org",
"e69e16c7-542d-4553-aeee-bd0c24e5586d","D03","BARC","BARC.AOS.riparian.point.01","lake",29.677784,-82.007670,5.0,24.7,5.0,"WGS84","2018-02-21T16:48Z","BARC.20180221","BARC.20180221.EPIPHYTON.1",,,,,"pelagic","epiphyton",0.010000,"NEON.DOC.003045vB",,,,,,"jcampbell@field-ops.org","kross@BattelleEcology.org",
"f6403e31-ba08-4d0c-8879-3c8ef70984ee","D03","BARC","BARC.AOS.buoy.c0","lake",29.675982,-82.008414,10.0,27.0,10.0,"WGS84","2018-02-21T16:48Z","BARC.20180221","BARC.20180221.PHYTOPLANKTON.1",,,,,"pelagic","phytoplankton",,"NEON.DOC.003045vB",0.5,3.1,5.7,,,"jcampbell@field-ops.org","kross@BattelleEcology.org",
"c07256b2-3880-4a6f-af04-5e3c435942f2","D03","BARC","BARC.AOS.littoral1","lake",29.677479,-82.007710,1.1,26.0,1.0,"WGS84","2018-02-21T16:48Z","BARC.20180221","BARC.20180221.PHYTOPLANKTON.2",,,,,"pelagic","phytoplankton",,"NEON.DOC.003045vB",0.5,3.5,,,,"jcampbell@field-ops.org","kross@BattelleEcology.org",
