uid,domainID,siteID,namedLocation,aquaticSiteType,decimalLatitude,decimalLongitude,coordinateUncertainty,elevation,elevationUncertainty,geodeticDatum,collectDate,eventID,parentSampleID,parentSampleCode,samplingImpractical,biophysicalCriteria,affectedByWind,habitatType,algalSampleType,benthicArea,samplingProtocolVersion,phytoDepth1,phytoDepth2,phytoDepth3,substratumSizeClass,remarks,recordedBy,collectedBy,dataQF
"fd816c1c-768c-4156-8122-e8acc6b11c54","D03","SUGG","SUGG.AOS.buoy.c1","lake",29.688149,-82.017318,10.0,30.0,10.0,"WGS84","2020-02-19T13:33Z","SUGG.20200219","SUGG.20200219.PHYTOPLANKTON.1",,,"OK - no known exceptions","N","pelagic","phytoplankton",,"NEON.DOC.003045vE",0.5,0.5,,,,"0000-0001-6607-7236","0000-0002-7940-8177",
"ffefa941-6a36-4643-8b67-b2ce84a3e3bc","D03","SUGG","SUGG.AOS.littoral1","lake",29.685093,-82.018412,1.1,30.2,1.0,"WGS84","2020-02-19T13:33Z","SUGG.20200219","SUGG.20200219.PHYTOPLANKTON.2",,,"OK - no known exceptions","N","pelagic","phytoplankton",,"NEON.DOC.003045vE",0.5,0.5,,,,"0000-0001-6607-7236","0000-0002-7940-8177",
"7fc0528a-62ed-459d-a125-e713095d0661","D03","SUGG","SUGG.AOS.littoral2","lake",29.687601,-82.020598,1.1,30.3,1.0,"WGS84","2020-02-19T13:33Z","SUGG.20200219","SUGG.20200219.PHYTOPLANKTON.3",,,"OK - no known exceptions","N","pelagic","phytoplankton",,"NEON.DOC.003045vE",0.5,0.5,,,,"0000-0001-6607-7236","0000-0002-7940-8177",
"1123ca41-be5a-4330-ad70-ab888ce31f4c","D03","SUGG","SUGG.AOS.riparian.point.01","lake",29.689972,-82.015337,5.0,27.9,5.0,"WGS84","2020-02-19T13:33Z","SUGG.20200219","SUGG.20200219.EPIPHYTON.1",,,"OK - no known exceptions",,"littoral","epiphyton",0.010000,"NEON.DOC.003045vE",,,,,,"0000-0001-6607-7236","0000-0002-7940-8177",
"130b38ea-d812-49d6-9c7e-69417ac94216","D03","SUGG","SUGG.AOS.riparian.point.07","lake",29.684758,-82.018516,5.0,27.9,5.0,"WGS84","2020-02-19T13:33Z","SUGG.20200219","SUGG.20200219.EPIPHYTON.7",,,"OK - no known exceptions",,"littoral","epiphyton",0.010000,"NEON.DOC.003045vE",,,,,,"0000-0001-6607-7236","0000-0002-7940-8177",
"6525aec3-414c-4089-b1ac-8a87847970b0","D03","SUGG","SUGG.AOS.riparian.point.05","lake",29.687067,-82.020473,5.0,27.9,5.0,"WGS84","2020-02-19T13:33Z","SUGG.20200219","SUGG.20200219.EPIPHYTON.5",,,"OK - no known exceptions",,"littoral","epiphyton",0.010000,"NEON.DOC.003045vE",,,,,,"0000-0001-6607-7236","0000-0002-7940-8177",
"08f1fe9d-6cba-4b20-b4ca-b888787d829d","D03","SUGG","SUGG.AOS.riparian.point.03","lake",29.690380,-82.019605,5.0,27.9,5.0,"WGS84","2020-02-19T13:33Z","SUGG.20200219","SUGG.20200219.EPIPHYTON.3",,,"OK - no known exceptions",,"littoral","epiphyton",0.010000,"NEON.DOC.003045vE",,,,,,"0000-0001-6607-7236","0000-0002-7940-8177",
"d5b00c37-989f-4d76-94ea-28c8ec7b2487","D03","SUGG","SUGG.AOS.riparian.point.09","lake",29.686477,-82.014568,5.0,27.9,5.0,"WGS84","2020-02-19T13:33Z","SUGG.20200219","SUGG.20200219.EPIPHYTON.9",,,"OK - no known exceptions",,"littoral","epiphyton",0.010000,"NEON.DOC.003045vE",,,,,,"0000-0001-6607-7236","0000-0002-7940-8177",
