uid,domainID,siteID,namedLocation,collectDate,parentSampleID,sampleID,sampleCode,filterNumber,analysisType,fieldSampleVolume,domainFilterVolume,storageDays,remarks,measuredBy,recordedBy,sampleCondition,dataQF
"beb13299-b9eb-46c2-a105-9a06d259a71a","D03","SUGG","SUGG.AOS.littoral2","2020-02-19T13:33Z","SUGG.20200219.PHYTOPLANKTON.3","SUGG.20200219.PHYTOPLANKTON.3.CNSA.1","A00000129861",1,"CNSa",4000.0,200.0,0.3,,"0000-0002-4570-7750","0000-0001-6607-7236","OK",
"87400fc1-0283-4d28-8097-21d7f4a977a8","D03","SUGG","SUGG.AOS.littoral1","2020-02-19T13:33Z","SUGG.20200219.PHYTOPLANKTON.2","SUGG.20200219.PHYTOPLANKTON.2.CNSB.1","A00000129863",1,"CNSb",4000.0,30.0,0.2,,"0000-0002-4570-7750","0000-0001-6607-7236","OK",
"7368c78a-12ed-4bae-80e0-df18aa1e9512","D03","SUGG","SUGG.AOS.buoy.c1","2020-02-19T13:33Z","SUGG.20200219.PHYTOPLANKTON.1","SUGG.20200219.PHYTOPLANKTON.1.P.1","A00000129855",1,"P",4000.0,300.0,0.2,,"0000-0002-4570-7750","0000-0001-6607-7236","OK",
"c5569397-bb58-4509-90e2-f17b5f8b9a5b","D03","SUGG","SUGG.AOS.buoy.c1","2020-02-19T13:33Z","SUGG.20200219.PHYTOPLANKTON.1","SUGG.20200219.PHYTOPLANKTON.1.REP2.P.2","A00000129857",2,"P",4000.0,300.0,0.2,,"0000-0002-4570-7750","0000-0001-6607-7236","OK",
"6be70228-a6e8-4394-9766-223fa431ee95","D03","SUGG","SUGG.AOS.littoral2","2020-02-19T13:33Z","SUGG.20200219.PHYTOPLANKTON.3","SUGG.20200219.PHYTOPLANKTON.3.P.1","A00000129859",1,"P",4000.0,200.0,0.3,,"0000-0002-4570-7750","0000-0001-6607-7236","OK",
"3a3c5de8-8111-405a-90ec-e80302d98a80","D03","SUGG","SUGG.AOS.littoral1","2020-02-19T13:33Z","SUGG.20200219.PHYTOPLANKTON.2","SUGG.20200219.PHYTOPLANKTON.2.CNSA.1","A00000129864",1,"CNSa",4000.0,300.0,0.2,,"0000-0002-4570-7750","0000-0001-6607-7236","OK",
"4e894d69-45ce-4639-a64b-9b6e79dc5066","D03","SUGG","SUGG.AOS.littoral1","2020-02-19T13:33Z","SUGG.20200219.PHYTOPLANKTON.2","SUGG.20200219.PHYTOPLANKTON.2.P.1","A00000129862",1,"P",4000.0,300.0,0.2,,"0000-0002-4570-7750","0000-0001-6607-7236","OK",
"ccae2a77-f704-4c3e-8103-378e3a93904c","D03","SUGG","SUGG.AOS.buoy.c1","2020-02-19T13:33Z","SUGG.20200219.PHYTOPLANKTON.1","SUGG.20200219.PHYTOPLANKTON.1.CNSA.1","A00000129853",1,"CNSa",4000.0,300.0,0.2,,"0000-0002-4570-7750","0000-0001-6607-7236","OK",
"6c34d173-6fd3-4ce3-a49c-a055d3c77efd","D03","SUGG","SUGG.AOS.buoy.c1","2020-02-19T13:33Z","SUGG.20200219.PHYTOPLANKTON.1","SUGG.20200219.PHYTOPLANKTON.1.REP2.CNSA.2","A00000129856",2,"CNSa",4000.0,300.0,0.2,,"0000-0002-4570-7750","0000-0001-6607-7236","OK",
"3cd84607-ba52-4fee-baf3-04b42e1470ec","D03","SUGG","SUGG.AOS.buoy.c1","2020-02-19T13:33Z","SUGG.20200219.PHYTOPLANKTON.1","SUGG.20200219.PHYTOPLANKTON.1.REP2.CNSB.2","A00000129858",2,"CNSb",4000.0,300.0,0.2,,"0000-0002-4570-7750","0000-0001-6607-7236","OK",
"e8a167ce-8d03-4488-9caf-0b0a397f7ceb","D03","SUGG","SUGG.AOS.buoy.c1","2020-02-19T13:33Z","SUGG.20200219.PHYTOPLANKTON.1","SUGG.20200219.PHYTOPLANKTON.1.CNSB.1","A00000129854",1,"CNSb",4000.0,300.0,0.2,,"0000-0002-4570-7750","0000-0001-6607-7236","OK",
"74011fbd-7aaf-4a7c-b511-e82daffa466f","D03","SUGG","SUGG.AOS.littoral2","2020-02-19T13:33Z","SUGG.20200219.PHYTOPLANKTON.3","SUGG.20200219.PHYTOPLANKTON.3.CNSB.1","A00000129860",1,"CNSb",4000.0,200.0,0.3,,"0000-0002-4570-7750","0000-0001-6607-7236","OK",
"b8ce9d50-3250-49f6-b1cd-5c3b873dd758","D03","SUGG","SUGG.AOS.riparian.point.01","2020-02-19T13:33Z","SUGG.20200219.EPIPHYTON.1","SUGG.20200219.EPIPHYTON.1.CNSA.1","A00000129867",1,"CNSa",125.0,5.0,0.1,,"0000-0002-4570-7750","0000-0001-6607-7236","OK",
"c1d28316-c172-4b7a-8738-a877a9695a06","D03","SUGG","SUGG.AOS.riparian.point.03","2020-02-19T13:33Z","SUGG.20200219.EPIPHYTON.3","SUGG.20200219.EPIPHYTON.3.CNSB.1","A00000129868",1,"CNSb",125.0,5.0,0.3,,"0000-0002-4570-7750","0000-0001-6607-7236","OK",
"c7769378-e9d3-429c-9ddb-36f22dc7850e","D03","SUGG","SUGG.AOS.riparian.point.07","2020-02-19T13:33Z","SUGG.20200219.EPIPHYTON.7","SUGG.20200219.EPIPHYTON.7.CNSB.1","A00000129875",1,"CNSb",125.0,5.0,0.2,,"0000-0002-4570-7750","0000-0001-6607-7236","OK",
"1a1fb581-082b-40d0-931d-66670625c876","D03","SUGG","SUGG.AOS.riparian.point.03","2020-02-19T13:33Z","SUGG.20200219.EPIPHYTON.3","SUGG.20200219.EPIPHYTON.3.P.1","A00000129869",1,"P",125.0,5.0,0.3,,"0000-0002-4570-7750","0000-0001-6607-7236","OK",
"c8dc0cb3-67d9-4ac4-9957-aa103e215244","D03","SUGG","SUGG.AOS.riparian.point.05","2020-02-19T13:33Z","SUGG.20200219.EPIPHYTON.5","SUGG.20200219.EPIPHYTON.5.CNSA.1","A00000129871",1,"CNSa",125.0,5.0,0.2,,"0000-0002-4570-7750","0000-0001-6607-7236","OK",
"bf77834b-5439-4802-a541-e96dd069619b","D03","SUGG","SUGG.AOS.riparian.point.07","2020-02-19T13:33Z","SUGG.20200219.EPIPHYTON.7","SUGG.20200219.EPIPHYTON.7.CNSA.1","A00000129874",1,"CNSa",125.0,5.0,0.2,,"0000-0002-4570-7750","0000-0001-6607-7236","OK",
"fabf31ef-a8bf-4fc7-8c78-1cc803f748da","D03","SUGG","SUGG.AOS.riparian.point.01","2020-02-19T13:33Z","SUGG.20200219.EPIPHYTON.1","SUGG.20200219.EPIPHYTON.1.CNSB.1","A00000129866",1,"CNSb",125.0,5.0,0.1,,"0000-0002-4570-7750","0000-0001-6607-7236","OK",
"6b74fee2-2f75-424c-9979-d1eed63e4e6b","D03","SUGG","SUGG.AOS.riparian.point.05","2020-02-19T13:33Z","SUGG.20200219.EPIPHYTON.5","SUGG.20200219.EPIPHYTON.5.P.1","A00000129873",1,"P",125.0,5.0,0.2,,"0000-0002-4570-7750","0000-0001-6607-7236","OK",
"92333d42-074d-4e1d-97c7-e7277ec6547b","D03","SUGG","SUGG.AOS.riparian.point.01","2020-02-19T13:33Z","SUGG.20200219.EPIPHYTON.1","SUGG.20200219.EPIPHYTON.1.P.1","A00000129865",1,"P",125.0,5.0,0.1,,"0000-0002-4570-7750","0000-0001-6607-7236","OK",
"704c7da0-e44a-4c3a-a60f-cb7ca009acf2","D03","SUGG","SUGG.AOS.riparian.point.09","2020-02-19T13:33Z","SUGG.20200219.EPIPHYTON.9","SUGG.20200219.EPIPHYTON.9.CNSA.1","A00000129877",1,"CNSa",125.0,5.0,0.3,,"0000-0002-4570-7750","0000-0001-6607-7236","OK",
"c5f1aeb8-1145-4e54-80d2-06ec72f60909","D03","SUGG","SUGG.AOS.riparian.point.05","2020-02-19T13:33Z","SUGG.20200219.EPIPHYTON.5","SUGG.20200219.EPIPHYTON.5.CNSB.1","A00000129872",1,"CNSb",125.0,5.0,0.2,,"0000-0002-4570-7750","0000-0001-6607-7236","OK",
"e24630ae-2dfd-4323-b17c-1da32ea9ead6","D03","SUGG","SUGG.AOS.riparian.point.03","2020-02-19T13:33Z","SUGG.20200219.EPIPHYTON.3","SUGG.20200219.EPIPHYTON.3.CNSA.1","A00000129870",1,"CNSa",125.0,5.0,0.3,,"0000-0002-4570-7750","0000-0001-6607-7236","OK",
"a326d17e-9a75-41de-9e12-2b5bc674eb36","D03","SUGG","SUGG.AOS.riparian.point.09","2020-02-19T13:33Z","SUGG.20200219.EPIPHYTON.9","SUGG.20200219.EPIPHYTON.9.P.1","A00000129879",1,"P",125.0,5.0,0.3,,"0000-0002-4570-7750","0000-0001-6607-7236","OK",
"48690afb-c821-4ae3-b2ab-89c992a5c330","D03","SUGG","SUGG.AOS.riparian.point.09","2020-02-19T13:33Z","SUGG.20200219.EPIPHYTON.9","SUGG.20200219.EPIPHYTON.9.CNSB.1","A00000129878",1,"CNSb",125.0,5.0,0.3,,"0000-0002-4570-7750","0000-0001-6607-7236","OK",
"8ee2192e-dbfd-4267-973a-bbf8281cd0ee","D03","SUGG","SUGG.AOS.riparian.point.07","2020-02-19T13:33Z","SUGG.20200219.EPIPHYTON.7","SUGG.20200219.EPIPHYTON.7.P.1","A00000129876",1,"P",125.0,5.0,0.2,,"0000-0002-4570-7750","0000-0001-6607-7236","OK",
