uid,domainID,siteID,namedLocation,collectDate,sampleID,sampleCode,sampleCondition,laboratoryName,analysisDate,analyzedBy,sampleType,replicate,sampleVolumeFiltered,filterSize,percentFilterAnalyzed,dilutionFactor,solventVolume,responseFactor,acidificationResponseFactor,fluorometerSensitivitySetting,preAcidificationFluorescence,postAcidificationFluorescence,analyte,analyteConcentration,plantAlgaeLabUnits,testMethod,method,acidTreatment,externalRemarks,externalLabDataQF
"f87691a4-0dd5-48e8-bc50-1186bd1e2718","D03","SUGG","SUGG.AOS.buoy.c1","2020-02-19","SUGG.20200219.PHYTOPLANKTON.1.REP2.CNSA.2","A00000129856","condition ok","SIRFER Lab at University of Utah","2021-07-06","ElFtGy1kV49xqNP00HfxQA==","CNS","1",300,25,100,,,,,,,,"carbon",398.64,"microgramsPerLiter","SIRFER_algalPlantChem_isotopes_V1","Revesz & Coplen 2012a","N",,
"c45daa40-29c7-44be-9689-0f53a5791fd3","D03","SUGG","SUGG.AOS.buoy.c1","2020-02-19","SUGG.20200219.PHYTOPLANKTON.1.REP2.CNSA.2","A00000129856","condition ok","SIRFER Lab at University of Utah","2021-07-06","ElFtGy1kV49xqNP00HfxQA==","CNS","1",300,25,100,,,,,,,,"d13C",-31.65,"perMill","SIRFER_algalPlantChem_isotopes_V1","Revesz & Coplen 2012a","N",,
"3857d555-08fd-4ef3-8195-79ff8a6b4960","D03","SUGG","SUGG.AOS.buoy.c1","2020-02-19","SUGG.20200219.PHYTOPLANKTON.1.REP2.CNSB.2","A00000129858","condition ok","SIRFER Lab at University of Utah","2021-07-29","ElFtGy1kV49xqNP00HfxQA==","CNS","1",300,25,100,,,,,,,,"carbon",405.09,"microgramsPerLiter","SIRFER_algalPlantChem_isotopes_V1","Revesz & Coplen 2012a","Y",,
"84b87029-c43f-4711-9ba8-4683100b319d","D03","SUGG","SUGG.AOS.buoy.c1","2020-02-19","SUGG.20200219.PHYTOPLANKTON.1.REP2.CNSA.2","A00000129856","condition ok","SIRFER Lab at University of Utah","2021-07-06","ElFtGy1kV49xqNP00HfxQA==","CNS","1",300,25,100,,,,,,,,"d34S",6.31,"perMill","SIRFER_algalPlantChem_isotopes_V1","Revesz & Coplen 2012b","N",,
"ed1c7c95-f909-481b-b388-dd3136ffc26d","D03","SUGG","SUGG.AOS.buoy.c1","2020-02-19","SUGG.20200219.PHYTOPLANKTON.1.REP2.CNSA.2","A00000129856","condition ok","SIRFER Lab at University of Utah","2021-07-06","ElFtGy1kV49xqNP00HfxQA==","CNS","1",300,25,100,,,,,,,,"nitrogen",42.55,"microgramsPerLiter","SIRFER_algalPlantChem_isotopes_V1","Revesz & Coplen 2012a","N",,
"701ebd79-5a8a-4a1b-bb4a-acfa1f16ba56","D03","SUGG","SUGG.AOS.buoy.c1","2020-02-19","SUGG.20200219.PHYTOPLANKTON.1.REP2.CNSA.2","A00000129856","condition ok","SIRFER Lab at University of Utah","2021-07-06","ElFtGy1kV49xqNP00HfxQA==","CNS","1",300,25,100,,,,,,,,"d15N",2.45,"perMill","SIRFER_algalPlantChem_isotopes_V1","Revesz & Coplen 2012a","N",,
"90a7c909-200f-4c88-adc6-e62d041487fd","D03","SUGG","SUGG.AOS.buoy.c1","2020-02-19","SUGG.20200219.PHYTOPLANKTON.1.REP2.CNSA.2","A00000129856","condition ok","SIRFER Lab at University of Utah","2021-07-06","ElFtGy1kV49xqNP00HfxQA==","CNS","1",300,25,100,,,,,,,,"sulfur",7.79,"microgramsPerLiter","SIRFER_algalPlantChem_isotopes_V1","Revesz & Coplen 2012b","N",,
"9912c190-cff5-4f12-b905-1e86c0d16e78","D03","SUGG","SUGG.AOS.buoy.c1","2020-02-19","SUGG.20200219.PHYTOPLANKTON.1.REP2.CNSB.2","A00000129858","condition ok","SIRFER Lab at University of Utah","2021-07-29","ElFtGy1kV49xqNP00HfxQA==","CNS","1",300,25,100,,,,,,,,"d13C",-31.52,"perMill","SIRFER_algalPlantChem_isotopes_V1","Revesz & Coplen 2012a","Y",,
"620c6d7f-12fb-43c7-a7ca-aae84db0b1a0","D03","SUGG","SUGG.AOS.riparian.point.07","2020-02-19","SUGG.20200219.EPIPHYTON.7.P.1","A00000129876","condition ok","SIRFER Lab at University of Utah","2020-11-17","a1rVWpE0V4zMCUk591/P0Q==","P","1",5,25,100,,,,,,,,"phosphorus",892.99,"microgramsPerLiter","ICPMetalsLab_P_V2.0","Ivanov et al 2012","N",,
"373c3660-051c-41ac-8b58-1a29e06a7443","D03","SUGG","SUGG.AOS.littoral1","2020-02-19","SUGG.20200219.PHYTOPLANKTON.2.P.1","A00000129862","condition ok","SIRFER Lab at University of Utah","2020-11-17","a1rVWpE0V4zMCUk591/P0Q==","P","1",300,25,100,,,,,,,,"phosphorus",4.17,"microgramsPerLiter","ICPMetalsLab_P_V2.0","Ivanov et al 2012","N",,
"e264ba6a-d05f-4809-92d0-a67588890372","D03","SUGG","SUGG.AOS.riparian.point.05","2020-02-19","SUGG.20200219.EPIPHYTON.5.P.1","A00000129873","condition ok","SIRFER Lab at University of Utah","2020-11-17","a1rVWpE0V4zMCUk591/P0Q==","P","1",5,25,100,,,,,,,,"phosphorus",2142.74,"microgramsPerLiter","ICPMetalsLab_P_V2.0","Ivanov et al 2012","N",,
"fa140ea8-2679-4f07-8a62-0e88180e123c","D03","SUGG","SUGG.AOS.riparian.point.09","2020-02-19","SUGG.20200219.EPIPHYTON.9.P.1","A00000129879","condition ok","SIRFER Lab at University of Utah","2020-11-17","a1rVWpE0V4zMCUk591/P0Q==","P","1",5,25,100,,,,,,,,"phosphorus",791.64,"microgramsPerLiter","ICPMetalsLab_P_V2.0","Ivanov et al 2012","N",,
"1990faf2-1d26-4815-b5f3-61fcf73590c8","D03","SUGG","SUGG.AOS.buoy.c1","2020-02-19","SUGG.20200219.PHYTOPLANKTON.1.P.1","A00000129855","condition ok","SIRFER Lab at University of Utah","2020-11-17","a1rVWpE0V4zMCUk591/P0Q==","P","1",300,25,100,,,,,,,,"phosphorus",5.03,"microgramsPerLiter","ICPMetalsLab_P_V2.0","Ivanov et al 2012","N",,
"74d11bd5-16ae-4eb7-805a-e8288f982b8c","D03","SUGG","SUGG.AOS.riparian.point.03","2020-02-19","SUGG.20200219.EPIPHYTON.3.P.1","A00000129869","condition ok","SIRFER Lab at University of Utah","2020-11-17","a1rVWpE0V4zMCUk591/P0Q==","P","1",5,25,100,,,,,,,,"phosphorus",1190.28,"microgramsPerLiter","ICPMetalsLab_P_V2.0","Ivanov et al 2012","N",,
"97ea8d5d-9cec-4ad3-832f-d5afb1082e10","D03","SUGG","SUGG.AOS.riparian.point.01","2020-02-19","SUGG.20200219.EPIPHYTON.1.P.1","A00000129865","condition ok","SIRFER Lab at University of Utah","2020-11-17","a1rVWpE0V4zMCUk591/P0Q==","P","1",5,25,100,,,,,,,,"phosphorus",2540.25,"microgramsPerLiter","ICPMetalsLab_P_V2.0","Ivanov et al 2012","N",,
"2e490558-9ba4-43ef-97e7-9ad408043cf5","D03","SUGG","SUGG.AOS.littoral2","2020-02-19","SUGG.20200219.PHYTOPLANKTON.3.P.1","A00000129859","condition ok","SIRFER Lab at University of Utah","2020-11-17","a1rVWpE0V4zMCUk591/P0Q==","P","1",200,25,100,,,,,,,,"phosphorus",6.57,"microgramsPerLiter","ICPMetalsLab_P_V2.0","Ivanov et al 2012","N",,
"e4912695-c080-41c6-b627-2cc72b7d4ee9","D03","SUGG","SUGG.AOS.littoral2","2020-02-19","SUGG.20200219.PHYTOPLANKTON.3.CNSA.1","A00000129861","condition ok","SIRFER Lab at University of Utah","2020-07-12","ElFtGy1kV49xqNP00HfxQA==","CNS","1",200,25,100,,,,,,,,"carbon",557.41,"microgramsPerLiter","SIRFER_algalPlantChem_isotopes_V1","Revesz & Coplen 2012a","N",,
"e6a3dbd3-c4d6-4e9e-96be-ef70bf9f42b1","D03","SUGG","SUGG.AOS.littoral1","2020-02-19","SUGG.20200219.PHYTOPLANKTON.2.CNSA.1","A00000129864","condition ok","SIRFER Lab at University of Utah","2020-07-12","ElFtGy1kV49xqNP00HfxQA==","CNS","1",300,25,100,,,,,,,,"nitrogen",150.23,"microgramsPerLiter","SIRFER_algalPlantChem_isotopes_V1","Revesz & Coplen 2012a",,,
"c4636d5c-30e1-418f-9fb0-1487e84850da","D03","SUGG","SUGG.AOS.riparian.point.07","2020-02-19","SUGG.20200219.EPIPHYTON.7.CNSA.1","A00000129874","condition ok","SIRFER Lab at University of Utah","2020-07-12","ElFtGy1kV49xqNP00HfxQA==","CNS","1",5,25,100,,,,,,,,"carbon",102116.09,"microgramsPerLiter","SIRFER_algalPlantChem_isotopes_V1","Revesz & Coplen 2012a","N",,
"20352f05-9cc2-4e8d-8cd0-939e46e27cfb","D03","SUGG","SUGG.AOS.riparian.point.09","2020-02-19","SUGG.20200219.EPIPHYTON.9.CNSA.1","A00000129877","condition ok","SIRFER Lab at University of Utah","2020-07-12","ElFtGy1kV49xqNP00HfxQA==","CNS","1",5,25,100,,,,,,,,"nitrogen",1907.47,"microgramsPerLiter","SIRFER_algalPlantChem_isotopes_V1","Revesz & Coplen 2012a",,,
"b35cde90-6bcd-4068-ad3c-a989c0fe4779","D03","SUGG","SUGG.AOS.riparian.point.03","2020-02-19","SUGG.20200219.EPIPHYTON.3.CNSA.1","A00000129870","condition ok","SIRFER Lab at University of Utah","2020-07-12","ElFtGy1kV49xqNP00HfxQA==","CNS","1",5,25,100,,,,,,,,"carbon",132424.32,"microgramsPerLiter","SIRFER_algalPlantChem_isotopes_V1","Revesz & Coplen 2012a","N",,
"7f592a65-07b1-45d8-b461-f629238069a2","D03","SUGG","SUGG.AOS.riparian.point.05","2020-02-19","SUGG.20200219.EPIPHYTON.5.CNSA.1","A00000129871","condition ok","SIRFER Lab at University of Utah","2020-07-12","ElFtGy1kV49xqNP00HfxQA==","CNS","1",5,25,100,,,,,,,,"nitrogen",15832.59,"microgramsPerLiter","SIRFER_algalPlantChem_isotopes_V1","Revesz & Coplen 2012a",,,
"955fc6db-a71c-481a-8b57-08aaac8fec7e","D03","SUGG","SUGG.AOS.riparian.point.07","2020-02-19","SUGG.20200219.EPIPHYTON.7.CNSA.1","A00000129874","condition ok","SIRFER Lab at University of Utah","2020-07-12","ElFtGy1kV49xqNP00HfxQA==","CNS","1",5,25,100,,,,,,,,"d15N",0.08,"perMill","SIRFER_algalPlantChem_isotopes_V1","Revesz & Coplen 2012a",,,
"f943c758-5aee-4b8a-9551-644de82d968a","D03","SUGG","SUGG.AOS.buoy.c1","2020-02-19","SUGG.20200219.PHYTOPLANKTON.1.CNSA.1","A00000129853","condition ok","SIRFER Lab at University of Utah","2020-07-12","ElFtGy1kV49xqNP00HfxQA==","CNS","1",300,25,100,,,,,,,,"sulfur",28.15,"microgramsPerLiter","SIRFER_algalPlantChem_isotopes_V1","Revesz & Coplen 2012b",,,
"f8226aa5-4fa8-4dcd-9eba-03dc8713ca73","D03","SUGG","SUGG.AOS.riparian.point.01","2020-02-19","SUGG.20200219.EPIPHYTON.1.CNSA.1","A00000129867","condition ok","SIRFER Lab at University of Utah","2020-07-12","ElFtGy1kV49xqNP00HfxQA==","CNS","1",5,25,100,,,,,,,,"carbon",138718.18,"microgramsPerLiter","SIRFER_algalPlantChem_isotopes_V1","Revesz & Coplen 2012a","N",,
"fe153e9f-e037-4f27-9295-21d9c3a3af65","D03","SUGG","SUGG.AOS.riparian.point.09","2020-02-19","SUGG.20200219.EPIPHYTON.9.CNSA.1","A00000129877","condition ok","SIRFER Lab at University of Utah","2020-07-12","ElFtGy1kV49xqNP00HfxQA==","CNS","1",5,25,100,,,,,,,,"d15N",-0.77,"perMill","SIRFER_algalPlantChem_isotopes_V1","Revesz & Coplen 2012a",,,
"5d94adf7-26ff-4d85-ad03-7e80ea260ad9","D03","SUGG","SUGG.AOS.riparian.point.03","2020-02-19","SUGG.20200219.EPIPHYTON.3.CNSA.1","A00000129870","condition ok","SIRFER Lab at University of Utah","2020-07-12","ElFtGy1kV49xqNP00HfxQA==","CNS","1",5,25,100,,,,,,,,"d15N",-0.31,"perMill","SIRFER_algalPlantChem_isotopes_V1","Revesz & Coplen 2012a",,,
"f32c1703-1ed1-4c16-884a-18c647ed47ba","D03","SUGG","SUGG.AOS.littoral2","2020-02-19","SUGG.20200219.PHYTOPLANKTON.3.CNSA.1","A00000129861","condition ok","SIRFER Lab at University of Utah","2020-07-12","ElFtGy1kV49xqNP00HfxQA==","CNS","1",200,25,100,,,,,,,,"nitrogen",50.17,"microgramsPerLiter","SIRFER_algalPlantChem_isotopes_V1","Revesz & Coplen 2012a",,,
"3b474cd0-8d3e-4d7a-a821-28e14a42f5ac","D03","SUGG","SUGG.AOS.riparian.point.01","2020-02-19","SUGG.20200219.EPIPHYTON.1.CNSA.1","A00000129867","condition ok","SIRFER Lab at University of Utah","2020-07-12","ElFtGy1kV49xqNP00HfxQA==","CNS","1",5,25,100,,,,,,,,"d15N",1.14,"perMill","SIRFER_algalPlantChem_isotopes_V1","Revesz & Coplen 2012a",,,
"a25310c9-2aa2-4893-8f8a-3f23fea078d0","D03","SUGG","SUGG.AOS.littoral2","2020-02-19","SUGG.20200219.PHYTOPLANKTON.3.CNSA.1","A00000129861","condition ok","SIRFER Lab at University of Utah","2020-07-12","ElFtGy1kV49xqNP00HfxQA==","CNS","1",200,25,100,,,,,,,,"d34S",6.99,"perMill","SIRFER_algalPlantChem_isotopes_V1","Revesz & Coplen 2012b",,,
"4d58d4d8-5c24-4afe-bf6b-0d306a69674d","D03","SUGG","SUGG.AOS.riparian.point.01","2020-02-19","SUGG.20200219.EPIPHYTON.1.CNSA.1","A00000129867","condition ok","SIRFER Lab at University of Utah","2020-07-12","ElFtGy1kV49xqNP00HfxQA==","CNS","1",5,25,100,,,,,,,,"d13C",-30.21,"perMill","SIRFER_algalPlantChem_isotopes_V1","Revesz & Coplen 2012a","N",,
"62561483-f7a9-464b-b0cb-0b259e44c3f4","D03","SUGG","SUGG.AOS.buoy.c1","2020-02-19","SUGG.20200219.PHYTOPLANKTON.1.CNSA.1","A00000129853","condition ok","SIRFER Lab at University of Utah","2020-07-12","ElFtGy1kV49xqNP00HfxQA==","CNS","1",300,25,100,,,,,,,,"carbon",948.74,"microgramsPerLiter","SIRFER_algalPlantChem_isotopes_V1","Revesz & Coplen 2012a","N",,
"19d255d0-0027-43fb-bee7-cf803e179a07","D03","SUGG","SUGG.AOS.littoral2","2020-02-19","SUGG.20200219.PHYTOPLANKTON.3.CNSA.1","A00000129861","condition ok","SIRFER Lab at University of Utah","2020-07-12","ElFtGy1kV49xqNP00HfxQA==","CNS","1",200,25,100,,,,,,,,"sulfur",5.92,"microgramsPerLiter","SIRFER_algalPlantChem_isotopes_V1","Revesz & Coplen 2012b",,,
"0d43c7b8-fc56-4192-af31-82948381d282","D03","SUGG","SUGG.AOS.littoral2","2020-02-19","SUGG.20200219.PHYTOPLANKTON.3.CNSA.1","A00000129861","condition ok","SIRFER Lab at University of Utah","2020-07-12","ElFtGy1kV49xqNP00HfxQA==","CNS","1",200,25,100,,,,,,,,"d15N",-1.96,"perMill","SIRFER_algalPlantChem_isotopes_V1","Revesz & Coplen 2012a",,,
"fbc60a1b-5c52-429a-9d6d-b62055b6f8d1","D03","SUGG","SUGG.AOS.littoral1","2020-02-19","SUGG.20200219.PHYTOPLANKTON.2.CNSA.1","A00000129864","condition ok","SIRFER Lab at University of Utah","2020-07-12","ElFtGy1kV49xqNP00HfxQA==","CNS","1",300,25,100,,,,,,,,"d13C",-30.42,"perMill","SIRFER_algalPlantChem_isotopes_V1","Revesz & Coplen 2012a","N",,
"ed3256de-9841-4a36-acef-fbcd961fc80a","D03","SUGG","SUGG.AOS.riparian.point.09","2020-02-19","SUGG.20200219.EPIPHYTON.9.CNSA.1","A00000129877","condition ok","SIRFER Lab at University of Utah","2020-07-12","ElFtGy1kV49xqNP00HfxQA==","CNS","1",5,25,100,,,,,,,,"sulfur",1275.35,"microgramsPerLiter","SIRFER_algalPlantChem_isotopes_V1","Revesz & Coplen 2012b",,,
"5a01ca0e-2f25-467f-a33e-050ff462420a","D03","SUGG","SUGG.AOS.littoral1","2020-02-19","SUGG.20200219.PHYTOPLANKTON.2.CNSA.1","A00000129864","condition ok","SIRFER Lab at University of Utah","2020-07-12","ElFtGy1kV49xqNP00HfxQA==","CNS","1",300,25,100,,,,,,,,"sulfur",8.64,"microgramsPerLiter","SIRFER_algalPlantChem_isotopes_V1","Revesz & Coplen 2012b",,,
"5a09ebdf-7aaf-4566-a843-74ff2507e738","D03","SUGG","SUGG.AOS.riparian.point.07","2020-02-19","SUGG.20200219.EPIPHYTON.7.CNSA.1","A00000129874","condition ok","SIRFER Lab at University of Utah","2020-07-12","ElFtGy1kV49xqNP00HfxQA==","CNS","1",5,25,100,,,,,,,,"nitrogen",17897.13,"microgramsPerLiter","SIRFER_algalPlantChem_isotopes_V1","Revesz & Coplen 2012a",,,
"7b2b48e9-d9d1-4f0e-97a9-033e83b0cccc","D03","SUGG","SUGG.AOS.buoy.c1","2020-02-19","SUGG.20200219.PHYTOPLANKTON.1.CNSA.1","A00000129853","condition ok","SIRFER Lab at University of Utah","2020-07-12","ElFtGy1kV49xqNP00HfxQA==","CNS","1",300,25,100,,,,,,,,"nitrogen",32.57,"microgramsPerLiter","SIRFER_algalPlantChem_isotopes_V1","Revesz & Coplen 2012a",,,
"16b99f18-0211-45f6-9087-d253a612aee9","D03","SUGG","SUGG.AOS.riparian.point.05","2020-02-19","SUGG.20200219.EPIPHYTON.5.CNSA.1","A00000129871","condition ok","SIRFER Lab at University of Utah","2020-07-12","ElFtGy1kV49xqNP00HfxQA==","CNS","1",5,25,100,,,,,,,,"carbon",117512.85,"microgramsPerLiter","SIRFER_algalPlantChem_isotopes_V1","Revesz & Coplen 2012a","N",,
"fc976215-c10f-42e0-9a9f-96a3b53e3b7e","D03","SUGG","SUGG.AOS.riparian.point.09","2020-02-19","SUGG.20200219.EPIPHYTON.9.CNSA.1","A00000129877","condition ok","SIRFER Lab at University of Utah","2020-07-12","ElFtGy1kV49xqNP00HfxQA==","CNS","1",5,25,100,,,,,,,,"carbon",30665.49,"microgramsPerLiter","SIRFER_algalPlantChem_isotopes_V1","Revesz & Coplen 2012a","N",,
"983f18d6-4798-4918-85b8-6f6ad81bfafb","D03","SUGG","SUGG.AOS.riparian.point.01","2020-02-19","SUGG.20200219.EPIPHYTON.1.CNSA.1","A00000129867","condition ok","SIRFER Lab at University of Utah","2020-07-12","ElFtGy1kV49xqNP00HfxQA==","CNS","1",5,25,100,,,,,,,,"nitrogen",18728.57,"microgramsPerLiter","SIRFER_algalPlantChem_isotopes_V1","Revesz & Coplen 2012a",,,
"cd695abc-87e5-420a-b3d0-a1010da27bda","D03","SUGG","SUGG.AOS.riparian.point.01","2020-02-19","SUGG.20200219.EPIPHYTON.1.CNSA.1","A00000129867","condition ok","SIRFER Lab at University of Utah","2020-07-12","ElFtGy1kV49xqNP00HfxQA==","CNS","1",5,25,100,,,,,,,,"sulfur",2059.27,"microgramsPerLiter","SIRFER_algalPlantChem_isotopes_V1","Revesz & Coplen 2012b",,,
"d85df74a-58d1-4888-8916-968495b9ff8d","D03","SUGG","SUGG.AOS.buoy.c1","2020-02-19","SUGG.20200219.PHYTOPLANKTON.1.CNSA.1","A00000129853","condition ok","SIRFER Lab at University of Utah","2020-07-12","ElFtGy1kV49xqNP00HfxQA==","CNS","1",300,25,100,,,,,,,,"d34S",8.27,"perMill","SIRFER_algalPlantChem_isotopes_V1","Revesz & Coplen 2012b",,,
"15dbe82c-96d1-4a64-bb32-ed0d60955bdf","D03","SUGG","SUGG.AOS.riparian.point.03","2020-02-19","SUGG.20200219.EPIPHYTON.3.CNSA.1","A00000129870","condition ok","SIRFER Lab at University of Utah","2020-07-12","ElFtGy1kV49xqNP00HfxQA==","CNS","1",5,25,100,,,,,,,,"d34S",9.28,"perMill","SIRFER_algalPlantChem_isotopes_V1","Revesz & Coplen 2012b",,,
"2e2398e1-7821-46a3-8405-37b3c22da857","D03","SUGG","SUGG.AOS.buoy.c1","2020-02-19","SUGG.20200219.PHYTOPLANKTON.1.CNSA.1","A00000129853","condition ok","SIRFER Lab at University of Utah","2020-07-12","ElFtGy1kV49xqNP00HfxQA==","CNS","1",300,25,100,,,,,,,,"d13C",-28.84,"perMill","SIRFER_algalPlantChem_isotopes_V1","Revesz & Coplen 2012a","N",,
"91bfb648-cdd1-4c12-b4ae-5a9358977f88","D03","SUGG","SUGG.AOS.riparian.point.07","2020-02-19","SUGG.20200219.EPIPHYTON.7.CNSA.1","A00000129874","condition ok","SIRFER Lab at University of Utah","2020-07-12","ElFtGy1kV49xqNP00HfxQA==","CNS","1",5,25,100,,,,,,,,"sulfur",1127.13,"microgramsPerLiter","SIRFER_algalPlantChem_isotopes_V1","Revesz & Coplen 2012b",,,
"0398a3b6-4aae-49aa-884b-7316eedabc7e","D03","SUGG","SUGG.AOS.littoral2","2020-02-19","SUGG.20200219.PHYTOPLANKTON.3.CNSA.1","A00000129861","condition ok","SIRFER Lab at University of Utah","2020-07-12","ElFtGy1kV49xqNP00HfxQA==","CNS","1",200,25,100,,,,,,,,"d13C",-32.61,"perMill","SIRFER_algalPlantChem_isotopes_V1","Revesz & Coplen 2012a","N",,
"db310f34-b385-42c6-abb1-3d5481385798","D03","SUGG","SUGG.AOS.buoy.c1","2020-02-19","SUGG.20200219.PHYTOPLANKTON.1.CNSA.1","A00000129853","condition ok","SIRFER Lab at University of Utah","2020-07-12","ElFtGy1kV49xqNP00HfxQA==","CNS","1",300,25,100,,,,,,,,"d15N",-0.43,"perMill","SIRFER_algalPlantChem_isotopes_V1","Revesz & Coplen 2012a",,,
"3516562c-fad3-4bfa-8759-ecb45fd72091","D03","SUGG","SUGG.AOS.riparian.point.05","2020-02-19","SUGG.20200219.EPIPHYTON.5.CNSA.1","A00000129871","condition ok","SIRFER Lab at University of Utah","2020-07-12","ElFtGy1kV49xqNP00HfxQA==","CNS","1",5,25,100,,,,,,,,"sulfur",4339.95,"microgramsPerLiter","SIRFER_algalPlantChem_isotopes_V1","Revesz & Coplen 2012b",,,
"f1c1b13f-29bd-4213-bb48-0eabafb85b92","D03","SUGG","SUGG.AOS.littoral1","2020-02-19","SUGG.20200219.PHYTOPLANKTON.2.CNSA.1","A00000129864","condition ok","SIRFER Lab at University of Utah","2020-07-12","ElFtGy1kV49xqNP00HfxQA==","CNS","1",300,25,100,,,,,,,,"carbon",416.17,"microgramsPerLiter","SIRFER_algalPlantChem_isotopes_V1","Revesz & Coplen 2012a","N",,
"955275eb-c6ab-4cf5-aead-da06e86e69f6","D03","SUGG","SUGG.AOS.littoral1","2020-02-19","SUGG.20200219.PHYTOPLANKTON.2.CNSA.1","A00000129864","condition ok","SIRFER Lab at University of Utah","2020-07-12","ElFtGy1kV49xqNP00HfxQA==","CNS","1",300,25,100,,,,,,,,"d15N",1.27,"perMill","SIRFER_algalPlantChem_isotopes_V1","Revesz & Coplen 2012a",,,
"26fe1bc5-a4a6-4238-9fd0-793e7b6ed556","D03","SUGG","SUGG.AOS.riparian.point.07","2020-02-19","SUGG.20200219.EPIPHYTON.7.CNSA.1","A00000129874","condition ok","SIRFER Lab at University of Utah","2020-07-12","ElFtGy1kV49xqNP00HfxQA==","CNS","1",5,25,100,,,,,,,,"d13C",-28.53,"perMill","SIRFER_algalPlantChem_isotopes_V1","Revesz & Coplen 2012a","N",,
"8ac4309d-9bc2-42c6-b6d6-fc8b482d1513","D03","SUGG","SUGG.AOS.riparian.point.03","2020-02-19","SUGG.20200219.EPIPHYTON.3.CNSA.1","A00000129870","condition ok","SIRFER Lab at University of Utah","2020-07-12","ElFtGy1kV49xqNP00HfxQA==","CNS","1",5,25,100,,,,,,,,"nitrogen",16021.70,"microgramsPerLiter","SIRFER_algalPlantChem_isotopes_V1","Revesz & Coplen 2012a",,,
"fae14f54-7f3e-4786-bf86-c9cc78e6847c","D03","SUGG","SUGG.AOS.riparian.point.09","2020-02-19","SUGG.20200219.EPIPHYTON.9.CNSA.1","A00000129877","condition ok","SIRFER Lab at University of Utah","2020-07-12","ElFtGy1kV49xqNP00HfxQA==","CNS","1",5,25,100,,,,,,,,"d13C",-30.50,"perMill","SIRFER_algalPlantChem_isotopes_V1","Revesz & Coplen 2012a","N",,
"e408ffe9-eed4-4fd2-bcb3-07c92cb9d60e","D03","SUGG","SUGG.AOS.riparian.point.03","2020-02-19","SUGG.20200219.EPIPHYTON.3.CNSA.1","A00000129870","condition ok","SIRFER Lab at University of Utah","2020-07-12","ElFtGy1kV49xqNP00HfxQA==","CNS","1",5,25,100,,,,,,,,"sulfur",2329.26,"microgramsPerLiter","SIRFER_algalPlantChem_isotopes_V1","Revesz & Coplen 2012b",,,
"a950c57e-ad09-4e22-87e4-b0be242d9a46","D03","SUGG","SUGG.AOS.riparian.point.07","2020-02-19","SUGG.20200219.EPIPHYTON.7.CNSA.1","A00000129874","condition ok","SIRFER Lab at University of Utah","2020-07-12","ElFtGy1kV49xqNP00HfxQA==","CNS","1",5,25,100,,,,,,,,"d34S",9.00,"perMill","SIRFER_algalPlantChem_isotopes_V1","Revesz & Coplen 2012b",,,
"3dea6e34-a185-4f90-a269-ab5b26a055a7","D03","SUGG","SUGG.AOS.riparian.point.05","2020-02-19","SUGG.20200219.EPIPHYTON.5.CNSA.1","A00000129871","condition ok","SIRFER Lab at University of Utah","2020-07-12","ElFtGy1kV49xqNP00HfxQA==","CNS","1",5,25,100,,,,,,,,"d13C",-28.84,"perMill","SIRFER_algalPlantChem_isotopes_V1","Revesz & Coplen 2012a","N",,
"7440854a-6d63-4e33-9e0a-fb2bc9591944","D03","SUGG","SUGG.AOS.riparian.point.05","2020-02-19","SUGG.20200219.EPIPHYTON.5.CNSA.1","A00000129871","condition ok","SIRFER Lab at University of Utah","2020-07-12","ElFtGy1kV49xqNP00HfxQA==","CNS","1",5,25,100,,,,,,,,"d15N",-1.06,"perMill","SIRFER_algalPlantChem_isotopes_V1","Revesz & Coplen 2012a",,,
"4639f069-8193-4866-b63d-c3e1a5bc2b99","D03","SUGG","SUGG.AOS.riparian.point.03","2020-02-19","SUGG.20200219.EPIPHYTON.3.CNSA.1","A00000129870","condition ok","SIRFER Lab at University of Utah","2020-07-12","ElFtGy1kV49xqNP00HfxQA==","CNS","1",5,25,100,,,,,,,,"d13C",-28.79,"perMill","SIRFER_algalPlantChem_isotopes_V1","Revesz & Coplen 2012a","N",,
"906fca45-9451-4e8e-9297-d835e862dc75","D03","SUGG","SUGG.AOS.riparian.point.09","2020-02-19","SUGG.20200219.EPIPHYTON.9.CNSA.1","A00000129877","condition ok","SIRFER Lab at University of Utah","2020-07-12","ElFtGy1kV49xqNP00HfxQA==","CNS","1",5,25,100,,,,,,,,"d34S",8.84,"perMill","SIRFER_algalPlantChem_isotopes_V1","Revesz & Coplen 2012b",,,
"91b56c82-4313-4823-af2d-563f88900fb5","D03","SUGG","SUGG.AOS.riparian.point.05","2020-02-19","SUGG.20200219.EPIPHYTON.5.CNSA.1","A00000129871","condition ok","SIRFER Lab at University of Utah","2020-07-12","ElFtGy1kV49xqNP00HfxQA==","CNS","1",5,25,100,,,,,,,,"d34S",9.31,"perMill","SIRFER_algalPlantChem_isotopes_V1","Revesz & Coplen 2012b",,,
"b099ef7f-92bb-497f-b116-d0e2a3547831","D03","SUGG","SUGG.AOS.riparian.point.01","2020-02-19","SUGG.20200219.EPIPHYTON.1.CNSA.1","A00000129867","condition ok","SIRFER Lab at University of Utah","2020-07-12","ElFtGy1kV49xqNP00HfxQA==","CNS","1",5,25,100,,,,,,,,"d34S",9.58,"perMill","SIRFER_algalPlantChem_isotopes_V1","Revesz & Coplen 2012b",,,
"9a954beb-5e7f-48d0-a031-b801fb87e293","D03","SUGG","SUGG.AOS.littoral1","2020-02-19","SUGG.20200219.PHYTOPLANKTON.2.CNSA.1","A00000129864","condition ok","SIRFER Lab at University of Utah","2020-07-12","ElFtGy1kV49xqNP00HfxQA==","CNS","1",300,25,100,,,,,,,,"d34S",6.86,"perMill","SIRFER_algalPlantChem_isotopes_V1","Revesz & Coplen 2012b",,,
