uid,domainID,siteID,namedLocation,date,eventID,sampleDepth,waterTemp,specificConductance,dissolvedOxygen,dissolvedOxygenSaturation,dataQF
"1cfa9e8e-fd30-4b07-a81d-b1982e40ad5d","D18","TOOK","TOOK.AOS.buoy.c0","2021-11-08T17:37Z","TOOK.c0.20211108",5.0,1.7,119.4,9.9,70.7,
"c3e79929-b3e4-4aa7-b68a-e14a31542967","D18","TOOK","TOOK.AOS.buoy.c0","2021-11-08T17:37Z","TOOK.c0.20211108",10.0,2.1,120.6,8.8,63.9,
"04d7a0fc-4afe-46f0-8fe8-133290ecdaf7","D18","TOOK","TOOK.AOS.buoy.c0","2021-11-08T17:37Z","TOOK.c0.20211108",0.5,0.8,48.3,11.1,77.3,
"47620028-f378-4858-ab5a-7348bdb933b2","D18","TOOK","TOOK.AOS.buoy.c0","2021-11-08T17:37Z","TOOK.c0.20211108",20.0,3.5,125.5,0.2,1.7,
"ece7fd7c-eb40-4989-890c-2af40357bf71","D18","TOOK","TOOK.AOS.buoy.c0","2021-11-08T17:37Z","TOOK.c0.20211108",15.0,3.2,115.8,8.3,61.7,
