uid,domainID,siteID,namedLocation,sampleID,sampleCode,startDate,collectDate,laboratoryName,analyte,analyteConcentration,analyteUnits,coolerTemp,remarks,shipmentWarmQF,externalLabDataQF,sampleCondition
"48916c77-64f7-4055-af37-fa8b5a4b6d52","D03","BARC","BARC.AOS.buoy.c0","BARC.C0.20201103.RAW.NUT","A00000132045","2020-11-03T14:55Z","2020-11-03T14:55Z","Florida International University","TP",0.0101,"milligramsPerLiter",-1.0,,0,,"OK"
"59cc84d6-558e-4ac2-b35e-1fb4980b4ce1","D03","BARC","BARC.AOS.buoy.c0","BARC.C0.20201103.FIL.NUT","A00000132055","2020-11-03T14:55Z","2020-11-03T14:55Z","Florida International University","NH4 - N",0.0050,"milligramsPerLiter",-1.0,,0,,"OK"
"15a1630e-1f4d-4080-8038-8a6f1d8db346","D03","BARC","BARC.AOS.buoy.c0","BARC.C0.20201103.FIL.NUT","A00000132055","2020-11-03T14:55Z","2020-11-03T14:55Z","Florida International University","NO2 - N",0.0002,"milligramsPerLiter",-1.0,,0,,"OK"
"43e48593-dc8d-4d16-843b-c846cc05b901","D03","BARC","BARC.AOS.buoy.c0","BARC.C0.20201103.FIL.NUT","A00000132055","2020-11-03T14:55Z","2020-11-03T14:55Z","Florida International University","TDP",0.0037,"milligramsPerLiter",-1.0,,0,,"OK"
"74a6f367-eece-4109-8096-02c8c9b17fc3","D03","BARC","BARC.AOS.buoy.c0","BARC.C0.20201103.FIL.NUT","A00000132055","2020-11-03T14:55Z","2020-11-03T14:55Z","Florida International University","NO3+NO2 - N",0.0014,"milligramsPerLiter",-1.0,,0,,"OK"
"4c46673d-8c8f-4a03-a7eb-a411f249b602","D03","BARC","BARC.AOS.buoy.c0","BARC.C0.20201103.FIL.NUT","A00000132055","2020-11-03T14:55Z","2020-11-03T14:55Z","Florida International University","Ortho - P",0.0000,"milligramsPerLiter",-1.0,,0,,"OK"
"077336fb-3449-4028-a29d-374d41933d5d","D03","BARC","BARC.AOS.buoy.c0","BARC.C0.20201103.FIL","A00000132054","2020-11-03T14:55Z","2020-11-03T14:55Z","EcoCore_CSU","SO4",2.4461,"milligramsPerLiter",0.5,,0,,"Cold Chain Broken During Storage|Hold Time Exceeded"
"dc8de80b-1442-4d53-83d2-d294b193d07f","D03","BARC","BARC.AOS.buoy.c0","BARC.C0.20201103.FIL","A00000132054","2020-11-03T14:55Z","2020-11-03T14:55Z","EcoCore_CSU","Cl",5.6170,"milligramsPerLiter",0.5,,0,,"Cold Chain Broken During Storage|Hold Time Exceeded"
"2afa742f-d79b-412e-809f-02a74065a82f","D03","BARC","BARC.AOS.buoy.c0","BARC.C0.20201103.FIL","A00000132054","2020-11-03T14:55Z","2020-11-03T14:55Z","EcoCore_CSU","F",0.0050,"milligramsPerLiter",0.5,,0,,"Cold Chain Broken During Storage|Hold Time Exceeded"
"32041300-4729-4317-9b0c-4c17dae5dd1d","D03","BARC","BARC.AOS.buoy.c0","BARC.C0.20201103.FIL","A00000132054","2020-11-03T14:55Z","2020-11-03T14:55Z","EcoCore_CSU","Br",0.0934,"milligramsPerLiter",0.5,,0,,"Cold Chain Broken During Storage|Hold Time Exceeded"
"797144cf-c38f-4e0d-854a-34d85ef1bcfa","D03","BARC","BARC.AOS.buoy.c0","BARC.C0.20201103.FIL","A00000132054","2020-11-03T14:55Z","2020-11-03T14:55Z","EcoCore_CSU","Mg",0.4730,"milligramsPerLiter",0.5,,0,,"Hold Time Exceeded"
"2cd65aec-8ca6-4e33-8f28-080245aeb2a0","D03","BARC","BARC.AOS.buoy.c0","BARC.C0.20201103.FIL","A00000132054","2020-11-03T14:55Z","2020-11-03T14:55Z","EcoCore_CSU","Fe",0.0330,"milligramsPerLiter",0.5,,0,,"Hold Time Exceeded"
"e7ae2fca-b90d-4d6d-90a8-faf7a70214f6","D03","BARC","BARC.AOS.buoy.c0","BARC.C0.20201103.FIL","A00000132054","2020-11-03T14:55Z","2020-11-03T14:55Z","EcoCore_CSU","Ca",0.0360,"milligramsPerLiter",0.5,,0,,"Hold Time Exceeded"
"1444c869-93d4-4cc8-887e-dfd84bd329b7","D03","BARC","BARC.AOS.buoy.c0","BARC.C0.20201103.FIL","A00000132054","2020-11-03T14:55Z","2020-11-03T14:55Z","EcoCore_CSU","K",0.1600,"milligramsPerLiter",0.5,,0,,"Hold Time Exceeded"
"424c1dc4-4287-469d-a3ac-49e5e44b80c3","D03","BARC","BARC.AOS.buoy.c0","BARC.C0.20201103.FIL","A00000132054","2020-11-03T14:55Z","2020-11-03T14:55Z","EcoCore_CSU","Mn",0.0050,"milligramsPerLiter",0.5,,0,,"Hold Time Exceeded"
"6b9dcc09-aa2c-4fd6-bb4f-5ee19aaf208d","D03","BARC","BARC.AOS.buoy.c0","BARC.C0.20201103.FIL","A00000132054","2020-11-03T14:55Z","2020-11-03T14:55Z","EcoCore_CSU","Na",0.2540,"milligramsPerLiter",0.5,,0,,"Hold Time Exceeded"
"8c527324-d270-4d2c-a135-73c6d89c09ad","D03","BARC","BARC.AOS.buoy.c0","BARC.C0.20201103.FIL","A00000132054","2020-11-03T14:55Z","2020-11-03T14:55Z","EcoCore_CSU","Si",0.2140,"milligramsPerLiter",0.5,,0,,"Hold Time Exceeded"
"a42d6f1e-3fc7-4462-9f95-214df5bcddba","D03","BARC","BARC.AOS.buoy.c0","BARC.C0.20201103.RAW","A00000132044","2020-11-03T14:55Z","2020-11-03T14:55Z","EcoCore_CSU","TSS - Dry Mass",,"microgram",0.5,,0,,"Cold Chain Broken"
"36f4d8c9-8509-48f4-b233-0dcb894ca8f5","D03","BARC","BARC.AOS.buoy.c0","BARC.C0.20201103.FIL","A00000132054","2020-11-03T14:55Z","2020-11-03T14:55Z","EcoCore_CSU","TDS",,"milligramsPerLiter",0.5,,0,,"Cold Chain Broken"
"fbb54f3d-0c4c-440b-b1b4-ceb198872311","D03","BARC","BARC.AOS.buoy.c0","BARC.C0.20201103.RAW","A00000132044","2020-11-03T14:55Z","2020-11-03T14:55Z","EcoCore_CSU","pH",,"pH",0.5,,0,,"Cold Chain Broken"
"30bbdc4d-e4c0-40f1-92be-3fc2eb78feaa","D03","BARC","BARC.AOS.buoy.c0","BARC.C0.20201103.FIL","A00000132054","2020-11-03T14:55Z","2020-11-03T14:55Z","EcoCore_CSU","CO3",,"milligramsPerLiter",0.5,,0,,"Cold Chain Broken"
"1aac6ca3-879e-46ed-ab86-f65bd0ccb8ce","D03","BARC","BARC.AOS.buoy.c0","BARC.C0.20201103.FIL","A00000132054","2020-11-03T14:55Z","2020-11-03T14:55Z","EcoCore_CSU","HCO3",,"milligramsPerLiter",0.5,,0,,"Cold Chain Broken"
"a9d59a46-6064-4524-918e-a967539c5233","D03","BARC","BARC.AOS.buoy.c0","BARC.C0.20201103.RAW","A00000132044","2020-11-03T14:55Z","2020-11-03T14:55Z","EcoCore_CSU","TSS",,"milligramsPerLiter",0.5,,0,,"Cold Chain Broken"
"56b1689b-4ff0-4049-9a8d-83f3cf3fe8f7","D03","BARC","BARC.AOS.buoy.c0","BARC.C0.20201103.FIL","A00000132054","2020-11-03T14:55Z","2020-11-03T14:55Z","EcoCore_CSU","UV Absorbance (280 nm)",0.0207,,0.5,,0,,"OK"
"21447747-8db5-4f16-8008-8c62412161f8","D03","BARC","BARC.AOS.buoy.c0","BARC.C0.20201103.FIL","A00000132054","2020-11-03T14:55Z","2020-11-03T14:55Z","EcoCore_CSU","UV Absorbance (254 nm)",0.0240,,0.5,,0,,"OK"
"a127c6fc-3d2a-4005-aaf1-4e2ef45b337c","D03","BARC","BARC.AOS.buoy.c0","BARC.C0.20201103.RAW","A00000132044","2020-11-03T14:55Z","2020-11-03T14:55Z","EcoCore_CSU","TN",0.1453,"milligramsPerLiter",0.5,,0,,"OK"
"9e03a5a4-f63b-4ab4-9d40-276948b6b6c5","D03","BARC","BARC.AOS.buoy.c0","BARC.C0.20201103.RAW","A00000132044","2020-11-03T14:55Z","2020-11-03T14:55Z","EcoCore_CSU","TOC",2.7460,"milligramsPerLiter",0.5,,0,,"OK"
"f49eec8f-80a4-488f-9e76-dece723bc223","D03","BARC","BARC.AOS.buoy.c0","BARC.C0.20201103.FIL","A00000132054","2020-11-03T14:55Z","2020-11-03T14:55Z","EcoCore_CSU","TDN",0.0966,"milligramsPerLiter",0.5,,0,,"OK"
"b46a8de4-f8d4-403c-b3e9-678c45454869","D03","BARC","BARC.AOS.buoy.c0","BARC.C0.20201103.FIL","A00000132054","2020-11-03T14:55Z","2020-11-03T14:55Z","EcoCore_CSU","DIC",0.9341,"milligramsPerLiter",0.5,,0,,"OK"
"810d5419-af7d-4ba2-8941-14660770e64e","D03","BARC","BARC.AOS.buoy.c0","BARC.C0.20201103.FIL","A00000132054","2020-11-03T14:55Z","2020-11-03T14:55Z","EcoCore_CSU","DOC",2.6240,"milligramsPerLiter",0.5,,0,,"OK"
