uid,domainID,siteID,namedLocation,aquaticSiteType,decimalLatitude,decimalLongitude,coordinateUncertainty,elevation,elevationUncertainty,geodeticDatum,collectDate,eventID,parentSampleID,parentSampleCode,samplingImpractical,biophysicalCriteria,affectedByWind,habitatType,algalSampleType,benthicArea,samplingProtocolVersion,phytoDepth1,phytoDepth2,phytoDepth3,substratumSizeClass,remarks,recordedBy,collectedBy,dataQF
"73de65fc-2cb9-4d41-8c95-2841a3ae9ad3","D03","BARC","BARC.AOS.riparian.point.04","lake",29.675164,-82.006743,5.0,22.5,5.0,"WGS84","2019-11-12T12:18Z","BARC.20191112","BARC.20191112.EPIPHYTON.4",,,,,"littoral","epiphyton",0.010000,"NEON.DOC.003045vC",,,,,,"0000-0002-7940-8177","0000-0002-4570-7750",
"7c333468-5ed1-4c8f-a417-d03cbe012e16","D03","BARC","BARC.AOS.riparian.point.02","lake",29.677034,-82.006975,5.0,26.1,5.0,"WGS84","2019-11-12T12:18Z","BARC.20191112","BARC.20191112.EPIPHYTON.2",,,,,"littoral","epiphyton",0.010000,"NEON.DOC.003045vC",,,,,,"0000-0002-7940-8177","0000-0002-4570-7750",
"a2701344-928a-4f40-af63-f4901cfbd60d","D03","BARC","BARC.AOS.riparian.point.06","lake",29.674507,-82.008596,5.0,26.6,5.0,"WGS84","2019-11-12T12:18Z","BARC.20191112","BARC.20191112.EPIPHYTON.6",,,,,"littoral","epiphyton",0.010000,"NEON.DOC.003045vC",,,,,,"0000-0002-7940-8177","0000-0002-4570-7750",
"83479671-57fc-4ef1-adb1-3a9c7519d0a8","D03","BARC","BARC.AOS.littoral2","lake",29.674748,-82.008401,1.1,27.1,1.0,"WGS84","2019-11-12T12:18Z","BARC.20191112","BARC.20191112.PHYTOPLANKTON.3",,,,,"pelagic","phytoplankton",,"NEON.DOC.003045vC",0.5,2.4,,,,"0000-0002-7940-8177","0000-0002-4570-7750",
"08dfb35c-bcb7-45cf-bfc6-490ebafc09b6","D03","BARC","BARC.AOS.riparian.point.10","lake",29.677686,-82.008911,5.0,24.2,5.0,"WGS84","2019-11-12T12:18Z","BARC.20191112","BARC.20191112.EPIPHYTON.10",,,,,"littoral","epiphyton",0.010000,"NEON.DOC.003045vC",,,,,,"0000-0002-7940-8177","0000-0002-4570-7750",
"9d5791e6-8682-4743-9c59-5b646c13f480","D03","BARC","BARC.AOS.riparian.point.08","lake",29.675584,-82.010729,5.0,25.1,5.0,"WGS84","2019-11-12T12:18Z","BARC.20191112","BARC.20191112.EPIPHYTON.8",,,,,"littoral","epiphyton",0.010000,"NEON.DOC.003045vC",,,,,,"0000-0002-7940-8177","0000-0002-4570-7750",
"846b1d22-22f8-4d17-b82b-c7a53b7623d2","D03","BARC","BARC.AOS.littoral1","lake",29.677479,-82.007710,1.1,26.0,1.0,"WGS84","2019-11-12T12:18Z","BARC.20191112","BARC.20191112.PHYTOPLANKTON.2",,,,,"pelagic","phytoplankton",,"NEON.DOC.003045vC",0.5,2.5,,,,"0000-0002-7940-8177","0000-0002-4570-7750",
"5b1245af-f2d3-43b8-90ed-0d0be83fa572","D03","BARC","BARC.AOS.buoy.c0","lake",29.675982,-82.008414,10.0,27.0,10.0,"WGS84","2019-11-12T12:18Z","BARC.20191112","BARC.20191112.PHYTOPLANKTON.1",,,,,"pelagic","phytoplankton",,"NEON.DOC.003045vC",0.5,5.9,,,,"0000-0002-7940-8177","0000-0002-4570-7750",
