uid,domainID,siteID,namedLocation,collectDate,parentSampleID,sampleID,sampleCode,filterNumber,analysisType,fieldSampleVolume,domainFilterVolume,storageDays,remarks,measuredBy,recordedBy,sampleCondition,dataQF
"c33a13b5-d287-44ab-af28-a9edaad92553","D03","BARC","BARC.AOS.riparian.point.06","2019-11-12T12:18Z","BARC.20191112.EPIPHYTON.6","BARC.20191112.EPIPHYTON.6.CNSA.1","A00000075194",1,"CNSa",125.0,10.0,0.4,,"0000-0003-1571-3196","0000-0003-1571-3196","OK",
"260bd4c4-2b6a-48a5-86e7-228d6dd5db0d","D03","BARC","BARC.AOS.riparian.point.06","2019-11-12T12:18Z","BARC.20191112.EPIPHYTON.6","BARC.20191112.EPIPHYTON.6.P.1","A00000075186",1,"P",125.0,10.0,0.4,,"0000-0003-1571-3196","0000-0003-1571-3196","OK",
"92951293-c5d0-41e9-a3a4-270b8fe087fa","D03","BARC","BARC.AOS.littoral2","2019-11-12T12:18Z","BARC.20191112.PHYTOPLANKTON.3","BARC.20191112.PHYTOPLANKTON.3.CNSA.1","A00000073647",1,"CNSa",5000.0,200.0,0.3,,"0000-0003-1571-3196","0000-0003-1571-3196","OK",
"24548ca6-fd9c-4408-8a52-60e9f50da488","D03","BARC","BARC.AOS.riparian.point.10","2019-11-12T12:18Z","BARC.20191112.EPIPHYTON.10","BARC.20191112.EPIPHYTON.10.CNSB.1","A00000075184",1,"CNSb",125.0,10.0,0.4,,"0000-0003-1571-3196","0000-0003-1571-3196","OK",
"b7071a4a-b049-4710-9204-9481691e815e","D03","BARC","BARC.AOS.riparian.point.06","2019-11-12T12:18Z","BARC.20191112.EPIPHYTON.6","BARC.20191112.EPIPHYTON.6.CHL/PHEO.1","A00000075176",1,"chlorophyll/pheophytin",125.0,15.0,0.4,,"0000-0003-1571-3196","0000-0003-1571-3196","OK",
"402b5402-2c12-4f9d-a486-d578f72428b0","D03","BARC","BARC.AOS.riparian.point.10","2019-11-12T12:18Z","BARC.20191112.EPIPHYTON.10","BARC.20191112.EPIPHYTON.10.P.1","A00000075189",1,"P",125.0,10.0,0.4,,"0000-0003-1571-3196","0000-0003-1571-3196","OK",
"77f01cf7-6d68-4aca-9de8-c5c157cc9ed8","D03","BARC","BARC.AOS.riparian.point.08","2019-11-12T12:18Z","BARC.20191112.EPIPHYTON.8","BARC.20191112.EPIPHYTON.8.CNSA.1","A00000075193",1,"CNSa",125.0,15.0,0.4,,"0000-0003-1571-3196","0000-0003-1571-3196","OK",
"0b34032c-43b3-4fed-8b84-a10239c2b511","D03","BARC","BARC.AOS.riparian.point.10","2019-11-12T12:18Z","BARC.20191112.EPIPHYTON.10","BARC.20191112.EPIPHYTON.10.CHL/PHEO.1","A00000075179",1,"chlorophyll/pheophytin",125.0,10.0,0.4,,"0000-0003-1571-3196","0000-0003-1571-3196","OK",
"97681867-626c-467d-8c51-a9cca41ed2cb","D03","BARC","BARC.AOS.buoy.c0","2019-11-12T12:18Z","BARC.20191112.PHYTOPLANKTON.1","BARC.20191112.PHYTOPLANKTON.1.REP2.CNSB.2","A00000073627",2,"CNSb",5000.0,200.0,0.3,,"0000-0003-1571-3196","0000-0003-1571-3196","OK",
"b8d43530-fd27-4ab1-a7d0-c54d10297970","D03","BARC","BARC.AOS.buoy.c0","2019-11-12T12:18Z","BARC.20191112.PHYTOPLANKTON.1","BARC.20191112.PHYTOPLANKTON.1.REP2.CNSA.2","A00000073628",2,"CNSa",5000.0,200.0,0.3,,"0000-0003-1571-3196","0000-0003-1571-3196","OK",
"fa72f5b9-b6a0-46f4-b860-2cb5f4be378a","D03","BARC","BARC.AOS.riparian.point.02","2019-11-12T12:18Z","BARC.20191112.EPIPHYTON.2","BARC.20191112.EPIPHYTON.2.CNSA.1","A00000075192",1,"CNSa",125.0,10.0,0.4,,"0000-0003-1571-3196","0000-0003-1571-3196","OK",
"7289166e-9c41-4969-9061-e7a6141711b2","D03","BARC","BARC.AOS.littoral1","2019-11-12T12:18Z","BARC.20191112.PHYTOPLANKTON.2","BARC.20191112.PHYTOPLANKTON.2.P.1","A00000073645",1,"P",5000.0,200.0,0.3,,"0000-0003-1571-3196","0000-0003-1571-3196","OK",
"3467827a-53c2-4f5c-94bf-1c0f87e47e33","D03","BARC","BARC.AOS.littoral1","2019-11-12T12:18Z","BARC.20191112.PHYTOPLANKTON.2","BARC.20191112.PHYTOPLANKTON.2.CNSB.1","A00000075173",1,"CNSb",5000.0,200.0,0.3,,"0000-0003-1571-3196","0000-0003-1571-3196","OK",
"992dabe4-3344-481b-9e4a-a76e886b82a8","D03","BARC","BARC.AOS.riparian.point.06","2019-11-12T12:18Z","BARC.20191112.EPIPHYTON.6","BARC.20191112.EPIPHYTON.6.CNSB.1","A00000075180",1,"CNSb",125.0,10.0,0.4,,"0000-0003-1571-3196","0000-0003-1571-3196","OK",
"907a2045-ad6a-4f99-a46b-8fabc7c22b27","D03","BARC","BARC.AOS.riparian.point.02","2019-11-12T12:18Z","BARC.20191112.EPIPHYTON.2","BARC.20191112.EPIPHYTON.2.CNSB.1","A00000075183",1,"CNSb",125.0,10.0,0.4,,"0000-0003-1571-3196","0000-0003-1571-3196","OK",
"5201f439-3561-46df-b2c7-a62561288f6b","D03","BARC","BARC.AOS.riparian.point.02","2019-11-12T12:18Z","BARC.20191112.EPIPHYTON.2","BARC.20191112.EPIPHYTON.2.CHL/PHEO.1","A00000075178",1,"chlorophyll/pheophytin",125.0,10.0,0.4,,"0000-0003-1571-3196","0000-0003-1571-3196","OK",
"829e8dac-114a-4e02-8a16-5a98d329bb90","D03","BARC","BARC.AOS.riparian.point.04","2019-11-12T12:18Z","BARC.20191112.EPIPHYTON.4","BARC.20191112.EPIPHYTON.4.CHL/PHEO.1","A00000075175",1,"chlorophyll/pheophytin",125.0,10.0,0.4,,"0000-0003-1571-3196","0000-0003-1571-3196","OK",
"0b830026-9711-40b3-9d4b-60c062c6e047","D03","BARC","BARC.AOS.riparian.point.02","2019-11-12T12:18Z","BARC.20191112.EPIPHYTON.2","BARC.20191112.EPIPHYTON.2.P.1","A00000075188",1,"P",125.0,10.0,0.4,,"0000-0003-1571-3196","0000-0003-1571-3196","OK",
"9cb30372-19eb-4ab0-abf8-7d95870103c5","D03","BARC","BARC.AOS.buoy.c0","2019-11-12T12:18Z","BARC.20191112.PHYTOPLANKTON.1","BARC.20191112.PHYTOPLANKTON.1.CHL/PHEO.1","A00000073632",1,"chlorophyll/pheophytin",5000.0,300.0,0.3,,"0000-0003-1571-3196","0000-0003-1571-3196","OK",
"bf86b030-0d7c-47fa-9b4e-a4815e8dc467","D03","BARC","BARC.AOS.riparian.point.04","2019-11-12T12:18Z","BARC.20191112.EPIPHYTON.4","BARC.20191112.EPIPHYTON.4.CNSA.1","A00000075195",1,"CNSa",125.0,10.0,0.4,,"0000-0003-1571-3196","0000-0003-1571-3196","OK",
"e416ed58-a203-4758-9426-32356b5892f3","D03","BARC","BARC.AOS.buoy.c0","2019-11-12T12:18Z","BARC.20191112.PHYTOPLANKTON.1","BARC.20191112.PHYTOPLANKTON.1.REP2.P.2","A00000073626",2,"P",5000.0,200.0,0.3,,"0000-0003-1571-3196","0000-0003-1571-3196","OK",
"8ccf87ae-e7d6-4514-b235-d5f1f0086e18","D03","BARC","BARC.AOS.buoy.c0","2019-11-12T12:18Z","BARC.20191112.PHYTOPLANKTON.1","BARC.20191112.PHYTOPLANKTON.1.REP2.CHL/PHEO.2","A00000073629",2,"chlorophyll/pheophytin",5000.0,200.0,0.3,,"0000-0003-1571-3196","0000-0003-1571-3196","OK",
"32d6a8f9-f82d-409e-b4e8-5b17c8bbd726","D03","BARC","BARC.AOS.riparian.point.04","2019-11-12T12:18Z","BARC.20191112.EPIPHYTON.4","BARC.20191112.EPIPHYTON.4.CNSB.1","A00000075181",1,"CNSb",125.0,10.0,0.4,,"0000-0003-1571-3196","0000-0003-1571-3196","OK",
"433567e4-b593-44f9-95f3-f610d008e934","D03","BARC","BARC.AOS.littoral2","2019-11-12T12:18Z","BARC.20191112.PHYTOPLANKTON.3","BARC.20191112.PHYTOPLANKTON.3.P.1","A00000073644",1,"P",5000.0,100.0,0.3,,"0000-0003-1571-3196","0000-0003-1571-3196","OK",
"c1b8f16d-6a81-4487-b915-db6f8241a0f5","D03","BARC","BARC.AOS.riparian.point.04","2019-11-12T12:18Z","BARC.20191112.EPIPHYTON.4","BARC.20191112.EPIPHYTON.4.P.1","A00000075185",1,"P",125.0,10.0,0.4,,"0000-0003-1571-3196","0000-0003-1571-3196","OK",
"c2ad48ee-01ce-4382-8b3a-e02f3753f535","D03","BARC","BARC.AOS.riparian.point.08","2019-11-12T12:18Z","BARC.20191112.EPIPHYTON.8","BARC.20191112.EPIPHYTON.8.CHL/PHEO.1","A00000075177",1,"chlorophyll/pheophytin",125.0,15.0,0.4,,"0000-0003-1571-3196","0000-0003-1571-3196","OK",
"2688c77c-274f-4266-85a9-0bf7204d08b3","D03","BARC","BARC.AOS.littoral1","2019-11-12T12:18Z","BARC.20191112.PHYTOPLANKTON.2","BARC.20191112.PHYTOPLANKTON.2.CNSA.1","A00000073648",1,"CNSa",5000.0,200.0,0.3,,"0000-0003-1571-3196","0000-0003-1571-3196","OK",
"6ccb7b74-6c7b-4e57-9e5f-6ff1a4ec12c7","D03","BARC","BARC.AOS.littoral1","2019-11-12T12:18Z","BARC.20191112.PHYTOPLANKTON.2","BARC.20191112.PHYTOPLANKTON.2.CHL/PHEO.1","A00000073631",1,"chlorophyll/pheophytin",5000.0,200.0,0.3,,"0000-0003-1571-3196","0000-0003-1571-3196","OK",
"15df62e7-7d8a-4319-bb1d-335bcb510f51","D03","BARC","BARC.AOS.riparian.point.10","2019-11-12T12:18Z","BARC.20191112.EPIPHYTON.10","BARC.20191112.EPIPHYTON.10.CNSA.1","A00000075196",1,"CNSa",125.0,10.0,0.4,,"0000-0003-1571-3196","0000-0003-1571-3196","OK",
"1e4a046d-0735-4522-9ca8-298528d211c3","D03","BARC","BARC.AOS.buoy.c0","2019-11-12T12:18Z","BARC.20191112.PHYTOPLANKTON.1","BARC.20191112.PHYTOPLANKTON.1.P.1","A00000073646",1,"P",5000.0,200.0,0.3,,"0000-0003-1571-3196","0000-0003-1571-3196","OK",
"18abd826-f13a-4613-afae-1b2965af8602","D03","BARC","BARC.AOS.littoral2","2019-11-12T12:18Z","BARC.20191112.PHYTOPLANKTON.3","BARC.20191112.PHYTOPLANKTON.3.CNSB.1","A00000073665",1,"CNSb",5000.0,200.0,0.3,,"0000-0003-1571-3196","0000-0003-1571-3196","OK",
"0ad1cd21-8a4d-4254-8981-05da55c2c3e7","D03","BARC","BARC.AOS.buoy.c0","2019-11-12T12:18Z","BARC.20191112.PHYTOPLANKTON.1","BARC.20191112.PHYTOPLANKTON.1.CNSA.1","A00000073649",1,"CNSa",5000.0,300.0,0.3,,"0000-0003-1571-3196","0000-0003-1571-3196","OK",
"60e87036-df4a-4b09-9261-75fe66d1ce08","D03","BARC","BARC.AOS.buoy.c0","2019-11-12T12:18Z","BARC.20191112.PHYTOPLANKTON.1","BARC.20191112.PHYTOPLANKTON.1.CNSB.1","A00000075174",1,"CNSb",5000.0,300.0,0.3,,"0000-0003-1571-3196","0000-0003-1571-3196","OK",
"6acdff27-2394-4739-9754-f0c25ca6f9c0","D03","BARC","BARC.AOS.riparian.point.08","2019-11-12T12:18Z","BARC.20191112.EPIPHYTON.8","BARC.20191112.EPIPHYTON.8.P.1","A00000075187",1,"P",125.0,15.0,0.4,,"0000-0003-1571-3196","0000-0003-1571-3196","OK",
"1bf113f0-ade9-4d8e-9d84-293e5f1c6161","D03","BARC","BARC.AOS.littoral2","2019-11-12T12:18Z","BARC.20191112.PHYTOPLANKTON.3","BARC.20191112.PHYTOPLANKTON.3.CHL/PHEO.1","A00000073630",1,"chlorophyll/pheophytin",5000.0,200.0,0.3,,"0000-0003-1571-3196","0000-0003-1571-3196","OK",
"d200dade-58c6-4737-9c2b-563180ae448c","D03","BARC","BARC.AOS.riparian.point.08","2019-11-12T12:18Z","BARC.20191112.EPIPHYTON.8","BARC.20191112.EPIPHYTON.8.CNSB.1","A00000075182",1,"CNSb",125.0,15.0,0.4,,"0000-0003-1571-3196","0000-0003-1571-3196","OK",
