uid,domainID,siteID,namedLocation,collectDate,sampleID,sampleCode,sampleCondition,laboratoryName,analysisDate,analyzedBy,sampleType,replicate,sampleVolumeFiltered,filterSize,percentFilterAnalyzed,dilutionFactor,solventVolume,responseFactor,acidificationResponseFactor,fluorometerSensitivitySetting,preAcidificationFluorescence,postAcidificationFluorescence,analyte,analyteConcentration,plantAlgaeLabUnits,testMethod,method,acidTreatment,externalRemarks,externalLabDataQF
"32f9707f-6378-4941-8a72-0ffbf05e2518","D03","BARC","BARC.AOS.riparian.point.08","2019-11-12","BARC.20191112.EPIPHYTON.8.P.1","A00000075187","condition ok","SIRFER Lab at University of Utah","2020-11-06","a1rVWpE0V4zMCUk591/P0Q==","P","1",15,25,100,,,,,,,,"phosphorus",23.61,"microgramsPerLiter","ICPMetalsLab_P_V2.0","Ivanov et al 2012","N",,
"8581acb1-2f56-47cd-8c2d-a2a5fe60c3e1","D03","BARC","BARC.AOS.littoral1","2019-11-12","BARC.20191112.PHYTOPLANKTON.2.P.1","A00000073645","condition ok","SIRFER Lab at University of Utah","2020-11-06","a1rVWpE0V4zMCUk591/P0Q==","P","1",200,25,100,,,,,,,,"phosphorus",2.90,"microgramsPerLiter","ICPMetalsLab_P_V2.0","Ivanov et al 2012","N",,
"3dcce351-52b5-4c79-a33c-e6c42f4eb53d","D03","BARC","BARC.AOS.riparian.point.04","2019-11-12","BARC.20191112.EPIPHYTON.4.P.1","A00000075185","condition ok","SIRFER Lab at University of Utah","2020-11-06","a1rVWpE0V4zMCUk591/P0Q==","P","1",10,25,100,,,,,,,,"phosphorus",302.50,"microgramsPerLiter","ICPMetalsLab_P_V2.0","Ivanov et al 2012","N",,
"ab1abc6e-d23f-4bc9-b969-14b835eecead","D03","BARC","BARC.AOS.buoy.c0","2019-11-12","BARC.20191112.PHYTOPLANKTON.1.P.1","A00000073646","condition ok","SIRFER Lab at University of Utah","2020-11-06","a1rVWpE0V4zMCUk591/P0Q==","P","1",200,25,100,,,,,,,,"phosphorus",3.43,"microgramsPerLiter","ICPMetalsLab_P_V2.0","Ivanov et al 2012","N",,
"f483ed2b-a967-4d85-922e-e5a90d942221","D03","BARC","BARC.AOS.riparian.point.06","2019-11-12","BARC.20191112.EPIPHYTON.6.P.1","A00000075186","condition ok","SIRFER Lab at University of Utah","2020-11-06","a1rVWpE0V4zMCUk591/P0Q==","P","1",10,25,100,,,,,,,,"phosphorus",292.42,"microgramsPerLiter","ICPMetalsLab_P_V2.0","Ivanov et al 2012","N",,
"c6000a51-a6b2-42a3-a5b8-9163270a42df","D03","BARC","BARC.AOS.riparian.point.02","2019-11-12","BARC.20191112.EPIPHYTON.2.P.1","A00000075188","condition ok","SIRFER Lab at University of Utah","2020-11-06","a1rVWpE0V4zMCUk591/P0Q==","P","1",10,25,100,,,,,,,,"phosphorus",75.64,"microgramsPerLiter","ICPMetalsLab_P_V2.0","Ivanov et al 2012","N",,
"871495ff-82d9-44a3-94d1-3df4a61ced7f","D03","BARC","BARC.AOS.riparian.point.10","2019-11-12","BARC.20191112.EPIPHYTON.10.P.1","A00000075189","condition ok","SIRFER Lab at University of Utah","2020-11-06","a1rVWpE0V4zMCUk591/P0Q==","P","1",10,25,100,,,,,,,,"phosphorus",136.91,"microgramsPerLiter","ICPMetalsLab_P_V2.0","Ivanov et al 2012","N",,
"fc2efa4d-b752-4b10-ac69-69107a1ae68d","D03","BARC","BARC.AOS.littoral2","2019-11-12","BARC.20191112.PHYTOPLANKTON.3.P.1","A00000073644","condition ok","SIRFER Lab at University of Utah","2020-11-06","a1rVWpE0V4zMCUk591/P0Q==","P","1",100,25,100,,,,,,,,"phosphorus",16.84,"microgramsPerLiter","ICPMetalsLab_P_V2.0","Ivanov et al 2012","N",,
"66970f6c-08cb-4d60-abb0-fe6a02769dd1","D03","BARC","BARC.AOS.buoy.c0","2019-11-12","BARC.20191112.PHYTOPLANKTON.1.CNSA.1","A00000073649","condition ok","SIRFER Lab at University of Utah","2020-05-13","ElFtGy1kV49xqNP00HfxQA==","CNS","1",300,25,100,,,,,,,,"d34S",13.60,"perMill","SIRFER_algalPlantChem_isotopes_V1","Revesz & Coplen 2012b",,,
"73c3b9ea-5b02-4145-8660-a3e86c15b8c0","D03","BARC","BARC.AOS.littoral2","2019-11-12","BARC.20191112.PHYTOPLANKTON.3.CNSA.1","A00000073647","condition ok","SIRFER Lab at University of Utah","2020-05-13","ElFtGy1kV49xqNP00HfxQA==","CNS","1",200,25,100,,,,,,,,"sulfur",18.21,"microgramsPerLiter","SIRFER_algalPlantChem_isotopes_V1","Revesz & Coplen 2012b",,,
"9cf03a56-ce4e-49de-aaf9-c2b5bcecd5fd","D03","BARC","BARC.AOS.littoral1","2019-11-12","BARC.20191112.PHYTOPLANKTON.2.CNSA.1","A00000073648","condition ok","SIRFER Lab at University of Utah","2020-05-13","ElFtGy1kV49xqNP00HfxQA==","CNS","1",200,25,100,,,,,,,,"d13C",-33.54,"perMill","SIRFER_algalPlantChem_isotopes_V1","Revesz & Coplen 2012a","N",,
"5566b627-dccd-488b-a223-4e1bda42815f","D03","BARC","BARC.AOS.riparian.point.04","2019-11-12","BARC.20191112.EPIPHYTON.4.CNSA.1","A00000075195","condition ok","SIRFER Lab at University of Utah","2020-05-13","ElFtGy1kV49xqNP00HfxQA==","CNS","1",10,25,100,,,,,,,,"carbon",47637.83,"microgramsPerLiter","SIRFER_algalPlantChem_isotopes_V1","Revesz & Coplen 2012a","N",,
"772426e6-da0d-4e1f-94a6-aa1c1659c33b","D03","BARC","BARC.AOS.littoral1","2019-11-12","BARC.20191112.PHYTOPLANKTON.2.CNSA.1","A00000073648","condition ok","SIRFER Lab at University of Utah","2020-05-13","ElFtGy1kV49xqNP00HfxQA==","CNS","1",200,25,100,,,,,,,,"nitrogen",89.39,"microgramsPerLiter","SIRFER_algalPlantChem_isotopes_V1","Revesz & Coplen 2012a",,,
"f84fb3a0-eaf6-474e-8dc4-b563690673d6","D03","BARC","BARC.AOS.riparian.point.06","2019-11-12","BARC.20191112.EPIPHYTON.6.CNSA.1","A00000075194","condition ok","SIRFER Lab at University of Utah","2020-05-13","ElFtGy1kV49xqNP00HfxQA==","CNS","1",10,25,100,,,,,,,,"d13C",-29.04,"perMill","SIRFER_algalPlantChem_isotopes_V1","Revesz & Coplen 2012a","N",,
"d41ac46b-eca7-47a6-a039-c79ae1ced132","D03","BARC","BARC.AOS.buoy.c0","2019-11-12","BARC.20191112.PHYTOPLANKTON.1.CNSA.1","A00000073649","condition ok","SIRFER Lab at University of Utah","2020-05-13","ElFtGy1kV49xqNP00HfxQA==","CNS","1",300,25,100,,,,,,,,"carbon",341.38,"microgramsPerLiter","SIRFER_algalPlantChem_isotopes_V1","Revesz & Coplen 2012a","N",,
"7c8c11ae-bd9c-4793-a79c-bd81e2aee309","D03","BARC","BARC.AOS.littoral1","2019-11-12","BARC.20191112.PHYTOPLANKTON.2.CNSA.1","A00000073648","condition ok","SIRFER Lab at University of Utah","2020-05-13","ElFtGy1kV49xqNP00HfxQA==","CNS","1",200,25,100,,,,,,,,"carbon",314.37,"microgramsPerLiter","SIRFER_algalPlantChem_isotopes_V1","Revesz & Coplen 2012a","N",,
"b20ac9b4-8754-4eb1-97e3-7493c721c530","D03","BARC","BARC.AOS.riparian.point.04","2019-11-12","BARC.20191112.EPIPHYTON.4.CNSA.1","A00000075195","condition ok","SIRFER Lab at University of Utah","2020-05-13","ElFtGy1kV49xqNP00HfxQA==","CNS","1",10,25,100,,,,,,,,"nitrogen",5015.50,"microgramsPerLiter","SIRFER_algalPlantChem_isotopes_V1","Revesz & Coplen 2012a",,,
"af4605a2-3914-4415-9109-ade3d3eb915e","D03","BARC","BARC.AOS.buoy.c0","2019-11-12","BARC.20191112.PHYTOPLANKTON.1.CNSA.1","A00000073649","condition ok","SIRFER Lab at University of Utah","2020-05-13","ElFtGy1kV49xqNP00HfxQA==","CNS","1",300,25,100,,,,,,,,"d13C",-33.47,"perMill","SIRFER_algalPlantChem_isotopes_V1","Revesz & Coplen 2012a","N",,
"b1ec99a6-a312-4f0e-997a-87a4be592c29","D03","BARC","BARC.AOS.riparian.point.08","2019-11-12","BARC.20191112.EPIPHYTON.8.CNSA.1","A00000075193","condition ok","SIRFER Lab at University of Utah","2020-05-13","ElFtGy1kV49xqNP00HfxQA==","CNS","1",15,25,100,,,,,,,,"d34S",9.83,"perMill","SIRFER_algalPlantChem_isotopes_V1","Revesz & Coplen 2012b",,,
"45957528-295f-473b-bd5d-034fccd0ab92","D03","BARC","BARC.AOS.littoral2","2019-11-12","BARC.20191112.PHYTOPLANKTON.3.CNSA.1","A00000073647","condition ok","SIRFER Lab at University of Utah","2020-05-13","ElFtGy1kV49xqNP00HfxQA==","CNS","1",200,25,100,,,,,,,,"nitrogen",163.64,"microgramsPerLiter","SIRFER_algalPlantChem_isotopes_V1","Revesz & Coplen 2012a",,,
"7f721784-edb5-4a2c-816d-1a15457cf3d0","D03","BARC","BARC.AOS.littoral2","2019-11-12","BARC.20191112.PHYTOPLANKTON.3.CNSA.1","A00000073647","condition ok","SIRFER Lab at University of Utah","2020-05-13","ElFtGy1kV49xqNP00HfxQA==","CNS","1",200,25,100,,,,,,,,"d13C",-32.43,"perMill","SIRFER_algalPlantChem_isotopes_V1","Revesz & Coplen 2012a","N",,
"37d5f24d-0bb2-48ec-ba36-96bf5c8515c8","D03","BARC","BARC.AOS.buoy.c0","2019-11-12","BARC.20191112.PHYTOPLANKTON.1.CNSA.1","A00000073649","condition ok","SIRFER Lab at University of Utah","2020-05-13","ElFtGy1kV49xqNP00HfxQA==","CNS","1",300,25,100,,,,,,,,"nitrogen",77.50,"microgramsPerLiter","SIRFER_algalPlantChem_isotopes_V1","Revesz & Coplen 2012a",,,
"3d6c4b80-5b1f-47fa-bbb6-a8b1f662dba1","D03","BARC","BARC.AOS.riparian.point.02","2019-11-12","BARC.20191112.EPIPHYTON.2.CNSA.1","A00000075192","condition ok","SIRFER Lab at University of Utah","2020-05-14","ElFtGy1kV49xqNP00HfxQA==","CNS","1",10,25,100,,,,,,,,"sulfur",183.16,"microgramsPerLiter","SIRFER_algalPlantChem_isotopes_V1","Revesz & Coplen 2012b",,,
"c9fef332-65dc-4424-92c7-213eefdc1ca6","D03","BARC","BARC.AOS.riparian.point.02","2019-11-12","BARC.20191112.EPIPHYTON.2.CNSA.1","A00000075192","condition ok","SIRFER Lab at University of Utah","2020-05-14","ElFtGy1kV49xqNP00HfxQA==","CNS","1",10,25,100,,,,,,,,"carbon",25685.82,"microgramsPerLiter","SIRFER_algalPlantChem_isotopes_V1","Revesz & Coplen 2012a","N",,
"8bf49fb3-42a6-4c20-b9e1-01cf75903a41","D03","BARC","BARC.AOS.riparian.point.08","2019-11-12","BARC.20191112.EPIPHYTON.8.CNSA.1","A00000075193","condition ok","SIRFER Lab at University of Utah","2020-05-13","ElFtGy1kV49xqNP00HfxQA==","CNS","1",15,25,100,,,,,,,,"d15N",-4.43,"perMill","SIRFER_algalPlantChem_isotopes_V1","Revesz & Coplen 2012a",,,
"26704b63-a3c1-4ad3-9f6e-81b39ff80490","D03","BARC","BARC.AOS.littoral1","2019-11-12","BARC.20191112.PHYTOPLANKTON.2.CNSA.1","A00000073648","condition ok","SIRFER Lab at University of Utah","2020-05-13","ElFtGy1kV49xqNP00HfxQA==","CNS","1",200,25,100,,,,,,,,"d34S",6.66,"perMill","SIRFER_algalPlantChem_isotopes_V1","Revesz & Coplen 2012b",,,
"c3392f23-1a9f-4a28-986a-898b7e365dfc","D03","BARC","BARC.AOS.riparian.point.08","2019-11-12","BARC.20191112.EPIPHYTON.8.CNSA.1","A00000075193","condition ok","SIRFER Lab at University of Utah","2020-05-13","ElFtGy1kV49xqNP00HfxQA==","CNS","1",15,25,100,,,,,,,,"carbon",7574.70,"microgramsPerLiter","SIRFER_algalPlantChem_isotopes_V1","Revesz & Coplen 2012a","N",,
"d2777dde-f4a8-4834-a406-6f214b5a4189","D03","BARC","BARC.AOS.riparian.point.10","2019-11-12","BARC.20191112.EPIPHYTON.10.CNSA.1","A00000075196","condition ok","SIRFER Lab at University of Utah","2020-05-14","ElFtGy1kV49xqNP00HfxQA==","CNS","1",10,25,100,,,,,,,,"d13C",-28.03,"perMill","SIRFER_algalPlantChem_isotopes_V1","Revesz & Coplen 2012a","N",,
"0a62552c-9e2a-4cce-8b05-583a877fdfcb","D03","BARC","BARC.AOS.riparian.point.10","2019-11-12","BARC.20191112.EPIPHYTON.10.CNSA.1","A00000075196","condition ok","SIRFER Lab at University of Utah","2020-05-14","ElFtGy1kV49xqNP00HfxQA==","CNS","1",10,25,100,,,,,,,,"sulfur",460.14,"microgramsPerLiter","SIRFER_algalPlantChem_isotopes_V1","Revesz & Coplen 2012b",,,
"69e76a61-3c30-46d7-82f9-a67139df3127","D03","BARC","BARC.AOS.riparian.point.02","2019-11-12","BARC.20191112.EPIPHYTON.2.CNSA.1","A00000075192","condition ok","SIRFER Lab at University of Utah","2020-05-14","ElFtGy1kV49xqNP00HfxQA==","CNS","1",10,25,100,,,,,,,,"d15N",0.12,"perMill","SIRFER_algalPlantChem_isotopes_V1","Revesz & Coplen 2012a",,,
"6162e6f4-806a-4c6b-815e-46f8a5a82651","D03","BARC","BARC.AOS.riparian.point.02","2019-11-12","BARC.20191112.EPIPHYTON.2.CNSA.1","A00000075192","condition ok","SIRFER Lab at University of Utah","2020-05-14","ElFtGy1kV49xqNP00HfxQA==","CNS","1",10,25,100,,,,,,,,"d13C",-27.30,"perMill","SIRFER_algalPlantChem_isotopes_V1","Revesz & Coplen 2012a","N",,
"0b0987b5-fdbe-4ecc-aa92-14cf8d29affc","D03","BARC","BARC.AOS.riparian.point.04","2019-11-12","BARC.20191112.EPIPHYTON.4.CNSA.1","A00000075195","condition ok","SIRFER Lab at University of Utah","2020-05-13","ElFtGy1kV49xqNP00HfxQA==","CNS","1",10,25,100,,,,,,,,"d15N",3.81,"perMill","SIRFER_algalPlantChem_isotopes_V1","Revesz & Coplen 2012a",,,
"05b3c31d-15bb-4cd3-8849-a7a102bec523","D03","BARC","BARC.AOS.riparian.point.08","2019-11-12","BARC.20191112.EPIPHYTON.8.CNSA.1","A00000075193","condition ok","SIRFER Lab at University of Utah","2020-05-13","ElFtGy1kV49xqNP00HfxQA==","CNS","1",15,25,100,,,,,,,,"d13C",-29.32,"perMill","SIRFER_algalPlantChem_isotopes_V1","Revesz & Coplen 2012a","N",,
"4147ae77-b2e2-441e-a297-bea704cec9ae","D03","BARC","BARC.AOS.riparian.point.08","2019-11-12","BARC.20191112.EPIPHYTON.8.CNSA.1","A00000075193","condition ok","SIRFER Lab at University of Utah","2020-05-13","ElFtGy1kV49xqNP00HfxQA==","CNS","1",15,25,100,,,,,,,,"nitrogen",1432.79,"microgramsPerLiter","SIRFER_algalPlantChem_isotopes_V1","Revesz & Coplen 2012a",,,
"d5cc0d4c-87ec-4310-990c-23eb41d4a036","D03","BARC","BARC.AOS.buoy.c0","2019-11-12","BARC.20191112.PHYTOPLANKTON.1.CNSA.1","A00000073649","condition ok","SIRFER Lab at University of Utah","2020-05-13","ElFtGy1kV49xqNP00HfxQA==","CNS","1",300,25,100,,,,,,,,"sulfur",21.55,"microgramsPerLiter","SIRFER_algalPlantChem_isotopes_V1","Revesz & Coplen 2012b",,,
"21a8c184-ecdf-4a00-9dad-dad26f753742","D03","BARC","BARC.AOS.riparian.point.06","2019-11-12","BARC.20191112.EPIPHYTON.6.CNSA.1","A00000075194","condition ok","SIRFER Lab at University of Utah","2020-05-13","ElFtGy1kV49xqNP00HfxQA==","CNS","1",10,25,100,,,,,,,,"d34S",8.86,"perMill","SIRFER_algalPlantChem_isotopes_V1","Revesz & Coplen 2012b",,,
"7c1cff2a-0e04-4869-aade-fbdfc0a4979b","D03","BARC","BARC.AOS.riparian.point.10","2019-11-12","BARC.20191112.EPIPHYTON.10.CNSA.1","A00000075196","condition ok","SIRFER Lab at University of Utah","2020-05-14","ElFtGy1kV49xqNP00HfxQA==","CNS","1",10,25,100,,,,,,,,"nitrogen",7853.09,"microgramsPerLiter","SIRFER_algalPlantChem_isotopes_V1","Revesz & Coplen 2012a",,,
"67b26b9f-433b-4c4e-9b72-93df293355a3","D03","BARC","BARC.AOS.riparian.point.02","2019-11-12","BARC.20191112.EPIPHYTON.2.CNSA.1","A00000075192","condition ok","SIRFER Lab at University of Utah","2020-05-14","ElFtGy1kV49xqNP00HfxQA==","CNS","1",10,25,100,,,,,,,,"d34S",10.09,"perMill","SIRFER_algalPlantChem_isotopes_V1","Revesz & Coplen 2012b",,,
"54dc8ba4-3b91-4fa5-ba1d-b8198f50ff0b","D03","BARC","BARC.AOS.littoral1","2019-11-12","BARC.20191112.PHYTOPLANKTON.2.CNSA.1","A00000073648","condition ok","SIRFER Lab at University of Utah","2020-05-13","ElFtGy1kV49xqNP00HfxQA==","CNS","1",200,25,100,,,,,,,,"d15N",-3.47,"perMill","SIRFER_algalPlantChem_isotopes_V1","Revesz & Coplen 2012a",,,
"8396373c-c728-4cfe-8058-53023e32a20c","D03","BARC","BARC.AOS.riparian.point.04","2019-11-12","BARC.20191112.EPIPHYTON.4.CNSA.1","A00000075195","condition ok","SIRFER Lab at University of Utah","2020-05-13","ElFtGy1kV49xqNP00HfxQA==","CNS","1",10,25,100,,,,,,,,"sulfur",3880.88,"microgramsPerLiter","SIRFER_algalPlantChem_isotopes_V1","Revesz & Coplen 2012b",,,
"edb41db8-d248-4306-accb-ecee35b0f3a1","D03","BARC","BARC.AOS.littoral2","2019-11-12","BARC.20191112.PHYTOPLANKTON.3.CNSA.1","A00000073647","condition ok","SIRFER Lab at University of Utah","2020-05-13","ElFtGy1kV49xqNP00HfxQA==","CNS","1",200,25,100,,,,,,,,"d15N",-2.21,"perMill","SIRFER_algalPlantChem_isotopes_V1","Revesz & Coplen 2012a",,,
"c87a4e35-d240-499d-81cd-a24e901c4020","D03","BARC","BARC.AOS.buoy.c0","2019-11-12","BARC.20191112.PHYTOPLANKTON.1.CNSA.1","A00000073649","condition ok","SIRFER Lab at University of Utah","2020-05-13","ElFtGy1kV49xqNP00HfxQA==","CNS","1",300,25,100,,,,,,,,"d15N",-2.55,"perMill","SIRFER_algalPlantChem_isotopes_V1","Revesz & Coplen 2012a",,,
"197fdcda-4e34-4be2-9409-6d9f019a726b","D03","BARC","BARC.AOS.riparian.point.08","2019-11-12","BARC.20191112.EPIPHYTON.8.CNSA.1","A00000075193","condition ok","SIRFER Lab at University of Utah","2020-05-13","ElFtGy1kV49xqNP00HfxQA==","CNS","1",15,25,100,,,,,,,,"sulfur",106.97,"microgramsPerLiter","SIRFER_algalPlantChem_isotopes_V1","Revesz & Coplen 2012b",,,
"f7f644fe-f346-4979-8ad2-f0cde1428121","D03","BARC","BARC.AOS.riparian.point.06","2019-11-12","BARC.20191112.EPIPHYTON.6.CNSA.1","A00000075194","condition ok","SIRFER Lab at University of Utah","2020-05-13","ElFtGy1kV49xqNP00HfxQA==","CNS","1",10,25,100,,,,,,,,"nitrogen",5652.87,"microgramsPerLiter","SIRFER_algalPlantChem_isotopes_V1","Revesz & Coplen 2012a",,,
"577fc981-e297-4811-a123-b91018425fbc","D03","BARC","BARC.AOS.littoral2","2019-11-12","BARC.20191112.PHYTOPLANKTON.3.CNSA.1","A00000073647","condition ok","SIRFER Lab at University of Utah","2020-05-13","ElFtGy1kV49xqNP00HfxQA==","CNS","1",200,25,100,,,,,,,,"d34S",8.00,"perMill","SIRFER_algalPlantChem_isotopes_V1","Revesz & Coplen 2012b",,,
"3d08d4dd-f241-4ab9-9d50-9d8e276a43b7","D03","BARC","BARC.AOS.riparian.point.06","2019-11-12","BARC.20191112.EPIPHYTON.6.CNSA.1","A00000075194","condition ok","SIRFER Lab at University of Utah","2020-05-13","ElFtGy1kV49xqNP00HfxQA==","CNS","1",10,25,100,,,,,,,,"carbon",37849.06,"microgramsPerLiter","SIRFER_algalPlantChem_isotopes_V1","Revesz & Coplen 2012a","N",,
"a25a733f-9379-4962-88e4-399ee59c253e","D03","BARC","BARC.AOS.riparian.point.04","2019-11-12","BARC.20191112.EPIPHYTON.4.CNSA.1","A00000075195","condition ok","SIRFER Lab at University of Utah","2020-05-13","ElFtGy1kV49xqNP00HfxQA==","CNS","1",10,25,100,,,,,,,,"d34S",15.52,"perMill","SIRFER_algalPlantChem_isotopes_V1","Revesz & Coplen 2012b",,,
"7ba42468-d276-4901-81a8-64886618b681","D03","BARC","BARC.AOS.littoral2","2019-11-12","BARC.20191112.PHYTOPLANKTON.3.CNSA.1","A00000073647","condition ok","SIRFER Lab at University of Utah","2020-05-13","ElFtGy1kV49xqNP00HfxQA==","CNS","1",200,25,100,,,,,,,,"carbon",1276.93,"microgramsPerLiter","SIRFER_algalPlantChem_isotopes_V1","Revesz & Coplen 2012a","N",,
"5b7805e1-1aa2-4b96-bbdd-513fdb2ac921","D03","BARC","BARC.AOS.riparian.point.06","2019-11-12","BARC.20191112.EPIPHYTON.6.CNSA.1","A00000075194","condition ok","SIRFER Lab at University of Utah","2020-05-13","ElFtGy1kV49xqNP00HfxQA==","CNS","1",10,25,100,,,,,,,,"d15N",0.47,"perMill","SIRFER_algalPlantChem_isotopes_V1","Revesz & Coplen 2012a",,,
"55365ff0-edf9-450b-b468-d7e64c84fc39","D03","BARC","BARC.AOS.riparian.point.10","2019-11-12","BARC.20191112.EPIPHYTON.10.CNSA.1","A00000075196","condition ok","SIRFER Lab at University of Utah","2020-05-14","ElFtGy1kV49xqNP00HfxQA==","CNS","1",10,25,100,,,,,,,,"carbon",64840.27,"microgramsPerLiter","SIRFER_algalPlantChem_isotopes_V1","Revesz & Coplen 2012a","N",,
"4bf830cc-3295-4513-a28e-5ed97ba4b8a7","D03","BARC","BARC.AOS.riparian.point.10","2019-11-12","BARC.20191112.EPIPHYTON.10.CNSA.1","A00000075196","condition ok","SIRFER Lab at University of Utah","2020-05-14","ElFtGy1kV49xqNP00HfxQA==","CNS","1",10,25,100,,,,,,,,"d15N",2.92,"perMill","SIRFER_algalPlantChem_isotopes_V1","Revesz & Coplen 2012a",,,
"1425fd95-3b1d-4a85-8375-8a7870ee16db","D03","BARC","BARC.AOS.riparian.point.06","2019-11-12","BARC.20191112.EPIPHYTON.6.CNSA.1","A00000075194","condition ok","SIRFER Lab at University of Utah","2020-05-13","ElFtGy1kV49xqNP00HfxQA==","CNS","1",10,25,100,,,,,,,,"sulfur",447.57,"microgramsPerLiter","SIRFER_algalPlantChem_isotopes_V1","Revesz & Coplen 2012b",,,
"9e02604d-c3fb-4e01-b967-7918233f4096","D03","BARC","BARC.AOS.riparian.point.02","2019-11-12","BARC.20191112.EPIPHYTON.2.CNSA.1","A00000075192","condition ok","SIRFER Lab at University of Utah","2020-05-14","ElFtGy1kV49xqNP00HfxQA==","CNS","1",10,25,100,,,,,,,,"nitrogen",3289.99,"microgramsPerLiter","SIRFER_algalPlantChem_isotopes_V1","Revesz & Coplen 2012a",,,
"24cf236b-642f-4bdb-b0c9-274bb33a8b38","D03","BARC","BARC.AOS.littoral1","2019-11-12","BARC.20191112.PHYTOPLANKTON.2.CNSA.1","A00000073648","condition ok","SIRFER Lab at University of Utah","2020-05-13","ElFtGy1kV49xqNP00HfxQA==","CNS","1",200,25,100,,,,,,,,"sulfur",7.55,"microgramsPerLiter","SIRFER_algalPlantChem_isotopes_V1","Revesz & Coplen 2012b",,,
"eb1fa3be-ff29-4b03-a834-cd2a7aebaf07","D03","BARC","BARC.AOS.riparian.point.10","2019-11-12","BARC.20191112.EPIPHYTON.10.CNSA.1","A00000075196","condition ok","SIRFER Lab at University of Utah","2020-05-14","ElFtGy1kV49xqNP00HfxQA==","CNS","1",10,25,100,,,,,,,,"d34S",9.74,"perMill","SIRFER_algalPlantChem_isotopes_V1","Revesz & Coplen 2012b",,,
"f052130b-b399-4c77-9780-b81fd7d64246","D03","BARC","BARC.AOS.riparian.point.04","2019-11-12","BARC.20191112.EPIPHYTON.4.CNSA.1","A00000075195","condition ok","SIRFER Lab at University of Utah","2020-05-13","ElFtGy1kV49xqNP00HfxQA==","CNS","1",10,25,100,,,,,,,,"d13C",-28.62,"perMill","SIRFER_algalPlantChem_isotopes_V1","Revesz & Coplen 2012a","N",,
"83500c20-d232-41e2-8b1c-2069dddc27d1","D03","BARC","BARC.AOS.riparian.point.04","2019-11-12","BARC.20191112.EPIPHYTON.4.CHL/PHEO.1","A00000075175","condition ok","University of Maryland Center for Environmental Science","2019-11-18","tO3Lchp2lPI=","chlorophyll/pheophytin","1",10,25,100,0,7,,,,142.0000,78.8000,"chlorophyll a",626.94,"microgramsPerLiter","HPL_algalChlorophyll_V1","EPA Method 445.0",,,
"c2baadea-a881-41a3-8184-71715efbc255","D03","BARC","BARC.AOS.buoy.c0","2019-11-12","BARC.20191112.PHYTOPLANKTON.1.REP2.CHL/PHEO.2","A00000073629","condition ok","University of Maryland Center for Environmental Science","2019-11-18","tO3Lchp2lPI=","chlorophyll/pheophytin","2",200,25,100,1,7,,,,98.7000,62.2000,"pheophytin",4.00,"microgramsPerLiter","HPL_algalChlorophyll_V1","EPA Method 445.0",,,
"fb7fa469-88dd-4d18-b1e7-5b8036438e3e","D03","BARC","BARC.AOS.littoral1","2019-11-12","BARC.20191112.PHYTOPLANKTON.2.CHL/PHEO.1","A00000073631","condition ok","University of Maryland Center for Environmental Science","2019-11-18","tO3Lchp2lPI=","chlorophyll/pheophytin","1",200,25,100,1,7,,,,90.0000,54.9000,"chlorophyll a",1.74,"microgramsPerLiter","HPL_algalChlorophyll_V1","EPA Method 445.0",,,
"8129b982-2e02-4849-a0e5-580548d208bc","D03","BARC","BARC.AOS.riparian.point.02","2019-11-12","BARC.20191112.EPIPHYTON.2.CHL/PHEO.1","A00000075178","condition ok","University of Maryland Center for Environmental Science","2019-11-18","tO3Lchp2lPI=","chlorophyll/pheophytin","1",10,25,100,1,7,,,,363.0000,204.0000,"chlorophyll a",157.73,"microgramsPerLiter","HPL_algalChlorophyll_V1","EPA Method 445.0",,,
"bdd18591-ca8e-49d7-a4b2-b729dd8f85dd","D03","BARC","BARC.AOS.littoral1","2019-11-12","BARC.20191112.PHYTOPLANKTON.2.CHL/PHEO.1","A00000073631","condition ok","University of Maryland Center for Environmental Science","2019-11-18","tO3Lchp2lPI=","chlorophyll/pheophytin","1",200,25,100,1,7,,,,90.0000,54.9000,"pheophytin",0.93,"microgramsPerLiter","HPL_algalChlorophyll_V1","EPA Method 445.0",,,
"d48f2fd2-a777-44ce-bb2d-203b3caf6216","D03","BARC","BARC.AOS.riparian.point.06","2019-11-12","BARC.20191112.EPIPHYTON.6.CHL/PHEO.1","A00000075176","condition ok","University of Maryland Center for Environmental Science","2019-11-18","tO3Lchp2lPI=","chlorophyll/pheophytin","1",15,25,100,1,7,,,,669.0000,369.0000,"chlorophyll a",198.40,"microgramsPerLiter","HPL_algalChlorophyll_V1","EPA Method 445.0",,,
"11f669fe-a847-4896-8274-fe1635527002","D03","BARC","BARC.AOS.buoy.c0","2019-11-12","BARC.20191112.PHYTOPLANKTON.1.CHL/PHEO.1","A00000073632","condition ok","University of Maryland Center for Environmental Science","2019-11-18","tO3Lchp2lPI=","chlorophyll/pheophytin","1",300,25,100,1,7,,,,136.0000,88.1000,"chlorophyll a",1.58,"microgramsPerLiter","HPL_algalChlorophyll_V1","EPA Method 445.0",,,
"caf7669b-0b93-43f3-847c-761159d1e93d","D03","BARC","BARC.AOS.riparian.point.04","2019-11-12","BARC.20191112.EPIPHYTON.4.CHL/PHEO.1","A00000075175","condition ok","University of Maryland Center for Environmental Science","2019-11-18","tO3Lchp2lPI=","chlorophyll/pheophytin","1",10,25,100,0,7,,,,142.0000,78.8000,"pheophytin",11.04,"microgramsPerLiter","HPL_algalChlorophyll_V1","EPA Method 445.0",,,
"34b674b3-079d-417f-8b0e-d4a6047b7fa4","D03","BARC","BARC.AOS.riparian.point.06","2019-11-12","BARC.20191112.EPIPHYTON.6.CHL/PHEO.1","A00000075176","condition ok","University of Maryland Center for Environmental Science","2019-11-18","tO3Lchp2lPI=","chlorophyll/pheophytin","1",15,25,100,1,7,,,,669.0000,369.0000,"pheophytin",1.29,"microgramsPerLiter","HPL_algalChlorophyll_V1","EPA Method 445.0",,,
"ed75d2cd-6c5b-4a62-985e-268aa52ff026","D03","BARC","BARC.AOS.riparian.point.10","2019-11-12","BARC.20191112.EPIPHYTON.10.CHL/PHEO.1","A00000075179","condition ok","University of Maryland Center for Environmental Science","2019-11-18","tO3Lchp2lPI=","chlorophyll/pheophytin","1",10,25,100,0,7,,,,70.8000,39.8000,"chlorophyll a",307.52,"microgramsPerLiter","HPL_algalChlorophyll_V1","EPA Method 445.0",,,
"85d09d60-dcaf-4f8d-81fb-8eb41a12e1e4","D03","BARC","BARC.AOS.buoy.c0","2019-11-12","BARC.20191112.PHYTOPLANKTON.1.REP2.CHL/PHEO.2","A00000073629","condition ok","University of Maryland Center for Environmental Science","2019-11-18","tO3Lchp2lPI=","chlorophyll/pheophytin","2",200,25,100,1,7,,,,98.7000,62.2000,"chlorophyll a",1.81,"microgramsPerLiter","HPL_algalChlorophyll_V1","EPA Method 445.0",,,
"55f5b100-9762-41c1-aebd-867d703af9c2","D03","BARC","BARC.AOS.riparian.point.08","2019-11-12","BARC.20191112.EPIPHYTON.8.CHL/PHEO.1","A00000075177","condition ok","University of Maryland Center for Environmental Science","2019-11-18","tO3Lchp2lPI=","chlorophyll/pheophytin","1",15,25,100,1,7,,,,125.0000,71.3000,"chlorophyll a",35.51,"microgramsPerLiter","HPL_algalChlorophyll_V1","EPA Method 445.0",,,
"675bb4e1-ac34-483d-b3d7-ff6f9cefa292","D03","BARC","BARC.AOS.littoral2","2019-11-12","BARC.20191112.PHYTOPLANKTON.3.CHL/PHEO.1","A00000073630","condition ok","University of Maryland Center for Environmental Science","2019-11-18","tO3Lchp2lPI=","chlorophyll/pheophytin","1",200,25,100,1,7,,,,490.0000,287.0000,"chlorophyll a",10.07,"microgramsPerLiter","HPL_algalChlorophyll_V1","EPA Method 445.0",,,
"0b2b503b-0631-4228-80e6-4f5889d95be2","D03","BARC","BARC.AOS.riparian.point.10","2019-11-12","BARC.20191112.EPIPHYTON.10.CHL/PHEO.1","A00000075179","condition ok","University of Maryland Center for Environmental Science","2019-11-18","tO3Lchp2lPI=","chlorophyll/pheophytin","1",10,25,100,0,7,,,,70.8000,39.8000,"pheophytin",144.98,"microgramsPerLiter","HPL_algalChlorophyll_V1","EPA Method 445.0",,,
"452cd092-c6bb-4e9b-9a38-c68f1392b923","D03","BARC","BARC.AOS.riparian.point.02","2019-11-12","BARC.20191112.EPIPHYTON.2.CHL/PHEO.1","A00000075178","condition ok","University of Maryland Center for Environmental Science","2019-11-18","tO3Lchp2lPI=","chlorophyll/pheophytin","1",10,25,100,1,7,,,,363.0000,204.0000,"pheophytin",42.81,"microgramsPerLiter","HPL_algalChlorophyll_V1","EPA Method 445.0",,,
"e6898b02-7e8d-44e9-ae3a-0725ab2f3788","D03","BARC","BARC.AOS.buoy.c0","2019-11-12","BARC.20191112.PHYTOPLANKTON.1.CHL/PHEO.1","A00000073632","condition ok","University of Maryland Center for Environmental Science","2019-11-18","tO3Lchp2lPI=","chlorophyll/pheophytin","1",300,25,100,1,7,,,,136.0000,88.1000,"pheophytin",0.95,"microgramsPerLiter","HPL_algalChlorophyll_V1","EPA Method 445.0",,,
"ee63b366-3a5a-4fb8-8665-504d818d3024","D03","BARC","BARC.AOS.riparian.point.08","2019-11-12","BARC.20191112.EPIPHYTON.8.CHL/PHEO.1","A00000075177","condition ok","University of Maryland Center for Environmental Science","2019-11-18","tO3Lchp2lPI=","chlorophyll/pheophytin","1",15,25,100,1,7,,,,125.0000,71.3000,"pheophytin",1.24,"microgramsPerLiter","HPL_algalChlorophyll_V1","EPA Method 445.0",,,
"0fc68123-3c89-42ba-a200-c2fe930bcb22","D03","BARC","BARC.AOS.littoral2","2019-11-12","BARC.20191112.PHYTOPLANKTON.3.CHL/PHEO.1","A00000073630","condition ok","University of Maryland Center for Environmental Science","2019-11-18","tO3Lchp2lPI=","chlorophyll/pheophytin","1",200,25,100,1,7,,,,490.0000,287.0000,"pheophytin",3.93,"microgramsPerLiter","HPL_algalChlorophyll_V1","EPA Method 445.0",,,
