uid,domainID,siteID,namedLocation,sampleID,sampleCode,startDate,collectDate,laboratoryName,analyte,analyteConcentration,analyteUnits,coolerTemp,remarks,shipmentWarmQF,externalLabDataQF,sampleCondition
"f4a8298b-698a-456f-b124-dfd02fd21c6d","D05","CRAM","CRAM.AOS.buoy.c1","CRAM.C1.20210420.RAW","A00000203070","2021-04-20T15:01Z","2021-04-20T15:01Z","EcoCore_CSU","TN",0.2794,"milligramsPerLiter",2.0,,0,,"OK"
"b9894066-e608-405e-aeb9-d0b2ee35a904","D05","CRAM","CRAM.AOS.buoy.c1","CRAM.C1.20210420.FIL","A00000203058","2021-04-20T15:01Z","2021-04-20T15:01Z","EcoCore_CSU","HCO3",6.0060,"milligramsPerLiter",2.0,,0,,"OK"
"562c4eea-4019-423a-b676-f1a96789c7cb","D05","CRAM","CRAM.AOS.buoy.c1","CRAM.C1.20210420.FIL","A00000203058","2021-04-20T15:01Z","2021-04-20T15:01Z","EcoCore_CSU","CO3",0.0050,"milligramsPerLiter",2.0,,0,,"OK"
"09ac7379-6510-4d23-ba69-18a3ae8b08d9","D05","CRAM","CRAM.AOS.buoy.c1","CRAM.C1.20210420.FIL","A00000203058","2021-04-20T15:01Z","2021-04-20T15:01Z","EcoCore_CSU","Cl",0.2602,"milligramsPerLiter",2.0,,0,,"OK"
"17c69822-d4f4-4526-a551-de2fdbcca511","D05","CRAM","CRAM.AOS.buoy.c1","CRAM.C1.20210420.FIL","A00000203058","2021-04-20T15:01Z","2021-04-20T15:01Z","EcoCore_CSU","SO4",1.6749,"milligramsPerLiter",2.0,,0,,"OK"
"d88b80ba-9544-4c57-8153-1974311d3846","D05","CRAM","CRAM.AOS.buoy.c1","CRAM.C1.20210420.FIL","A00000203058","2021-04-20T15:01Z","2021-04-20T15:01Z","EcoCore_CSU","F",0.0300,"milligramsPerLiter",2.0,,0,,"OK"
"b065f5c7-5a17-4e54-811c-f27a61a57f9c","D05","CRAM","CRAM.AOS.buoy.c1","CRAM.C1.20210420.FIL","A00000203058","2021-04-20T15:01Z","2021-04-20T15:01Z","EcoCore_CSU","Br",0.0050,"milligramsPerLiter",2.0,,0,,"OK"
"2dfe7d58-4f4a-44b0-8dcb-50f94ca1e35c","D05","CRAM","CRAM.AOS.buoy.c1","CRAM.C1.20210420.FIL","A00000203058","2021-04-20T15:01Z","2021-04-20T15:01Z","EcoCore_CSU","K",0.2210,"milligramsPerLiter",2.0,,0,,"OK"
"04f91d37-d908-4adb-a732-3e306866477f","D05","CRAM","CRAM.AOS.buoy.c1","CRAM.C1.20210420.FIL","A00000203058","2021-04-20T15:01Z","2021-04-20T15:01Z","EcoCore_CSU","Fe",0.0280,"milligramsPerLiter",2.0,,0,,"OK"
"fabfd578-743f-4435-80e4-642d1450bab8","D05","CRAM","CRAM.AOS.buoy.c1","CRAM.C1.20210420.FIL","A00000203058","2021-04-20T15:01Z","2021-04-20T15:01Z","EcoCore_CSU","Na",0.0250,"milligramsPerLiter",2.0,,0,,"OK"
"fce85fd2-b7aa-4ff9-a0a8-f559345cfa44","D05","CRAM","CRAM.AOS.buoy.c1","CRAM.C1.20210420.FIL","A00000203058","2021-04-20T15:01Z","2021-04-20T15:01Z","EcoCore_CSU","Mn",0.0040,"milligramsPerLiter",2.0,,0,,"OK"
"6a0cabcb-d058-4f6f-b845-60e6810723c0","D05","CRAM","CRAM.AOS.buoy.c1","CRAM.C1.20210420.FIL","A00000203058","2021-04-20T15:01Z","2021-04-20T15:01Z","EcoCore_CSU","Si",0.6350,"milligramsPerLiter",2.0,,0,,"OK"
"f43842a5-2d30-4251-86ac-3952ea92e5bf","D05","CRAM","CRAM.AOS.buoy.c1","CRAM.C1.20210420.FIL","A00000203058","2021-04-20T15:01Z","2021-04-20T15:01Z","EcoCore_CSU","Mg",0.3830,"milligramsPerLiter",2.0,,0,,"OK"
"f3e6dec1-ba07-456d-a1f0-53227df166f1","D05","CRAM","CRAM.AOS.buoy.c1","CRAM.C1.20210420.FIL","A00000203058","2021-04-20T15:01Z","2021-04-20T15:01Z","EcoCore_CSU","Ca",0.1200,"milligramsPerLiter",2.0,,0,,"OK"
"c2072d26-530a-45ef-ac0b-dfa88373ce67","D05","CRAM","CRAM.AOS.buoy.c1","CRAM.C1.20210420.RAW","A00000203070","2021-04-20T15:01Z","2021-04-20T15:01Z","EcoCore_CSU","TSS",16.0000,"milligramsPerLiter",2.0,"TSS vol in ml = 100",0,,"OK"
"2665b9c8-b5fb-4c3e-b6b8-666bce453f75","D05","CRAM","CRAM.AOS.buoy.c1","CRAM.C1.20210420.FIL","A00000203058","2021-04-20T15:01Z","2021-04-20T15:01Z","EcoCore_CSU","UV Absorbance (254 nm)",-0.0020,,2.0,,0,,"OK"
"2fe79f2b-ef3f-4b1d-b5a1-80fd4d4bdb9d","D05","CRAM","CRAM.AOS.buoy.c1","CRAM.C1.20210420.FIL","A00000203058","2021-04-20T15:01Z","2021-04-20T15:01Z","EcoCore_CSU","UV Absorbance (280 nm)",-0.0032,,2.0,,0,,"OK"
"72630540-989a-4623-b79e-38aefe109cfc","D05","CRAM","CRAM.AOS.buoy.c1","CRAM.C1.20210420.FIL","A00000203058","2021-04-20T15:01Z","2021-04-20T15:01Z","EcoCore_CSU","TDN",0.2498,"milligramsPerLiter",2.0,,0,,"OK"
"8453b885-5668-4b6e-a3b3-cb4e3a3f23b7","D05","CRAM","CRAM.AOS.buoy.c1","CRAM.C1.20210420.RAW","A00000203070","2021-04-20T15:01Z","2021-04-20T15:01Z","EcoCore_CSU","TOC",4.8570,"milligramsPerLiter",2.0,,0,,"OK"
"aa464468-398c-4e4b-b227-89a9f9aadf54","D05","CRAM","CRAM.AOS.buoy.c1","CRAM.C1.20210420.FIL","A00000203058","2021-04-20T15:01Z","2021-04-20T15:01Z","EcoCore_CSU","DOC",4.4920,"milligramsPerLiter",2.0,,0,,"OK"
"66f2d124-e063-4d97-9102-436093dc0f74","D05","CRAM","CRAM.AOS.buoy.c1","CRAM.C1.20210420.FIL","A00000203058","2021-04-20T15:01Z","2021-04-20T15:01Z","EcoCore_CSU","DIC",1.0330,"milligramsPerLiter",2.0,,0,,"OK"
"a65e7462-4bc2-4c44-9ce0-aa23dc4a814e","D05","CRAM","CRAM.AOS.buoy.c2","CRAM.C2.20210420.FIL","A00000203059","2021-04-20T15:32Z","2021-04-20T15:32Z","EcoCore_CSU","HCO3",3.6036,"milligramsPerLiter",2.0,,0,,"OK"
"865ed32e-76d7-4d42-9d5c-fe1da35e28db","D05","CRAM","CRAM.AOS.buoy.c2","CRAM.C2.20210420.FIL","A00000203059","2021-04-20T15:32Z","2021-04-20T15:32Z","EcoCore_CSU","CO3",0.0050,"milligramsPerLiter",2.0,,0,,"OK"
"6ff02df3-9bde-496f-b983-1c8485944bba","D05","CRAM","CRAM.AOS.buoy.c2","CRAM.C2.20210420.FIL","A00000203059","2021-04-20T15:32Z","2021-04-20T15:32Z","EcoCore_CSU","Br",0.0050,"milligramsPerLiter",2.0,,0,,"OK"
"968ae5ec-1154-4023-b33d-8d6918f27fd2","D05","CRAM","CRAM.AOS.buoy.c2","CRAM.C2.20210420.FIL","A00000203059","2021-04-20T15:32Z","2021-04-20T15:32Z","EcoCore_CSU","F",0.0050,"milligramsPerLiter",2.0,,0,,"OK"
"48a6da89-c57c-4e56-9a21-9e9e9da1b825","D05","CRAM","CRAM.AOS.buoy.c2","CRAM.C2.20210420.FIL","A00000203059","2021-04-20T15:32Z","2021-04-20T15:32Z","EcoCore_CSU","Cl",0.2477,"milligramsPerLiter",2.0,,0,,"OK"
"8cb18cf6-acad-44da-a0e6-de60d7ab468b","D05","CRAM","CRAM.AOS.buoy.c2","CRAM.C2.20210420.FIL","A00000203059","2021-04-20T15:32Z","2021-04-20T15:32Z","EcoCore_CSU","SO4",1.7239,"milligramsPerLiter",2.0,,0,,"OK"
"a8b3fbf5-2e97-4995-b7e2-b0669fc3494f","D05","CRAM","CRAM.AOS.buoy.c2","CRAM.C2.20210420.FIL","A00000203059","2021-04-20T15:32Z","2021-04-20T15:32Z","EcoCore_CSU","Na",0.0240,"milligramsPerLiter",2.0,,0,,"OK"
"022c6f3f-2ad6-42d1-8eca-3f85d0d91924","D05","CRAM","CRAM.AOS.buoy.c2","CRAM.C2.20210420.FIL","A00000203059","2021-04-20T15:32Z","2021-04-20T15:32Z","EcoCore_CSU","Si",0.4220,"milligramsPerLiter",2.0,,0,,"OK"
"6ff0376f-2dad-4c99-a77f-b4aa801c9452","D05","CRAM","CRAM.AOS.buoy.c2","CRAM.C2.20210420.FIL","A00000203059","2021-04-20T15:32Z","2021-04-20T15:32Z","EcoCore_CSU","Ca",0.1230,"milligramsPerLiter",2.0,,0,,"OK"
"695b0f61-c41d-4e4d-9a7c-e469d279fa8e","D05","CRAM","CRAM.AOS.buoy.c2","CRAM.C2.20210420.FIL","A00000203059","2021-04-20T15:32Z","2021-04-20T15:32Z","EcoCore_CSU","Mg",0.3970,"milligramsPerLiter",2.0,,0,,"OK"
"b11db661-e9fc-4499-a0d2-542daee27afc","D05","CRAM","CRAM.AOS.buoy.c2","CRAM.C2.20210420.FIL","A00000203059","2021-04-20T15:32Z","2021-04-20T15:32Z","EcoCore_CSU","Fe",0.0360,"milligramsPerLiter",2.0,,0,,"OK"
"416869ce-17bc-4e8d-8380-326f3e0d2f17","D05","CRAM","CRAM.AOS.buoy.c2","CRAM.C2.20210420.FIL","A00000203059","2021-04-20T15:32Z","2021-04-20T15:32Z","EcoCore_CSU","Mn",0.0010,"milligramsPerLiter",2.0,,0,,"OK"
"304cdc24-36fd-4bcc-bce6-4d4e75aab446","D05","CRAM","CRAM.AOS.buoy.c2","CRAM.C2.20210420.FIL","A00000203059","2021-04-20T15:32Z","2021-04-20T15:32Z","EcoCore_CSU","K",0.2170,"milligramsPerLiter",2.0,,0,,"OK"
"00e9b87d-3c23-4e11-a80a-71db47e741ab","D05","CRAM","CRAM.AOS.buoy.c2","CRAM.C2.20210420.RAW","A00000203062","2021-04-20T15:32Z","2021-04-20T15:32Z","EcoCore_CSU","TSS",2.0000,"milligramsPerLiter",2.0,"TSS vol in ml = 100",0,,"OK"
"3ce53a66-052a-4008-b191-a5f76f09dc4e","D05","CRAM","CRAM.AOS.buoy.c2","CRAM.C2.20210420.FIL","A00000203059","2021-04-20T15:32Z","2021-04-20T15:32Z","EcoCore_CSU","UV Absorbance (280 nm)",0.0003,,2.0,,0,,"OK"
"cfe8db36-cf89-422d-8757-bebe66506cc1","D05","CRAM","CRAM.AOS.buoy.c2","CRAM.C2.20210420.FIL","A00000203059","2021-04-20T15:32Z","2021-04-20T15:32Z","EcoCore_CSU","UV Absorbance (254 nm)",0.0024,,2.0,,0,,"OK"
"71d9d33a-dcaf-440e-9c7b-99c0f0da84b6","D05","CRAM","CRAM.AOS.buoy.c2","CRAM.C2.20210420.FIL","A00000203059","2021-04-20T15:32Z","2021-04-20T15:32Z","EcoCore_CSU","DIC",1.7490,"milligramsPerLiter",2.0,,0,,"OK"
"8b67b8d9-1a84-433c-bdac-fe40e7eaafe1","D05","CRAM","CRAM.AOS.buoy.c2","CRAM.C2.20210420.FIL","A00000203059","2021-04-20T15:32Z","2021-04-20T15:32Z","EcoCore_CSU","DOC",4.3950,"milligramsPerLiter",2.0,,0,,"OK"
"0090da2e-8e73-436f-a591-2c45a48e19e2","D05","CRAM","CRAM.AOS.buoy.c2","CRAM.C2.20210420.RAW","A00000203062","2021-04-20T15:32Z","2021-04-20T15:32Z","EcoCore_CSU","TN",0.3208,"milligramsPerLiter",2.0,,0,,"OK"
"9991a874-19ef-423b-86dd-0aedfb4006cc","D05","CRAM","CRAM.AOS.buoy.c2","CRAM.C2.20210420.FIL","A00000203059","2021-04-20T15:32Z","2021-04-20T15:32Z","EcoCore_CSU","TDN",0.2940,"milligramsPerLiter",2.0,,0,,"OK"
"f30a29b0-7110-46e8-872d-60b0d9bdf9eb","D05","CRAM","CRAM.AOS.buoy.c2","CRAM.C2.20210420.RAW","A00000203062","2021-04-20T15:32Z","2021-04-20T15:32Z","EcoCore_CSU","TOC",4.6170,"milligramsPerLiter",2.0,,0,,"OK"
