uid,domainID,siteID,namedLocation,collectDate,sampleID,sampleCode,sampleCondition,laboratoryName,analysisDate,analyzedBy,sampleType,replicate,sampleVolumeFiltered,filterSize,percentFilterAnalyzed,dilutionFactor,solventVolume,responseFactor,acidificationResponseFactor,fluorometerSensitivitySetting,preAcidificationFluorescence,postAcidificationFluorescence,analyte,analyteConcentration,plantAlgaeLabUnits,testMethod,method,acidTreatment,externalRemarks,externalLabDataQF
"5d1592d1-4227-45bd-98b8-1797131a9683","D05","CRAM","CRAM.AOS.buoy.c0","2016-04-26","CRAM.20160426.PHYTOPLANKTON.3",,"condition ok","Academy of Natural Sciences of Drexel University","2016-06-22","Txt9C5i/u7k=","chlorophyll/pheophytin","1",,25,100,,,,,,,,"chlorophyll a",,"microgramsPerLiter","ANSP P-16-92 Rev2",,,,"legacyData|Did not meet quality audit requirements for analysis audit"
"d6cb73fb-9cd6-4cb8-8a89-c778b3608e83","D05","CRAM","CRAM.AOS.buoy.c0","2016-04-26","CRAM.20160426.PHYTOPLANKTON.3",,"condition ok","Academy of Natural Sciences of Drexel University","2016-07-28","OKgcKejxXbI=","CN","2",,25,100,,,,,,,,"carbon",357.03,"microgramsPerLiter","ANSP P-16-54 Rev2",,"N",,"legacyData|Did not meet quality audit requirements for analysis audit|acidTreatmentSOPNotFollowed"
"a8ae2a1a-0a61-456c-8b2f-2d0321f37243","D05","CRAM","CRAM.AOS.buoy.c0","2016-04-26","CRAM.20160426.PHYTOPLANKTON.3",,"condition ok","Academy of Natural Sciences of Drexel University","2016-06-22","Txt9C5i/u7k=","chlorophyll/pheophytin","2",,25,100,,,,,,,,"chlorophyll a",,"microgramsPerLiter","ANSP P-16-92 Rev2",,,,"legacyData|Did not meet quality audit requirements for analysis audit"
"6365bf08-b330-413b-8071-d0782f62ed6d","D05","CRAM","CRAM.AOS.buoy.c0","2016-04-26","CRAM.20160426.PHYTOPLANKTON.3",,"condition ok","Academy of Natural Sciences of Drexel University","2016-06-22","Txt9C5i/u7k=","chlorophyll/pheophytin","1",,25,100,,,,,,,,"pheophytin",,"microgramsPerLiter","ANSP P-16-92 Rev2",,,,"legacyData|Did not meet quality audit requirements for analysis audit"
"df8138e6-f92a-44b7-b120-812b13816a3c","D05","CRAM","CRAM.AOS.buoy.c0","2016-04-26","CRAM.20160426.PHYTOPLANKTON.3",,"condition ok","Academy of Natural Sciences of Drexel University","2016-07-28","OKgcKejxXbI=","CN","1",,25,100,,,,,,,,"carbon",336.81,"microgramsPerLiter","ANSP P-16-54 Rev2",,"N",,"legacyData|Did not meet quality audit requirements for analysis audit|acidTreatmentSOPNotFollowed"
"88e6be43-6598-4f3d-a321-98bbe3a6acd9","D05","CRAM","CRAM.AOS.buoy.c0","2016-04-26","CRAM.20160426.PHYTOPLANKTON.3",,"condition ok","Academy of Natural Sciences of Drexel University","2016-06-22","Txt9C5i/u7k=","chlorophyll/pheophytin","2",,25,100,,,,,,,,"pheophytin",,"microgramsPerLiter","ANSP P-16-92 Rev2",,,,"legacyData|Did not meet quality audit requirements for analysis audit"
"e775d4e5-fdab-4c11-8309-b4d99a827db3","D05","CRAM","CRAM.AOS.buoy.c0","2016-04-26","CRAM.20160426.PHYTOPLANKTON.3",,"condition ok","Academy of Natural Sciences of Drexel University","2016-07-28","OKgcKejxXbI=","CN","1",,25,100,,,,,,,,"nitrogen",61.09,"microgramsPerLiter","ANSP P-16-54 Rev2",,,,"legacyData|Did not meet quality audit requirements for analysis audit"
"28790eed-71a8-46f0-a17d-c936c05e6d1f","D05","CRAM","CRAM.AOS.buoy.c0","2016-04-26","CRAM.20160426.PHYTOPLANKTON.3",,"condition ok","Academy of Natural Sciences of Drexel University","2016-07-28","OKgcKejxXbI=","CN","2",,25,100,,,,,,,,"nitrogen",62.21,"microgramsPerLiter","ANSP P-16-54 Rev2",,,,"legacyData|Did not meet quality audit requirements for analysis audit"
"4d3c9986-9be2-40dd-948e-e717648bc624","D05","CRAM","CRAM.AOS.buoy.c0","2016-04-26","CRAM.20160426.PHYTOPLANKTON.3",,"condition ok","Academy of Natural Sciences of Drexel University","2016-08-02","+IoRzddUq5A=","P","1",,25,100,,,,,,,,"phosphorus",11.33,"microgramsPerLiter","ANSP P-16-114 Rev2; ANSP P-16_95 Rev3",,,,"legacyData|Did not meet quality audit requirements for analysis audit"
"ed193a32-cfe8-4053-a30d-72577bcf3487","D05","CRAM","CRAM.AOS.riparian.point.01","2016-04-26","CRAM.20160426.EPIXYLON.1",,"condition ok","Academy of Natural Sciences of Drexel University","2017-03-30","OKgcKejxXbI=","13C15N","2",10,25,100,,,,,,,,"d15N",1.54,"perMill","ANSP P-16-202 Rev0",,,"Difference in volume filtered","legacyData|Did not meet quality audit requirements for analysis audit"
"0f6ce65d-b8b7-4873-8773-f90930f51e8b","D05","CRAM","CRAM.AOS.riparian.point.09","2016-04-26","CRAM.20160426.EPIXYLON.9",,"condition ok","Academy of Natural Sciences of Drexel University","2016-06-22","Txt9C5i/u7k=","chlorophyll/pheophytin","1",5,25,100,,,,,,,,"chlorophyll a",,"microgramsPerLiter","ANSP P-16-92 Rev2",,,,"legacyData|Did not meet quality audit requirements for analysis audit"
"2c9a8f7f-432b-4871-abf0-b3045e2ab602","D05","CRAM","CRAM.AOS.riparian.point.09","2016-04-26","CRAM.20160426.EPIXYLON.9",,"condition ok","Academy of Natural Sciences of Drexel University","2017-03-30","OKgcKejxXbI=","13C15N","2",7,25,100,,,,,,,,"d13C",-25.66,"perMill","ANSP P-16-202 Rev0",,"N",,"legacyData|Did not meet quality audit requirements for analysis audit|acidTreatmentSOPNotFollowed"
"31e8b11e-d33d-4e2e-9143-6985d41db6f0","D05","CRAM","CRAM.AOS.riparian.point.05","2016-04-26","CRAM.20160426.EPIXYLON.5",,"condition ok","Academy of Natural Sciences of Drexel University","2016-06-22","Txt9C5i/u7k=","chlorophyll/pheophytin","2",5,25,100,,,,,,,,"chlorophyll a",,"microgramsPerLiter","ANSP P-16-92 Rev2",,,,"legacyData|Did not meet quality audit requirements for analysis audit"
"3ec7ac43-0f46-4300-8d9d-c978429218a5","D05","CRAM","CRAM.AOS.riparian.point.03","2016-04-26","CRAM.20160426.EPIXYLON.3",,"condition ok","Academy of Natural Sciences of Drexel University","2017-03-30","OKgcKejxXbI=","13C15N","2",7,25,100,,,,,,,,"d15N",0.10,"perMill","ANSP P-16-202 Rev0",,,,"legacyData|Did not meet quality audit requirements for analysis audit"
"d06a1a7e-8274-4c3f-acae-6bd3af0ac4bb","D05","CRAM","CRAM.AOS.riparian.point.07","2016-04-26","CRAM.20160426.EPIXYLON.7",,"condition ok","Academy of Natural Sciences of Drexel University","2016-08-02","+IoRzddUq5A=","P","1",5,25,100,,,,,,,,"phosphorus",735.68,"microgramsPerLiter","ANSP P-16-114 Rev2; ANSP P-16_95 Rev3",,,,"legacyData|Did not meet quality audit requirements for analysis audit"
"d70dd350-b60b-4eda-9118-6ed3f79ad71c","D05","CRAM","CRAM.AOS.riparian.point.07","2016-04-26","CRAM.20160426.EPIXYLON.7",,"condition ok","Academy of Natural Sciences of Drexel University","2016-06-22","Txt9C5i/u7k=","chlorophyll/pheophytin","1",5,25,100,,,,,,,,"pheophytin",,"microgramsPerLiter","ANSP P-16-92 Rev2",,,,"legacyData|Did not meet quality audit requirements for analysis audit"
"bd4e8c53-9966-46ca-b591-0eda163e8ed2","D05","CRAM","CRAM.AOS.riparian.point.03","2016-04-26","CRAM.20160426.EPIXYLON.3",,"condition ok","Academy of Natural Sciences of Drexel University","2017-03-30","OKgcKejxXbI=","13C15N","1",7,25,100,,,,,,,,"d13C",-25.99,"perMill","ANSP P-16-202 Rev0",,"N",,"legacyData|Did not meet quality audit requirements for analysis audit|acidTreatmentSOPNotFollowed"
"b6a581d9-e23e-4909-8fed-319814fd7c6a","D05","CRAM","CRAM.AOS.riparian.point.01","2016-04-26","CRAM.20160426.EPIXYLON.1",,"condition ok","Academy of Natural Sciences of Drexel University","2017-03-30","OKgcKejxXbI=","13C15N","2",10,25,100,,,,,,,,"d13C",-34.38,"perMill","ANSP P-16-202 Rev0",,"N","Difference in volume filtered","legacyData|Did not meet quality audit requirements for analysis audit|acidTreatmentSOPNotFollowed"
"ce10088d-c384-462a-925b-e56ecc85b578","D05","CRAM","CRAM.AOS.riparian.point.05","2016-04-26","CRAM.20160426.EPIXYLON.5",,"condition ok","Academy of Natural Sciences of Drexel University","2017-03-30","OKgcKejxXbI=","13C15N","2",7,25,100,,,,,,,,"d15N",-0.56,"perMill","ANSP P-16-202 Rev0",,,,"legacyData|Did not meet quality audit requirements for analysis audit"
"08f0faab-1cf1-4913-9e09-59ee7a1f6595","D05","CRAM","CRAM.AOS.riparian.point.09","2016-04-26","CRAM.20160426.EPIXYLON.9",,"condition ok","Academy of Natural Sciences of Drexel University","2017-03-30","OKgcKejxXbI=","13C15N","2",7,25,100,,,,,,,,"d15N",0.30,"perMill","ANSP P-16-202 Rev0",,,,"legacyData|Did not meet quality audit requirements for analysis audit"
"ded56d12-e19b-4a68-83b0-803bcfea3a27","D05","CRAM","CRAM.AOS.riparian.point.07","2016-04-26","CRAM.20160426.EPIXYLON.7",,"condition ok","Academy of Natural Sciences of Drexel University","2017-03-30","OKgcKejxXbI=","13C15N","1",7,25,100,,,,,,,,"d13C",-25.81,"perMill","ANSP P-16-202 Rev0",,"N",,"legacyData|Did not meet quality audit requirements for analysis audit|acidTreatmentSOPNotFollowed"
"832296a2-d9bb-4f95-a999-a6a2df1cda52","D05","CRAM","CRAM.AOS.riparian.point.07","2016-04-26","CRAM.20160426.EPIXYLON.7",,"condition ok","Academy of Natural Sciences of Drexel University","2016-06-22","Txt9C5i/u7k=","chlorophyll/pheophytin","1",5,25,100,,,,,,,,"chlorophyll a",,"microgramsPerLiter","ANSP P-16-92 Rev2",,,,"legacyData|Did not meet quality audit requirements for analysis audit"
"cc00d0ae-740a-4fac-bd40-d3c06041386b","D05","CRAM","CRAM.AOS.riparian.point.03","2016-04-26","CRAM.20160426.EPIXYLON.3",,"condition ok","Academy of Natural Sciences of Drexel University","2017-03-30","OKgcKejxXbI=","13C15N","2",7,25,100,,,,,,,,"d13C",-27.64,"perMill","ANSP P-16-202 Rev0",,"N",,"legacyData|Did not meet quality audit requirements for analysis audit|acidTreatmentSOPNotFollowed"
"d50c9064-0cdc-4905-b172-56e42e9cf739","D05","CRAM","CRAM.AOS.riparian.point.01","2016-04-26","CRAM.20160426.EPIXYLON.1",,"condition ok","Academy of Natural Sciences of Drexel University","2016-07-28","OKgcKejxXbI=","CN","1",5,25,100,,,,,,,,"nitrogen",18502.70,"microgramsPerLiter","ANSP P-16-54 Rev2",,,,"legacyData|Did not meet quality audit requirements for analysis audit"
"7afd33b0-80f2-41b1-8edc-c030206de361","D05","CRAM","CRAM.AOS.riparian.point.07","2016-04-26","CRAM.20160426.EPIXYLON.7",,"condition ok","Academy of Natural Sciences of Drexel University","2016-07-28","OKgcKejxXbI=","CN","2",5,25,100,,,,,,,,"carbon",99557.46,"microgramsPerLiter","ANSP P-16-54 Rev2",,"N",,"legacyData|Did not meet quality audit requirements for analysis audit|acidTreatmentSOPNotFollowed"
"8517014a-9252-4524-a513-a4764588d669","D05","CRAM","CRAM.AOS.riparian.point.03","2016-04-26","CRAM.20160426.EPIXYLON.3",,"condition ok","Academy of Natural Sciences of Drexel University","2016-07-28","OKgcKejxXbI=","CN","2",5,25,100,,,,,,,,"carbon",428077.94,"microgramsPerLiter","ANSP P-16-54 Rev2",,"N",,"legacyData|Did not meet quality audit requirements for analysis audit|acidTreatmentSOPNotFollowed"
"b1c52d9e-3a5e-4eb7-bc4f-0cb75ea935aa","D05","CRAM","CRAM.AOS.riparian.point.05","2016-04-26","CRAM.20160426.EPIXYLON.5",,"condition ok","Academy of Natural Sciences of Drexel University","2016-06-22","Txt9C5i/u7k=","chlorophyll/pheophytin","2",5,25,100,,,,,,,,"pheophytin",,"microgramsPerLiter","ANSP P-16-92 Rev2",,,,"legacyData|Did not meet quality audit requirements for analysis audit"
"804c652a-41f7-4557-8e8b-b90b6298dcd3","D05","CRAM","CRAM.AOS.riparian.point.09","2016-04-26","CRAM.20160426.EPIXYLON.9",,"condition ok","Academy of Natural Sciences of Drexel University","2016-06-22","Txt9C5i/u7k=","chlorophyll/pheophytin","2",5,25,100,,,,,,,,"chlorophyll a",,"microgramsPerLiter","ANSP P-16-92 Rev2",,,,"legacyData|Did not meet quality audit requirements for analysis audit"
"fc0306e5-5fe4-4fd0-9f8b-6342e6b7bd8b","D05","CRAM","CRAM.AOS.riparian.point.01","2016-04-26","CRAM.20160426.EPIXYLON.1",,"condition ok","Academy of Natural Sciences of Drexel University","2016-07-28","OKgcKejxXbI=","CN","1",5,25,100,,,,,,,,"carbon",750736.08,"microgramsPerLiter","ANSP P-16-54 Rev2",,"N",,"legacyData|Did not meet quality audit requirements for analysis audit|acidTreatmentSOPNotFollowed"
"7d6ab60a-fc82-4287-86e2-5a9dddf1d82d","D05","CRAM","CRAM.AOS.riparian.point.03","2016-04-26","CRAM.20160426.EPIXYLON.3",,"condition ok","Academy of Natural Sciences of Drexel University","2016-06-22","Txt9C5i/u7k=","chlorophyll/pheophytin","2",5,25,100,,,,,,,,"pheophytin",,"microgramsPerLiter","ANSP P-16-92 Rev2",,,,"legacyData|Did not meet quality audit requirements for analysis audit"
"29c64229-aa61-46b8-a428-83e3e5f176c4","D05","CRAM","CRAM.AOS.riparian.point.09","2016-04-26","CRAM.20160426.EPIXYLON.9",,"condition ok","Academy of Natural Sciences of Drexel University","2016-08-02","+IoRzddUq5A=","P","1",5,25,100,,,,,,,,"phosphorus",1019.43,"microgramsPerLiter","ANSP P-16-114 Rev2; ANSP P-16_95 Rev3",,,,"legacyData|Did not meet quality audit requirements for analysis audit"
"7937e7f3-5f7a-4f2e-9150-37f86db6ab34","D05","CRAM","CRAM.AOS.riparian.point.05","2016-04-26","CRAM.20160426.EPIXYLON.5",,"condition ok","Academy of Natural Sciences of Drexel University","2016-08-02","+IoRzddUq5A=","P","1",5,25,100,,,,,,,,"phosphorus",792.49,"microgramsPerLiter","ANSP P-16-114 Rev2; ANSP P-16_95 Rev3",,,,"legacyData|Did not meet quality audit requirements for analysis audit"
"a1878986-eb0a-4299-b3ae-4573da79bf04","D05","CRAM","CRAM.AOS.riparian.point.09","2016-04-26","CRAM.20160426.EPIXYLON.9",,"condition ok","Academy of Natural Sciences of Drexel University","2016-07-28","OKgcKejxXbI=","CN","1",5,25,100,,,,,,,,"nitrogen",12751.01,"microgramsPerLiter","ANSP P-16-54 Rev2",,,,"legacyData|Did not meet quality audit requirements for analysis audit"
"08ab3136-f8d4-4e53-b3a2-c17e0c314b2d","D05","CRAM","CRAM.AOS.riparian.point.03","2016-04-26","CRAM.20160426.EPIXYLON.3",,"condition ok","Academy of Natural Sciences of Drexel University","2016-06-22","Txt9C5i/u7k=","chlorophyll/pheophytin","1",5,25,100,,,,,,,,"chlorophyll a",,"microgramsPerLiter","ANSP P-16-92 Rev2",,,,"legacyData|Did not meet quality audit requirements for analysis audit"
"7e647753-132b-4cc8-a59e-e1dc1f75e94b","D05","CRAM","CRAM.AOS.riparian.point.05","2016-04-26","CRAM.20160426.EPIXYLON.5",,"condition ok","Academy of Natural Sciences of Drexel University","2016-07-28","OKgcKejxXbI=","CN","1",5,25,100,,,,,,,,"carbon",210975.42,"microgramsPerLiter","ANSP P-16-54 Rev2",,"N",,"legacyData|Did not meet quality audit requirements for analysis audit|acidTreatmentSOPNotFollowed"
"f697d2c8-b67d-43ae-878f-1b034d6d0b63","D05","CRAM","CRAM.AOS.riparian.point.01","2016-04-26","CRAM.20160426.EPIXYLON.1",,"condition ok","Academy of Natural Sciences of Drexel University","2016-07-28","OKgcKejxXbI=","CN","2",5,25,100,,,,,,,,"nitrogen",22366.37,"microgramsPerLiter","ANSP P-16-54 Rev2",,,,"legacyData|Did not meet quality audit requirements for analysis audit"
"e52beec0-5c29-4847-81d9-6668b5144910","D05","CRAM","CRAM.AOS.riparian.point.09","2016-04-26","CRAM.20160426.EPIXYLON.9",,"condition ok","Academy of Natural Sciences of Drexel University","2016-07-28","OKgcKejxXbI=","CN","2",5,25,100,,,,,,,,"carbon",534236.02,"microgramsPerLiter","ANSP P-16-54 Rev2",,"N",,"legacyData|Did not meet quality audit requirements for analysis audit|acidTreatmentSOPNotFollowed"
"1378aa4a-e4c3-4a6f-96f8-4de5b8a75a17","D05","CRAM","CRAM.AOS.riparian.point.07","2016-04-26","CRAM.20160426.EPIXYLON.7",,"condition ok","Academy of Natural Sciences of Drexel University","2016-06-22","Txt9C5i/u7k=","chlorophyll/pheophytin","2",5,25,100,,,,,,,,"pheophytin",,"microgramsPerLiter","ANSP P-16-92 Rev2",,,,"legacyData|Did not meet quality audit requirements for analysis audit"
"2bbd191d-14f0-4b57-8d37-4cfb73ba3fba","D05","CRAM","CRAM.AOS.riparian.point.01","2016-04-26","CRAM.20160426.EPIXYLON.1",,"condition ok","Academy of Natural Sciences of Drexel University","2016-06-22","Txt9C5i/u7k=","chlorophyll/pheophytin","2",5,25,100,,,,,,,,"pheophytin",,"microgramsPerLiter","ANSP P-16-92 Rev2",,,,"legacyData|Did not meet quality audit requirements for analysis audit"
"d36c8853-adcd-47c8-9ec5-dfadc4534ffb","D05","CRAM","CRAM.AOS.riparian.point.03","2016-04-26","CRAM.20160426.EPIXYLON.3",,"condition ok","Academy of Natural Sciences of Drexel University","2016-07-28","OKgcKejxXbI=","CN","2",5,25,100,,,,,,,,"nitrogen",14657.16,"microgramsPerLiter","ANSP P-16-54 Rev2",,,,"legacyData|Did not meet quality audit requirements for analysis audit"
"cccb2c58-9cb5-433d-922f-c612c33f6cdc","D05","CRAM","CRAM.AOS.riparian.point.05","2016-04-26","CRAM.20160426.EPIXYLON.5",,"condition ok","Academy of Natural Sciences of Drexel University","2017-03-30","OKgcKejxXbI=","13C15N","2",7,25,100,,,,,,,,"d13C",-26.00,"perMill","ANSP P-16-202 Rev0",,"N",,"legacyData|Did not meet quality audit requirements for analysis audit|acidTreatmentSOPNotFollowed"
"5edbce1b-ddc8-4dc4-98b6-93e6cd68ca03","D05","CRAM","CRAM.AOS.riparian.point.09","2016-04-26","CRAM.20160426.EPIXYLON.9",,"condition ok","Academy of Natural Sciences of Drexel University","2016-06-22","Txt9C5i/u7k=","chlorophyll/pheophytin","2",5,25,100,,,,,,,,"pheophytin",,"microgramsPerLiter","ANSP P-16-92 Rev2",,,,"legacyData|Did not meet quality audit requirements for analysis audit"
"1dfb44e7-5686-4f42-a297-3a33eec9da22","D05","CRAM","CRAM.AOS.riparian.point.07","2016-04-26","CRAM.20160426.EPIXYLON.7",,"condition ok","Academy of Natural Sciences of Drexel University","2016-07-28","OKgcKejxXbI=","CN","1",5,25,100,,,,,,,,"nitrogen",6216.92,"microgramsPerLiter","ANSP P-16-54 Rev2",,,,"legacyData|Did not meet quality audit requirements for analysis audit"
"0a741f63-b812-42cb-b4e0-21ffa41e2240","D05","CRAM","CRAM.AOS.riparian.point.07","2016-04-26","CRAM.20160426.EPIXYLON.7",,"condition ok","Academy of Natural Sciences of Drexel University","2016-07-28","OKgcKejxXbI=","CN","2",5,25,100,,,,,,,,"nitrogen",5011.83,"microgramsPerLiter","ANSP P-16-54 Rev2",,,,"legacyData|Did not meet quality audit requirements for analysis audit"
"b316b5a7-1d6c-4ec9-bc31-ff548d126545","D05","CRAM","CRAM.AOS.riparian.point.01","2016-04-26","CRAM.20160426.EPIXYLON.1",,"condition ok","Academy of Natural Sciences of Drexel University","2016-06-22","Txt9C5i/u7k=","chlorophyll/pheophytin","1",5,25,100,,,,,,,,"chlorophyll a",,"microgramsPerLiter","ANSP P-16-92 Rev2",,,,"legacyData|Did not meet quality audit requirements for analysis audit"
"39fe1f58-d74d-4bff-a08b-345ca050a973","D05","CRAM","CRAM.AOS.riparian.point.03","2016-04-26","CRAM.20160426.EPIXYLON.3",,"condition ok","Academy of Natural Sciences of Drexel University","2017-03-30","OKgcKejxXbI=","13C15N","1",7,25,100,,,,,,,,"d34S",4.54,"perMill","SO2 EA-combustion-IRMS method",,,,"legacyData|Did not meet quality audit requirements for analysis audit"
"edbe65de-f5a2-4145-8cb7-c248ff9adec1","D05","CRAM","CRAM.AOS.riparian.point.05","2016-04-26","CRAM.20160426.EPIXYLON.5",,"condition ok","Academy of Natural Sciences of Drexel University","2017-03-30","OKgcKejxXbI=","13C15N","1",7,25,100,,,,,,,,"d15N",0.53,"perMill","ANSP P-16-202 Rev0",,,,"legacyData|Did not meet quality audit requirements for analysis audit"
"117fccc9-6cbc-423b-9fff-34e205fdebc6","D05","CRAM","CRAM.AOS.riparian.point.09","2016-04-26","CRAM.20160426.EPIXYLON.9",,"condition ok","Academy of Natural Sciences of Drexel University","2017-03-30","OKgcKejxXbI=","13C15N","1",7,25,100,,,,,,,,"d13C",-26.54,"perMill","ANSP P-16-202 Rev0",,"N",,"legacyData|Did not meet quality audit requirements for analysis audit|acidTreatmentSOPNotFollowed"
"f82916a7-6d19-4a9a-894b-e9f5ba043cc0","D05","CRAM","CRAM.AOS.riparian.point.01","2016-04-26","CRAM.20160426.EPIXYLON.1",,"condition ok","Academy of Natural Sciences of Drexel University","2016-06-22","Txt9C5i/u7k=","chlorophyll/pheophytin","1",5,25,100,,,,,,,,"pheophytin",,"microgramsPerLiter","ANSP P-16-92 Rev2",,,,"legacyData|Did not meet quality audit requirements for analysis audit"
"46f9ce5b-0f41-403b-9c0e-a804223a6f26","D05","CRAM","CRAM.AOS.riparian.point.05","2016-04-26","CRAM.20160426.EPIXYLON.5",,"condition ok","Academy of Natural Sciences of Drexel University","2016-06-22","Txt9C5i/u7k=","chlorophyll/pheophytin","1",5,25,100,,,,,,,,"pheophytin",,"microgramsPerLiter","ANSP P-16-92 Rev2",,,,"legacyData|Did not meet quality audit requirements for analysis audit"
"1e32726f-4332-48ba-a039-5e20bbbe46d9","D05","CRAM","CRAM.AOS.riparian.point.05","2016-04-26","CRAM.20160426.EPIXYLON.5",,"condition ok","Academy of Natural Sciences of Drexel University","2016-06-22","Txt9C5i/u7k=","chlorophyll/pheophytin","1",5,25,100,,,,,,,,"chlorophyll a",,"microgramsPerLiter","ANSP P-16-92 Rev2",,,,"legacyData|Did not meet quality audit requirements for analysis audit"
"5235b800-90df-42e3-8e19-8fbf84fd4983","D05","CRAM","CRAM.AOS.riparian.point.07","2016-04-26","CRAM.20160426.EPIXYLON.7",,"condition ok","Academy of Natural Sciences of Drexel University","2017-03-30","OKgcKejxXbI=","13C15N","2",7,25,100,,,,,,,,"d13C",-24.42,"perMill","ANSP P-16-202 Rev0",,"N",,"legacyData|Did not meet quality audit requirements for analysis audit|acidTreatmentSOPNotFollowed"
"9d13aa8d-dfa4-4503-b458-841194e1a0e7","D05","CRAM","CRAM.AOS.riparian.point.03","2016-04-26","CRAM.20160426.EPIXYLON.3",,"condition ok","Academy of Natural Sciences of Drexel University","2016-08-02","+IoRzddUq5A=","P","1",5,25,100,,,,,,,,"phosphorus",1326.60,"microgramsPerLiter","ANSP P-16-114 Rev2; ANSP P-16_95 Rev3",,,,"legacyData|Did not meet quality audit requirements for analysis audit"
"c6a0a6e0-301c-4a12-92a6-a558629a98e2","D05","CRAM","CRAM.AOS.riparian.point.09","2016-04-26","CRAM.20160426.EPIXYLON.9",,"condition ok","Academy of Natural Sciences of Drexel University","2017-03-30","OKgcKejxXbI=","13C15N","1",7,25,100,,,,,,,,"d34S",2.00,"perMill","SO2 EA-combustion-IRMS method",,,,"legacyData|Did not meet quality audit requirements for analysis audit"
"a7a7a360-2ae1-453c-a8b2-f31ee3099bab","D05","CRAM","CRAM.AOS.riparian.point.07","2016-04-26","CRAM.20160426.EPIXYLON.7",,"condition ok","Academy of Natural Sciences of Drexel University","2017-03-30","OKgcKejxXbI=","13C15N","2",7,25,100,,,,,,,,"d15N",1.14,"perMill","ANSP P-16-202 Rev0",,,,"legacyData|Did not meet quality audit requirements for analysis audit"
"2e79948c-e3c6-434b-87f2-43498aaf4218","D05","CRAM","CRAM.AOS.riparian.point.05","2016-04-26","CRAM.20160426.EPIXYLON.5",,"condition ok","Academy of Natural Sciences of Drexel University","2017-03-30","OKgcKejxXbI=","13C15N","1",7,25,100,,,,,,,,"d34S",5.08,"perMill","SO2 EA-combustion-IRMS method",,,,"legacyData|Did not meet quality audit requirements for analysis audit"
"69c5ebb8-3f29-40ef-a202-ab7ca75b699e","D05","CRAM","CRAM.AOS.riparian.point.05","2016-04-26","CRAM.20160426.EPIXYLON.5",,"condition ok","Academy of Natural Sciences of Drexel University","2016-07-28","OKgcKejxXbI=","CN","2",5,25,100,,,,,,,,"carbon",232148.85,"microgramsPerLiter","ANSP P-16-54 Rev2",,"N",,"legacyData|Did not meet quality audit requirements for analysis audit|acidTreatmentSOPNotFollowed"
"979ad178-caf4-441b-b30f-add5aa725891","D05","CRAM","CRAM.AOS.riparian.point.03","2016-04-26","CRAM.20160426.EPIXYLON.3",,"condition ok","Academy of Natural Sciences of Drexel University","2017-03-30","OKgcKejxXbI=","13C15N","1",7,25,100,,,,,,,,"d15N",0.46,"perMill","ANSP P-16-202 Rev0",,,,"legacyData|Did not meet quality audit requirements for analysis audit"
"c1f797f9-21b5-4d53-b04e-e1ccde245bc2","D05","CRAM","CRAM.AOS.riparian.point.03","2016-04-26","CRAM.20160426.EPIXYLON.3",,"condition ok","Academy of Natural Sciences of Drexel University","2016-07-28","OKgcKejxXbI=","CN","1",5,25,100,,,,,,,,"nitrogen",14650.23,"microgramsPerLiter","ANSP P-16-54 Rev2",,,,"legacyData|Did not meet quality audit requirements for analysis audit"
"37e24032-0baf-483c-b06b-22ec694e6ebb","D05","CRAM","CRAM.AOS.riparian.point.07","2016-04-26","CRAM.20160426.EPIXYLON.7",,"condition ok","Academy of Natural Sciences of Drexel University","2016-06-22","Txt9C5i/u7k=","chlorophyll/pheophytin","2",5,25,100,,,,,,,,"chlorophyll a",,"microgramsPerLiter","ANSP P-16-92 Rev2",,,,"legacyData|Did not meet quality audit requirements for analysis audit"
"a7031556-2fb3-4d44-aa6b-d388c99f7135","D05","CRAM","CRAM.AOS.riparian.point.01","2016-04-26","CRAM.20160426.EPIXYLON.1",,"condition ok","Academy of Natural Sciences of Drexel University","2016-07-28","OKgcKejxXbI=","CN","2",5,25,100,,,,,,,,"carbon",851120.24,"microgramsPerLiter","ANSP P-16-54 Rev2",,"N",,"legacyData|Did not meet quality audit requirements for analysis audit|acidTreatmentSOPNotFollowed"
"30243297-2400-433c-84ec-4d8e8b64e1ed","D05","CRAM","CRAM.AOS.riparian.point.09","2016-04-26","CRAM.20160426.EPIXYLON.9",,"condition ok","Academy of Natural Sciences of Drexel University","2016-07-28","OKgcKejxXbI=","CN","1",5,25,100,,,,,,,,"carbon",448102.42,"microgramsPerLiter","ANSP P-16-54 Rev2",,"N",,"legacyData|Did not meet quality audit requirements for analysis audit|acidTreatmentSOPNotFollowed"
"96fcab76-eb44-44cf-98d5-b99b3e2bb3d0","D05","CRAM","CRAM.AOS.riparian.point.05","2016-04-26","CRAM.20160426.EPIXYLON.5",,"condition ok","Academy of Natural Sciences of Drexel University","2016-07-28","OKgcKejxXbI=","CN","2",5,25,100,,,,,,,,"nitrogen",10263.30,"microgramsPerLiter","ANSP P-16-54 Rev2",,,,"legacyData|Did not meet quality audit requirements for analysis audit"
"d5ee2468-01c1-4c8b-ba68-400888e80348","D05","CRAM","CRAM.AOS.riparian.point.09","2016-04-26","CRAM.20160426.EPIXYLON.9",,"condition ok","Academy of Natural Sciences of Drexel University","2016-06-22","Txt9C5i/u7k=","chlorophyll/pheophytin","1",5,25,100,,,,,,,,"pheophytin",,"microgramsPerLiter","ANSP P-16-92 Rev2",,,,"legacyData|Did not meet quality audit requirements for analysis audit"
"b095d86e-fdac-4ac6-85da-7c646139ee8d","D05","CRAM","CRAM.AOS.riparian.point.05","2016-04-26","CRAM.20160426.EPIXYLON.5",,"condition ok","Academy of Natural Sciences of Drexel University","2017-03-30","OKgcKejxXbI=","13C15N","1",7,25,100,,,,,,,,"d13C",-24.57,"perMill","ANSP P-16-202 Rev0",,"N",,"legacyData|Did not meet quality audit requirements for analysis audit|acidTreatmentSOPNotFollowed"
"931e7902-d862-4798-bc88-ff843c2b21ca","D05","CRAM","CRAM.AOS.riparian.point.03","2016-04-26","CRAM.20160426.EPIXYLON.3",,"condition ok","Academy of Natural Sciences of Drexel University","2016-06-22","Txt9C5i/u7k=","chlorophyll/pheophytin","2",5,25,100,,,,,,,,"chlorophyll a",,"microgramsPerLiter","ANSP P-16-92 Rev2",,,,"legacyData|Did not meet quality audit requirements for analysis audit"
"af15ce3e-43db-4b12-bb51-174f10ce8aa6","D05","CRAM","CRAM.AOS.riparian.point.01","2016-04-26","CRAM.20160426.EPIXYLON.1",,"condition ok","Academy of Natural Sciences of Drexel University","2017-03-30","OKgcKejxXbI=","13C15N","1",5,25,100,,,,,,,,"d13C",-27.55,"perMill","ANSP P-16-202 Rev0",,"N","Difference in volume filtered","legacyData|Did not meet quality audit requirements for analysis audit|acidTreatmentSOPNotFollowed"
"41140e97-394d-4544-9846-9906bf7a853f","D05","CRAM","CRAM.AOS.riparian.point.07","2016-04-26","CRAM.20160426.EPIXYLON.7",,"condition ok","Academy of Natural Sciences of Drexel University","2016-07-28","OKgcKejxXbI=","CN","1",5,25,100,,,,,,,,"carbon",162371.72,"microgramsPerLiter","ANSP P-16-54 Rev2",,"N",,"legacyData|Did not meet quality audit requirements for analysis audit|acidTreatmentSOPNotFollowed"
"ba077a01-de3c-49aa-b3e0-14ddb438568c","D05","CRAM","CRAM.AOS.riparian.point.09","2016-04-26","CRAM.20160426.EPIXYLON.9",,"condition ok","Academy of Natural Sciences of Drexel University","2016-07-28","OKgcKejxXbI=","CN","2",5,25,100,,,,,,,,"nitrogen",16432.51,"microgramsPerLiter","ANSP P-16-54 Rev2",,,,"legacyData|Did not meet quality audit requirements for analysis audit"
"1aa51bfa-6ada-469f-a7fa-8805b9939266","D05","CRAM","CRAM.AOS.riparian.point.03","2016-04-26","CRAM.20160426.EPIXYLON.3",,"condition ok","Academy of Natural Sciences of Drexel University","2016-06-22","Txt9C5i/u7k=","chlorophyll/pheophytin","1",5,25,100,,,,,,,,"pheophytin",,"microgramsPerLiter","ANSP P-16-92 Rev2",,,,"legacyData|Did not meet quality audit requirements for analysis audit"
"4cf7e423-c311-417f-8722-e4573cf80e89","D05","CRAM","CRAM.AOS.riparian.point.01","2016-04-26","CRAM.20160426.EPIXYLON.1",,"condition ok","Academy of Natural Sciences of Drexel University","2016-06-22","Txt9C5i/u7k=","chlorophyll/pheophytin","2",5,25,100,,,,,,,,"chlorophyll a",,"microgramsPerLiter","ANSP P-16-92 Rev2",,,,"legacyData|Did not meet quality audit requirements for analysis audit"
"bf63db87-45d2-4ad5-be3f-c843def229d9","D05","CRAM","CRAM.AOS.riparian.point.07","2016-04-26","CRAM.20160426.EPIXYLON.7",,"condition ok","Academy of Natural Sciences of Drexel University","2017-03-30","OKgcKejxXbI=","13C15N","1",7,25,100,,,,,,,,"d34S",5.43,"perMill","SO2 EA-combustion-IRMS method",,,,"legacyData|Did not meet quality audit requirements for analysis audit"
"576a3661-d62f-47e0-96d5-2d5dc1862b5c","D05","CRAM","CRAM.AOS.riparian.point.07","2016-04-26","CRAM.20160426.EPIXYLON.7",,"condition ok","Academy of Natural Sciences of Drexel University","2017-03-30","OKgcKejxXbI=","13C15N","1",7,25,100,,,,,,,,"d15N",0.91,"perMill","ANSP P-16-202 Rev0",,,,"legacyData|Did not meet quality audit requirements for analysis audit"
"b4227c1f-dd6b-4ab6-b796-27bb4bad0d1f","D05","CRAM","CRAM.AOS.riparian.point.01","2016-04-26","CRAM.20160426.EPIXYLON.1",,"condition ok","Academy of Natural Sciences of Drexel University","2017-03-30","OKgcKejxXbI=","13C15N","1",5,25,100,,,,,,,,"d15N",-0.31,"perMill","ANSP P-16-202 Rev0",,,"Difference in volume filtered","legacyData|Did not meet quality audit requirements for analysis audit"
"4c1dd7af-51f1-4c68-9007-ca914cd312e9","D05","CRAM","CRAM.AOS.riparian.point.05","2016-04-26","CRAM.20160426.EPIXYLON.5",,"condition ok","Academy of Natural Sciences of Drexel University","2016-07-28","OKgcKejxXbI=","CN","1",5,25,100,,,,,,,,"nitrogen",8905.79,"microgramsPerLiter","ANSP P-16-54 Rev2",,,,"legacyData|Did not meet quality audit requirements for analysis audit"
"e35de13a-b8de-4b03-8867-8fb6236c7379","D05","CRAM","CRAM.AOS.riparian.point.01","2016-04-26","CRAM.20160426.EPIXYLON.1",,"condition ok","Academy of Natural Sciences of Drexel University","2017-03-30","OKgcKejxXbI=","13C15N","1",5,25,100,,,,,,,,"d34S",3.93,"perMill","SO2 EA-combustion-IRMS method",,,,"legacyData|Did not meet quality audit requirements for analysis audit"
"45ef50b1-e1e9-4c39-8a07-5db41302aebd","D05","CRAM","CRAM.AOS.riparian.point.03","2016-04-26","CRAM.20160426.EPIXYLON.3",,"condition ok","Academy of Natural Sciences of Drexel University","2016-07-28","OKgcKejxXbI=","CN","1",5,25,100,,,,,,,,"carbon",411327.85,"microgramsPerLiter","ANSP P-16-54 Rev2",,"N",,"legacyData|Did not meet quality audit requirements for analysis audit|acidTreatmentSOPNotFollowed"
"2450627b-3ff6-4884-9593-e4ac3b93d9e5","D05","CRAM","CRAM.AOS.riparian.point.09","2016-04-26","CRAM.20160426.EPIXYLON.9",,"condition ok","Academy of Natural Sciences of Drexel University","2017-03-30","OKgcKejxXbI=","13C15N","1",7,25,100,,,,,,,,"d15N",-0.01,"perMill","ANSP P-16-202 Rev0",,,,"legacyData|Did not meet quality audit requirements for analysis audit"
"071a4d9f-c11a-4912-9531-0e4645ddaa82","D05","CRAM","CRAM.AOS.riparian.point.01","2016-04-26","CRAM.20160426.EPIXYLON.1",,"condition ok","Academy of Natural Sciences of Drexel University","2016-08-02","+IoRzddUq5A=","P","1",5,25,100,,,,,,,,"phosphorus",1431.47,"microgramsPerLiter","ANSP P-16-114 Rev2; ANSP P-16_95 Rev3",,,,"legacyData|Did not meet quality audit requirements for analysis audit"
