uid,domainID,siteID,namedLocation,aquaticSiteType,decimalLatitude,decimalLongitude,coordinateUncertainty,elevation,elevationUncertainty,geodeticDatum,collectDate,eventID,parentSampleID,parentSampleCode,samplingImpractical,biophysicalCriteria,affectedByWind,habitatType,algalSampleType,benthicArea,samplingProtocolVersion,phytoDepth1,phytoDepth2,phytoDepth3,substratumSizeClass,remarks,recordedBy,collectedBy,dataQF
"4924a5d2-6108-4996-8884-c42814550dda","D05","CRAM","CRAM.AOS.riparian.point.01","lake",46.211208,-89.478274,0.2,511.0,0.2,"WGS84","2016-04-26T14:45Z","CRAM.20160426","CRAM.20160426.EPIXYLON.1",,,,,"littoral","epixylon",0.002406,"NEON.DOC.003045vA",,,,,,"jhudson@neoninc.org","ekrulc@field-ops.org","legacyData"
"ef796d30-8f67-433d-8187-bb7921eabd8d","D05","CRAM","CRAM.AOS.riparian.point.05","lake",46.208228,-89.471270,0.1,510.4,0.1,"WGS84","2016-04-26T14:45Z","CRAM.20160426","CRAM.20160426.EPIXYLON.5",,,,,"littoral","epixylon",0.002406,"NEON.DOC.003045vA",,,,,,"jhudson@neoninc.org","ekrulc@field-ops.org","legacyData"
"c5700039-8d6c-4ba8-9040-510049a3f7a2","D05","CRAM","CRAM.AOS.riparian.point.07","lake",46.207433,-89.475220,0.5,514.4,0.6,"WGS84","2016-04-26T14:45Z","CRAM.20160426","CRAM.20160426.EPIXYLON.7",,,,,"littoral","epixylon",0.002406,"NEON.DOC.003045vA",,,,,,"jhudson@neoninc.org","ekrulc@field-ops.org","legacyData"
"d17a05c9-e536-450e-9ca9-d31305011c62","D05","CRAM","CRAM.AOS.buoy.c0","lake",46.210592,-89.476861,10.0,509.0,10.0,"WGS84","2016-04-26T14:45Z","CRAM.20160426","CRAM.20160426.PHYTOPLANKTON.3",,,,,"pelagic","phytoplankton",,"NEON.DOC.003045vA",0.5,4.3,8.3,,,"jhudson@neoninc.org","ekrulc@field-ops.org","legacyData"
"11329fa5-1dfa-44e6-8bfa-faa549da6ccf","D05","CRAM","CRAM.AOS.riparian.point.09","lake",46.206543,-89.476401,0.1,510.5,0.1,"WGS84","2016-04-26T14:45Z","CRAM.20160426","CRAM.20160426.EPIXYLON.9",,,,,"littoral","epixylon",0.002406,"NEON.DOC.003045vA",,,,,,"jhudson@neoninc.org","ekrulc@field-ops.org","legacyData"
"f683e856-6bf8-424c-876d-bd934716ad5c","D05","CRAM","CRAM.AOS.riparian.point.03","lake",46.211728,-89.470910,0.1,510.6,0.1,"WGS84","2016-04-26T14:45Z","CRAM.20160426","CRAM.20160426.EPIXYLON.3",,,,,"littoral","epixylon",0.002406,"NEON.DOC.003045vA",,,,,,"jhudson@neoninc.org","ekrulc@field-ops.org","legacyData"
