uid,domainID,siteID,namedLocation,collectDate,parentSampleID,sampleID,sampleCode,filterNumber,analysisType,fieldSampleVolume,domainFilterVolume,storageDays,remarks,measuredBy,recordedBy,sampleCondition,dataQF
"0c421c27-e545-440f-a030-eaa9d5a71810","D05","CRAM","CRAM.AOS.riparian.point.09","2016-04-26T14:45Z","CRAM.20160426.EPIXYLON.9","CRAM.20160426.EPIXYLON.9",,2,"13C15N",125.0,7.0,1.1,,,"ekrulc@field-ops.org","OK","legacyData"
"7a945756-c165-4bba-92b2-ff9ac955895c","D05","CRAM","CRAM.AOS.riparian.point.07","2016-04-26T14:45Z","CRAM.20160426.EPIXYLON.7","CRAM.20160426.EPIXYLON.7",,2,"13C15N",125.0,7.0,1.1,,,"ekrulc@field-ops.org","OK","legacyData"
"e968911a-b958-40aa-a99d-1a1e0701864f","D05","CRAM","CRAM.AOS.riparian.point.05","2016-04-26T14:45Z","CRAM.20160426.EPIXYLON.5","CRAM.20160426.EPIXYLON.5",,1,"13C15N",125.0,7.0,1.1,,,"ekrulc@field-ops.org","OK","legacyData"
"d101910c-87e6-41e1-808c-f34a937458f2","D05","CRAM","CRAM.AOS.riparian.point.07","2016-04-26T14:45Z","CRAM.20160426.EPIXYLON.7","CRAM.20160426.EPIXYLON.7",,1,"34S",125.0,7.0,1.1,,,"ekrulc@field-ops.org","OK","legacyData"
"318dfba0-6440-4ab4-af4d-1ced44307b55","D05","CRAM","CRAM.AOS.riparian.point.09","2016-04-26T14:45Z","CRAM.20160426.EPIXYLON.9","CRAM.20160426.EPIXYLON.9",,1,"CN",125.0,5.0,1.1,,,"ekrulc@field-ops.org","OK","legacyData"
"c175ee63-a542-41ed-81e5-8c5737fbd748","D05","CRAM","CRAM.AOS.riparian.point.09","2016-04-26T14:45Z","CRAM.20160426.EPIXYLON.9","CRAM.20160426.EPIXYLON.9",,2,"CN",125.0,5.0,1.1,,,"ekrulc@field-ops.org","OK","legacyData"
"7839a3a3-bdbe-47fa-9cf5-06f2dde40a84","D05","CRAM","CRAM.AOS.riparian.point.03","2016-04-26T14:45Z","CRAM.20160426.EPIXYLON.3","CRAM.20160426.EPIXYLON.3",,1,"P",125.0,5.0,1.1,,,"ekrulc@field-ops.org","OK","legacyData"
"d9902e67-307f-4697-827b-f9ef60102cda","D05","CRAM","CRAM.AOS.buoy.c0","2016-04-26T14:45Z","CRAM.20160426.PHYTOPLANKTON.3","CRAM.20160426.PHYTOPLANKTON.3",,1,"CN",5000.0,450.0,1.1,,,"ekrulc@field-ops.org","OK","legacyData"
"2d4bbb6a-f5c0-4627-826b-d3d63d9da344","D05","CRAM","CRAM.AOS.riparian.point.05","2016-04-26T14:45Z","CRAM.20160426.EPIXYLON.5","CRAM.20160426.EPIXYLON.5",,1,"P",125.0,5.0,1.1,,,"ekrulc@field-ops.org","OK","legacyData"
"d115fc6c-8a6e-46b4-9c14-6a0ae4e856b2","D05","CRAM","CRAM.AOS.riparian.point.01","2016-04-26T14:45Z","CRAM.20160426.EPIXYLON.1","CRAM.20160426.EPIXYLON.1",,2,"13C15N",125.0,10.0,1.1,,,"ekrulc@field-ops.org","OK","legacyData"
"e7ca7ca8-4d05-4b44-8c0f-aab26c59a7b6","D05","CRAM","CRAM.AOS.riparian.point.05","2016-04-26T14:45Z","CRAM.20160426.EPIXYLON.5","CRAM.20160426.EPIXYLON.5",,2,"13C15N",125.0,7.0,1.1,,,"ekrulc@field-ops.org","OK","legacyData"
"d5dded1f-5538-4cab-928f-a40443110c65","D05","CRAM","CRAM.AOS.riparian.point.03","2016-04-26T14:45Z","CRAM.20160426.EPIXYLON.3","CRAM.20160426.EPIXYLON.3",,1,"CN",125.0,5.0,1.1,,,"ekrulc@field-ops.org","OK","legacyData"
"0626f26e-a3db-43cb-bb3e-750820938fbd","D05","CRAM","CRAM.AOS.riparian.point.01","2016-04-26T14:45Z","CRAM.20160426.EPIXYLON.1","CRAM.20160426.EPIXYLON.1",,1,"13C15N",125.0,5.0,1.1,,,"ekrulc@field-ops.org","OK","legacyData"
"1b502824-03b0-4b88-8664-60f67460bfa2","D05","CRAM","CRAM.AOS.riparian.point.05","2016-04-26T14:45Z","CRAM.20160426.EPIXYLON.5","CRAM.20160426.EPIXYLON.5",,1,"34S",125.0,7.0,1.1,,,"ekrulc@field-ops.org","OK","legacyData"
"f5d2652c-c72d-4651-a462-db31f9e40101","D05","CRAM","CRAM.AOS.riparian.point.03","2016-04-26T14:45Z","CRAM.20160426.EPIXYLON.3","CRAM.20160426.EPIXYLON.3",,2,"13C15N",125.0,7.0,1.1,,,"ekrulc@field-ops.org","OK","legacyData"
"a0d4edc6-23bc-4991-b21a-fbae0926611d","D05","CRAM","CRAM.AOS.riparian.point.07","2016-04-26T14:45Z","CRAM.20160426.EPIXYLON.7","CRAM.20160426.EPIXYLON.7",,1,"P",125.0,5.0,1.1,,,"ekrulc@field-ops.org","OK","legacyData"
"2d2872d8-909d-488c-82d5-a5768a591110","D05","CRAM","CRAM.AOS.riparian.point.09","2016-04-26T14:45Z","CRAM.20160426.EPIXYLON.9","CRAM.20160426.EPIXYLON.9",,1,"13C15N",125.0,7.0,1.1,,,"ekrulc@field-ops.org","OK","legacyData"
"e33e3d17-a2d5-4871-b5fc-3f39dbaf55a5","D05","CRAM","CRAM.AOS.riparian.point.09","2016-04-26T14:45Z","CRAM.20160426.EPIXYLON.9","CRAM.20160426.EPIXYLON.9",,1,"chlorophyll/pheophytin",125.0,5.0,1.1,,,"ekrulc@field-ops.org","OK","legacyData"
"8eca7ebf-b006-4cdc-a0a8-b686352d8a92","D05","CRAM","CRAM.AOS.riparian.point.03","2016-04-26T14:45Z","CRAM.20160426.EPIXYLON.3","CRAM.20160426.EPIXYLON.3",,1,"chlorophyll/pheophytin",125.0,5.0,1.1,,,"ekrulc@field-ops.org","OK","legacyData"
"fe86206f-0fb1-45f7-b786-ce20d28dec56","D05","CRAM","CRAM.AOS.riparian.point.07","2016-04-26T14:45Z","CRAM.20160426.EPIXYLON.7","CRAM.20160426.EPIXYLON.7",,1,"CN",125.0,5.0,1.1,,,"ekrulc@field-ops.org","OK","legacyData"
"12cba051-d209-4a88-a605-92e07fbb08f5","D05","CRAM","CRAM.AOS.riparian.point.01","2016-04-26T14:45Z","CRAM.20160426.EPIXYLON.1","CRAM.20160426.EPIXYLON.1",,1,"P",125.0,5.0,1.1,,,"ekrulc@field-ops.org","OK","legacyData"
"e8502523-e1ee-4efd-9413-c1dd4766c11c","D05","CRAM","CRAM.AOS.riparian.point.03","2016-04-26T14:45Z","CRAM.20160426.EPIXYLON.3","CRAM.20160426.EPIXYLON.3",,2,"CN",125.0,5.0,1.1,,,"ekrulc@field-ops.org","OK","legacyData"
"13f2dc23-e0d3-4a0a-abdf-ab5489d938e4","D05","CRAM","CRAM.AOS.buoy.c0","2016-04-26T14:45Z","CRAM.20160426.PHYTOPLANKTON.3","CRAM.20160426.PHYTOPLANKTON.3",,2,"CN",5000.0,450.0,1.1,,,"ekrulc@field-ops.org","OK","legacyData"
"b6bf4057-d5c9-4a2b-8216-2ef4b6b0290f","D05","CRAM","CRAM.AOS.buoy.c0","2016-04-26T14:45Z","CRAM.20160426.PHYTOPLANKTON.3","CRAM.20160426.PHYTOPLANKTON.3",,2,"chlorophyll/pheophytin",5000.0,300.0,1.1,,,"ekrulc@field-ops.org","OK","legacyData"
"29d2fb5e-e1f9-4ca1-b165-a7b8b323816d","D05","CRAM","CRAM.AOS.riparian.point.05","2016-04-26T14:45Z","CRAM.20160426.EPIXYLON.5","CRAM.20160426.EPIXYLON.5",,2,"CN",125.0,5.0,1.1,,,"ekrulc@field-ops.org","OK","legacyData"
"6c4012a6-f76a-4acb-9da0-7520137e0692","D05","CRAM","CRAM.AOS.riparian.point.07","2016-04-26T14:45Z","CRAM.20160426.EPIXYLON.7","CRAM.20160426.EPIXYLON.7",,2,"chlorophyll/pheophytin",125.0,5.0,1.1,,,"ekrulc@field-ops.org","OK","legacyData"
"a9bdb3b8-e386-4f7b-ab0a-1dcea6c0905d","D05","CRAM","CRAM.AOS.riparian.point.01","2016-04-26T14:45Z","CRAM.20160426.EPIXYLON.1","CRAM.20160426.EPIXYLON.1",,1,"34S",125.0,10.0,1.1,,,"ekrulc@field-ops.org","OK","legacyData"
"b4aad901-7fc9-49fb-a0da-ce8c85655718","D05","CRAM","CRAM.AOS.riparian.point.09","2016-04-26T14:45Z","CRAM.20160426.EPIXYLON.9","CRAM.20160426.EPIXYLON.9",,1,"34S",125.0,7.0,1.1,,,"ekrulc@field-ops.org","OK","legacyData"
"b2856200-dffc-4738-b5e8-c71da3700902","D05","CRAM","CRAM.AOS.riparian.point.01","2016-04-26T14:45Z","CRAM.20160426.EPIXYLON.1","CRAM.20160426.EPIXYLON.1",,1,"chlorophyll/pheophytin",125.0,5.0,1.1,,,"ekrulc@field-ops.org","OK","legacyData"
"e698e334-0a09-4d97-a7d5-17d24dd75054","D05","CRAM","CRAM.AOS.riparian.point.09","2016-04-26T14:45Z","CRAM.20160426.EPIXYLON.9","CRAM.20160426.EPIXYLON.9",,1,"P",125.0,5.0,1.1,,,"ekrulc@field-ops.org","OK","legacyData"
"396789c4-9465-4927-bf0c-129a76c3b2f5","D05","CRAM","CRAM.AOS.riparian.point.03","2016-04-26T14:45Z","CRAM.20160426.EPIXYLON.3","CRAM.20160426.EPIXYLON.3",,1,"34S",125.0,7.0,1.1,,,"ekrulc@field-ops.org","OK","legacyData"
"850c7d3a-961b-4e28-b18e-150579759199","D05","CRAM","CRAM.AOS.riparian.point.07","2016-04-26T14:45Z","CRAM.20160426.EPIXYLON.7","CRAM.20160426.EPIXYLON.7",,1,"chlorophyll/pheophytin",125.0,5.0,1.1,,,"ekrulc@field-ops.org","OK","legacyData"
"8a4f1fab-3580-4d5c-9761-3e5144342d15","D05","CRAM","CRAM.AOS.riparian.point.01","2016-04-26T14:45Z","CRAM.20160426.EPIXYLON.1","CRAM.20160426.EPIXYLON.1",,2,"chlorophyll/pheophytin",125.0,5.0,1.1,,,"ekrulc@field-ops.org","OK","legacyData"
"1ec82af8-0513-4244-a563-bcbac31c9e09","D05","CRAM","CRAM.AOS.riparian.point.09","2016-04-26T14:45Z","CRAM.20160426.EPIXYLON.9","CRAM.20160426.EPIXYLON.9",,2,"chlorophyll/pheophytin",125.0,5.0,1.1,,,"ekrulc@field-ops.org","OK","legacyData"
"4b3d2dda-7ab8-4865-80e6-635e3b686a5c","D05","CRAM","CRAM.AOS.riparian.point.05","2016-04-26T14:45Z","CRAM.20160426.EPIXYLON.5","CRAM.20160426.EPIXYLON.5",,1,"chlorophyll/pheophytin",125.0,5.0,1.1,,,"ekrulc@field-ops.org","OK","legacyData"
"ff7d7fdd-ab47-4b5e-8573-65e6311d0a93","D05","CRAM","CRAM.AOS.riparian.point.03","2016-04-26T14:45Z","CRAM.20160426.EPIXYLON.3","CRAM.20160426.EPIXYLON.3",,2,"chlorophyll/pheophytin",125.0,5.0,1.1,,,"ekrulc@field-ops.org","OK","legacyData"
"a3e11e5f-c7b5-4371-9a5f-eec0edaed51a","D05","CRAM","CRAM.AOS.riparian.point.01","2016-04-26T14:45Z","CRAM.20160426.EPIXYLON.1","CRAM.20160426.EPIXYLON.1",,1,"CN",125.0,5.0,1.1,,,"ekrulc@field-ops.org","OK","legacyData"
"0c307013-e6b2-4e55-875d-fe3098dc8098","D05","CRAM","CRAM.AOS.riparian.point.05","2016-04-26T14:45Z","CRAM.20160426.EPIXYLON.5","CRAM.20160426.EPIXYLON.5",,1,"CN",125.0,5.0,1.1,,,"ekrulc@field-ops.org","OK","legacyData"
"2f166263-6c43-4a70-bd1b-03a2f72c1ac3","D05","CRAM","CRAM.AOS.riparian.point.03","2016-04-26T14:45Z","CRAM.20160426.EPIXYLON.3","CRAM.20160426.EPIXYLON.3",,1,"13C15N",125.0,7.0,1.1,,,"ekrulc@field-ops.org","OK","legacyData"
"95ca6588-e27f-4ce3-9f9b-cdba433f0815","D05","CRAM","CRAM.AOS.riparian.point.01","2016-04-26T14:45Z","CRAM.20160426.EPIXYLON.1","CRAM.20160426.EPIXYLON.1",,2,"CN",125.0,5.0,1.1,,,"ekrulc@field-ops.org","OK","legacyData"
"3ffbecb8-5da1-423c-bcca-ccab1806aa1c","D05","CRAM","CRAM.AOS.buoy.c0","2016-04-26T14:45Z","CRAM.20160426.PHYTOPLANKTON.3","CRAM.20160426.PHYTOPLANKTON.3",,1,"P",5000.0,450.0,1.1,,,"ekrulc@field-ops.org","OK","legacyData"
"98fcd82e-4e9c-4175-b86b-06d22f2afe6f","D05","CRAM","CRAM.AOS.riparian.point.07","2016-04-26T14:45Z","CRAM.20160426.EPIXYLON.7","CRAM.20160426.EPIXYLON.7",,1,"13C15N",125.0,7.0,1.1,,,"ekrulc@field-ops.org","OK","legacyData"
"ee6b4fce-17d4-419d-8d20-fa19df665d77","D05","CRAM","CRAM.AOS.buoy.c0","2016-04-26T14:45Z","CRAM.20160426.PHYTOPLANKTON.3","CRAM.20160426.PHYTOPLANKTON.3",,1,"chlorophyll/pheophytin",5000.0,300.0,1.1,,,"ekrulc@field-ops.org","OK","legacyData"
"cc3d874c-074b-4e0d-88a4-01219cf076ea","D05","CRAM","CRAM.AOS.riparian.point.05","2016-04-26T14:45Z","CRAM.20160426.EPIXYLON.5","CRAM.20160426.EPIXYLON.5",,2,"chlorophyll/pheophytin",125.0,5.0,1.1,,,"ekrulc@field-ops.org","OK","legacyData"
"cac814e7-7ad8-4358-9523-c757d770abb7","D05","CRAM","CRAM.AOS.riparian.point.07","2016-04-26T14:45Z","CRAM.20160426.EPIXYLON.7","CRAM.20160426.EPIXYLON.7",,2,"CN",125.0,5.0,1.1,,,"ekrulc@field-ops.org","OK","legacyData"
