uid,domainID,siteID,namedLocation,aquaticSiteType,decimalLatitude,decimalLongitude,coordinateUncertainty,elevation,elevationUncertainty,geodeticDatum,collectDate,eventID,parentSampleID,parentSampleCode,samplingImpractical,biophysicalCriteria,affectedByWind,habitatType,algalSampleType,benthicArea,samplingProtocolVersion,phytoDepth1,phytoDepth2,phytoDepth3,substratumSizeClass,remarks,recordedBy,collectedBy,dataQF
"4ba4ccb5-c610-4355-8a79-5b4518496282","D03","BARC","BARC.AOS.riparian.point.01","lake",29.677784,-82.007670,5.0,24.7,5.0,"WGS84","2021-07-15T12:26Z","BARC.20210715","BARC.20210715.EPIPHYTON.1",,,"OK - no known exceptions",,"littoral","epiphyton",0.010000,"NEON.DOC.003045vE",,,,,,"0000-0002-7940-8177","0000-0001-9335-3304",
"a86ed1f6-8c40-4917-b442-ff81dcf983c8","D03","BARC","BARC.AOS.buoy.c0","lake",29.675982,-82.008414,10.0,27.0,10.0,"WGS84","2021-07-15T12:26Z","BARC.20210715","BARC.20210715.PHYTOPLANKTON.2",,,"OK - no known exceptions","N","pelagic","phytoplankton",,"NEON.DOC.003045vE",0.5,0.5,,,,"0000-0002-7940-8177","0000-0001-9335-3304",
"53b5e5c2-2193-44ad-b6cb-e27113a366b2","D03","BARC","BARC.AOS.riparian.point.05","lake",29.674476,-82.007454,5.0,25.9,5.0,"WGS84","2021-07-15T12:26Z","BARC.20210715","BARC.20210715.EPIPHYTON.5",,,"OK - no known exceptions",,"littoral","epiphyton",0.010000,"NEON.DOC.003045vE",,,,,,"0000-0002-7940-8177","0000-0001-9335-3304",
"18a8e548-24f1-46bf-9c5b-8570c3b3ced3","D03","BARC","BARC.AOS.riparian.point.07","lake",29.674953,-82.009818,5.0,26.4,5.0,"WGS84","2021-07-15T12:26Z","BARC.20210715","BARC.20210715.EPIPHYTON.7",,,"OK - no known exceptions",,"littoral","epiphyton",0.010000,"NEON.DOC.003045vE",,,,,,"0000-0002-7940-8177","0000-0001-9335-3304",
"dffd83e8-21a7-4fdd-b7c6-711dd7b81251","D03","BARC","BARC.AOS.littoral1","lake",29.677479,-82.007710,1.1,26.0,1.0,"WGS84","2021-07-15T12:26Z","BARC.20210715","BARC.20210715.PHYTOPLANKTON.1",,,"OK - no known exceptions","N","pelagic","phytoplankton",,"NEON.DOC.003045vE",0.5,0.5,,,,"0000-0002-7940-8177","0000-0001-9335-3304",
"448cd61b-f830-4102-bd4c-2076115fe97c","D03","BARC","BARC.AOS.riparian.point.03","lake",29.676118,-82.006564,5.0,22.2,5.0,"WGS84","2021-07-15T12:26Z","BARC.20210715","BARC.20210715.EPIPHYTON.3",,,"OK - no known exceptions",,"littoral","epiphyton",0.010000,"NEON.DOC.003045vE",,,,,,"0000-0002-7940-8177","0000-0001-9335-3304",
"8292f6bd-1dda-48fb-b6dc-72af1538e3b9","D03","BARC","BARC.AOS.riparian.point.09","lake",29.676597,-82.009967,5.0,19.5,5.0,"WGS84","2021-07-15T12:26Z","BARC.20210715","BARC.20210715.EPIPHYTON.9",,,"OK - no known exceptions",,"littoral","epiphyton",0.010000,"NEON.DOC.003045vE",,,,,,"0000-0002-7940-8177","0000-0001-9335-3304",
"259bf892-95df-43c4-8aa0-72d5f3558ea9","D03","BARC","BARC.AOS.littoral2","lake",29.674748,-82.008401,1.1,27.1,1.0,"WGS84","2021-07-15T12:26Z","BARC.20210715","BARC.20210715.PHYTOPLANKTON.3",,,"OK - no known exceptions","N","pelagic","phytoplankton",,"NEON.DOC.003045vE",0.5,0.5,,,,"0000-0002-7940-8177","0000-0001-9335-3304",
