uid,domainID,siteID,namedLocation,collectDate,sampleID,sampleCode,sampleCondition,laboratoryName,analysisDate,analyzedBy,sampleType,replicate,sampleVolumeFiltered,filterSize,percentFilterAnalyzed,dilutionFactor,solventVolume,responseFactor,acidificationResponseFactor,fluorometerSensitivitySetting,preAcidificationFluorescence,postAcidificationFluorescence,analyte,analyteConcentration,plantAlgaeLabUnits,testMethod,method,acidTreatment,externalRemarks,externalLabDataQF
"d3be56a0-9e35-4664-9392-5835278d6162","D03","BARC","BARC.AOS.buoy.c0","2021-07-15","BARC.20210715.PHYTOPLANKTON.2.CHL/PHEO.1","A00000132735","condition ok","Great Lakes Environmental Center, Inc.","2021-07-26","4CajRO/thb0=","chlorophyll/pheophytin","1",200,25,100,1,7,449.4993,,,0.1310,0.0850,"chlorophyll a",0.87,"microgramsPerLiter","GLEC_algalChlorophyll_V1","APHA 10200H",,"Samples received were not in order as shown on manifest. Corrected by TW/7/22/21.",
"1b9f9e39-3106-4661-baea-46413dac56d2","D03","BARC","BARC.AOS.buoy.c0","2021-07-15","BARC.20210715.PHYTOPLANKTON.2.REP2.CHL/PHEO.2","A00000132755","condition ok","Great Lakes Environmental Center, Inc.","2021-07-26","4CajRO/thb0=","chlorophyll/pheophytin","2",200,25,100,1,7,449.4993,,,0.1300,0.0870,"pheophytin",7.45,"microgramsPerLiter","GLEC_algalChlorophyll_V1","APHA 10200H",,"Samples received were not in order as shown on manifest. Corrected by TW/7/22/21.",
"15db9a14-4802-4e83-b3b1-9456ac664d27","D03","BARC","BARC.AOS.littoral1","2021-07-15","BARC.20210715.PHYTOPLANKTON.1.CHL/PHEO.1","A00000132736","condition ok","Great Lakes Environmental Center, Inc.","2021-07-26","4CajRO/thb0=","chlorophyll/pheophytin","1",300,25,100,1,7,449.4993,,,0.1140,0.0410,"chlorophyll a",0.92,"microgramsPerLiter","GLEC_algalChlorophyll_V1","APHA 10200H",,"Samples received were not in order as shown on manifest. Corrected by TW/7/22/21.",
"8b7a26f8-9e0b-4c2f-b2fb-f4a6869a8ee5","D03","BARC","BARC.AOS.riparian.point.05","2021-07-15","BARC.20210715.EPIPHYTON.5.CHL/PHEO.1","A00000132860",,"Great Lakes Environmental Center, Inc.","2021-07-26","4CajRO/thb0=","chlorophyll/pheophytin","1",6,25,100,1,7,449.4993,,,1.7200,0.5730,"chlorophyll a",721.01,"microgramsPerLiter","GLEC_algalChlorophyll_V1","APHA 10200H",,"Samples received were not in order as shown on manifest. Corrected by TW/7/22/21.",
"1f7845db-ab10-46cd-9306-030b58573924","D03","BARC","BARC.AOS.riparian.point.07","2021-07-15","BARC.20210715.EPIPHYTON.7.CHL/PHEO.1","A00000132878","condition ok","Great Lakes Environmental Center, Inc.","2021-07-26","4CajRO/thb0=","chlorophyll/pheophytin","1",3,25,100,1,7,449.4993,,,0.8410,0.1930,"chlorophyll a",814.67,"microgramsPerLiter","GLEC_algalChlorophyll_V1","APHA 10200H",,"Samples received were not in order as shown on manifest. Corrected by TW/7/22/21.",
"b3ac5ec3-3395-41bc-b8be-f56227cfc1a5","D03","BARC","BARC.AOS.riparian.point.05","2021-07-15","BARC.20210715.EPIPHYTON.5.CHL/PHEO.1","A00000132860",,"Great Lakes Environmental Center, Inc.","2021-07-26","4CajRO/thb0=","chlorophyll/pheophytin","1",6,25,100,1,7,449.4993,,,1.7200,0.5730,"pheophytin",1091.90,"microgramsPerLiter","GLEC_algalChlorophyll_V1","APHA 10200H",,"Samples received were not in order as shown on manifest. Corrected by TW/7/22/21.",
"d27fc32e-b354-4722-af95-1ddc66da2908","D03","BARC","BARC.AOS.riparian.point.07","2021-07-15","BARC.20210715.EPIPHYTON.7.CHL/PHEO.1","A00000132878","condition ok","Great Lakes Environmental Center, Inc.","2021-07-26","4CajRO/thb0=","chlorophyll/pheophytin","1",3,25,100,1,7,449.4993,,,0.8410,0.1930,"pheophytin",406.62,"microgramsPerLiter","GLEC_algalChlorophyll_V1","APHA 10200H",,"Samples received were not in order as shown on manifest. Corrected by TW/7/22/21.",
"3b5e1745-5dfc-4dad-b4f8-154321614712","D03","BARC","BARC.AOS.riparian.point.01","2021-07-15","BARC.20210715.EPIPHYTON.1.CHL/PHEO.1","A00000132891","condition ok","Great Lakes Environmental Center, Inc.","2021-07-26","4CajRO/thb0=","chlorophyll/pheophytin","1",6,25,100,1,7,449.4993,,,0.8460,0.2550,"chlorophyll a",371.51,"microgramsPerLiter","GLEC_algalChlorophyll_V1","APHA 10200H",,"Samples received were not in order as shown on manifest. Corrected by TW/7/22/21.",
"20f28db7-45f0-497c-9f6b-bef475ee0a8c","D03","BARC","BARC.AOS.riparian.point.09","2021-07-15","BARC.20210715.EPIPHYTON.9.CHL/PHEO.1","A00000132879","condition ok","Great Lakes Environmental Center, Inc.","2021-07-26","4CajRO/thb0=","chlorophyll/pheophytin","1",3,25,100,1,7,449.4993,,,0.6790,0.2250,"chlorophyll a",570.77,"microgramsPerLiter","GLEC_algalChlorophyll_V1","APHA 10200H",,"Samples received were not in order as shown on manifest. Corrected by TW/7/22/21.",
"691e2ff4-23e3-4cf4-b6c8-bfa59a85c450","D03","BARC","BARC.AOS.buoy.c0","2021-07-15","BARC.20210715.PHYTOPLANKTON.2.CHL/PHEO.1","A00000132735","condition ok","Great Lakes Environmental Center, Inc.","2021-07-26","4CajRO/thb0=","chlorophyll/pheophytin","1",200,25,100,1,7,449.4993,,,0.1310,0.0850,"pheophytin",7.20,"microgramsPerLiter","GLEC_algalChlorophyll_V1","APHA 10200H",,"Samples received were not in order as shown on manifest. Corrected by TW/7/22/21.",
"bd7528e4-b8c7-4f6f-8bab-06ad068f3d7d","D03","BARC","BARC.AOS.riparian.point.09","2021-07-15","BARC.20210715.EPIPHYTON.9.CHL/PHEO.1","A00000132879","condition ok","Great Lakes Environmental Center, Inc.","2021-07-26","4CajRO/thb0=","chlorophyll/pheophytin","1",3,25,100,1,7,449.4993,,,0.6790,0.2250,"pheophytin",853.02,"microgramsPerLiter","GLEC_algalChlorophyll_V1","APHA 10200H",,"Samples received were not in order as shown on manifest. Corrected by TW/7/22/21.",
"4e5e06a1-ca30-4f85-8b61-72fcd7561a0a","D03","BARC","BARC.AOS.riparian.point.01","2021-07-15","BARC.20210715.EPIPHYTON.1.CHL/PHEO.1","A00000132891","condition ok","Great Lakes Environmental Center, Inc.","2021-07-26","4CajRO/thb0=","chlorophyll/pheophytin","1",6,25,100,1,7,449.4993,,,0.8460,0.2550,"pheophytin",435.31,"microgramsPerLiter","GLEC_algalChlorophyll_V1","APHA 10200H",,"Samples received were not in order as shown on manifest. Corrected by TW/7/22/21.",
"ef63000c-c29e-4072-a39d-47505797cfda","D03","BARC","BARC.AOS.littoral1","2021-07-15","BARC.20210715.PHYTOPLANKTON.1.CHL/PHEO.1","A00000132736","condition ok","Great Lakes Environmental Center, Inc.","2021-07-26","4CajRO/thb0=","chlorophyll/pheophytin","1",300,25,100,1,7,449.4993,,,0.1140,0.0410,"pheophytin",1.68,"microgramsPerLiter","GLEC_algalChlorophyll_V1","APHA 10200H",,"Samples received were not in order as shown on manifest. Corrected by TW/7/22/21.",
"69113f5e-e4e5-445a-986e-a1265d475ef0","D03","BARC","BARC.AOS.littoral2","2021-07-15","BARC.20210715.PHYTOPLANKTON.3.CHL/PHEO.1","A00000132754","condition ok","Great Lakes Environmental Center, Inc.","2021-07-26","4CajRO/thb0=","chlorophyll/pheophytin","1",200,25,100,1,7,449.4993,,,0.0980,0.0320,"pheophytin",1.79,"microgramsPerLiter","GLEC_algalChlorophyll_V1","APHA 10200H",,"Samples received were not in order as shown on manifest. Corrected by TW/7/22/21.",
"4b68778f-712e-43dc-80d3-a55491f21783","D03","BARC","BARC.AOS.riparian.point.03","2021-07-15","BARC.20210715.EPIPHYTON.3.CHL/PHEO.1","A00000132842","condition ok","Great Lakes Environmental Center, Inc.","2021-07-26","4CajRO/thb0=","chlorophyll/pheophytin","1",6,25,100,1,7,449.4993,,,0.7930,0.3210,"chlorophyll a",296.70,"microgramsPerLiter","GLEC_algalChlorophyll_V1","APHA 10200H",,"Samples received were not in order as shown on manifest. Corrected by TW/7/22/21.",
"7a37527a-1a13-431f-9234-5498020246b1","D03","BARC","BARC.AOS.riparian.point.03","2021-07-15","BARC.20210715.EPIPHYTON.3.CHL/PHEO.1","A00000132842","condition ok","Great Lakes Environmental Center, Inc.","2021-07-26","4CajRO/thb0=","chlorophyll/pheophytin","1",6,25,100,1,7,449.4993,,,0.7930,0.3210,"pheophytin",718.93,"microgramsPerLiter","GLEC_algalChlorophyll_V1","APHA 10200H",,"Samples received were not in order as shown on manifest. Corrected by TW/7/22/21.",
"707fa3c9-d6d8-4787-85e3-91fdac89da0e","D03","BARC","BARC.AOS.buoy.c0","2021-07-15","BARC.20210715.PHYTOPLANKTON.2.REP2.CHL/PHEO.2","A00000132755","condition ok","Great Lakes Environmental Center, Inc.","2021-07-26","4CajRO/thb0=","chlorophyll/pheophytin","2",200,25,100,1,7,449.4993,,,0.1300,0.0870,"chlorophyll a",0.81,"microgramsPerLiter","GLEC_algalChlorophyll_V1","APHA 10200H",,"Samples received were not in order as shown on manifest. Corrected by TW/7/22/21.",
"ce7db757-1e6c-4c31-a070-72bd8b730dea","D03","BARC","BARC.AOS.littoral2","2021-07-15","BARC.20210715.PHYTOPLANKTON.3.CHL/PHEO.1","A00000132754","condition ok","Great Lakes Environmental Center, Inc.","2021-07-26","4CajRO/thb0=","chlorophyll/pheophytin","1",200,25,100,1,7,449.4993,,,0.0980,0.0320,"chlorophyll a",1.24,"microgramsPerLiter","GLEC_algalChlorophyll_V1","APHA 10200H",,"Samples received were not in order as shown on manifest. Corrected by TW/7/22/21.",
