uid,domainID,siteID,namedLocation,collectDate,parentSampleID,sampleID,sampleCode,filterNumber,analysisType,fieldSampleVolume,domainFilterVolume,storageDays,remarks,measuredBy,recordedBy,sampleCondition,dataQF
"3a722611-cc52-4b9f-af01-b2b53fc26bc4","D03","BARC","BARC.AOS.riparian.point.05","2021-07-15T12:26Z","BARC.20210715.EPIPHYTON.5","BARC.20210715.EPIPHYTON.5.CNSA.1","A00000132876",1,"CNSa",125.0,6.0,0.3,,"0000-0001-9335-3304","0000-0002-7940-8177","OK",
"5204feac-1825-4a2c-876f-d63c1664b224","D03","BARC","BARC.AOS.riparian.point.01","2021-07-15T12:26Z","BARC.20210715.EPIPHYTON.1","BARC.20210715.EPIPHYTON.1.CNSB.1","A00000132857",1,"CNSb",125.0,6.0,0.3,,"0000-0001-9335-3304","0000-0002-7940-8177","OK",
"d589f710-a01c-44af-b4b8-d6d7660967a0","D03","BARC","BARC.AOS.littoral2","2021-07-15T12:26Z","BARC.20210715.PHYTOPLANKTON.3","BARC.20210715.PHYTOPLANKTON.3.P.1","A00000132856",1,"P",5000.0,200.0,0.2,,"0000-0001-9335-3304","0000-0002-7940-8177","OK",
"3227f595-3c01-418a-af48-c069301d3e01","D03","BARC","BARC.AOS.littoral1","2021-07-15T12:26Z","BARC.20210715.PHYTOPLANKTON.1","BARC.20210715.PHYTOPLANKTON.1.CHL/PHEO.1","A00000132736",1,"chlorophyll/pheophytin",5000.0,300.0,0.1,,"0000-0001-9335-3304","0000-0002-7940-8177","OK",
"71f17474-3e9a-4260-8354-93cf1c2e0711","D03","BARC","BARC.AOS.buoy.c0","2021-07-15T12:26Z","BARC.20210715.PHYTOPLANKTON.2","BARC.20210715.PHYTOPLANKTON.2.CNSA.1","A00000132854",1,"CNSa",5000.0,200.0,0.2,,"0000-0001-9335-3304","0000-0002-7940-8177","OK",
"ed674554-d651-4482-837d-44e0087b72fd","D03","BARC","BARC.AOS.riparian.point.01","2021-07-15T12:26Z","BARC.20210715.EPIPHYTON.1","BARC.20210715.EPIPHYTON.1.CNSA.1","A00000132840",1,"CNSa",125.0,6.0,0.3,,"0000-0001-9335-3304","0000-0002-7940-8177","OK",
"ff77c97e-c1b4-4145-8fcd-f7bf6b06d93b","D03","BARC","BARC.AOS.riparian.point.07","2021-07-15T12:26Z","BARC.20210715.EPIPHYTON.7","BARC.20210715.EPIPHYTON.7.CNSA.1","A00000132894",1,"CNSa",125.0,3.0,0.3,,"0000-0001-9335-3304","0000-0002-7940-8177","OK",
"27962523-6136-41af-b829-c06788094b94","D03","BARC","BARC.AOS.riparian.point.05","2021-07-15T12:26Z","BARC.20210715.EPIPHYTON.5","BARC.20210715.EPIPHYTON.5.CNSB.1","A00000132893",1,"CNSb",125.0,6.0,0.3,,"0000-0001-9335-3304","0000-0002-7940-8177","OK",
"551f2399-d570-4bd1-84b4-21717f6bf428","D03","BARC","BARC.AOS.riparian.point.01","2021-07-15T12:26Z","BARC.20210715.EPIPHYTON.1","BARC.20210715.EPIPHYTON.1.P.1","A00000132874",1,"P",125.0,6.0,0.3,,"0000-0001-9335-3304","0000-0002-7940-8177","OK",
"47744aec-0430-48fb-a5f6-25aed2973a8e","D03","BARC","BARC.AOS.buoy.c0","2021-07-15T12:26Z","BARC.20210715.PHYTOPLANKTON.2","BARC.20210715.PHYTOPLANKTON.2.REP2.P.2","A00000132872",2,"P",5000.0,200.0,0.2,,"0000-0001-9335-3304","0000-0002-7940-8177","OK",
"6ad1cad4-f56e-4de2-9f8c-7d1f9f92f6dc","D03","BARC","BARC.AOS.littoral2","2021-07-15T12:26Z","BARC.20210715.PHYTOPLANKTON.3","BARC.20210715.PHYTOPLANKTON.3.CNSB.1","A00000132839",1,"CNSb",5000.0,200.0,0.2,,"0000-0001-9335-3304","0000-0002-7940-8177","OK",
"dc87a3b5-0ae1-4caf-aac7-a6fb6f038cd8","D03","BARC","BARC.AOS.littoral1","2021-07-15T12:26Z","BARC.20210715.PHYTOPLANKTON.1","BARC.20210715.PHYTOPLANKTON.1.CNSA.1","A00000132753",1,"CNSa",5000.0,300.0,0.1,,"0000-0001-9335-3304","0000-0002-7940-8177","OK",
"3192a328-2238-44ff-820a-8d74bb88a4e3","D03","BARC","BARC.AOS.buoy.c0","2021-07-15T12:26Z","BARC.20210715.PHYTOPLANKTON.2","BARC.20210715.PHYTOPLANKTON.2.REP2.CHL/PHEO.2","A00000132755",2,"chlorophyll/pheophytin",5000.0,200.0,0.2,,"0000-0001-9335-3304","0000-0002-7940-8177","OK",
"b635aff0-ddc0-45b9-af3b-722676cc18b8","D03","BARC","BARC.AOS.littoral2","2021-07-15T12:26Z","BARC.20210715.PHYTOPLANKTON.3","BARC.20210715.PHYTOPLANKTON.3.CNSA.1","A00000132889",1,"CNSa",5000.0,200.0,0.2,,"0000-0001-9335-3304","0000-0002-7940-8177","OK",
"fdf9948b-1c5a-4d94-8745-e7251a2cf8dd","D03","BARC","BARC.AOS.riparian.point.05","2021-07-15T12:26Z","BARC.20210715.EPIPHYTON.5","BARC.20210715.EPIPHYTON.5.CHL/PHEO.1","A00000132860",1,"chlorophyll/pheophytin",125.0,6.0,0.3,,"0000-0001-9335-3304","0000-0002-7940-8177","OK",
"228d4a1c-a5f4-4ed8-a6de-7c1f7c715a9e","D03","BARC","BARC.AOS.riparian.point.03","2021-07-15T12:26Z","BARC.20210715.EPIPHYTON.3","BARC.20210715.EPIPHYTON.3.CHL/PHEO.1","A00000132842",1,"chlorophyll/pheophytin",125.0,6.0,0.3,,"0000-0001-9335-3304","0000-0002-7940-8177","OK",
"2f6b83ad-29de-4bed-b04d-98804284801d","D03","BARC","BARC.AOS.riparian.point.07","2021-07-15T12:26Z","BARC.20210715.EPIPHYTON.7","BARC.20210715.EPIPHYTON.7.CNSB.1","A00000132844",1,"CNSb",125.0,3.0,0.3,,"0000-0001-9335-3304","0000-0002-7940-8177","OK",
"2e8fca6a-67da-46d5-a63f-f26b6e2a696a","D03","BARC","BARC.AOS.buoy.c0","2021-07-15T12:26Z","BARC.20210715.PHYTOPLANKTON.2","BARC.20210715.PHYTOPLANKTON.2.CHL/PHEO.1","A00000132735",1,"chlorophyll/pheophytin",5000.0,200.0,0.2,,"0000-0001-9335-3304","0000-0002-7940-8177","OK",
"d2903042-ef11-4929-be89-a555e6669c16","D03","BARC","BARC.AOS.littoral1","2021-07-15T12:26Z","BARC.20210715.PHYTOPLANKTON.1","BARC.20210715.PHYTOPLANKTON.1.CNSB.1","A00000132752",1,"CNSb",5000.0,300.0,0.1,,"0000-0001-9335-3304","0000-0002-7940-8177","OK",
"5223cca5-e697-4b23-8e4c-095aeb429cf2","D03","BARC","BARC.AOS.riparian.point.07","2021-07-15T12:26Z","BARC.20210715.EPIPHYTON.7","BARC.20210715.EPIPHYTON.7.P.1","A00000132861",1,"P",125.0,3.0,0.3,,"0000-0001-9335-3304","0000-0002-7940-8177","OK",
"e6847295-a89c-43c0-9fd8-00f2df1e7e5e","D03","BARC","BARC.AOS.riparian.point.09","2021-07-15T12:26Z","BARC.20210715.EPIPHYTON.9","BARC.20210715.EPIPHYTON.9.P.1","A00000132862",1,"P",125.0,3.0,0.3,,"0000-0001-9335-3304","0000-0002-7940-8177","OK",
"d74de76e-7ef3-4748-ba1a-382d378bf2ba","D03","BARC","BARC.AOS.riparian.point.09","2021-07-15T12:26Z","BARC.20210715.EPIPHYTON.9","BARC.20210715.EPIPHYTON.9.CHL/PHEO.1","A00000132879",1,"chlorophyll/pheophytin",125.0,3.0,0.3,,"0000-0001-9335-3304","0000-0002-7940-8177","OK",
"a29bbb04-b23e-4f6f-b959-78211d005b2a","D03","BARC","BARC.AOS.riparian.point.03","2021-07-15T12:26Z","BARC.20210715.EPIPHYTON.3","BARC.20210715.EPIPHYTON.3.CNSA.1","A00000132858",1,"CNSa",125.0,6.0,0.3,,"0000-0001-9335-3304","0000-0002-7940-8177","OK",
"c956049f-a6ab-4bc1-9702-a69d72f87624","D03","BARC","BARC.AOS.riparian.point.03","2021-07-15T12:26Z","BARC.20210715.EPIPHYTON.3","BARC.20210715.EPIPHYTON.3.CNSB.1","A00000132875",1,"CNSb",125.0,6.0,0.3,,"0000-0001-9335-3304","0000-0002-7940-8177","OK",
"d9fb3e6f-db05-4302-a054-3b88c6a66b31","D03","BARC","BARC.AOS.riparian.point.09","2021-07-15T12:26Z","BARC.20210715.EPIPHYTON.9","BARC.20210715.EPIPHYTON.9.CNSA.1","A00000132895",1,"CNSa",125.0,3.0,0.3,,"0000-0001-9335-3304","0000-0002-7940-8177","OK",
"128252c0-f872-4834-a88f-90034ca88677","D03","BARC","BARC.AOS.buoy.c0","2021-07-15T12:26Z","BARC.20210715.PHYTOPLANKTON.2","BARC.20210715.PHYTOPLANKTON.2.CNSB.1","A00000132871",1,"CNSb",5000.0,200.0,0.2,,"0000-0001-9335-3304","0000-0002-7940-8177","OK",
"edbb9266-b2c5-4c7c-a197-3bdd263e92b3","D03","BARC","BARC.AOS.riparian.point.05","2021-07-15T12:26Z","BARC.20210715.EPIPHYTON.5","BARC.20210715.EPIPHYTON.5.P.1","A00000132843",1,"P",125.0,6.0,0.3,,"0000-0001-9335-3304","0000-0002-7940-8177","OK",
"cf38d10f-ac21-4d93-a686-d4cbaccda300","D03","BARC","BARC.AOS.littoral1","2021-07-15T12:26Z","BARC.20210715.PHYTOPLANKTON.1","BARC.20210715.PHYTOPLANKTON.1.P.1","A00000132837",1,"P",5000.0,300.0,0.1,,"0000-0001-9335-3304","0000-0002-7940-8177","OK",
"511f2602-72a2-4ea1-9002-760fcbd10a16","D03","BARC","BARC.AOS.buoy.c0","2021-07-15T12:26Z","BARC.20210715.PHYTOPLANKTON.2","BARC.20210715.PHYTOPLANKTON.2.REP2.CNSA.2","A00000132838",2,"CNSa",5000.0,200.0,0.2,,"0000-0001-9335-3304","0000-0002-7940-8177","OK",
"a45fe27f-f7ec-487a-a315-47c8c25f5226","D03","BARC","BARC.AOS.riparian.point.07","2021-07-15T12:26Z","BARC.20210715.EPIPHYTON.7","BARC.20210715.EPIPHYTON.7.CHL/PHEO.1","A00000132878",1,"chlorophyll/pheophytin",125.0,3.0,0.3,,"0000-0001-9335-3304","0000-0002-7940-8177","OK",
"5456efd3-863d-449f-a092-244487cc1b23","D03","BARC","BARC.AOS.riparian.point.09","2021-07-15T12:26Z","BARC.20210715.EPIPHYTON.9","BARC.20210715.EPIPHYTON.9.CNSB.1","A00000132845",1,"CNSb",125.0,3.0,0.3,,"0000-0001-9335-3304","0000-0002-7940-8177","OK",
"d47dd194-03b5-4c5b-a84e-bbc40e8349f3","D03","BARC","BARC.AOS.buoy.c0","2021-07-15T12:26Z","BARC.20210715.PHYTOPLANKTON.2","BARC.20210715.PHYTOPLANKTON.2.REP2.CNSB.2","A00000132855",2,"CNSb",5000.0,200.0,0.2,,"0000-0001-9335-3304","0000-0002-7940-8177","OK",
"f1bafdf2-895d-429b-8c5a-7b3b2b9a98ff","D03","BARC","BARC.AOS.buoy.c0","2021-07-15T12:26Z","BARC.20210715.PHYTOPLANKTON.2","BARC.20210715.PHYTOPLANKTON.2.P.1","A00000132888",1,"P",5000.0,200.0,0.2,,"0000-0001-9335-3304","0000-0002-7940-8177","OK",
"e2c7a0e5-e0a9-433f-ab54-fcd0fa3adc11","D03","BARC","BARC.AOS.riparian.point.01","2021-07-15T12:26Z","BARC.20210715.EPIPHYTON.1","BARC.20210715.EPIPHYTON.1.CHL/PHEO.1","A00000132891",1,"chlorophyll/pheophytin",125.0,6.0,0.3,,"0000-0001-9335-3304","0000-0002-7940-8177","OK",
"89563bc2-2fa0-4a8c-aaaf-3a2db525ec85","D03","BARC","BARC.AOS.riparian.point.03","2021-07-15T12:26Z","BARC.20210715.EPIPHYTON.3","BARC.20210715.EPIPHYTON.3.P.1","A00000132892",1,"P",125.0,6.0,0.3,,"0000-0001-9335-3304","0000-0002-7940-8177","OK",
"f3a6e430-26e5-4e6e-bb5a-d7fb81580659","D03","BARC","BARC.AOS.littoral2","2021-07-15T12:26Z","BARC.20210715.PHYTOPLANKTON.3","BARC.20210715.PHYTOPLANKTON.3.CHL/PHEO.1","A00000132754",1,"chlorophyll/pheophytin",5000.0,200.0,0.2,,"0000-0001-9335-3304","0000-0002-7940-8177","OK",
