uid,domainID,siteID,namedLocation,date,eventID,sampleDepth,waterTemp,specificConductance,dissolvedOxygen,dissolvedOxygenSaturation,dataQF
"d3fd68f4-ea9e-4778-881e-5b46970842ea","D03","BARC","BARC.AOS.buoy.c0","2015-05-20T16:00Z","BARC.c0.20150520",4.0,28.9,57.5,,75.0,
"f4a14e1c-4bd2-4dc4-a6cd-1e2a26249701","D03","BARC","BARC.AOS.buoy.c0","2015-05-20T16:00Z","BARC.c0.20150520",4.5,28.9,57.5,,70.0,
"8c1334b0-3915-428c-86a7-516b9e6e1fbe","D03","BARC","BARC.AOS.buoy.c0","2015-05-20T16:00Z","BARC.c0.20150520",3.0,28.9,57.4,,72.8,
"05952d15-f471-4ae0-bee4-0d67b071e506","D03","BARC","BARC.AOS.buoy.c0","2015-05-20T16:00Z","BARC.c0.20150520",3.5,28.9,57.6,,71.4,
"8bd6d46e-0825-46cd-9d93-7972d63c1c93","D03","BARC","BARC.AOS.buoy.c0","2015-05-20T16:00Z","BARC.c0.20150520",2.0,29.0,57.3,,72.5,
"41a4eb44-3d95-4cd3-aa18-8a21c6eb3577","D03","BARC","BARC.AOS.buoy.c0","2015-05-20T16:00Z","BARC.c0.20150520",2.5,28.9,57.4,,73.7,
"7948c571-c776-4750-81cf-01d0a45741d2","D03","BARC","BARC.AOS.buoy.c0","2015-05-20T16:00Z","BARC.c0.20150520",1.0,29.1,57.2,,73.0,
"111fdc8e-0b58-4cd5-9daf-06b1f618c2ed","D03","BARC","BARC.AOS.buoy.c0","2015-05-20T16:00Z","BARC.c0.20150520",1.5,29.0,57.4,,72.0,
"0566d908-40e0-41d4-b580-0487fa044c6c","D03","BARC","BARC.AOS.buoy.c0","2015-05-20T16:00Z","BARC.c0.20150520",0.5,29.2,57.1,,75.0,
