uid,domainID,siteID,namedLocation,collectDate,titrationDate,parentSampleID,domainSampleID,domainSampleCode,titrationLocation,sampleType,initialSamplepH,initialSampleTemp,normality,sampleVolume,methodType,remarks,measuredBy,alkMeqPerL,alkMgPerL,ancMeqPerL,ancMgPerL,dataQF
"b363c72e-aa4b-4a17-a1ea-1f0950f300b5","D05","CRAM","CRAM.AOS.buoy.c1","2020-08-04T15:41Z","2020-08-05T15:03Z","CRAM.C1.20200804","CRAM.C1.20200804.ALK",,"support facility","ALK",5.96,21.1,"0.16",150.0,"Gran",,"Welnetz",0.040,1.820,,,
"f9a231e1-0774-4d43-ae84-c4f5c9fd79ab","D05","CRAM","CRAM.AOS.buoy.c1","2020-08-04T15:41Z","2020-08-05T14:37Z","CRAM.C1.20200804","CRAM.C1.20200804.ANC",,"support facility","ANC",6.05,19.7,"0.16",150.0,"Gran",,"Welnetz",,,0.040,2.010,
"f2b3f6f9-916e-44ca-8bc8-50a3134f96ab","D05","CRAM","CRAM.AOS.buoy.c2","2020-08-04T16:34Z","2020-08-05T16:42Z","CRAM.C2.20200804","CRAM.C2.20200804.ALK",,"support facility","ALK",5.96,22.3,"0.16",150.0,"Gran",,"Welnetz",0.090,4.600,,,
"07668425-1379-4283-8cd8-a6b60d0ee9c5","D05","CRAM","CRAM.AOS.buoy.c2","2020-08-04T16:34Z","2020-08-05T15:58Z","CRAM.C2.20200804","CRAM.C2.20200804.ANC",,"support facility","ANC",6.00,21.0,"0.16",150.0,"Gran",,"Welnetz",,,0.090,4.280,
