uid,domainID,siteID,namedLocation,collectDate,parentSampleID,parentSampleCode,isotopePOMRep2SampleCond,isotopePOMRep2SampleID,isotopePOMRep2SampleCode,isotopePOMSampleCond,isotopePOMSampleID,isotopePOMSampleCode,processedDateFilters,sampleVolumeFilteredPOMRep1,sampleVolumeFilteredPOMRep2,fieldDataQF
"77266aa3-96c2-4b8e-b7f2-0eaeaad094f6","D05","CRAM","CRAM.AOS.buoy.c1","2020-08-04T15:41Z","CRAM.C1.20200804",,,,,,,,,,,
"0a6bccae-6dc6-4fd6-b3ed-ea98996684e2","D05","CRAM","CRAM.AOS.buoy.c1","2020-08-04T15:41Z","CRAM.C1.20200804",,,,,,,,,,,
"2d6d13a4-488f-4a6c-803a-9c61f5e25264","D05","CRAM","CRAM.AOS.buoy.c1","2020-08-04T15:41Z","CRAM.C1.20200804",,"Sample condition ok","CRAM.C1.20200804.POM.2","A00000203804","Sample condition ok","CRAM.C1.20200804.POM.1","A00000203803","2020-08-04T19:07Z",100,100,
"1eeadf79-dca5-4d11-923e-2819d5c1daa9","D05","CRAM","CRAM.AOS.buoy.c2","2020-08-04T16:34Z","CRAM.C2.20200804",,,,,,,,,,,
"81382b38-170b-4486-92b1-bfb73c0b838c","D05","CRAM","CRAM.AOS.buoy.c2","2020-08-04T16:34Z","CRAM.C2.20200804",,"Sample condition ok","CRAM.C2.20200804.POM.2","A00000203799","Sample condition ok","CRAM.C2.20200804.POM.1","A00000203798","2020-08-04T19:11Z",100,100,
"198bab71-bd3d-419a-b978-56371427063d","D05","CRAM","CRAM.AOS.buoy.c2","2020-08-04T16:34Z","CRAM.C2.20200804",,,,,,,,,,,
