uid,domainID,siteID,namedLocation,sampleID,sampleCode,startDate,collectDate,laboratoryName,analyte,analyteConcentration,analyteUnits,coolerTemp,remarks,shipmentWarmQF,externalLabDataQF,sampleCondition
"8cf09605-13a6-42e5-8e49-088ce6d016e8","D05","CRAM","CRAM.AOS.buoy.c1","CRAM.C1.20200804.FIL","A00000204079","2020-08-04T15:41Z","2020-08-04T15:41Z","EcoCore_CSU","SO4",1.7462,"milligramsPerLiter",2.7,,0,,"Cold Chain Broken During Storage|Hold Time Exceeded"
"f1b2e921-7f64-47e2-92f1-3afb6ef0ddaa","D05","CRAM","CRAM.AOS.buoy.c1","CRAM.C1.20200804.FIL.2","A00000204080","2020-08-04T15:41Z","2020-08-04T15:41Z","EcoCore_CSU","SO4",1.7444,"milligramsPerLiter",2.7,,0,,"Cold Chain Broken During Storage|Hold Time Exceeded"
"0c65fbbf-f323-46a5-9ecd-14ec76ff7492","D05","CRAM","CRAM.AOS.buoy.c1","CRAM.C1.20200804.FIL.2","A00000204080","2020-08-04T15:41Z","2020-08-04T15:41Z","EcoCore_CSU","Br",0.0050,"milligramsPerLiter",2.7,,0,,"Cold Chain Broken During Storage|Hold Time Exceeded"
"ecb0d79f-831f-413a-b3d5-59c421e5c156","D05","CRAM","CRAM.AOS.buoy.c1","CRAM.C1.20200804.FIL.2","A00000204080","2020-08-04T15:41Z","2020-08-04T15:41Z","EcoCore_CSU","F",0.0050,"milligramsPerLiter",2.7,,0,,"Cold Chain Broken During Storage|Hold Time Exceeded"
"ea1845ae-cc2d-47bc-b5e4-fae58ba98473","D05","CRAM","CRAM.AOS.buoy.c1","CRAM.C1.20200804.FIL.2","A00000204080","2020-08-04T15:41Z","2020-08-04T15:41Z","EcoCore_CSU","Cl",0.4436,"milligramsPerLiter",2.7,,0,,"Cold Chain Broken During Storage|Hold Time Exceeded"
"8b0cc6d2-ffe4-41c2-a543-0be43450a4f9","D05","CRAM","CRAM.AOS.buoy.c1","CRAM.C1.20200804.FIL","A00000204079","2020-08-04T15:41Z","2020-08-04T15:41Z","EcoCore_CSU","Br",0.0050,"milligramsPerLiter",2.7,,0,,"Cold Chain Broken During Storage|Hold Time Exceeded"
"7751fbb3-69f9-47d0-9cfb-c51da31e322a","D05","CRAM","CRAM.AOS.buoy.c1","CRAM.C1.20200804.FIL","A00000204079","2020-08-04T15:41Z","2020-08-04T15:41Z","EcoCore_CSU","Cl",0.3280,"milligramsPerLiter",2.7,,0,,"Cold Chain Broken During Storage|Hold Time Exceeded"
"a1772d56-2691-4772-86ab-820fc258090f","D05","CRAM","CRAM.AOS.buoy.c1","CRAM.C1.20200804.FIL","A00000204079","2020-08-04T15:41Z","2020-08-04T15:41Z","EcoCore_CSU","F",0.0050,"milligramsPerLiter",2.7,,0,,"Cold Chain Broken During Storage|Hold Time Exceeded"
"c628c06c-7c31-405b-961c-533198d7c5f6","D05","CRAM","CRAM.AOS.buoy.c1","CRAM.C1.20200804.FIL.2","A00000204080","2020-08-04T15:41Z","2020-08-04T15:41Z","EcoCore_CSU","Mg",0.3350,"milligramsPerLiter",2.7,,0,,"Hold Time Exceeded"
"9372f04d-ca44-4872-9166-0f182db11861","D05","CRAM","CRAM.AOS.buoy.c1","CRAM.C1.20200804.FIL.3","A00000204082","2020-08-04T15:41Z","2020-08-04T15:41Z","EcoCore_CSU","K",0.1370,"milligramsPerLiter",2.7,,0,,"Hold Time Exceeded"
"5cb19dd9-3325-4c23-b80d-3a5201e08d14","D05","CRAM","CRAM.AOS.buoy.c1","CRAM.C1.20200804.FIL","A00000204079","2020-08-04T15:41Z","2020-08-04T15:41Z","EcoCore_CSU","Fe",0.0080,"milligramsPerLiter",2.7,,0,,"Hold Time Exceeded"
"01f86d5e-1874-4dbb-8f48-dc371af30d79","D05","CRAM","CRAM.AOS.buoy.c1","CRAM.C1.20200804.FIL.2","A00000204080","2020-08-04T15:41Z","2020-08-04T15:41Z","EcoCore_CSU","Ca",0.1020,"milligramsPerLiter",2.7,,0,,"Hold Time Exceeded"
"fef0455b-a2aa-41c1-b22f-e2dd8480b92d","D05","CRAM","CRAM.AOS.buoy.c1","CRAM.C1.20200804.FIL.2","A00000204080","2020-08-04T15:41Z","2020-08-04T15:41Z","EcoCore_CSU","Si",0.1160,"milligramsPerLiter",2.7,,0,,"Hold Time Exceeded"
"c628e2e7-ff1a-440f-b755-a4a0deebbf12","D05","CRAM","CRAM.AOS.buoy.c1","CRAM.C1.20200804.FIL.3","A00000204082","2020-08-04T15:41Z","2020-08-04T15:41Z","EcoCore_CSU","Si",0.0680,"milligramsPerLiter",2.7,,0,,"Hold Time Exceeded"
"ec83d7ed-e639-4238-970e-5a620eee7ab1","D05","CRAM","CRAM.AOS.buoy.c1","CRAM.C1.20200804.FIL.3","A00000204082","2020-08-04T15:41Z","2020-08-04T15:41Z","EcoCore_CSU","Fe",0.0090,"milligramsPerLiter",2.7,,0,,"Hold Time Exceeded"
"8932c49c-15e0-41c5-8717-caf85c47b856","D05","CRAM","CRAM.AOS.buoy.c1","CRAM.C1.20200804.FIL","A00000204079","2020-08-04T15:41Z","2020-08-04T15:41Z","EcoCore_CSU","Si",0.0750,"milligramsPerLiter",2.7,,0,,"Hold Time Exceeded"
"ad42f734-0835-43d5-8094-fba5ef8cd103","D05","CRAM","CRAM.AOS.buoy.c1","CRAM.C1.20200804.FIL.2","A00000204080","2020-08-04T15:41Z","2020-08-04T15:41Z","EcoCore_CSU","Fe",0.0080,"milligramsPerLiter",2.7,,0,,"Hold Time Exceeded"
"74e1b959-6a8c-40c5-af70-2242991aa412","D05","CRAM","CRAM.AOS.buoy.c1","CRAM.C1.20200804.FIL.3","A00000204082","2020-08-04T15:41Z","2020-08-04T15:41Z","EcoCore_CSU","Ca",0.0860,"milligramsPerLiter",2.7,,0,,"Hold Time Exceeded"
"b755b850-d69f-4bd9-a8c5-e6edeba581e5","D05","CRAM","CRAM.AOS.buoy.c1","CRAM.C1.20200804.FIL.2","A00000204080","2020-08-04T15:41Z","2020-08-04T15:41Z","EcoCore_CSU","K",0.1450,"milligramsPerLiter",2.7,,0,,"Hold Time Exceeded"
"03c8e96e-c3a2-4330-925a-d19cd6e67345","D05","CRAM","CRAM.AOS.buoy.c1","CRAM.C1.20200804.FIL.3","A00000204082","2020-08-04T15:41Z","2020-08-04T15:41Z","EcoCore_CSU","Na",0.0260,"milligramsPerLiter",2.7,,0,,"Hold Time Exceeded"
"005b7d00-d188-495f-aa95-1eaed8cca550","D05","CRAM","CRAM.AOS.buoy.c1","CRAM.C1.20200804.FIL","A00000204079","2020-08-04T15:41Z","2020-08-04T15:41Z","EcoCore_CSU","Na",0.0370,"milligramsPerLiter",2.7,,0,,"Hold Time Exceeded"
"a5a01e47-fb6b-452c-a9ad-1d9af98277a5","D05","CRAM","CRAM.AOS.buoy.c1","CRAM.C1.20200804.FIL","A00000204079","2020-08-04T15:41Z","2020-08-04T15:41Z","EcoCore_CSU","Mn",0.0005,"milligramsPerLiter",2.7,,0,,"Hold Time Exceeded"
"3066846d-b16b-453c-928d-7827a7b28874","D05","CRAM","CRAM.AOS.buoy.c1","CRAM.C1.20200804.FIL.2","A00000204080","2020-08-04T15:41Z","2020-08-04T15:41Z","EcoCore_CSU","Mn",0.0005,"milligramsPerLiter",2.7,,0,,"Hold Time Exceeded"
"a9fa7ebc-4dab-4c4b-ac29-01f4d073eb79","D05","CRAM","CRAM.AOS.buoy.c1","CRAM.C1.20200804.FIL.3","A00000204082","2020-08-04T15:41Z","2020-08-04T15:41Z","EcoCore_CSU","Mg",0.3190,"milligramsPerLiter",2.7,,0,,"Hold Time Exceeded"
"26568844-5c1a-4856-b5bc-27c1b961ad11","D05","CRAM","CRAM.AOS.buoy.c1","CRAM.C1.20200804.FIL","A00000204079","2020-08-04T15:41Z","2020-08-04T15:41Z","EcoCore_CSU","Mg",0.3150,"milligramsPerLiter",2.7,,0,,"Hold Time Exceeded"
"0ff2190b-42e9-439f-aa8b-6e10fc617d2a","D05","CRAM","CRAM.AOS.buoy.c1","CRAM.C1.20200804.FIL","A00000204079","2020-08-04T15:41Z","2020-08-04T15:41Z","EcoCore_CSU","Ca",0.0860,"milligramsPerLiter",2.7,,0,,"Hold Time Exceeded"
"d747c6dc-53f4-45ce-a7d1-cb87309cd220","D05","CRAM","CRAM.AOS.buoy.c1","CRAM.C1.20200804.FIL","A00000204079","2020-08-04T15:41Z","2020-08-04T15:41Z","EcoCore_CSU","K",0.1380,"milligramsPerLiter",2.7,,0,,"Hold Time Exceeded"
"a9f47da2-9098-4c66-81a7-bbf906ee9bdf","D05","CRAM","CRAM.AOS.buoy.c1","CRAM.C1.20200804.FIL.3","A00000204082","2020-08-04T15:41Z","2020-08-04T15:41Z","EcoCore_CSU","Mn",0.0005,"milligramsPerLiter",2.7,,0,,"Hold Time Exceeded"
"2c2f4289-86ec-47b4-a90b-fc6e4be968a2","D05","CRAM","CRAM.AOS.buoy.c1","CRAM.C1.20200804.FIL.2","A00000204080","2020-08-04T15:41Z","2020-08-04T15:41Z","EcoCore_CSU","Na",0.0390,"milligramsPerLiter",2.7,,0,,"Hold Time Exceeded"
"90dd9f6b-c09c-4a93-b70a-8f02c16c44f1","D05","CRAM","CRAM.AOS.buoy.c1","CRAM.C1.20200804.POM.1","A00000203803","2020-08-04T15:41Z","2020-08-04T15:41Z","SIRFER Lab at University of Utah","TPN",87.6198,"microgramsPerLiter",,,-1,,"OK"
"12a67cda-6625-4c49-b0c7-33cee9547728","D05","CRAM","CRAM.AOS.buoy.c1","CRAM.C1.20200804.POM.1","A00000203803","2020-08-04T15:41Z","2020-08-04T15:41Z","SIRFER Lab at University of Utah","TPC",959.2032,"microgramsPerLiter",,,-1,,"OK"
"688b5819-d0aa-4d87-9519-692f02702ca2","D05","CRAM","CRAM.AOS.buoy.c1","CRAM.C1.20200804.RAW.2","A00000204071","2020-08-04T15:41Z","2020-08-04T15:41Z","EcoCore_CSU","TSS - Dry Mass",,"microgram",2.7,,0,,"Cold Chain Broken"
"6e9737f2-6c2d-46e2-9bf8-c79d35fa14b4","D05","CRAM","CRAM.AOS.buoy.c1","CRAM.C1.20200804.FIL.2","A00000204080","2020-08-04T15:41Z","2020-08-04T15:41Z","EcoCore_CSU","TDS",,"milligramsPerLiter",2.7,,0,,"Cold Chain Broken"
"3c580304-feba-4175-b274-70f5ea70730e","D05","CRAM","CRAM.AOS.buoy.c1","CRAM.C1.20200804.RAW.3","A00000204076","2020-08-04T15:41Z","2020-08-04T15:41Z","EcoCore_CSU","TSS - Dry Mass",,"microgram",2.7,,0,,"Cold Chain Broken"
"2697d862-dd25-4e9e-b366-76ceb6be0fcd","D05","CRAM","CRAM.AOS.buoy.c1","CRAM.C1.20200804.RAW.3","A00000204076","2020-08-04T15:41Z","2020-08-04T15:41Z","EcoCore_CSU","TSS",,"milligramsPerLiter",2.7,,0,,"Cold Chain Broken"
"114c2836-3420-4bcd-9cd1-d0ccab55627c","D05","CRAM","CRAM.AOS.buoy.c1","CRAM.C1.20200804.RAW","A00000204069","2020-08-04T15:41Z","2020-08-04T15:41Z","EcoCore_CSU","pH",,"pH",2.7,,0,,"Cold Chain Broken"
"e4d1de57-a45a-461c-97a9-8da66a0ce323","D05","CRAM","CRAM.AOS.buoy.c1","CRAM.C1.20200804.FIL","A00000204079","2020-08-04T15:41Z","2020-08-04T15:41Z","EcoCore_CSU","CO3",,"milligramsPerLiter",2.7,,0,,"Cold Chain Broken"
"d696e5c3-4414-4caa-9f60-71be011bcd37","D05","CRAM","CRAM.AOS.buoy.c1","CRAM.C1.20200804.FIL.3","A00000204082","2020-08-04T15:41Z","2020-08-04T15:41Z","EcoCore_CSU","CO3",,"milligramsPerLiter",2.7,,0,,"Cold Chain Broken"
"9852bdfe-8497-4047-92c9-3c68ddbfd0b0","D05","CRAM","CRAM.AOS.buoy.c1","CRAM.C1.20200804.RAW.2","A00000204071","2020-08-04T15:41Z","2020-08-04T15:41Z","EcoCore_CSU","pH",,"pH",2.7,,0,,"Cold Chain Broken"
"2e8ed871-49de-49ae-839d-260e94b88938","D05","CRAM","CRAM.AOS.buoy.c1","CRAM.C1.20200804.FIL.3","A00000204082","2020-08-04T15:41Z","2020-08-04T15:41Z","EcoCore_CSU","HCO3",,"milligramsPerLiter",2.7,,0,,"Cold Chain Broken"
"766e62b5-e094-4a27-a479-400f1f555e77","D05","CRAM","CRAM.AOS.buoy.c1","CRAM.C1.20200804.RAW","A00000204069","2020-08-04T15:41Z","2020-08-04T15:41Z","EcoCore_CSU","TSS",,"milligramsPerLiter",2.7,,0,,"Cold Chain Broken"
"7c6ceb62-989c-4ddb-ac69-580c2104bf1b","D05","CRAM","CRAM.AOS.buoy.c1","CRAM.C1.20200804.FIL.2","A00000204080","2020-08-04T15:41Z","2020-08-04T15:41Z","EcoCore_CSU","HCO3",,"milligramsPerLiter",2.7,,0,,"Cold Chain Broken"
"3d7b0705-dac0-4675-9c49-e9936e451fc4","D05","CRAM","CRAM.AOS.buoy.c1","CRAM.C1.20200804.RAW.3","A00000204076","2020-08-04T15:41Z","2020-08-04T15:41Z","EcoCore_CSU","pH",,"pH",2.7,,0,,"Cold Chain Broken"
"a21bdafb-01a0-4448-8ce0-797dee2f4127","D05","CRAM","CRAM.AOS.buoy.c1","CRAM.C1.20200804.FIL","A00000204079","2020-08-04T15:41Z","2020-08-04T15:41Z","EcoCore_CSU","HCO3",,"milligramsPerLiter",2.7,,0,,"Cold Chain Broken"
"08a97e21-1549-4a45-bf57-465d10ca62e5","D05","CRAM","CRAM.AOS.buoy.c1","CRAM.C1.20200804.FIL.2","A00000204080","2020-08-04T15:41Z","2020-08-04T15:41Z","EcoCore_CSU","CO3",,"milligramsPerLiter",2.7,,0,,"Cold Chain Broken"
"0f259649-29a5-4ba5-80d1-b4f5bb675702","D05","CRAM","CRAM.AOS.buoy.c1","CRAM.C1.20200804.FIL.3","A00000204082","2020-08-04T15:41Z","2020-08-04T15:41Z","EcoCore_CSU","TDS",,"milligramsPerLiter",2.7,,0,,"Cold Chain Broken"
"33ee582f-a4fc-45f1-b942-c77cc14bae86","D05","CRAM","CRAM.AOS.buoy.c1","CRAM.C1.20200804.RAW","A00000204069","2020-08-04T15:41Z","2020-08-04T15:41Z","EcoCore_CSU","TSS - Dry Mass",,"microgram",2.7,,0,,"Cold Chain Broken"
"3af7b2e3-f97e-4298-b864-90364a5faf87","D05","CRAM","CRAM.AOS.buoy.c1","CRAM.C1.20200804.RAW.2","A00000204071","2020-08-04T15:41Z","2020-08-04T15:41Z","EcoCore_CSU","TSS",,"milligramsPerLiter",2.7,,0,,"Cold Chain Broken"
"412c2cc7-e671-4bc1-85a6-318de5cd9dab","D05","CRAM","CRAM.AOS.buoy.c1","CRAM.C1.20200804.FIL","A00000204079","2020-08-04T15:41Z","2020-08-04T15:41Z","EcoCore_CSU","TDS",,"milligramsPerLiter",2.7,,0,,"Cold Chain Broken"
"bf696b99-bc8b-4b96-9719-79eb9f334e11","D05","CRAM","CRAM.AOS.buoy.c1","CRAM.C1.20200804.FIL","A00000204079","2020-08-04T15:41Z","2020-08-04T15:41Z","EcoCore_CSU","UV Absorbance (254 nm)",0.1484,,2.7,,0,,"OK"
"41e1463f-485a-4bf6-b44d-284694ef490c","D05","CRAM","CRAM.AOS.buoy.c1","CRAM.C1.20200804.FIL","A00000204079","2020-08-04T15:41Z","2020-08-04T15:41Z","EcoCore_CSU","UV Absorbance (280 nm)",0.0995,,2.7,,0,,"OK"
"540b73d3-d3cf-4cec-bdce-8ba64c51c56b","D05","CRAM","CRAM.AOS.buoy.c1","CRAM.C1.20200804.FIL.3","A00000204082","2020-08-04T15:41Z","2020-08-04T15:41Z","EcoCore_CSU","UV Absorbance (280 nm)",0.0932,,2.7,,0,,"OK"
"da4d483d-5bfc-4e5f-b164-03d91a798b7b","D05","CRAM","CRAM.AOS.buoy.c1","CRAM.C1.20200804.FIL.2","A00000204080","2020-08-04T15:41Z","2020-08-04T15:41Z","EcoCore_CSU","UV Absorbance (254 nm)",0.1346,,2.7,,0,,"OK"
"58c4b9fc-c19f-478e-b678-0d2a84fd918e","D05","CRAM","CRAM.AOS.buoy.c1","CRAM.C1.20200804.FIL.2","A00000204080","2020-08-04T15:41Z","2020-08-04T15:41Z","EcoCore_CSU","UV Absorbance (280 nm)",0.0869,,2.7,,0,,"OK"
"48b5c592-fb51-40e6-8130-88401b0ae793","D05","CRAM","CRAM.AOS.buoy.c1","CRAM.C1.20200804.FIL.3","A00000204082","2020-08-04T15:41Z","2020-08-04T15:41Z","EcoCore_CSU","UV Absorbance (254 nm)",0.1445,,2.7,,0,,"OK"
"102c80e7-d6df-4f4d-9bc9-c2a123ebb9e4","D05","CRAM","CRAM.AOS.buoy.c1","CRAM.C1.20200804.RAW","A00000204069","2020-08-04T15:41Z","2020-08-04T15:41Z","EcoCore_CSU","TOC",5.2690,"milligramsPerLiter",2.7,,0,,"OK"
"ee6fe2e7-818b-41d5-b99d-b09f5a30b0da","D05","CRAM","CRAM.AOS.buoy.c1","CRAM.C1.20200804.FIL","A00000204079","2020-08-04T15:41Z","2020-08-04T15:41Z","EcoCore_CSU","TDN",0.2849,"milligramsPerLiter",2.7,,0,,"OK"
"0882efee-3974-4cba-8bc4-fbca447e0eb0","D05","CRAM","CRAM.AOS.buoy.c1","CRAM.C1.20200804.FIL.3","A00000204082","2020-08-04T15:41Z","2020-08-04T15:41Z","EcoCore_CSU","DOC",5.0700,"milligramsPerLiter",2.7,,0,,"OK"
"ca5bef76-ccfb-402b-8910-14cd85a64a5e","D05","CRAM","CRAM.AOS.buoy.c1","CRAM.C1.20200804.RAW.3","A00000204076","2020-08-04T15:41Z","2020-08-04T15:41Z","EcoCore_CSU","TOC",5.3620,"milligramsPerLiter",2.7,,0,,"OK"
"48060e79-345e-4240-8f9d-4b2436d47b03","D05","CRAM","CRAM.AOS.buoy.c1","CRAM.C1.20200804.FIL","A00000204079","2020-08-04T15:41Z","2020-08-04T15:41Z","EcoCore_CSU","DIC",1.1380,"milligramsPerLiter",2.7,,0,,"OK"
"bc2d75ba-95ba-4ac0-9513-584a2b2d7b49","D05","CRAM","CRAM.AOS.buoy.c1","CRAM.C1.20200804.FIL.2","A00000204080","2020-08-04T15:41Z","2020-08-04T15:41Z","EcoCore_CSU","DOC",4.8830,"milligramsPerLiter",2.7,,0,,"OK"
"b71f892a-d523-47bf-95bc-953d625472dd","D05","CRAM","CRAM.AOS.buoy.c1","CRAM.C1.20200804.FIL.3","A00000204082","2020-08-04T15:41Z","2020-08-04T15:41Z","EcoCore_CSU","DIC",1.1360,"milligramsPerLiter",2.7,,0,,"OK"
"f1f71844-f250-483a-83c5-41d65c14e52a","D05","CRAM","CRAM.AOS.buoy.c1","CRAM.C1.20200804.RAW.2","A00000204071","2020-08-04T15:41Z","2020-08-04T15:41Z","EcoCore_CSU","TN",0.2890,"milligramsPerLiter",2.7,,0,,"OK"
"7c67850d-5e40-450f-9f98-2e5e1b538aab","D05","CRAM","CRAM.AOS.buoy.c1","CRAM.C1.20200804.FIL.2","A00000204080","2020-08-04T15:41Z","2020-08-04T15:41Z","EcoCore_CSU","DIC",1.1940,"milligramsPerLiter",2.7,,0,,"OK"
"469e44bc-b134-491d-9a3f-9223bba1c3ff","D05","CRAM","CRAM.AOS.buoy.c1","CRAM.C1.20200804.RAW.2","A00000204071","2020-08-04T15:41Z","2020-08-04T15:41Z","EcoCore_CSU","TOC",5.1060,"milligramsPerLiter",2.7,,0,,"OK"
"f5a13fa8-9baf-4732-8015-c06624d9f376","D05","CRAM","CRAM.AOS.buoy.c1","CRAM.C1.20200804.FIL.2","A00000204080","2020-08-04T15:41Z","2020-08-04T15:41Z","EcoCore_CSU","TDN",0.2596,"milligramsPerLiter",2.7,,0,,"OK"
"34837b8b-8837-4be2-b6eb-6214bd90a417","D05","CRAM","CRAM.AOS.buoy.c1","CRAM.C1.20200804.FIL","A00000204079","2020-08-04T15:41Z","2020-08-04T15:41Z","EcoCore_CSU","DOC",5.2310,"milligramsPerLiter",2.7,,0,,"OK"
"8b649354-d21e-4760-98a1-4b934aaa0dec","D05","CRAM","CRAM.AOS.buoy.c1","CRAM.C1.20200804.RAW","A00000204069","2020-08-04T15:41Z","2020-08-04T15:41Z","EcoCore_CSU","TN",0.2856,"milligramsPerLiter",2.7,,0,,"OK"
"8794c37b-4d50-4c52-b956-c2d9e070c92d","D05","CRAM","CRAM.AOS.buoy.c1","CRAM.C1.20200804.FIL.3","A00000204082","2020-08-04T15:41Z","2020-08-04T15:41Z","EcoCore_CSU","TDN",0.2427,"milligramsPerLiter",2.7,,0,,"OK"
"4ed833f1-277e-411a-aa54-100ccedc4da3","D05","CRAM","CRAM.AOS.buoy.c1","CRAM.C1.20200804.RAW.3","A00000204076","2020-08-04T15:41Z","2020-08-04T15:41Z","EcoCore_CSU","TN",0.2982,"milligramsPerLiter",2.7,,0,,"OK"
"76136e84-76aa-4d15-9047-392993404b51","D05","CRAM","CRAM.AOS.buoy.c2","CRAM.C2.20200804.FIL","A00000204078","2020-08-04T16:34Z","2020-08-04T16:34Z","EcoCore_CSU","DOC",4.9500,"milligramsPerLiter",2.3,,0,,"OK"
"c4c50cfb-a812-4296-be22-6d236da18a77","D05","CRAM","CRAM.AOS.buoy.c2","CRAM.C2.20200804.RAW.2","A00000204073","2020-08-04T16:34Z","2020-08-04T16:34Z","EcoCore_CSU","TOC",5.2320,"milligramsPerLiter",2.3,,0,,"OK"
"d34264e8-528c-41d4-947a-ddd6ceac8f11","D05","CRAM","CRAM.AOS.buoy.c2","CRAM.C2.20200804.FIL","A00000204078","2020-08-04T16:34Z","2020-08-04T16:34Z","EcoCore_CSU","Cl",0.2905,"milligramsPerLiter",2.3,,0,,"Cold Chain Broken During Storage|Hold Time Exceeded"
"5a8ad4c7-9275-4bdc-9e17-5b95b61d02aa","D05","CRAM","CRAM.AOS.buoy.c2","CRAM.C2.20200804.RAW.2","A00000204073","2020-08-04T16:34Z","2020-08-04T16:34Z","EcoCore_CSU","TN",0.3657,"milligramsPerLiter",2.3,,0,,"OK"
"e6934cea-6cdb-45dd-94ce-c2278c2e6c85","D05","CRAM","CRAM.AOS.buoy.c2","CRAM.C2.20200804.RAW","A00000204075","2020-08-04T16:34Z","2020-08-04T16:34Z","EcoCore_CSU","TOC",5.3320,"milligramsPerLiter",2.3,,0,,"OK"
"aea48417-2bd7-43ba-b243-5fa916146034","D05","CRAM","CRAM.AOS.buoy.c2","CRAM.C2.20200804.FIL.2","A00000204083","2020-08-04T16:34Z","2020-08-04T16:34Z","EcoCore_CSU","K",0.2120,"milligramsPerLiter",2.3,,0,,"Hold Time Exceeded"
"a838df62-bd86-47ff-881a-fd9c089415bc","D05","CRAM","CRAM.AOS.buoy.c2","CRAM.C2.20200804.FIL.2","A00000204083","2020-08-04T16:34Z","2020-08-04T16:34Z","EcoCore_CSU","Fe",0.1240,"milligramsPerLiter",2.3,,0,,"Hold Time Exceeded"
"f4661b5d-ad1c-4589-a16e-e0368f68983e","D05","CRAM","CRAM.AOS.buoy.c2","CRAM.C2.20200804.FIL.3","A00000204084","2020-08-04T16:34Z","2020-08-04T16:34Z","EcoCore_CSU","Si",0.4130,"milligramsPerLiter",2.3,,0,,"Hold Time Exceeded"
"7d7270c9-2939-4f66-ab66-9ff8b8beda4f","D05","CRAM","CRAM.AOS.buoy.c2","CRAM.C2.20200804.FIL","A00000204078","2020-08-04T16:34Z","2020-08-04T16:34Z","EcoCore_CSU","Si",0.4430,"milligramsPerLiter",2.3,,0,,"Hold Time Exceeded"
"e9a60d7a-8036-407b-bc3f-86d902296128","D05","CRAM","CRAM.AOS.buoy.c2","CRAM.C2.20200804.FIL","A00000204078","2020-08-04T16:34Z","2020-08-04T16:34Z","EcoCore_CSU","Fe",0.0920,"milligramsPerLiter",2.3,,0,,"Hold Time Exceeded"
"e6fbe663-9d3a-4455-9f12-906531e8ea4b","D05","CRAM","CRAM.AOS.buoy.c2","CRAM.C2.20200804.FIL.3","A00000204084","2020-08-04T16:34Z","2020-08-04T16:34Z","EcoCore_CSU","K",0.1880,"milligramsPerLiter",2.3,,0,,"Hold Time Exceeded"
"0ff2673c-e0ac-4b72-b356-6d73cc102cff","D05","CRAM","CRAM.AOS.buoy.c2","CRAM.C2.20200804.FIL.3","A00000204084","2020-08-04T16:34Z","2020-08-04T16:34Z","EcoCore_CSU","Mg",0.3390,"milligramsPerLiter",2.3,,0,,"Hold Time Exceeded"
"fa5db28f-ad79-4e1c-bc72-5607ad895fb8","D05","CRAM","CRAM.AOS.buoy.c2","CRAM.C2.20200804.FIL.2","A00000204083","2020-08-04T16:34Z","2020-08-04T16:34Z","EcoCore_CSU","Ca",0.1230,"milligramsPerLiter",2.3,,0,,"Hold Time Exceeded"
"0ea7495e-aa10-497b-b4b2-565fa5be2709","D05","CRAM","CRAM.AOS.buoy.c2","CRAM.C2.20200804.FIL","A00000204078","2020-08-04T16:34Z","2020-08-04T16:34Z","EcoCore_CSU","K",0.1980,"milligramsPerLiter",2.3,,0,,"Hold Time Exceeded"
"e561ce80-e298-47f7-ac60-f34012dbda6e","D05","CRAM","CRAM.AOS.buoy.c2","CRAM.C2.20200804.FIL","A00000204078","2020-08-04T16:34Z","2020-08-04T16:34Z","EcoCore_CSU","Mg",0.3710,"milligramsPerLiter",2.3,,0,,"Hold Time Exceeded"
"c164e150-986a-4edc-a307-d8e296eb5e4d","D05","CRAM","CRAM.AOS.buoy.c2","CRAM.C2.20200804.FIL.2","A00000204083","2020-08-04T16:34Z","2020-08-04T16:34Z","EcoCore_CSU","Mg",0.3800,"milligramsPerLiter",2.3,,0,,"Hold Time Exceeded"
"5d8414ac-6521-4ab3-b1f9-ba738e91e56b","D05","CRAM","CRAM.AOS.buoy.c2","CRAM.C2.20200804.FIL.2","A00000204083","2020-08-04T16:34Z","2020-08-04T16:34Z","EcoCore_CSU","Si",0.4660,"milligramsPerLiter",2.3,,0,,"Hold Time Exceeded"
"5d132404-0150-4b56-912e-ae66d1f988e4","D05","CRAM","CRAM.AOS.buoy.c2","CRAM.C2.20200804.FIL","A00000204078","2020-08-04T16:34Z","2020-08-04T16:34Z","EcoCore_CSU","Mn",0.0005,"milligramsPerLiter",2.3,,0,,"Hold Time Exceeded"
"ee0d9912-9b66-4cbe-adab-f15a3cccd3c8","D05","CRAM","CRAM.AOS.buoy.c2","CRAM.C2.20200804.FIL.3","A00000204084","2020-08-04T16:34Z","2020-08-04T16:34Z","EcoCore_CSU","Na",0.0310,"milligramsPerLiter",2.3,,0,,"Hold Time Exceeded"
"3bfd7d98-6031-4f0c-8e75-a9d9d1a683fd","D05","CRAM","CRAM.AOS.buoy.c2","CRAM.C2.20200804.FIL.2","A00000204083","2020-08-04T16:34Z","2020-08-04T16:34Z","EcoCore_CSU","Mn",0.0005,"milligramsPerLiter",2.3,,0,,"Hold Time Exceeded"
"310c9eee-531b-4f85-a584-ea03559c5183","D05","CRAM","CRAM.AOS.buoy.c2","CRAM.C2.20200804.FIL.3","A00000204084","2020-08-04T16:34Z","2020-08-04T16:34Z","EcoCore_CSU","Mn",0.0005,"milligramsPerLiter",2.3,,0,,"Hold Time Exceeded"
"d6e38dda-3c3b-4d56-b733-67c25e4f332c","D05","CRAM","CRAM.AOS.buoy.c2","CRAM.C2.20200804.FIL.3","A00000204084","2020-08-04T16:34Z","2020-08-04T16:34Z","EcoCore_CSU","Fe",0.1050,"milligramsPerLiter",2.3,,0,,"Hold Time Exceeded"
"1d12d22a-2c45-4104-8b42-044b48656a45","D05","CRAM","CRAM.AOS.buoy.c2","CRAM.C2.20200804.FIL","A00000204078","2020-08-04T16:34Z","2020-08-04T16:34Z","EcoCore_CSU","Na",0.0450,"milligramsPerLiter",2.3,,0,,"Hold Time Exceeded"
"d1f38768-b6ea-456f-930d-06617b67c823","D05","CRAM","CRAM.AOS.buoy.c2","CRAM.C2.20200804.FIL.3","A00000204084","2020-08-04T16:34Z","2020-08-04T16:34Z","EcoCore_CSU","Ca",0.1090,"milligramsPerLiter",2.3,,0,,"Hold Time Exceeded"
"0b0a6854-9796-4501-898e-9aa7d4f0b36b","D05","CRAM","CRAM.AOS.buoy.c2","CRAM.C2.20200804.FIL.2","A00000204083","2020-08-04T16:34Z","2020-08-04T16:34Z","EcoCore_CSU","Na",0.0350,"milligramsPerLiter",2.3,,0,,"Hold Time Exceeded"
"129dacc5-1c0b-4dcc-9af0-1d96e4e0ca95","D05","CRAM","CRAM.AOS.buoy.c2","CRAM.C2.20200804.FIL","A00000204078","2020-08-04T16:34Z","2020-08-04T16:34Z","EcoCore_CSU","Ca",0.1160,"milligramsPerLiter",2.3,,0,,"Hold Time Exceeded"
"cdc2b69f-f888-48db-b18d-0e7de17b1f5e","D05","CRAM","CRAM.AOS.buoy.c2","CRAM.C2.20200804.POM.1","A00000203798","2020-08-04T16:34Z","2020-08-04T16:34Z","SIRFER Lab at University of Utah","TPC",949.3863,"microgramsPerLiter",,,-1,,"OK"
"db5166e5-ab4d-41fc-baef-bb30ba8962f1","D05","CRAM","CRAM.AOS.buoy.c2","CRAM.C2.20200804.POM.1","A00000203798","2020-08-04T16:34Z","2020-08-04T16:34Z","SIRFER Lab at University of Utah","TPN",104.4851,"microgramsPerLiter",,,-1,,"OK"
"1b789461-c68f-42f4-b0a5-e621181f81e5","D05","CRAM","CRAM.AOS.buoy.c2","CRAM.C2.20200804.RAW.2","A00000204073","2020-08-04T16:34Z","2020-08-04T16:34Z","EcoCore_CSU","TSS",,"milligramsPerLiter",2.3,,0,,"Cold Chain Broken"
"e5df7340-dce2-4729-94ae-9a88a4352244","D05","CRAM","CRAM.AOS.buoy.c2","CRAM.C2.20200804.FIL.2","A00000204083","2020-08-04T16:34Z","2020-08-04T16:34Z","EcoCore_CSU","HCO3",,"milligramsPerLiter",2.3,,0,,"Cold Chain Broken"
"f3be0649-390d-4968-863e-7fbfbadf786d","D05","CRAM","CRAM.AOS.buoy.c2","CRAM.C2.20200804.RAW.2","A00000204073","2020-08-04T16:34Z","2020-08-04T16:34Z","EcoCore_CSU","TSS - Dry Mass",,"microgram",2.3,,0,,"Cold Chain Broken"
"50a96a6f-e3b7-4f42-bce8-eedf29ce2324","D05","CRAM","CRAM.AOS.buoy.c2","CRAM.C2.20200804.RAW.2","A00000204073","2020-08-04T16:34Z","2020-08-04T16:34Z","EcoCore_CSU","pH",,"pH",2.3,,0,,"Cold Chain Broken"
"64780984-c599-495d-9aef-ab0608ef4de0","D05","CRAM","CRAM.AOS.buoy.c2","CRAM.C2.20200804.FIL","A00000204078","2020-08-04T16:34Z","2020-08-04T16:34Z","EcoCore_CSU","CO3",,"milligramsPerLiter",2.3,,0,,"Cold Chain Broken"
"1c5ba75a-da9f-4656-953a-eb30235811a3","D05","CRAM","CRAM.AOS.buoy.c2","CRAM.C2.20200804.FIL.3","A00000204084","2020-08-04T16:34Z","2020-08-04T16:34Z","EcoCore_CSU","HCO3",,"milligramsPerLiter",2.3,,0,,"Cold Chain Broken"
"0024b975-6baf-4e48-8870-2cf49be226ea","D05","CRAM","CRAM.AOS.buoy.c2","CRAM.C2.20200804.FIL.3","A00000204084","2020-08-04T16:34Z","2020-08-04T16:34Z","EcoCore_CSU","TDS",,"milligramsPerLiter",2.3,,0,,"Cold Chain Broken"
"70a3475d-ab36-4252-8d87-453d0bb8be01","D05","CRAM","CRAM.AOS.buoy.c2","CRAM.C2.20200804.RAW.3","A00000204072","2020-08-04T16:34Z","2020-08-04T16:34Z","EcoCore_CSU","TSS - Dry Mass",,"microgram",2.3,,0,,"Cold Chain Broken"
"27e48a5c-1a8b-4c16-b1ff-41d45e0f4e35","D05","CRAM","CRAM.AOS.buoy.c2","CRAM.C2.20200804.FIL.2","A00000204083","2020-08-04T16:34Z","2020-08-04T16:34Z","EcoCore_CSU","TDS",,"milligramsPerLiter",2.3,,0,,"Cold Chain Broken"
"100ba29f-1cd5-41cb-ad7e-5af427023fb6","D05","CRAM","CRAM.AOS.buoy.c2","CRAM.C2.20200804.RAW","A00000204075","2020-08-04T16:34Z","2020-08-04T16:34Z","EcoCore_CSU","TSS",,"milligramsPerLiter",2.3,,0,,"Cold Chain Broken"
"0b7959e6-b00c-4b07-ac0d-4dc06e54b76f","D05","CRAM","CRAM.AOS.buoy.c2","CRAM.C2.20200804.FIL.2","A00000204083","2020-08-04T16:34Z","2020-08-04T16:34Z","EcoCore_CSU","CO3",,"milligramsPerLiter",2.3,,0,,"Cold Chain Broken"
"6a8f4e7b-47b4-41f3-8677-76b96123e308","D05","CRAM","CRAM.AOS.buoy.c2","CRAM.C2.20200804.RAW.3","A00000204072","2020-08-04T16:34Z","2020-08-04T16:34Z","EcoCore_CSU","TSS",,"milligramsPerLiter",2.3,,0,,"Cold Chain Broken"
"5fbfcab3-0fdb-4260-b335-bf21f8668489","D05","CRAM","CRAM.AOS.buoy.c2","CRAM.C2.20200804.FIL.3","A00000204084","2020-08-04T16:34Z","2020-08-04T16:34Z","EcoCore_CSU","CO3",,"milligramsPerLiter",2.3,,0,,"Cold Chain Broken"
"fef0768a-3e88-496a-b6d0-0c7c749561ed","D05","CRAM","CRAM.AOS.buoy.c2","CRAM.C2.20200804.RAW","A00000204075","2020-08-04T16:34Z","2020-08-04T16:34Z","EcoCore_CSU","pH",,"pH",2.3,,0,,"Cold Chain Broken"
"3df23627-b4cc-44de-957b-66b8fa5e12d8","D05","CRAM","CRAM.AOS.buoy.c2","CRAM.C2.20200804.FIL","A00000204078","2020-08-04T16:34Z","2020-08-04T16:34Z","EcoCore_CSU","TDS",,"milligramsPerLiter",2.3,,0,,"Cold Chain Broken"
"d63ed9ab-cd2d-4639-814e-f0e06068d689","D05","CRAM","CRAM.AOS.buoy.c2","CRAM.C2.20200804.RAW","A00000204075","2020-08-04T16:34Z","2020-08-04T16:34Z","EcoCore_CSU","TSS - Dry Mass",,"microgram",2.3,,0,,"Cold Chain Broken"
"be30cbf4-6e37-4b68-be77-37e56b6775a8","D05","CRAM","CRAM.AOS.buoy.c2","CRAM.C2.20200804.RAW.3","A00000204072","2020-08-04T16:34Z","2020-08-04T16:34Z","EcoCore_CSU","pH",,"pH",2.3,,0,,"Cold Chain Broken"
"7d38eefb-1208-44d7-ac04-fb0498704772","D05","CRAM","CRAM.AOS.buoy.c2","CRAM.C2.20200804.FIL","A00000204078","2020-08-04T16:34Z","2020-08-04T16:34Z","EcoCore_CSU","HCO3",,"milligramsPerLiter",2.3,,0,,"Cold Chain Broken"
"73b80ad3-7e48-4323-9f35-534c715199c6","D05","CRAM","CRAM.AOS.buoy.c2","CRAM.C2.20200804.FIL.2","A00000204083","2020-08-04T16:34Z","2020-08-04T16:34Z","EcoCore_CSU","Cl",0.2926,"milligramsPerLiter",2.3,,0,,"Cold Chain Broken During Storage|Hold Time Exceeded"
"ef42a0e7-6317-4549-9e35-2f830d8612e8","D05","CRAM","CRAM.AOS.buoy.c2","CRAM.C2.20200804.FIL.3","A00000204084","2020-08-04T16:34Z","2020-08-04T16:34Z","EcoCore_CSU","Cl",0.3692,"milligramsPerLiter",2.3,,0,,"Cold Chain Broken During Storage|Hold Time Exceeded"
"b3cf254d-d7bf-404d-b78b-ad43fa8139d0","D05","CRAM","CRAM.AOS.buoy.c2","CRAM.C2.20200804.FIL.3","A00000204084","2020-08-04T16:34Z","2020-08-04T16:34Z","EcoCore_CSU","F",0.0050,"milligramsPerLiter",2.3,,0,,"Cold Chain Broken During Storage|Hold Time Exceeded"
"8c529ae8-3b76-4c5b-bf4c-d9d45cc6c97b","D05","CRAM","CRAM.AOS.buoy.c2","CRAM.C2.20200804.FIL.2","A00000204083","2020-08-04T16:34Z","2020-08-04T16:34Z","EcoCore_CSU","SO4",1.8206,"milligramsPerLiter",2.3,,0,,"Cold Chain Broken During Storage|Hold Time Exceeded"
"07c53d09-12f8-4039-a8e5-84537b1ed185","D05","CRAM","CRAM.AOS.buoy.c2","CRAM.C2.20200804.FIL","A00000204078","2020-08-04T16:34Z","2020-08-04T16:34Z","EcoCore_CSU","Br",0.0050,"milligramsPerLiter",2.3,,0,,"Cold Chain Broken During Storage|Hold Time Exceeded"
"09522905-31ee-4ae8-bc73-78abe1a4fbd0","D05","CRAM","CRAM.AOS.buoy.c2","CRAM.C2.20200804.FIL.3","A00000204084","2020-08-04T16:34Z","2020-08-04T16:34Z","EcoCore_CSU","SO4",1.5882,"milligramsPerLiter",2.3,,0,,"Cold Chain Broken During Storage|Hold Time Exceeded"
"4a07c253-7a05-413f-b8d9-578ccbf666ea","D05","CRAM","CRAM.AOS.buoy.c2","CRAM.C2.20200804.FIL.3","A00000204084","2020-08-04T16:34Z","2020-08-04T16:34Z","EcoCore_CSU","Br",0.0050,"milligramsPerLiter",2.3,,0,,"Cold Chain Broken During Storage|Hold Time Exceeded"
"3390308c-93cb-4f8e-a682-349c62852acd","D05","CRAM","CRAM.AOS.buoy.c2","CRAM.C2.20200804.FIL.2","A00000204083","2020-08-04T16:34Z","2020-08-04T16:34Z","EcoCore_CSU","Br",0.0050,"milligramsPerLiter",2.3,,0,,"Cold Chain Broken During Storage|Hold Time Exceeded"
"d455f58b-287b-448b-b8ae-704daa270b2e","D05","CRAM","CRAM.AOS.buoy.c2","CRAM.C2.20200804.FIL","A00000204078","2020-08-04T16:34Z","2020-08-04T16:34Z","EcoCore_CSU","SO4",1.7766,"milligramsPerLiter",2.3,,0,,"Cold Chain Broken During Storage|Hold Time Exceeded"
"567071e7-9b01-49db-b67d-556db5f00487","D05","CRAM","CRAM.AOS.buoy.c2","CRAM.C2.20200804.FIL.2","A00000204083","2020-08-04T16:34Z","2020-08-04T16:34Z","EcoCore_CSU","F",0.0050,"milligramsPerLiter",2.3,,0,,"Cold Chain Broken During Storage|Hold Time Exceeded"
"db47d95a-1c47-4bd8-8ded-f5409a1f900e","D05","CRAM","CRAM.AOS.buoy.c2","CRAM.C2.20200804.FIL","A00000204078","2020-08-04T16:34Z","2020-08-04T16:34Z","EcoCore_CSU","F",0.0050,"milligramsPerLiter",2.3,,0,,"Cold Chain Broken During Storage|Hold Time Exceeded"
"4d756c2e-69dc-4743-b2f5-f98bad594c20","D05","CRAM","CRAM.AOS.buoy.c2","CRAM.C2.20200804.FIL","A00000204078","2020-08-04T16:34Z","2020-08-04T16:34Z","EcoCore_CSU","UV Absorbance (280 nm)",0.1295,,2.3,,0,,"OK"
"c02c2a4f-e573-44ce-ad90-4dc0e6b745a8","D05","CRAM","CRAM.AOS.buoy.c2","CRAM.C2.20200804.FIL.2","A00000204083","2020-08-04T16:34Z","2020-08-04T16:34Z","EcoCore_CSU","UV Absorbance (254 nm)",0.1839,,2.3,,0,,"OK"
"91b23002-c559-4fd6-b37b-7f0504588b1e","D05","CRAM","CRAM.AOS.buoy.c2","CRAM.C2.20200804.FIL.2","A00000204083","2020-08-04T16:34Z","2020-08-04T16:34Z","EcoCore_CSU","UV Absorbance (280 nm)",0.1243,,2.3,,0,,"OK"
"5fa6ef3f-421e-4f0e-9319-0109c8eb1961","D05","CRAM","CRAM.AOS.buoy.c2","CRAM.C2.20200804.FIL.3","A00000204084","2020-08-04T16:34Z","2020-08-04T16:34Z","EcoCore_CSU","UV Absorbance (254 nm)",0.1486,,2.3,,0,,"OK"
"1f4b7721-775b-4ef1-b76a-14532b5798b4","D05","CRAM","CRAM.AOS.buoy.c2","CRAM.C2.20200804.FIL","A00000204078","2020-08-04T16:34Z","2020-08-04T16:34Z","EcoCore_CSU","UV Absorbance (254 nm)",0.1906,,2.3,,0,,"OK"
"e13b21b3-8524-4e32-88b2-96a70557d41a","D05","CRAM","CRAM.AOS.buoy.c2","CRAM.C2.20200804.FIL.3","A00000204084","2020-08-04T16:34Z","2020-08-04T16:34Z","EcoCore_CSU","UV Absorbance (280 nm)",0.0986,,2.3,,0,,"OK"
"ea335ea0-8e5b-45c6-b9d9-36913b0f131c","D05","CRAM","CRAM.AOS.buoy.c2","CRAM.C2.20200804.FIL.3","A00000204084","2020-08-04T16:34Z","2020-08-04T16:34Z","EcoCore_CSU","DOC",4.7540,"milligramsPerLiter",2.3,,0,,"OK"
"49cb805b-3e67-4496-9b3e-4659fbfde912","D05","CRAM","CRAM.AOS.buoy.c2","CRAM.C2.20200804.FIL.2","A00000204083","2020-08-04T16:34Z","2020-08-04T16:34Z","EcoCore_CSU","DOC",4.9500,"milligramsPerLiter",2.3,,0,,"OK"
"7de092a1-f445-4d87-879a-7b1c99e0be43","D05","CRAM","CRAM.AOS.buoy.c2","CRAM.C2.20200804.FIL.2","A00000204083","2020-08-04T16:34Z","2020-08-04T16:34Z","EcoCore_CSU","DIC",3.9420,"milligramsPerLiter",2.3,,0,,"OK"
"e42adf2a-b5be-4215-a7ef-d1283c81412e","D05","CRAM","CRAM.AOS.buoy.c2","CRAM.C2.20200804.RAW","A00000204075","2020-08-04T16:34Z","2020-08-04T16:34Z","EcoCore_CSU","TN",0.3810,"milligramsPerLiter",2.3,,0,,"OK"
"570725d0-5b17-4c57-b5c8-b3bbc7744868","D05","CRAM","CRAM.AOS.buoy.c2","CRAM.C2.20200804.RAW.3","A00000204072","2020-08-04T16:34Z","2020-08-04T16:34Z","EcoCore_CSU","TOC",4.9960,"milligramsPerLiter",2.3,,0,,"OK"
"9b835e51-4d9a-40df-b52b-71167cd41c58","D05","CRAM","CRAM.AOS.buoy.c2","CRAM.C2.20200804.FIL","A00000204078","2020-08-04T16:34Z","2020-08-04T16:34Z","EcoCore_CSU","TDN",0.3639,"milligramsPerLiter",2.3,,0,,"OK"
"08b35d95-b5f1-423a-9e7d-79229c928525","D05","CRAM","CRAM.AOS.buoy.c2","CRAM.C2.20200804.FIL.2","A00000204083","2020-08-04T16:34Z","2020-08-04T16:34Z","EcoCore_CSU","TDN",0.3552,"milligramsPerLiter",2.3,,0,,"OK"
"ebfa7095-1b48-43cb-b517-d0baa665602b","D05","CRAM","CRAM.AOS.buoy.c2","CRAM.C2.20200804.FIL.3","A00000204084","2020-08-04T16:34Z","2020-08-04T16:34Z","EcoCore_CSU","TDN",0.3455,"milligramsPerLiter",2.3,,0,,"OK"
"588df132-adb7-4f67-aeff-19a1032d1b47","D05","CRAM","CRAM.AOS.buoy.c2","CRAM.C2.20200804.RAW.3","A00000204072","2020-08-04T16:34Z","2020-08-04T16:34Z","EcoCore_CSU","TN",0.3447,"milligramsPerLiter",2.3,,0,,"OK"
"188a5da1-0b70-4180-b703-30bb5c58a700","D05","CRAM","CRAM.AOS.buoy.c2","CRAM.C2.20200804.FIL.3","A00000204084","2020-08-04T16:34Z","2020-08-04T16:34Z","EcoCore_CSU","DIC",3.6390,"milligramsPerLiter",2.3,,0,,"OK"
"757799d5-c978-48e4-a49a-6e6e828ef9e6","D05","CRAM","CRAM.AOS.buoy.c2","CRAM.C2.20200804.FIL","A00000204078","2020-08-04T16:34Z","2020-08-04T16:34Z","EcoCore_CSU","DIC",4.0520,"milligramsPerLiter",2.3,,0,,"OK"
