uid,domainID,siteID,namedLocation,collectDate,parentSampleID,sampleCondition,sampleID,replicateNumber,processedDate,processedDateFilters,sampleVolumeFiltered,shipmentTimeRange,filtSampleCond,filtSampleID,filtSampleCode,filtNutSampleCond,filtNutSampleID,filtNutSampleBarcode,rawSampleCond,rawSampleID,rawSampleCode,rawNutSampleCond,rawNutSampleID,rawNutSampleBarcode,pcnSampleCond,pcnSampleID,pcnSampleCode,fieldDataQF
"31d2b0d6-f0e0-4682-92df-5f519f6c5aae","D05","CRAM","CRAM.AOS.buoy.c1","2020-08-04T15:41Z","CRAM.C1.20200804","Sample condition ok","CRAM.C1.20200804",1,"2020-08-04T19:07Z","2020-08-04T19:07Z",100.0,"within 24 hours of collection","Sample condition ok","CRAM.C1.20200804.FIL","A00000204079","Sample condition ok","CRAM.C1.20200804.FIL.NUT","B00000062541","Sample condition ok","CRAM.C1.20200804.RAW","A00000204069","Sample condition ok","CRAM.C1.20200804.RAW.NUT","B00000061963",,,,
"e91fbc52-f769-41b5-9129-9a10660558f4","D05","CRAM","CRAM.AOS.buoy.c1","2020-08-04T15:41Z","CRAM.C1.20200804","Sample condition ok","CRAM.C1.20200804.2",2,"2020-08-04T19:09Z","2020-08-04T19:09Z",100.0,"within 24 hours of collection","Sample condition ok","CRAM.C1.20200804.FIL.2","A00000204080",,,,"Sample condition ok","CRAM.C1.20200804.RAW.2","A00000204071",,,,,,,
"2fe64c47-faa4-4521-9c7c-db2d69ad8783","D05","CRAM","CRAM.AOS.buoy.c1","2020-08-04T15:41Z","CRAM.C1.20200804",,"CRAM.C1.20200804.3",3,"2020-08-04T19:11Z","2020-08-04T19:11Z",100.0,"within 24 hours of collection","Sample condition ok","CRAM.C1.20200804.FIL.3","A00000204082",,,,"Sample condition ok","CRAM.C1.20200804.RAW.3","A00000204076",,,,,,,
"4a6394a4-8232-43e3-8013-42b2ad346df5","D05","CRAM","CRAM.AOS.buoy.c2","2020-08-04T16:34Z","CRAM.C2.20200804","Sample condition ok","CRAM.C2.20200804",1,"2020-08-04T18:13Z","2020-08-04T19:11Z",100.0,"within 24 hours of collection","Sample condition ok","CRAM.C2.20200804.FIL","A00000204078","Sample condition ok","CRAM.C2.20200804.FIL.NUT","B00000062544","Sample condition ok","CRAM.C2.20200804.RAW","A00000204075","Sample condition ok","CRAM.C2.20200804.RAW.NUT","B00000062553",,,,
"e537d6ee-b20f-42e4-b5f2-4a2524b6cb70","D05","CRAM","CRAM.AOS.buoy.c2","2020-08-04T16:34Z","CRAM.C2.20200804",,"CRAM.C2.20200804.3",3,"2020-08-04T19:12Z","2020-08-04T19:13Z",100.0,"within 24 hours of collection","Sample condition ok","CRAM.C2.20200804.FIL.3","A00000204084",,,,"Sample condition ok","CRAM.C2.20200804.RAW.3","A00000204072",,,,,,,
"659327f7-0d55-4729-8e0b-84fdfddbe30b","D05","CRAM","CRAM.AOS.buoy.c2","2020-08-04T16:34Z","CRAM.C2.20200804","Sample condition ok","CRAM.C2.20200804.2",2,"2020-08-04T18:25Z","2020-08-04T19:12Z",100.0,"within 24 hours of collection","Sample condition ok","CRAM.C2.20200804.FIL.2","A00000204083",,,,"Sample condition ok","CRAM.C2.20200804.RAW.2","A00000204073",,,,,,,
