uid,domainID,siteID,namedLocation,collectDate,sampleID,sampleCode,sampleCondition,laboratoryName,analysisDate,analyzedBy,sampleType,replicate,sampleVolumeFiltered,filterSize,percentFilterAnalyzed,dilutionFactor,solventVolume,responseFactor,acidificationResponseFactor,fluorometerSensitivitySetting,preAcidificationFluorescence,postAcidificationFluorescence,analyte,analyteConcentration,plantAlgaeLabUnits,testMethod,method,acidTreatment,externalRemarks,externalLabDataQF
"a58d9850-bdc2-4cfb-8b5d-54f90568900f","D03","BARC","BARC.AOS.riparian.point.02","2019-07-16","BARC.20190716.EPIPHYTON.2.P.1","A00000073489","condition ok","SIRFER Lab at University of Utah","2020-01-24","a1rVWpE0V4zMCUk591/P0Q==","P","1",5,25,100,,,,,,,,"phosphorus",267.70,"microgramsPerLiter","ICPMetalsLab_P_V2.0","Ivanov et al 2012",,,
"52572540-5571-4928-87ab-25cb512c4b42","D03","BARC","BARC.AOS.littoral2","2019-07-16","BARC.20190716.PHYTOPLANKTON.3.P.1","A00000073484","condition ok","SIRFER Lab at University of Utah","2020-01-24","a1rVWpE0V4zMCUk591/P0Q==","P","1",300,25,100,,,,,,,,"phosphorus",4.52,"microgramsPerLiter","ICPMetalsLab_P_V2.0","Ivanov et al 2012",,,
"accba372-1a81-4c0f-a994-f1a4831ec0a5","D03","BARC","BARC.AOS.buoy.c0","2019-07-16","BARC.20190716.PHYTOPLANKTON.1.P.1","A00000073473","condition ok","SIRFER Lab at University of Utah","2020-01-24","a1rVWpE0V4zMCUk591/P0Q==","P","1",300,25,100,,,,,,,,"phosphorus",3.64,"microgramsPerLiter","ICPMetalsLab_P_V2.0","Ivanov et al 2012",,,
"8328b55e-e676-423d-9ced-71139c3b59d5","D03","BARC","BARC.AOS.riparian.point.04","2019-07-16","BARC.20190716.EPIPHYTON.4.P.1","A00000073493","condition ok","SIRFER Lab at University of Utah","2020-01-24","a1rVWpE0V4zMCUk591/P0Q==","P","1",5,25,100,,,,,,,,"phosphorus",554.60,"microgramsPerLiter","ICPMetalsLab_P_V2.0","Ivanov et al 2012",,,
"ed55db9f-fcff-456d-a0ef-abe20a63610c","D03","BARC","BARC.AOS.riparian.point.06","2019-07-16","BARC.20190716.EPIPHYTON.6.P.1","A00000073497","condition ok","SIRFER Lab at University of Utah","2020-01-24","a1rVWpE0V4zMCUk591/P0Q==","P","1",5,25,100,,,,,,,,"phosphorus",504.91,"microgramsPerLiter","ICPMetalsLab_P_V2.0","Ivanov et al 2012",,,
"eae468b2-9517-4767-9f34-86d637127e67","D03","BARC","BARC.AOS.riparian.point.10","2019-07-16","BARC.20190716.EPIPHYTON.10.P.1","A00000073505","condition ok","SIRFER Lab at University of Utah","2020-01-24","a1rVWpE0V4zMCUk591/P0Q==","P","1",5,25,100,,,,,,,,"phosphorus",889.10,"microgramsPerLiter","ICPMetalsLab_P_V2.0","Ivanov et al 2012",,,
"f105d539-d504-4a40-8a04-f8f5c0956bcd","D03","BARC","BARC.AOS.riparian.point.08","2019-07-16","BARC.20190716.EPIPHYTON.8.P.1","A00000073501","condition ok","SIRFER Lab at University of Utah","2020-01-24","a1rVWpE0V4zMCUk591/P0Q==","P","1",5,25,100,,,,,,,,"phosphorus",1536.28,"microgramsPerLiter","ICPMetalsLab_P_V2.0","Ivanov et al 2012",,,
"c7d56cf5-447a-4a81-9479-525d0f9c50e4","D03","BARC","BARC.AOS.littoral1","2019-07-16","BARC.20190716.PHYTOPLANKTON.2.P.1","A00000073477","condition ok","SIRFER Lab at University of Utah","2020-01-24","a1rVWpE0V4zMCUk591/P0Q==","P","1",300,25,100,,,,,,,,"phosphorus",4.35,"microgramsPerLiter","ICPMetalsLab_P_V2.0","Ivanov et al 2012",,,
"7db07418-1860-4a88-a6cb-c4692edf6276","D03","BARC","BARC.AOS.riparian.point.02","2019-07-16","BARC.20190716.EPIPHYTON.2.CHL/PHEO.1","A00000073486","condition ok","University of Maryland Center for Environmental Science","2019-07-30","tO3Lchp2lPI=","chlorophyll/pheophytin","1",5,25,100,1,7,,,,760.0000,434.0000,"chlorophyll a",664.58,"microgramsPerLiter","HPL_algalChlorophyll_V1","EPA Method 445.0",,,
"6057dc9e-f4e8-4881-8757-c43b55416b11","D03","BARC","BARC.AOS.littoral2","2019-07-16","BARC.20190716.PHYTOPLANKTON.3.REP2.CHL/PHEO.2","A00000073479","condition ok","University of Maryland Center for Environmental Science","2019-07-30","tO3Lchp2lPI=","chlorophyll/pheophytin","2",300,25,100,1,7,,,,100.0000,62.1000,"pheophytin",0.77,"microgramsPerLiter","HPL_algalChlorophyll_V1","EPA Method 445.0",,,
"803d3efc-c394-4f13-96f2-20cd4942d954","D03","BARC","BARC.AOS.riparian.point.10","2019-07-16","BARC.20190716.EPIPHYTON.10.CHL/PHEO.1","A00000073502","condition ok","University of Maryland Center for Environmental Science","2019-07-30","tO3Lchp2lPI=","chlorophyll/pheophytin","1",5,25,100,0,7,,,,210.0000,118.0000,"pheophytin",476.77,"microgramsPerLiter","HPL_algalChlorophyll_V1","EPA Method 445.0",,,
"4be24327-6d9d-44c2-8b8d-ceec97a70029","D03","BARC","BARC.AOS.littoral2","2019-07-16","BARC.20190716.PHYTOPLANKTON.3.REP2.CHL/PHEO.2","A00000073479","condition ok","University of Maryland Center for Environmental Science","2019-07-30","tO3Lchp2lPI=","chlorophyll/pheophytin","2",300,25,100,1,7,,,,100.0000,62.1000,"chlorophyll a",1.29,"microgramsPerLiter","HPL_algalChlorophyll_V1","EPA Method 445.0",,,
"fcb36659-0d5e-4674-a32c-ece475f85639","D03","BARC","BARC.AOS.riparian.point.08","2019-07-16","BARC.20190716.EPIPHYTON.8.CHL/PHEO.1","A00000073498","condition ok","University of Maryland Center for Environmental Science","2019-07-30","tO3Lchp2lPI=","chlorophyll/pheophytin","1",5,25,100,0,7,,,,375.0000,209.0000,"chlorophyll a",3384.04,"microgramsPerLiter","HPL_algalChlorophyll_V1","EPA Method 445.0",,,
"92d5de2e-b757-47e4-abdf-4804adba75d3","D03","BARC","BARC.AOS.littoral1","2019-07-16","BARC.20190716.PHYTOPLANKTON.2.CHL/PHEO.1","A00000073474","condition ok","University of Maryland Center for Environmental Science","2019-07-30","tO3Lchp2lPI=","chlorophyll/pheophytin","1",300,25,100,1,7,,,,111.0000,70.5000,"chlorophyll a",1.38,"microgramsPerLiter","HPL_algalChlorophyll_V1","EPA Method 445.0",,,
"f9ca4e03-99ff-4a18-905f-24f1f4db94c1","D03","BARC","BARC.AOS.riparian.point.04","2019-07-16","BARC.20190716.EPIPHYTON.4.CHL/PHEO.1","A00000073490","condition ok","University of Maryland Center for Environmental Science","2019-07-30","tO3Lchp2lPI=","chlorophyll/pheophytin","1",5,25,100,0,7,,,,139.0000,80.4000,"chlorophyll a",1249.65,"microgramsPerLiter","HPL_algalChlorophyll_V1","EPA Method 445.0",,,
"8f940d3d-ebc0-4f23-84f3-0a0a310b40ba","D03","BARC","BARC.AOS.littoral2","2019-07-16","BARC.20190716.PHYTOPLANKTON.3.CHL/PHEO.1","A00000073478","condition ok","University of Maryland Center for Environmental Science","2019-07-30","tO3Lchp2lPI=","chlorophyll/pheophytin","1",300,25,100,1,7,,,,129.0000,78.2000,"chlorophyll a",1.73,"microgramsPerLiter","HPL_algalChlorophyll_V1","EPA Method 445.0",,,
"ba2b7ae9-5d58-4d27-816b-566e79f53138","D03","BARC","BARC.AOS.riparian.point.06","2019-07-16","BARC.20190716.EPIPHYTON.6.CHL/PHEO.1","A00000073494","condition ok","University of Maryland Center for Environmental Science","2019-07-30","tO3Lchp2lPI=","chlorophyll/pheophytin","1",5,25,100,1,7,,,,461.0000,247.0000,"pheophytin",57.35,"microgramsPerLiter","HPL_algalChlorophyll_V1","EPA Method 445.0",,,
"3e575597-b91d-4fbc-98ce-68db1ea1247f","D03","BARC","BARC.AOS.buoy.c0","2019-07-16","BARC.20190716.PHYTOPLANKTON.1.CHL/PHEO.1","A00000073470","condition ok","University of Maryland Center for Environmental Science","2019-07-30","tO3Lchp2lPI=","chlorophyll/pheophytin","1",300,25,100,1,7,,,,123.0000,82.1000,"pheophytin",1.33,"microgramsPerLiter","HPL_algalChlorophyll_V1","EPA Method 445.0",,,
"4169a863-251e-4864-b99b-f8cde1121901","D03","BARC","BARC.AOS.riparian.point.08","2019-07-16","BARC.20190716.EPIPHYTON.8.CHL/PHEO.1","A00000073498","condition ok","University of Maryland Center for Environmental Science","2019-07-30","tO3Lchp2lPI=","chlorophyll/pheophytin","1",5,25,100,0,7,,,,375.0000,209.0000,"pheophytin",790.87,"microgramsPerLiter","HPL_algalChlorophyll_V1","EPA Method 445.0",,,
"bb8e70fa-546a-48dd-9342-eadd3866f0d4","D03","BARC","BARC.AOS.riparian.point.10","2019-07-16","BARC.20190716.EPIPHYTON.10.CHL/PHEO.1","A00000073502","condition ok","University of Maryland Center for Environmental Science","2019-07-30","tO3Lchp2lPI=","chlorophyll/pheophytin","1",5,25,100,0,7,,,,210.0000,118.0000,"pheophytin",375.55,"microgramsPerLiter","HPL_algalChlorophyll_V1","EPA Method 445.0",,,
"7b6a0661-1781-4320-aa9f-553ca87e4cbe","D03","BARC","BARC.AOS.riparian.point.08","2019-07-16","BARC.20190716.EPIPHYTON.8.CHL/PHEO.1","A00000073498","condition ok","University of Maryland Center for Environmental Science","2019-07-30","tO3Lchp2lPI=","chlorophyll/pheophytin","1",5,25,100,0,7,,,,375.0000,209.0000,"pheophytin",850.95,"microgramsPerLiter","HPL_algalChlorophyll_V1","EPA Method 445.0",,,
"7d526611-2461-4f9a-8563-d08a632eb240","D03","BARC","BARC.AOS.riparian.point.04","2019-07-16","BARC.20190716.EPIPHYTON.4.CHL/PHEO.1","A00000073490","condition ok","University of Maryland Center for Environmental Science","2019-07-30","tO3Lchp2lPI=","chlorophyll/pheophytin","1",5,25,100,0,7,,,,139.0000,80.4000,"chlorophyll a",1194.61,"microgramsPerLiter","HPL_algalChlorophyll_V1","EPA Method 445.0",,,
"c82ecde3-ba0b-464f-af88-473eeb5a6f83","D03","BARC","BARC.AOS.buoy.c0","2019-07-16","BARC.20190716.PHYTOPLANKTON.1.CHL/PHEO.1","A00000073470","condition ok","University of Maryland Center for Environmental Science","2019-07-30","tO3Lchp2lPI=","chlorophyll/pheophytin","1",300,25,100,1,7,,,,123.0000,82.1000,"chlorophyll a",1.39,"microgramsPerLiter","HPL_algalChlorophyll_V1","EPA Method 445.0",,,
"8ce7062e-785c-469a-be72-6655471295e2","D03","BARC","BARC.AOS.riparian.point.02","2019-07-16","BARC.20190716.EPIPHYTON.2.CHL/PHEO.1","A00000073486","condition ok","University of Maryland Center for Environmental Science","2019-07-30","tO3Lchp2lPI=","chlorophyll/pheophytin","1",5,25,100,1,7,,,,760.0000,434.0000,"pheophytin",203.57,"microgramsPerLiter","HPL_algalChlorophyll_V1","EPA Method 445.0",,,
"bbcc5eef-272f-4288-ab74-cfe1264533b0","D03","BARC","BARC.AOS.littoral2","2019-07-16","BARC.20190716.PHYTOPLANKTON.3.CHL/PHEO.1","A00000073478","condition ok","University of Maryland Center for Environmental Science","2019-07-30","tO3Lchp2lPI=","chlorophyll/pheophytin","1",300,25,100,1,7,,,,129.0000,78.2000,"pheophytin",0.87,"microgramsPerLiter","HPL_algalChlorophyll_V1","EPA Method 445.0",,,
"3bb8cc16-9c89-4c3b-9e5a-68d37c13d19e","D03","BARC","BARC.AOS.riparian.point.08","2019-07-16","BARC.20190716.EPIPHYTON.8.CHL/PHEO.1","A00000073498","condition ok","University of Maryland Center for Environmental Science","2019-07-30","tO3Lchp2lPI=","chlorophyll/pheophytin","1",5,25,100,0,7,,,,375.0000,209.0000,"chlorophyll a",3384.04,"microgramsPerLiter","HPL_algalChlorophyll_V1","EPA Method 445.0",,,
"ab2bb209-c2c8-476a-a968-bd02f5ccf9f2","D03","BARC","BARC.AOS.littoral1","2019-07-16","BARC.20190716.PHYTOPLANKTON.2.CHL/PHEO.1","A00000073474","condition ok","University of Maryland Center for Environmental Science","2019-07-30","tO3Lchp2lPI=","chlorophyll/pheophytin","1",300,25,100,1,7,,,,111.0000,70.5000,"pheophytin",0.96,"microgramsPerLiter","HPL_algalChlorophyll_V1","EPA Method 445.0",,,
"cd3a8b4b-76da-488b-8585-b7212752263b","D03","BARC","BARC.AOS.riparian.point.06","2019-07-16","BARC.20190716.EPIPHYTON.6.CHL/PHEO.1","A00000073494","condition ok","University of Maryland Center for Environmental Science","2019-07-30","tO3Lchp2lPI=","chlorophyll/pheophytin","1",5,25,100,1,7,,,,461.0000,247.0000,"chlorophyll a",436.26,"microgramsPerLiter","HPL_algalChlorophyll_V1","EPA Method 445.0",,,
"11e9c25e-ea6f-434e-8314-2a0b2427a838","D03","BARC","BARC.AOS.riparian.point.04","2019-07-16","BARC.20190716.EPIPHYTON.4.CHL/PHEO.1","A00000073490","condition ok","University of Maryland Center for Environmental Science","2019-07-30","tO3Lchp2lPI=","chlorophyll/pheophytin","1",5,25,100,0,7,,,,139.0000,80.4000,"pheophytin",375.55,"microgramsPerLiter","HPL_algalChlorophyll_V1","EPA Method 445.0",,,
"7e3a2ad5-4dba-4f96-98e6-4e54d981b763","D03","BARC","BARC.AOS.riparian.point.04","2019-07-16","BARC.20190716.EPIPHYTON.4.CHL/PHEO.1","A00000073490","condition ok","University of Maryland Center for Environmental Science","2019-07-30","tO3Lchp2lPI=","chlorophyll/pheophytin","1",5,25,100,0,7,,,,139.0000,80.4000,"pheophytin",404.56,"microgramsPerLiter","HPL_algalChlorophyll_V1","EPA Method 445.0",,,
"f63d978f-2c02-4603-81fc-a0917f5a1459","D03","BARC","BARC.AOS.riparian.point.10","2019-07-16","BARC.20190716.EPIPHYTON.10.CHL/PHEO.1","A00000073502","condition ok","University of Maryland Center for Environmental Science","2019-07-30","tO3Lchp2lPI=","chlorophyll/pheophytin","1",5,25,100,0,7,,,,210.0000,118.0000,"chlorophyll a",1936.65,"microgramsPerLiter","HPL_algalChlorophyll_V1","EPA Method 445.0",,,
"74cdc452-b45d-491d-ab9c-b32bb4c9bf6c","D03","BARC","BARC.AOS.riparian.point.10","2019-07-16","BARC.20190716.EPIPHYTON.10.CHL/PHEO.1","A00000073502","condition ok","University of Maryland Center for Environmental Science","2019-07-30","tO3Lchp2lPI=","chlorophyll/pheophytin","1",5,25,100,0,7,,,,210.0000,118.0000,"chlorophyll a",1875.49,"microgramsPerLiter","HPL_algalChlorophyll_V1","EPA Method 445.0",,,
"26517118-e430-4f67-bb68-fdf8318670af","D03","BARC","BARC.AOS.riparian.point.04","2019-07-16","BARC.20190716.EPIPHYTON.4.CNSA.1","A00000073491","condition ok","SIRFER Lab at University of Utah","2019-12-12","ElFtGy1kV49xqNP00HfxQA==","CNS","1",5,25,100,,,,,,,,"nitrogen",9166.62,"microgramsPerLiter","SIRFER_algalPlantChem_isotopes_V1","Revesz & Coplen 2012a",,,
"fde3f1f6-3bd5-4335-bf98-9039cb5f8a45","D03","BARC","BARC.AOS.littoral2","2019-07-16","BARC.20190716.PHYTOPLANKTON.3.CNSA.1","A00000073480","condition ok","SIRFER Lab at University of Utah","2019-12-12","ElFtGy1kV49xqNP00HfxQA==","CNS","1",300,25,100,,,,,,,,"sulfur",7.49,"microgramsPerLiter","SIRFER_algalPlantChem_isotopes_V1","Revesz & Coplen 2012b",,,
"a71c8785-0dd4-4ad8-9c2b-a9f072eb8b10","D03","BARC","BARC.AOS.littoral1","2019-07-16","BARC.20190716.PHYTOPLANKTON.2.CNSA.1","A00000073475","condition ok","SIRFER Lab at University of Utah","2019-12-12","ElFtGy1kV49xqNP00HfxQA==","CNS","1",300,25,100,,,,,,,,"sulfur",14.06,"microgramsPerLiter","SIRFER_algalPlantChem_isotopes_V1","Revesz & Coplen 2012b",,,
"f9648924-3555-4fed-8e8b-0e24a0d86f6a","D03","BARC","BARC.AOS.buoy.c0","2019-07-16","BARC.20190716.PHYTOPLANKTON.1.CNSA.1","A00000073471","condition ok","SIRFER Lab at University of Utah","2019-12-12","ElFtGy1kV49xqNP00HfxQA==","CNS","1",300,25,100,,,,,,,,"sulfur",14.00,"microgramsPerLiter","SIRFER_algalPlantChem_isotopes_V1","Revesz & Coplen 2012b",,,
"765a2c0b-74f6-4242-9daa-0c9482e2fe75","D03","BARC","BARC.AOS.riparian.point.02","2019-07-16","BARC.20190716.EPIPHYTON.2.CNSA.1","A00000073487","condition ok","SIRFER Lab at University of Utah","2019-12-12","ElFtGy1kV49xqNP00HfxQA==","CNS","1",5,25,100,,,,,,,,"nitrogen",9902.89,"microgramsPerLiter","SIRFER_algalPlantChem_isotopes_V1","Revesz & Coplen 2012a",,,
"950d7ab0-2ec4-4316-aa97-8d1324737ca6","D03","BARC","BARC.AOS.riparian.point.04","2019-07-16","BARC.20190716.EPIPHYTON.4.CNSA.1","A00000073491","condition ok","SIRFER Lab at University of Utah","2019-12-12","ElFtGy1kV49xqNP00HfxQA==","CNS","1",5,25,100,,,,,,,,"sulfur",1805.65,"microgramsPerLiter","SIRFER_algalPlantChem_isotopes_V1","Revesz & Coplen 2012b",,,
"81d15b23-7a15-4056-83a9-c8da1d9bcee0","D03","BARC","BARC.AOS.littoral2","2019-07-16","BARC.20190716.PHYTOPLANKTON.3.CNSA.1","A00000073480","condition ok","SIRFER Lab at University of Utah","2019-12-12","ElFtGy1kV49xqNP00HfxQA==","CNS","1",300,25,100,,,,,,,,"carbon",394.31,"microgramsPerLiter","SIRFER_algalPlantChem_isotopes_V1","Revesz & Coplen 2012a","N",,
"205b0cec-16cd-4e4a-8f73-dbbe289a1fbc","D03","BARC","BARC.AOS.riparian.point.08","2019-07-16","BARC.20190716.EPIPHYTON.8.CNSA.1","A00000073499","condition ok","SIRFER Lab at University of Utah","2019-12-12","ElFtGy1kV49xqNP00HfxQA==","CNS","1",5,25,100,,,,,,,,"carbon",130036.72,"microgramsPerLiter","SIRFER_algalPlantChem_isotopes_V1","Revesz & Coplen 2012a","N",,
"0d0c315b-b773-4912-a8da-901a125714e3","D03","BARC","BARC.AOS.riparian.point.10","2019-07-16","BARC.20190716.EPIPHYTON.10.CNSA.1","A00000073503","condition ok","SIRFER Lab at University of Utah","2019-12-12","ElFtGy1kV49xqNP00HfxQA==","CNS","1",5,25,100,,,,,,,,"carbon",47449.05,"microgramsPerLiter","SIRFER_algalPlantChem_isotopes_V1","Revesz & Coplen 2012a","N",,
"f0c30683-3bf1-4df9-995b-1eb291a69a6c","D03","BARC","BARC.AOS.riparian.point.06","2019-07-16","BARC.20190716.EPIPHYTON.6.CNSA.1","A00000073495","condition ok","SIRFER Lab at University of Utah","2019-12-12","ElFtGy1kV49xqNP00HfxQA==","CNS","1",5,25,100,,,,,,,,"d13C",-27.39,"perMill","SIRFER_algalPlantChem_isotopes_V1","Revesz & Coplen 2012a","N",,
"4a135a57-6935-4c95-8b14-94c4917fe870","D03","BARC","BARC.AOS.buoy.c0","2019-07-16","BARC.20190716.PHYTOPLANKTON.1.CNSA.1","A00000073471","condition ok","SIRFER Lab at University of Utah","2019-12-12","ElFtGy1kV49xqNP00HfxQA==","CNS","1",300,25,100,,,,,,,,"d34S",9.60,"perMill","SIRFER_algalPlantChem_isotopes_V1","Revesz & Coplen 2012b",,,
"5702cedd-89fc-43ca-9c7b-e5f03d813372","D03","BARC","BARC.AOS.riparian.point.10","2019-07-16","BARC.20190716.EPIPHYTON.10.CNSA.1","A00000073503","condition ok","SIRFER Lab at University of Utah","2019-12-12","ElFtGy1kV49xqNP00HfxQA==","CNS","1",5,25,100,,,,,,,,"d15N",0.95,"perMill","SIRFER_algalPlantChem_isotopes_V1","Revesz & Coplen 2012a",,,
"69eead76-ad50-4717-bb05-492de7c0bba6","D03","BARC","BARC.AOS.littoral1","2019-07-16","BARC.20190716.PHYTOPLANKTON.2.CNSA.1","A00000073475","condition ok","SIRFER Lab at University of Utah","2019-12-12","ElFtGy1kV49xqNP00HfxQA==","CNS","1",300,25,100,,,,,,,,"d15N",4.05,"perMill","SIRFER_algalPlantChem_isotopes_V1","Revesz & Coplen 2012a",,,
"9e68aa16-154a-4656-971d-d36128d380bd","D03","BARC","BARC.AOS.littoral1","2019-07-16","BARC.20190716.PHYTOPLANKTON.2.CNSA.1","A00000073475","condition ok","SIRFER Lab at University of Utah","2019-12-12","ElFtGy1kV49xqNP00HfxQA==","CNS","1",300,25,100,,,,,,,,"d13C",-33.92,"perMill","SIRFER_algalPlantChem_isotopes_V1","Revesz & Coplen 2012a","N",,
"13480494-5f18-4247-b3b8-e86bba8af0b3","D03","BARC","BARC.AOS.buoy.c0","2019-07-16","BARC.20190716.PHYTOPLANKTON.1.CNSA.1","A00000073471","condition ok","SIRFER Lab at University of Utah","2019-12-12","ElFtGy1kV49xqNP00HfxQA==","CNS","1",300,25,100,,,,,,,,"carbon",339.97,"microgramsPerLiter","SIRFER_algalPlantChem_isotopes_V1","Revesz & Coplen 2012a","N",,
"1ed57376-60b4-4105-9421-a9969600447a","D03","BARC","BARC.AOS.littoral1","2019-07-16","BARC.20190716.PHYTOPLANKTON.2.CNSA.1","A00000073475","condition ok","SIRFER Lab at University of Utah","2019-12-12","ElFtGy1kV49xqNP00HfxQA==","CNS","1",300,25,100,,,,,,,,"nitrogen",45.51,"microgramsPerLiter","SIRFER_algalPlantChem_isotopes_V1","Revesz & Coplen 2012a",,,
"f66e3ace-1e9c-4218-9779-7147ddb12223","D03","BARC","BARC.AOS.riparian.point.04","2019-07-16","BARC.20190716.EPIPHYTON.4.CNSA.1","A00000073491","condition ok","SIRFER Lab at University of Utah","2019-12-12","ElFtGy1kV49xqNP00HfxQA==","CNS","1",5,25,100,,,,,,,,"carbon",101755.43,"microgramsPerLiter","SIRFER_algalPlantChem_isotopes_V1","Revesz & Coplen 2012a","N",,
"f9d20c41-7be4-4707-9392-1aec4077f0a1","D03","BARC","BARC.AOS.riparian.point.02","2019-07-16","BARC.20190716.EPIPHYTON.2.CNSA.1","A00000073487","condition ok","SIRFER Lab at University of Utah","2019-12-12","ElFtGy1kV49xqNP00HfxQA==","CNS","1",5,25,100,,,,,,,,"sulfur",3650.30,"microgramsPerLiter","SIRFER_algalPlantChem_isotopes_V1","Revesz & Coplen 2012b",,,
"c738dc75-503c-44b1-9d02-b8abe6a85078","D03","BARC","BARC.AOS.littoral1","2019-07-16","BARC.20190716.PHYTOPLANKTON.2.CNSA.1","A00000073475","condition ok","SIRFER Lab at University of Utah","2019-12-12","ElFtGy1kV49xqNP00HfxQA==","CNS","1",300,25,100,,,,,,,,"d34S",10.07,"perMill","SIRFER_algalPlantChem_isotopes_V1","Revesz & Coplen 2012b",,,
"70f9558b-4149-4082-8d39-bf1ea36a1d3e","D03","BARC","BARC.AOS.buoy.c0","2019-07-16","BARC.20190716.PHYTOPLANKTON.1.CNSA.1","A00000073471","condition ok","SIRFER Lab at University of Utah","2019-12-12","ElFtGy1kV49xqNP00HfxQA==","CNS","1",300,25,100,,,,,,,,"nitrogen",44.63,"microgramsPerLiter","SIRFER_algalPlantChem_isotopes_V1","Revesz & Coplen 2012a",,,
"58b91f44-6a93-4111-a185-f6ae653203dd","D03","BARC","BARC.AOS.riparian.point.08","2019-07-16","BARC.20190716.EPIPHYTON.8.CNSA.1","A00000073499","condition ok","SIRFER Lab at University of Utah","2019-12-12","ElFtGy1kV49xqNP00HfxQA==","CNS","1",5,25,100,,,,,,,,"d15N",1.73,"perMill","SIRFER_algalPlantChem_isotopes_V1","Revesz & Coplen 2012a",,,
"24578e57-8a6f-46d5-92a3-ec94415da688","D03","BARC","BARC.AOS.littoral2","2019-07-16","BARC.20190716.PHYTOPLANKTON.3.CNSA.1","A00000073480","condition ok","SIRFER Lab at University of Utah","2019-12-12","ElFtGy1kV49xqNP00HfxQA==","CNS","1",300,25,100,,,,,,,,"nitrogen",57.23,"microgramsPerLiter","SIRFER_algalPlantChem_isotopes_V1","Revesz & Coplen 2012a",,,
"cee40f31-28fd-4409-8c27-85f737d2486f","D03","BARC","BARC.AOS.riparian.point.10","2019-07-16","BARC.20190716.EPIPHYTON.10.CNSA.1","A00000073503","condition ok","SIRFER Lab at University of Utah","2019-12-12","ElFtGy1kV49xqNP00HfxQA==","CNS","1",5,25,100,,,,,,,,"sulfur",639.81,"microgramsPerLiter","SIRFER_algalPlantChem_isotopes_V1","Revesz & Coplen 2012b",,,
"01f7a83a-d62d-490d-983c-6fd21dd58e09","D03","BARC","BARC.AOS.riparian.point.04","2019-07-16","BARC.20190716.EPIPHYTON.4.CNSA.1","A00000073491","condition ok","SIRFER Lab at University of Utah","2019-12-12","ElFtGy1kV49xqNP00HfxQA==","CNS","1",5,25,100,,,,,,,,"d15N",-2.25,"perMill","SIRFER_algalPlantChem_isotopes_V1","Revesz & Coplen 2012a",,,
"0a68eaf0-32fd-4e8b-8cae-ed63927597e2","D03","BARC","BARC.AOS.riparian.point.02","2019-07-16","BARC.20190716.EPIPHYTON.2.CNSA.1","A00000073487","condition ok","SIRFER Lab at University of Utah","2019-12-12","ElFtGy1kV49xqNP00HfxQA==","CNS","1",5,25,100,,,,,,,,"d34S",11.37,"perMill","SIRFER_algalPlantChem_isotopes_V1","Revesz & Coplen 2012b",,,
"362af51b-928a-4bdf-94fa-d99df8aa079a","D03","BARC","BARC.AOS.littoral1","2019-07-16","BARC.20190716.PHYTOPLANKTON.2.CNSA.1","A00000073475","condition ok","SIRFER Lab at University of Utah","2019-12-12","ElFtGy1kV49xqNP00HfxQA==","CNS","1",300,25,100,,,,,,,,"carbon",370.48,"microgramsPerLiter","SIRFER_algalPlantChem_isotopes_V1","Revesz & Coplen 2012a","N",,
"c96fafe8-8ac5-44ef-96df-7553e5adedf8","D03","BARC","BARC.AOS.riparian.point.06","2019-07-16","BARC.20190716.EPIPHYTON.6.CNSA.1","A00000073495","condition ok","SIRFER Lab at University of Utah","2019-12-12","ElFtGy1kV49xqNP00HfxQA==","CNS","1",5,25,100,,,,,,,,"nitrogen",13030.96,"microgramsPerLiter","SIRFER_algalPlantChem_isotopes_V1","Revesz & Coplen 2012a",,,
"5fcfddee-7c3f-4978-932d-62609122e7c9","D03","BARC","BARC.AOS.riparian.point.06","2019-07-16","BARC.20190716.EPIPHYTON.6.CNSA.1","A00000073495","condition ok","SIRFER Lab at University of Utah","2019-12-12","ElFtGy1kV49xqNP00HfxQA==","CNS","1",5,25,100,,,,,,,,"sulfur",1918.09,"microgramsPerLiter","SIRFER_algalPlantChem_isotopes_V1","Revesz & Coplen 2012b",,,
"60f7d5ed-7cd6-48fd-bd6a-b92cee171f11","D03","BARC","BARC.AOS.riparian.point.08","2019-07-16","BARC.20190716.EPIPHYTON.8.CNSA.1","A00000073499","condition ok","SIRFER Lab at University of Utah","2019-12-12","ElFtGy1kV49xqNP00HfxQA==","CNS","1",5,25,100,,,,,,,,"sulfur",4494.92,"microgramsPerLiter","SIRFER_algalPlantChem_isotopes_V1","Revesz & Coplen 2012b",,,
"2140ddf5-aa5a-4467-951b-36b3c1790b41","D03","BARC","BARC.AOS.buoy.c0","2019-07-16","BARC.20190716.PHYTOPLANKTON.1.CNSA.1","A00000073471","condition ok","SIRFER Lab at University of Utah","2019-12-12","ElFtGy1kV49xqNP00HfxQA==","CNS","1",300,25,100,,,,,,,,"d15N",5.00,"perMill","SIRFER_algalPlantChem_isotopes_V1","Revesz & Coplen 2012a",,,
"fe35d959-6c14-45ec-a043-3ac7be3d62c7","D03","BARC","BARC.AOS.riparian.point.08","2019-07-16","BARC.20190716.EPIPHYTON.8.CNSA.1","A00000073499","condition ok","SIRFER Lab at University of Utah","2019-12-12","ElFtGy1kV49xqNP00HfxQA==","CNS","1",5,25,100,,,,,,,,"nitrogen",12752.94,"microgramsPerLiter","SIRFER_algalPlantChem_isotopes_V1","Revesz & Coplen 2012a",,,
"aab8b525-69ae-4faa-a591-b43cbcaf2834","D03","BARC","BARC.AOS.riparian.point.02","2019-07-16","BARC.20190716.EPIPHYTON.2.CNSA.1","A00000073487","condition ok","SIRFER Lab at University of Utah","2019-12-12","ElFtGy1kV49xqNP00HfxQA==","CNS","1",5,25,100,,,,,,,,"carbon",99228.70,"microgramsPerLiter","SIRFER_algalPlantChem_isotopes_V1","Revesz & Coplen 2012a","N",,
"efd7b1a4-7a62-41c9-b6f2-528b2349380a","D03","BARC","BARC.AOS.riparian.point.08","2019-07-16","BARC.20190716.EPIPHYTON.8.CNSA.1","A00000073499","condition ok","SIRFER Lab at University of Utah","2019-12-12","ElFtGy1kV49xqNP00HfxQA==","CNS","1",5,25,100,,,,,,,,"d34S",11.74,"perMill","SIRFER_algalPlantChem_isotopes_V1","Revesz & Coplen 2012b",,,
"c204cebb-5db7-41fb-b06d-d4959d243b04","D03","BARC","BARC.AOS.littoral2","2019-07-16","BARC.20190716.PHYTOPLANKTON.3.CNSA.1","A00000073480","condition ok","SIRFER Lab at University of Utah","2019-12-12","ElFtGy1kV49xqNP00HfxQA==","CNS","1",300,25,100,,,,,,,,"d34S",9.55,"perMill","SIRFER_algalPlantChem_isotopes_V1","Revesz & Coplen 2012b",,,
"794fccb2-c0d6-4adf-b57b-34b36305a28c","D03","BARC","BARC.AOS.riparian.point.10","2019-07-16","BARC.20190716.EPIPHYTON.10.CNSA.1","A00000073503","condition ok","SIRFER Lab at University of Utah","2019-12-12","ElFtGy1kV49xqNP00HfxQA==","CNS","1",5,25,100,,,,,,,,"nitrogen",8224.43,"microgramsPerLiter","SIRFER_algalPlantChem_isotopes_V1","Revesz & Coplen 2012a",,,
"624cc460-6bc5-41b0-9262-eb0b9c25a59b","D03","BARC","BARC.AOS.riparian.point.02","2019-07-16","BARC.20190716.EPIPHYTON.2.CNSA.1","A00000073487","condition ok","SIRFER Lab at University of Utah","2019-12-12","ElFtGy1kV49xqNP00HfxQA==","CNS","1",5,25,100,,,,,,,,"d13C",-27.69,"perMill","SIRFER_algalPlantChem_isotopes_V1","Revesz & Coplen 2012a","N",,
"762d1d7f-788a-4bdf-8018-bd4325085010","D03","BARC","BARC.AOS.riparian.point.10","2019-07-16","BARC.20190716.EPIPHYTON.10.CNSA.1","A00000073503","condition ok","SIRFER Lab at University of Utah","2019-12-12","ElFtGy1kV49xqNP00HfxQA==","CNS","1",5,25,100,,,,,,,,"d13C",-25.53,"perMill","SIRFER_algalPlantChem_isotopes_V1","Revesz & Coplen 2012a","N",,
"e2529f65-c5f8-495f-a50f-b2e83eedb225","D03","BARC","BARC.AOS.riparian.point.06","2019-07-16","BARC.20190716.EPIPHYTON.6.CNSA.1","A00000073495","condition ok","SIRFER Lab at University of Utah","2019-12-12","ElFtGy1kV49xqNP00HfxQA==","CNS","1",5,25,100,,,,,,,,"d34S",7.37,"perMill","SIRFER_algalPlantChem_isotopes_V1","Revesz & Coplen 2012b",,,
"0cb124b2-e8f9-45d1-af15-c5570504bd51","D03","BARC","BARC.AOS.riparian.point.04","2019-07-16","BARC.20190716.EPIPHYTON.4.CNSA.1","A00000073491","condition ok","SIRFER Lab at University of Utah","2019-12-12","ElFtGy1kV49xqNP00HfxQA==","CNS","1",5,25,100,,,,,,,,"d13C",-29.10,"perMill","SIRFER_algalPlantChem_isotopes_V1","Revesz & Coplen 2012a","N",,
"1f1dc4e0-4dcd-492f-8c3a-12e7dd518aee","D03","BARC","BARC.AOS.riparian.point.08","2019-07-16","BARC.20190716.EPIPHYTON.8.CNSA.1","A00000073499","condition ok","SIRFER Lab at University of Utah","2019-12-12","ElFtGy1kV49xqNP00HfxQA==","CNS","1",5,25,100,,,,,,,,"d13C",-27.66,"perMill","SIRFER_algalPlantChem_isotopes_V1","Revesz & Coplen 2012a","N",,
"a9c82210-1358-4269-9dae-0a60c40573e2","D03","BARC","BARC.AOS.littoral2","2019-07-16","BARC.20190716.PHYTOPLANKTON.3.CNSA.1","A00000073480","condition ok","SIRFER Lab at University of Utah","2019-12-12","ElFtGy1kV49xqNP00HfxQA==","CNS","1",300,25,100,,,,,,,,"d15N",4.01,"perMill","SIRFER_algalPlantChem_isotopes_V1","Revesz & Coplen 2012a",,,
"9795ffbf-d120-41e8-807b-e0c63e0cf80e","D03","BARC","BARC.AOS.riparian.point.10","2019-07-16","BARC.20190716.EPIPHYTON.10.CNSA.1","A00000073503","condition ok","SIRFER Lab at University of Utah","2019-12-12","ElFtGy1kV49xqNP00HfxQA==","CNS","1",5,25,100,,,,,,,,"d34S",7.74,"perMill","SIRFER_algalPlantChem_isotopes_V1","Revesz & Coplen 2012b",,,
"4d1fc989-08b6-4473-8cf4-5351818fece9","D03","BARC","BARC.AOS.riparian.point.02","2019-07-16","BARC.20190716.EPIPHYTON.2.CNSA.1","A00000073487","condition ok","SIRFER Lab at University of Utah","2019-12-12","ElFtGy1kV49xqNP00HfxQA==","CNS","1",5,25,100,,,,,,,,"d15N",2.14,"perMill","SIRFER_algalPlantChem_isotopes_V1","Revesz & Coplen 2012a",,,
"1ab22d8c-e188-4aae-9262-d845d39e9c49","D03","BARC","BARC.AOS.riparian.point.06","2019-07-16","BARC.20190716.EPIPHYTON.6.CNSA.1","A00000073495","condition ok","SIRFER Lab at University of Utah","2019-12-12","ElFtGy1kV49xqNP00HfxQA==","CNS","1",5,25,100,,,,,,,,"d15N",1.34,"perMill","SIRFER_algalPlantChem_isotopes_V1","Revesz & Coplen 2012a",,,
"f50c6453-b45b-4749-8505-6a91b5c156f0","D03","BARC","BARC.AOS.riparian.point.06","2019-07-16","BARC.20190716.EPIPHYTON.6.CNSA.1","A00000073495","condition ok","SIRFER Lab at University of Utah","2019-12-12","ElFtGy1kV49xqNP00HfxQA==","CNS","1",5,25,100,,,,,,,,"carbon",136202.35,"microgramsPerLiter","SIRFER_algalPlantChem_isotopes_V1","Revesz & Coplen 2012a","N",,
"7ef45c75-11ed-428f-8e49-c9079163b830","D03","BARC","BARC.AOS.buoy.c0","2019-07-16","BARC.20190716.PHYTOPLANKTON.1.CNSA.1","A00000073471","condition ok","SIRFER Lab at University of Utah","2019-12-12","ElFtGy1kV49xqNP00HfxQA==","CNS","1",300,25,100,,,,,,,,"d13C",-37.43,"perMill","SIRFER_algalPlantChem_isotopes_V1","Revesz & Coplen 2012a","N",,
"2e91482e-1035-48f2-8aac-d7a7548ac000","D03","BARC","BARC.AOS.littoral2","2019-07-16","BARC.20190716.PHYTOPLANKTON.3.CNSA.1","A00000073480","condition ok","SIRFER Lab at University of Utah","2019-12-12","ElFtGy1kV49xqNP00HfxQA==","CNS","1",300,25,100,,,,,,,,"d13C",-33.62,"perMill","SIRFER_algalPlantChem_isotopes_V1","Revesz & Coplen 2012a","N",,
"f704b5cb-a2b5-49a2-8eab-4327c3ccb12c","D03","BARC","BARC.AOS.riparian.point.04","2019-07-16","BARC.20190716.EPIPHYTON.4.CNSA.1","A00000073491","condition ok","SIRFER Lab at University of Utah","2019-12-12","ElFtGy1kV49xqNP00HfxQA==","CNS","1",5,25,100,,,,,,,,"d34S",15.46,"perMill","SIRFER_algalPlantChem_isotopes_V1","Revesz & Coplen 2012b",,,
