uid,domainID,siteID,namedLocation,collectDate,parentSampleID,sampleID,sampleCode,filterNumber,analysisType,fieldSampleVolume,domainFilterVolume,storageDays,remarks,measuredBy,recordedBy,sampleCondition,dataQF
"9700021b-cfbb-49b2-a1e5-6152d1bcc252","D03","BARC","BARC.AOS.riparian.point.06","2019-07-16T12:51Z","BARC.20190716.EPIPHYTON.6","BARC.20190716.EPIPHYTON.6.CHL/PHEO.1","A00000073494",1,"chlorophyll/pheophytin",125.0,5.0,1.0,,"0000-0003-1571-3196","0000-0003-1571-3196","OK",
"ab368d1e-1ebd-47e1-8498-c6e63297da06","D03","BARC","BARC.AOS.riparian.point.08","2019-07-16T12:51Z","BARC.20190716.EPIPHYTON.8","BARC.20190716.EPIPHYTON.8.CNSA.1","A00000073499",1,"CNSa",125.0,5.0,0.2,,"0000-0003-1571-3196","0000-0003-1571-3196","OK",
"94254540-55c1-4427-8862-e50cf19eaec3","D03","BARC","BARC.AOS.riparian.point.06","2019-07-16T12:51Z","BARC.20190716.EPIPHYTON.6","BARC.20190716.EPIPHYTON.6.P.1","A00000073497",1,"P",125.0,5.0,1.0,,"0000-0003-1571-3196","0000-0003-1571-3196","OK",
"b972bec3-aca7-47a0-ba1e-8d090c124603","D03","BARC","BARC.AOS.riparian.point.04","2019-07-16T12:51Z","BARC.20190716.EPIPHYTON.4","BARC.20190716.EPIPHYTON.4.P.1","A00000073493",1,"P",125.0,5.0,0.2,,"0000-0003-1571-3196","0000-0003-1571-3196","OK",
"dc3db260-f76c-4b6c-89cb-ef7788ba623c","D03","BARC","BARC.AOS.riparian.point.06","2019-07-16T12:51Z","BARC.20190716.EPIPHYTON.6","BARC.20190716.EPIPHYTON.6.CNSA.1","A00000073495",1,"CNSa",125.0,5.0,1.0,,"0000-0003-1571-3196","0000-0003-1571-3196","OK",
"96ab2f45-8ed5-44a1-8fb1-668c3a8f8a61","D03","BARC","BARC.AOS.riparian.point.10","2019-07-16T12:51Z","BARC.20190716.EPIPHYTON.10","BARC.20190716.EPIPHYTON.10.P.1","A00000073505",1,"P",125.0,5.0,1.0,,"0000-0003-1571-3196","0000-0003-1571-3196","OK",
"e3a6bfe2-7b99-4ec0-86d2-b14b4354bcd6","D03","BARC","BARC.AOS.riparian.point.04","2019-07-16T12:51Z","BARC.20190716.EPIPHYTON.4","BARC.20190716.EPIPHYTON.4.CNSA.1","A00000073491",1,"CNSa",125.0,5.0,0.2,,"0000-0003-1571-3196","0000-0003-1571-3196","OK",
"2adf33d3-ae34-4ea9-abeb-4adea29c05e5","D03","BARC","BARC.AOS.riparian.point.08","2019-07-16T12:51Z","BARC.20190716.EPIPHYTON.8","BARC.20190716.EPIPHYTON.8.P.1","A00000073501",1,"P",125.0,5.0,0.2,,"0000-0003-1571-3196","0000-0003-1571-3196","OK",
"90fa7000-3c6b-4334-a48b-6a7a879513e6","D03","BARC","BARC.AOS.riparian.point.02","2019-07-16T12:51Z","BARC.20190716.EPIPHYTON.2","BARC.20190716.EPIPHYTON.2.CNSB.1","A00000073488",1,"CNSb",125.0,5.0,0.2,,"0000-0003-1571-3196","0000-0003-1571-3196","OK",
"ca8e4ce4-a9b1-40d4-907f-79f91481213f","D03","BARC","BARC.AOS.riparian.point.02","2019-07-16T12:51Z","BARC.20190716.EPIPHYTON.2","BARC.20190716.EPIPHYTON.2.CNSA.1","A00000073487",1,"CNSa",125.0,5.0,0.2,,"0000-0003-1571-3196","0000-0003-1571-3196","OK",
"bb170722-e47f-4f7f-bb18-46a0997941ea","D03","BARC","BARC.AOS.riparian.point.10","2019-07-16T12:51Z","BARC.20190716.EPIPHYTON.10","BARC.20190716.EPIPHYTON.10.CNSA.1","A00000073503",1,"CNSa",125.0,5.0,1.0,,"0000-0003-1571-3196","0000-0003-1571-3196","OK",
"5cffeee7-8bb0-4b52-a2be-760b8b0c3f46","D03","BARC","BARC.AOS.riparian.point.08","2019-07-16T12:51Z","BARC.20190716.EPIPHYTON.8","BARC.20190716.EPIPHYTON.8.CHL/PHEO.1","A00000073498",1,"chlorophyll/pheophytin",125.0,5.0,0.2,,"0000-0003-1571-3196","0000-0003-1571-3196","OK",
"f63bf813-d13c-4faa-9392-1d6d372649d3","D03","BARC","BARC.AOS.riparian.point.08","2019-07-16T12:51Z","BARC.20190716.EPIPHYTON.8","BARC.20190716.EPIPHYTON.8.CNSB.1","A00000073500",1,"CNSb",125.0,5.0,0.2,,"0000-0003-1571-3196","0000-0003-1571-3196","OK",
"13d13696-734f-440d-8b6c-1a68a1335aad","D03","BARC","BARC.AOS.riparian.point.04","2019-07-16T12:51Z","BARC.20190716.EPIPHYTON.4","BARC.20190716.EPIPHYTON.4.CHL/PHEO.1","A00000073490",1,"chlorophyll/pheophytin",125.0,5.0,0.2,,"0000-0003-1571-3196","0000-0003-1571-3196","OK",
"53fab60e-2d33-47ad-a37b-507676e04bb8","D03","BARC","BARC.AOS.riparian.point.04","2019-07-16T12:51Z","BARC.20190716.EPIPHYTON.4","BARC.20190716.EPIPHYTON.4.CNSB.1","A00000073492",1,"CNSb",125.0,5.0,0.2,,"0000-0003-1571-3196","0000-0003-1571-3196","OK",
"bbf6abb2-c164-4766-8b7c-3c932c0a7533","D03","BARC","BARC.AOS.riparian.point.10","2019-07-16T12:51Z","BARC.20190716.EPIPHYTON.10","BARC.20190716.EPIPHYTON.10.CNSB.1","A00000073504",1,"CNSb",125.0,5.0,1.0,,"0000-0003-1571-3196","0000-0003-1571-3196","OK",
"aac5f2f0-782c-4fe6-a1ea-99f575d357a0","D03","BARC","BARC.AOS.riparian.point.10","2019-07-16T12:51Z","BARC.20190716.EPIPHYTON.10","BARC.20190716.EPIPHYTON.10.CHL/PHEO.1","A00000073502",1,"chlorophyll/pheophytin",125.0,5.0,1.0,,"0000-0003-1571-3196","0000-0003-1571-3196","OK",
"cd1b6e07-8400-4d4a-9c96-b34dc27872ff","D03","BARC","BARC.AOS.riparian.point.02","2019-07-16T12:51Z","BARC.20190716.EPIPHYTON.2","BARC.20190716.EPIPHYTON.2.CHL/PHEO.1","A00000073486",1,"chlorophyll/pheophytin",125.0,5.0,0.2,,"0000-0003-1571-3196","0000-0003-1571-3196","OK",
"21086457-f2f7-45b9-b6db-2a47540aea45","D03","BARC","BARC.AOS.riparian.point.02","2019-07-16T12:51Z","BARC.20190716.EPIPHYTON.2","BARC.20190716.EPIPHYTON.2.P.1","A00000073489",1,"P",125.0,5.0,0.2,,"0000-0003-1571-3196","0000-0003-1571-3196","OK",
"f090cf8e-38ec-4ce3-b83e-b3fda1e00bea","D03","BARC","BARC.AOS.riparian.point.06","2019-07-16T12:51Z","BARC.20190716.EPIPHYTON.6","BARC.20190716.EPIPHYTON.6.CNSB.1","A00000073496",1,"CNSb",125.0,5.0,1.0,,"0000-0003-1571-3196","0000-0003-1571-3196","OK",
"3a3a438e-9f5b-465a-8a39-5cf514f0b06d","D03","BARC","BARC.AOS.buoy.c0","2019-07-16T12:51Z","BARC.20190716.PHYTOPLANKTON.1","BARC.20190716.PHYTOPLANKTON.1.CNSA.1","A00000073471",1,"CNSa",5000.0,300.0,0.2,,"0000-0003-1571-3196","0000-0003-1571-3196","OK",
"e9bb638f-367f-4536-9d91-998747e97ad9","D03","BARC","BARC.AOS.littoral1","2019-07-16T12:51Z","BARC.20190716.PHYTOPLANKTON.2","BARC.20190716.PHYTOPLANKTON.2.P.1","A00000073477",1,"P",5000.0,300.0,0.2,,"0000-0003-1571-3196","0000-0003-1571-3196","OK",
"931777e1-57c5-46ee-81dd-2cb4e9584f52","D03","BARC","BARC.AOS.littoral1","2019-07-16T12:51Z","BARC.20190716.PHYTOPLANKTON.2","BARC.20190716.PHYTOPLANKTON.2.CNSA.1","A00000073475",1,"CNSa",5000.0,300.0,0.2,,"0000-0003-1571-3196","0000-0003-1571-3196","OK",
"911366ad-cec0-4099-924a-a3fe124ffd5b","D03","BARC","BARC.AOS.littoral2","2019-07-16T12:51Z","BARC.20190716.PHYTOPLANKTON.3","BARC.20190716.PHYTOPLANKTON.3.REP2.CNSA.2","A00000073481",2,"CNSa",5000.0,300.0,0.2,,"0000-0003-1571-3196","0000-0003-1571-3196","OK",
"4e8dfe1b-e25c-4a65-ada8-815b0744bf49","D03","BARC","BARC.AOS.buoy.c0","2019-07-16T12:51Z","BARC.20190716.PHYTOPLANKTON.1","BARC.20190716.PHYTOPLANKTON.1.P.1","A00000073473",1,"P",5000.0,300.0,0.2,,"0000-0003-1571-3196","0000-0003-1571-3196","OK",
"af242ac2-69ff-42ea-a049-9aa8a46efa36","D03","BARC","BARC.AOS.littoral2","2019-07-16T12:51Z","BARC.20190716.PHYTOPLANKTON.3","BARC.20190716.PHYTOPLANKTON.3.REP2.CNSB.2","A00000073483",2,"CNSb",5000.0,300.0,0.2,,"0000-0003-1571-3196","0000-0003-1571-3196","OK",
"1dae46b4-7d7b-47b5-bd2e-4101ab283625","D03","BARC","BARC.AOS.littoral2","2019-07-16T12:51Z","BARC.20190716.PHYTOPLANKTON.3","BARC.20190716.PHYTOPLANKTON.3.CNSA.1","A00000073480",1,"CNSa",5000.0,300.0,0.2,,"0000-0003-1571-3196","0000-0003-1571-3196","OK",
"d488365a-ee0b-4fd6-b70b-34d5305de998","D03","BARC","BARC.AOS.littoral2","2019-07-16T12:51Z","BARC.20190716.PHYTOPLANKTON.3","BARC.20190716.PHYTOPLANKTON.3.REP2.P.2","A00000073485",2,"P",5000.0,300.0,0.2,,"0000-0003-1571-3196","0000-0003-1571-3196","OK",
"cef82532-0e52-4dea-b3ce-05802e4e16a3","D03","BARC","BARC.AOS.littoral2","2019-07-16T12:51Z","BARC.20190716.PHYTOPLANKTON.3","BARC.20190716.PHYTOPLANKTON.3.CNSB.1","A00000073482",1,"CNSb",5000.0,300.0,0.2,,"0000-0003-1571-3196","0000-0003-1571-3196","OK",
"a4a591da-a2f0-43fb-83d7-91fe29e6324f","D03","BARC","BARC.AOS.littoral1","2019-07-16T12:51Z","BARC.20190716.PHYTOPLANKTON.2","BARC.20190716.PHYTOPLANKTON.2.CHL/PHEO.1","A00000073474",1,"chlorophyll/pheophytin",5000.0,300.0,0.2,,"0000-0003-1571-3196","0000-0003-1571-3196","OK",
"a103ebb8-0278-4e59-8ad0-2b4834f1d499","D03","BARC","BARC.AOS.littoral2","2019-07-16T12:51Z","BARC.20190716.PHYTOPLANKTON.3","BARC.20190716.PHYTOPLANKTON.3.CHL/PHEO.1","A00000073478",1,"chlorophyll/pheophytin",5000.0,300.0,0.2,,"0000-0003-1571-3196","0000-0003-1571-3196","OK",
"4b358499-6ef9-43b5-82fb-04f38e5e638a","D03","BARC","BARC.AOS.buoy.c0","2019-07-16T12:51Z","BARC.20190716.PHYTOPLANKTON.1","BARC.20190716.PHYTOPLANKTON.1.CNSB.1","A00000073472",1,"CNSb",5000.0,300.0,0.2,,"0000-0003-1571-3196","0000-0003-1571-3196","OK",
"f9619107-b9bd-4a82-8348-73412c364745","D03","BARC","BARC.AOS.littoral1","2019-07-16T12:51Z","BARC.20190716.PHYTOPLANKTON.2","BARC.20190716.PHYTOPLANKTON.2.CNSB.1","A00000073476",1,"CNSb",5000.0,300.0,0.2,,"0000-0003-1571-3196","0000-0003-1571-3196","OK",
"59902cf9-acd4-43c7-8e84-60198fd32a8e","D03","BARC","BARC.AOS.littoral2","2019-07-16T12:51Z","BARC.20190716.PHYTOPLANKTON.3","BARC.20190716.PHYTOPLANKTON.3.P.1","A00000073484",1,"P",5000.0,300.0,0.2,,"0000-0003-1571-3196","0000-0003-1571-3196","OK",
"937ff8ef-88ce-44df-a1f6-b548ab9cd57a","D03","BARC","BARC.AOS.littoral2","2019-07-16T12:51Z","BARC.20190716.PHYTOPLANKTON.3","BARC.20190716.PHYTOPLANKTON.3.REP2.CHL/PHEO.2","A00000073479",2,"chlorophyll/pheophytin",5000.0,300.0,0.2,,"0000-0003-1571-3196","0000-0003-1571-3196","OK",
"20b52d6d-1277-4e14-96e9-4a6d80bef054","D03","BARC","BARC.AOS.buoy.c0","2019-07-16T12:51Z","BARC.20190716.PHYTOPLANKTON.1","BARC.20190716.PHYTOPLANKTON.1.CHL/PHEO.1","A00000073470",1,"chlorophyll/pheophytin",5000.0,300.0,0.2,,"0000-0003-1571-3196","0000-0003-1571-3196","OK",
