uid,domainID,siteID,namedLocation,aquaticSiteType,decimalLatitude,decimalLongitude,coordinateUncertainty,elevation,elevationUncertainty,geodeticDatum,collectDate,eventID,parentSampleID,parentSampleCode,samplingImpractical,biophysicalCriteria,affectedByWind,habitatType,algalSampleType,benthicArea,samplingProtocolVersion,phytoDepth1,phytoDepth2,phytoDepth3,substratumSizeClass,remarks,recordedBy,collectedBy,dataQF
"b2a3922c-a49b-4359-8b91-ff40d5beb1e2","D03","BARC","BARC.AOS.riparian.point.06","lake",29.674507,-82.008596,5.0,26.6,5.0,"WGS84","2019-07-16T12:51Z","BARC.20190716","BARC.20190716.EPIPHYTON.6",,,,,"pelagic","epiphyton",0.010000,"NEON.DOC.003045vC",,,,,,"0000-0002-7940-8177","0000-0001-6607-7236",
"dba74a5d-875c-44a9-9123-390af8aab793","D03","BARC","BARC.AOS.littoral2","lake",29.674748,-82.008401,1.1,27.1,1.0,"WGS84","2019-07-16T12:51Z","BARC.20190716","BARC.20190716.PHYTOPLANKTON.3",,,,,"pelagic","phytoplankton",,"NEON.DOC.003045vC",0.5,2.5,,,,"0000-0002-7940-8177","0000-0001-6607-7236",
"4a2746d1-8659-4806-9431-0676c75d8205","D03","BARC","BARC.AOS.riparian.point.10","lake",29.677686,-82.008911,5.0,24.2,5.0,"WGS84","2019-07-16T12:51Z","BARC.20190716","BARC.20190716.EPIPHYTON.10",,,,,"pelagic","epiphyton",0.010000,"NEON.DOC.003045vC",,,,,,"0000-0002-7940-8177","0000-0001-6607-7236",
"ec29e721-9740-4d01-978a-d3dd5d0e92d8","D03","BARC","BARC.AOS.riparian.point.08","lake",29.675584,-82.010729,5.0,25.1,5.0,"WGS84","2019-07-16T12:51Z","BARC.20190716","BARC.20190716.EPIPHYTON.8",,,,,"pelagic","epiphyton",0.010000,"NEON.DOC.003045vC",,,,,,"0000-0002-7940-8177","0000-0001-6607-7236",
"e69f118b-ef39-4bb2-8dc5-a003b5ec1fa6","D03","BARC","BARC.AOS.riparian.point.04","lake",29.675164,-82.006743,5.0,22.5,5.0,"WGS84","2019-07-16T12:51Z","BARC.20190716","BARC.20190716.EPIPHYTON.4",,,,,"pelagic","epiphyton",0.010000,"NEON.DOC.003045vC",,,,,,"0000-0002-7940-8177","0000-0001-6607-7236",
"ab614a6a-d32b-4049-8192-10e592c3b27c","D03","BARC","BARC.AOS.riparian.point.02","lake",29.677034,-82.006975,5.0,26.1,5.0,"WGS84","2019-07-16T12:51Z","BARC.20190716","BARC.20190716.EPIPHYTON.2",,,,,"pelagic","epiphyton",0.010000,"NEON.DOC.003045vC",,,,,,"0000-0002-7940-8177","0000-0001-6607-7236",
"7894f9e6-7a41-4843-be5f-cd1ee6d77e21","D03","BARC","BARC.AOS.littoral1","lake",29.677479,-82.007710,1.1,26.0,1.0,"WGS84","2019-07-16T12:51Z","BARC.20190716","BARC.20190716.PHYTOPLANKTON.2",,,,,"pelagic","phytoplankton",,"NEON.DOC.003045vC",0.5,4.3,,,,"0000-0002-7940-8177","0000-0001-6607-7236",
"45e6bc5c-5466-4ffe-b58e-87ad1ca2cac6","D03","BARC","BARC.AOS.buoy.c0","lake",29.675982,-82.008414,10.0,27.0,10.0,"WGS84","2019-07-16T12:51Z","BARC.20190716","BARC.20190716.PHYTOPLANKTON.1",,,,,"pelagic","phytoplankton",,"NEON.DOC.003045vC",0.5,3.5,6.5,,,"0000-0002-7940-8177","0000-0001-6607-7236",
