uid,domainID,siteID,namedLocation,sampleID,sampleCode,startDate,collectDate,laboratoryName,analyte,analyteConcentration,analyteUnits,coolerTemp,remarks,shipmentWarmQF,externalLabDataQF,sampleCondition
"a690729d-0ba1-4a5c-bfa1-21a13bfeb60f","D05","LIRO","LIRO.AOS.buoy.c1","LIRO.C1.20200908.FIL","A00000204277","2020-09-08T15:32Z","2020-09-08T15:32Z","EcoCore_CSU","SO4",0.5551,"milligramsPerLiter",2.9,,0,,"Cold Chain Broken During Storage|Hold Time Exceeded"
"c7474abe-e5ae-4a68-8470-b9dd084b27e0","D05","LIRO","LIRO.AOS.buoy.c1","LIRO.C1.20200908.FIL","A00000204277","2020-09-08T15:32Z","2020-09-08T15:32Z","EcoCore_CSU","F",0.0050,"milligramsPerLiter",2.9,,0,,"Cold Chain Broken During Storage|Hold Time Exceeded"
"7999f413-f114-46eb-a0dc-62741e71eead","D05","LIRO","LIRO.AOS.buoy.c1","LIRO.C1.20200908.FIL","A00000204277","2020-09-08T15:32Z","2020-09-08T15:32Z","EcoCore_CSU","Br",0.0050,"milligramsPerLiter",2.9,,0,,"Cold Chain Broken During Storage|Hold Time Exceeded"
"e011d7f5-be28-49cc-ab95-9ac6b952fa4a","D05","LIRO","LIRO.AOS.buoy.c1","LIRO.C1.20200908.FIL","A00000204277","2020-09-08T15:32Z","2020-09-08T15:32Z","EcoCore_CSU","Cl",0.3418,"milligramsPerLiter",2.9,,0,,"Cold Chain Broken During Storage|Hold Time Exceeded"
"a25279a5-a932-4d1f-85b6-508a292ad2f4","D05","LIRO","LIRO.AOS.buoy.c1","LIRO.C1.20200908.FIL","A00000204277","2020-09-08T15:32Z","2020-09-08T15:32Z","EcoCore_CSU","Fe",0.0250,"milligramsPerLiter",2.9,,0,,"Hold Time Exceeded"
"9637b84c-a5ba-4683-9a70-4dc44c64dd36","D05","LIRO","LIRO.AOS.buoy.c1","LIRO.C1.20200908.FIL","A00000204277","2020-09-08T15:32Z","2020-09-08T15:32Z","EcoCore_CSU","K",0.3970,"milligramsPerLiter",2.9,,0,,"Hold Time Exceeded"
"fd119137-efdb-4f97-9d12-33db37846ad9","D05","LIRO","LIRO.AOS.buoy.c1","LIRO.C1.20200908.FIL","A00000204277","2020-09-08T15:32Z","2020-09-08T15:32Z","EcoCore_CSU","Ca",0.0720,"milligramsPerLiter",2.9,,0,,"Hold Time Exceeded"
"61e9b4ee-7ee0-4be4-917b-d3b3a8cbb6c9","D05","LIRO","LIRO.AOS.buoy.c1","LIRO.C1.20200908.FIL","A00000204277","2020-09-08T15:32Z","2020-09-08T15:32Z","EcoCore_CSU","Mg",0.2180,"milligramsPerLiter",2.9,,0,,"Hold Time Exceeded"
"abcf12a3-2894-4f9f-b613-1cdb6210bd65","D05","LIRO","LIRO.AOS.buoy.c1","LIRO.C1.20200908.FIL","A00000204277","2020-09-08T15:32Z","2020-09-08T15:32Z","EcoCore_CSU","Na",0.0310,"milligramsPerLiter",2.9,,0,,"Hold Time Exceeded"
"f4294e6d-aeec-4ea3-bb34-d216cfe2298d","D05","LIRO","LIRO.AOS.buoy.c1","LIRO.C1.20200908.FIL","A00000204277","2020-09-08T15:32Z","2020-09-08T15:32Z","EcoCore_CSU","Mn",0.0005,"milligramsPerLiter",2.9,,0,,"Hold Time Exceeded"
"a4e4bcd0-abf6-4c6e-a59e-0bbf2ed23b44","D05","LIRO","LIRO.AOS.buoy.c1","LIRO.C1.20200908.FIL","A00000204277","2020-09-08T15:32Z","2020-09-08T15:32Z","EcoCore_CSU","Si",0.1240,"milligramsPerLiter",2.9,,0,,"Hold Time Exceeded"
"971352cd-d9b8-4098-a229-b38690042c45","D05","LIRO","LIRO.AOS.buoy.c1","LIRO.C1.20200908.POM.1","A00000204483","2020-09-08T15:32Z","2020-09-08T15:32Z","SIRFER Lab at University of Utah","TPC",654.5323,"microgramsPerLiter",,,-1,,"OK"
"cb7a5e01-b982-4886-92ac-c078ec39d91a","D05","LIRO","LIRO.AOS.buoy.c1","LIRO.C1.20200908.POM.1","A00000204483","2020-09-08T15:32Z","2020-09-08T15:32Z","SIRFER Lab at University of Utah","TPN",65.8825,"microgramsPerLiter",,,-1,,"OK"
"67b8f516-0416-4d49-aaca-66b2848fd0f8","D05","LIRO","LIRO.AOS.buoy.c1","LIRO.C1.20200908.RAW","A00000204290","2020-09-08T15:32Z","2020-09-08T15:32Z","EcoCore_CSU","TSS",,"milligramsPerLiter",2.9,,0,,"Cold Chain Broken"
"7cd63dcf-2d4b-450f-b299-925c7431adc5","D05","LIRO","LIRO.AOS.buoy.c1","LIRO.C1.20200908.RAW","A00000204290","2020-09-08T15:32Z","2020-09-08T15:32Z","EcoCore_CSU","pH",,"pH",2.9,,0,,"Cold Chain Broken"
"8166c5e6-5247-4ead-9253-5f7e45d7cb62","D05","LIRO","LIRO.AOS.buoy.c1","LIRO.C1.20200908.FIL","A00000204277","2020-09-08T15:32Z","2020-09-08T15:32Z","EcoCore_CSU","CO3",,"milligramsPerLiter",2.9,,0,,"Cold Chain Broken"
"2bbf17aa-9830-49ad-bb01-c94e7e189ff7","D05","LIRO","LIRO.AOS.buoy.c1","LIRO.C1.20200908.FIL","A00000204277","2020-09-08T15:32Z","2020-09-08T15:32Z","EcoCore_CSU","HCO3",,"milligramsPerLiter",2.9,,0,,"Cold Chain Broken"
"f43afeac-1ff0-4f04-a573-872498f76c2f","D05","LIRO","LIRO.AOS.buoy.c1","LIRO.C1.20200908.RAW","A00000204290","2020-09-08T15:32Z","2020-09-08T15:32Z","EcoCore_CSU","TSS - Dry Mass",,"microgram",2.9,,0,,"Cold Chain Broken"
"e9ac775b-7cf1-4433-801a-3a2b60efb48d","D05","LIRO","LIRO.AOS.buoy.c1","LIRO.C1.20200908.FIL","A00000204277","2020-09-08T15:32Z","2020-09-08T15:32Z","EcoCore_CSU","TDS",,"milligramsPerLiter",2.9,,0,,"Cold Chain Broken"
"73f72150-8335-407b-ac5f-ad90558ae3d5","D05","LIRO","LIRO.AOS.buoy.c1","LIRO.C1.20200908.FIL","A00000204277","2020-09-08T15:32Z","2020-09-08T15:32Z","EcoCore_CSU","DOC",3.8280,"milligramsPerLiter",2.9,,0,,"OK"
"18ecdcc7-ce4a-4d17-810f-d9e61c1112c3","D05","LIRO","LIRO.AOS.buoy.c1","LIRO.C1.20200908.RAW","A00000204290","2020-09-08T15:32Z","2020-09-08T15:32Z","EcoCore_CSU","TN",0.2854,"milligramsPerLiter",2.9,,0,,"OK"
"c66c0d29-205c-47eb-84ef-c6e8f332e0a1","D05","LIRO","LIRO.AOS.buoy.c1","LIRO.C1.20200908.FIL","A00000204277","2020-09-08T15:32Z","2020-09-08T15:32Z","EcoCore_CSU","DIC",1.4590,"milligramsPerLiter",2.9,,0,,"OK"
"6ff193fd-98b8-4c97-b784-2df69e500a2e","D05","LIRO","LIRO.AOS.buoy.c1","LIRO.C1.20200908.FIL","A00000204277","2020-09-08T15:32Z","2020-09-08T15:32Z","EcoCore_CSU","TDN",0.2732,"milligramsPerLiter",2.9,,0,,"OK"
"e75ef974-8840-4fd8-868f-7a7b5af78b17","D05","LIRO","LIRO.AOS.buoy.c1","LIRO.C1.20200908.RAW","A00000204290","2020-09-08T15:32Z","2020-09-08T15:32Z","EcoCore_CSU","TOC",3.8260,"milligramsPerLiter",2.9,,0,,"OK"
"2a10d4a8-039c-46b5-aeca-ce8382d43c83","D05","LIRO","LIRO.AOS.buoy.c1","LIRO.C1.20200908.FIL","A00000204277","2020-09-08T15:32Z","2020-09-08T15:32Z","EcoCore_CSU","UV Absorbance (254 nm)",0.1097,,2.9,,0,,"OK"
"727ab83d-0031-41e8-b390-33168bd9251c","D05","LIRO","LIRO.AOS.buoy.c1","LIRO.C1.20200908.FIL","A00000204277","2020-09-08T15:32Z","2020-09-08T15:32Z","EcoCore_CSU","UV Absorbance (280 nm)",0.0770,,2.9,,0,,"OK"
