uid,domainID,siteID,namedLocation,collectDate,parentSampleID,sampleID,sampleCode,filterNumber,analysisType,fieldSampleVolume,domainFilterVolume,storageDays,remarks,measuredBy,recordedBy,sampleCondition,dataQF
"8045b855-56d3-40e4-a84d-0937aa2e87b9","D05","CRAM","CRAM.AOS.littoral2","2020-09-28T15:46Z","CRAM.20200928.PHYTOPLANKTON.5","CRAM.20200928.PHYTOPLANKTON.5.CNSB.1","A00000204447",1,"CNSb",4000.0,100.0,1.0,,"0000-0003-1075-1249","0000-0003-1075-1249","OK",
"b3e55d5d-a962-4364-ab48-e47e8d67d5a0","D05","CRAM","CRAM.AOS.riparian.point.10","2020-09-28T15:46Z","CRAM.20200928.EPIXYLON.4","CRAM.20200928.EPIXYLON.4.P.1","A00000204420",1,"P",125.0,4.0,1.0,,"0000-0003-1075-1249","0000-0003-1075-1249","OK",
"e9507c34-6d67-4c8f-a7ab-fdcf6836734d","D05","CRAM","CRAM.AOS.riparian.point.08","2020-09-28T15:46Z","CRAM.20200928.EPIXYLON.3","CRAM.20200928.EPIXYLON.3.REP2.CHL/PHEO.2","B00000080618",2,"chlorophyll/pheophytin",125.0,4.0,1.1,,"0000-0003-1075-1249","0000-0003-1075-1249","OK",
"5701a0fa-d5c1-4025-a03a-2eedaedffacb","D05","CRAM","CRAM.AOS.littoral1","2020-09-28T15:46Z","CRAM.20200928.PHYTOPLANKTON.2","CRAM.20200928.PHYTOPLANKTON.2.CNSA.1","A00000204450",1,"CNSa",4000.0,100.0,1.0,,"0000-0003-1075-1249","0000-0003-1075-1249","OK",
"ffdfb934-d9c6-4c1c-b02e-0054f9e505d7","D05","CRAM","CRAM.AOS.buoy.c1","2020-09-28T15:46Z","CRAM.20200928.PHYTOPLANKTON.1","CRAM.20200928.PHYTOPLANKTON.1.CNSA.1","A00000204453",1,"CNSa",4000.0,100.0,1.0,,"0000-0003-1075-1249","0000-0003-1075-1249","OK",
"540c979f-67c9-4f5a-985f-03048a0977b0","D05","CRAM","CRAM.AOS.buoy.c1","2020-09-28T15:46Z","CRAM.20200928.PHYTOPLANKTON.1","CRAM.20200928.PHYTOPLANKTON.1.P.1","A00000204451",1,"P",4000.0,100.0,1.0,,"0000-0003-1075-1249","0000-0003-1075-1249","OK",
"a522b4a7-1de3-4ee8-9f14-13b8dfd3232a","D05","CRAM","CRAM.AOS.littoral1","2020-09-28T15:46Z","CRAM.20200928.PHYTOPLANKTON.2","CRAM.20200928.PHYTOPLANKTON.2.CHL/PHEO.1","B00000080625",1,"chlorophyll/pheophytin",4000.0,100.0,1.0,,"0000-0003-1075-1249","0000-0003-1075-1249","OK",
"8bdac9e9-5f10-4e3b-b592-5e85d878db8f","D05","CRAM","CRAM.AOS.riparian.point.10","2020-09-28T15:46Z","CRAM.20200928.EPIXYLON.4","CRAM.20200928.EPIXYLON.4.CNSB.1","A00000204419",1,"CNSb",125.0,4.0,1.0,,"0000-0003-1075-1249","0000-0003-1075-1249","OK",
"f7578dd3-60d6-4791-9f17-ef6fe50e3386","D05","CRAM","CRAM.AOS.riparian.point.04","2020-09-28T15:46Z","CRAM.20200928.EPIXYLON.7","CRAM.20200928.EPIXYLON.7.CHL/PHEO.1","B00000080621",1,"chlorophyll/pheophytin",125.0,4.0,1.0,,"0000-0003-1075-1249","0000-0003-1075-1249","OK",
"ba1f5efa-0f6c-4669-8586-3e6cb93141a3","D05","CRAM","CRAM.AOS.littoral2","2020-09-28T15:46Z","CRAM.20200928.PHYTOPLANKTON.5","CRAM.20200928.PHYTOPLANKTON.5.CNSA.1","A00000204448",1,"CNSa",4000.0,100.0,1.0,,"0000-0003-1075-1249","0000-0003-1075-1249","OK",
"a92038c3-f94c-4ba8-b61b-c0b9ccd4e48a","D05","CRAM","CRAM.AOS.riparian.point.08","2020-09-28T15:46Z","CRAM.20200928.EPIXYLON.3","CRAM.20200928.EPIXYLON.3.REP2.CNSA.2","A00000204399",2,"CNSa",125.0,4.0,1.1,,"0000-0003-1075-1249","0000-0003-1075-1249","OK",
"34a55ccd-0b4e-49b2-aedf-a2ce1c530b5b","D05","CRAM","CRAM.AOS.littoral1","2020-09-28T15:46Z","CRAM.20200928.PHYTOPLANKTON.2","CRAM.20200928.PHYTOPLANKTON.2.P.1","A00000204445",1,"P",4000.0,100.0,1.0,,"0000-0003-1075-1249","0000-0003-1075-1249","OK",
"c407ebce-380d-4fac-b46f-bf8ef6cc07bf","D05","CRAM","CRAM.AOS.littoral1","2020-09-28T15:46Z","CRAM.20200928.PHYTOPLANKTON.2","CRAM.20200928.PHYTOPLANKTON.2.CNSB.1","A00000204449",1,"CNSb",4000.0,100.0,1.0,,"0000-0003-1075-1249","0000-0003-1075-1249","OK",
"5cda351f-2396-4d64-a52a-297b9218c503","D05","CRAM","CRAM.AOS.riparian.point.06","2020-09-28T15:46Z","CRAM.20200928.EPIXYLON.8","CRAM.20200928.EPIXYLON.8.CNSA.1","A00000204397",1,"CNSa",125.0,4.0,1.2,,"0000-0003-1075-1249","0000-0003-1075-1249","OK",
"1c9dab47-72be-4373-a510-c875f2962d8a","D05","CRAM","CRAM.AOS.riparian.point.08","2020-09-28T15:46Z","CRAM.20200928.EPIXYLON.3","CRAM.20200928.EPIXYLON.3.REP2.CNSB.2","A00000204400",2,"CNSb",125.0,4.0,1.1,,"0000-0003-1075-1249","0000-0003-1075-1249","OK",
"6f19fced-31e4-487c-ab2c-8be4d7fec761","D05","CRAM","CRAM.AOS.riparian.point.02","2020-09-28T15:46Z","CRAM.20200928.EPIXYLON.6","CRAM.20200928.EPIXYLON.6.CNSA.1","A00000204424",1,"CNSa",125.0,4.0,1.0,,"0000-0003-1075-1249","0000-0003-1075-1249","OK",
"e764f4b5-fbe9-4909-bc97-3f1f919f6ecf","D05","CRAM","CRAM.AOS.littoral2","2020-09-28T15:46Z","CRAM.20200928.PHYTOPLANKTON.5","CRAM.20200928.PHYTOPLANKTON.5.P.1","A00000204446",1,"P",4000.0,100.0,1.0,,"0000-0003-1075-1249","0000-0003-1075-1249","OK",
"2f9c8670-dc64-4570-89e6-6f1d10b36a67","D05","CRAM","CRAM.AOS.buoy.c1","2020-09-28T15:46Z","CRAM.20200928.PHYTOPLANKTON.1","CRAM.20200928.PHYTOPLANKTON.1.CNSB.1","A00000204452",1,"CNSb",4000.0,100.0,1.0,,"0000-0003-1075-1249","0000-0003-1075-1249","OK",
"331384f7-c41b-4ede-9c3a-0b81599e9154","D05","CRAM","CRAM.AOS.riparian.point.08","2020-09-28T15:46Z","CRAM.20200928.EPIXYLON.3","CRAM.20200928.EPIXYLON.3.REP2.P.2","A00000204454",2,"P",125.0,4.0,1.1,,"0000-0003-1075-1249","0000-0003-1075-1249","OK",
"b5b3fbcb-f10b-4db9-a70a-bafab1fb2eda","D05","CRAM","CRAM.AOS.riparian.point.10","2020-09-28T15:46Z","CRAM.20200928.EPIXYLON.4","CRAM.20200928.EPIXYLON.4.CHL/PHEO.1","B00000080622",1,"chlorophyll/pheophytin",125.0,4.0,1.0,,"0000-0003-1075-1249","0000-0003-1075-1249","OK",
"169e9d10-cd7a-43a3-87a6-a39bc69dff21","D05","CRAM","CRAM.AOS.riparian.point.06","2020-09-28T15:46Z","CRAM.20200928.EPIXYLON.8","CRAM.20200928.EPIXYLON.8.P.1","A00000204401",1,"P",125.0,4.0,1.2,,"0000-0003-1075-1249","0000-0003-1075-1249","OK",
"f071a805-6684-49bc-b4fa-699b754e8241","D05","CRAM","CRAM.AOS.buoy.c1","2020-09-28T15:46Z","CRAM.20200928.PHYTOPLANKTON.1","CRAM.20200928.PHYTOPLANKTON.1.CHL/PHEO.1","B00000080626",1,"chlorophyll/pheophytin",4000.0,100.0,1.0,,"0000-0003-1075-1249","0000-0003-1075-1249","OK",
"a5396b4f-0047-4553-b86f-338860c2f10d","D05","CRAM","CRAM.AOS.riparian.point.04","2020-09-28T15:46Z","CRAM.20200928.EPIXYLON.7","CRAM.20200928.EPIXYLON.7.CNSB.1","A00000204422",1,"CNSb",125.0,4.0,1.0,,"0000-0003-1075-1249","0000-0003-1075-1249","OK",
"2d9517c6-2fe6-4ed5-b341-15e76e90a2ef","D05","CRAM","CRAM.AOS.riparian.point.02","2020-09-28T15:46Z","CRAM.20200928.EPIXYLON.6","CRAM.20200928.EPIXYLON.6.CNSB.1","A00000204425",1,"CNSb",125.0,4.0,1.0,,"0000-0003-1075-1249","0000-0003-1075-1249","OK",
"75521d48-a3ca-4cb0-8082-0f367a2f5bea","D05","CRAM","CRAM.AOS.riparian.point.04","2020-09-28T15:46Z","CRAM.20200928.EPIXYLON.7","CRAM.20200928.EPIXYLON.7.CNSA.1","A00000204421",1,"CNSa",125.0,4.0,1.0,,"0000-0003-1075-1249","0000-0003-1075-1249","OK",
"8127abe2-15f9-4b27-86e3-9f296a120f6e","D05","CRAM","CRAM.AOS.riparian.point.08","2020-09-28T15:46Z","CRAM.20200928.EPIXYLON.3","CRAM.20200928.EPIXYLON.3.P.1","A00000204417",1,"P",125.0,4.0,1.1,,"0000-0003-1075-1249","0000-0003-1075-1249","OK",
"3493de80-f9fb-4447-bb77-f6a730de02ba","D05","CRAM","CRAM.AOS.riparian.point.08","2020-09-28T15:46Z","CRAM.20200928.EPIXYLON.3","CRAM.20200928.EPIXYLON.3.CHL/PHEO.1","B00000080623",1,"chlorophyll/pheophytin",125.0,4.0,1.1,,"0000-0003-1075-1249","0000-0003-1075-1249","OK",
"fac02407-9f51-43bf-af08-ec52cf68a6d9","D05","CRAM","CRAM.AOS.riparian.point.02","2020-09-28T15:46Z","CRAM.20200928.EPIXYLON.6","CRAM.20200928.EPIXYLON.6.P.1","A00000204426",1,"P",125.0,4.0,1.0,,"0000-0003-1075-1249","0000-0003-1075-1249","OK",
"5b0ca42d-1bac-4ace-b090-a600cc11c022","D05","CRAM","CRAM.AOS.riparian.point.04","2020-09-28T15:46Z","CRAM.20200928.EPIXYLON.7","CRAM.20200928.EPIXYLON.7.P.1","A00000204423",1,"P",125.0,4.0,1.0,,"0000-0003-1075-1249","0000-0003-1075-1249","OK",
"d39ca212-0929-482e-9f5a-f61ffcb84f82","D05","CRAM","CRAM.AOS.riparian.point.06","2020-09-28T15:46Z","CRAM.20200928.EPIXYLON.8","CRAM.20200928.EPIXYLON.8.CHL/PHEO.1","B00000080619",1,"chlorophyll/pheophytin",125.0,4.0,1.2,,"0000-0003-1075-1249","0000-0003-1075-1249","OK",
"43e8a36a-c297-4b3f-8550-089095a9e3e5","D05","CRAM","CRAM.AOS.littoral2","2020-09-28T15:46Z","CRAM.20200928.PHYTOPLANKTON.5","CRAM.20200928.PHYTOPLANKTON.5.CHL/PHEO.1","B00000080624",1,"chlorophyll/pheophytin",4000.0,100.0,1.0,,"0000-0003-1075-1249","0000-0003-1075-1249","OK",
"0c87a37d-5133-4687-a1a0-0e344136348f","D05","CRAM","CRAM.AOS.riparian.point.08","2020-09-28T15:46Z","CRAM.20200928.EPIXYLON.3","CRAM.20200928.EPIXYLON.3.CNSA.1","A00000204415",1,"CNSa",125.0,4.0,1.1,,"0000-0003-1075-1249","0000-0003-1075-1249","OK",
"202053b0-38d3-449b-bdec-28621c5bbbde","D05","CRAM","CRAM.AOS.riparian.point.08","2020-09-28T15:46Z","CRAM.20200928.EPIXYLON.3","CRAM.20200928.EPIXYLON.3.CNSB.1","A00000204416",1,"CNSb",125.0,4.0,1.1,,"0000-0003-1075-1249","0000-0003-1075-1249","OK",
"ccd44808-c037-4e92-bd44-fd38c1066866","D05","CRAM","CRAM.AOS.riparian.point.06","2020-09-28T15:46Z","CRAM.20200928.EPIXYLON.8","CRAM.20200928.EPIXYLON.8.CNSB.1","A00000204398",1,"CNSb",125.0,4.0,1.2,,"0000-0003-1075-1249","0000-0003-1075-1249","OK",
"22f86205-d3ad-41a2-aa2d-5614b9bb73a5","D05","CRAM","CRAM.AOS.riparian.point.02","2020-09-28T15:46Z","CRAM.20200928.EPIXYLON.6","CRAM.20200928.EPIXYLON.6.CHL/PHEO.1","B00000080620",1,"chlorophyll/pheophytin",125.0,4.0,1.0,,"0000-0003-1075-1249","0000-0003-1075-1249","OK",
"07b0715e-d10b-4617-a54d-20ce1f164f66","D05","CRAM","CRAM.AOS.riparian.point.10","2020-09-28T15:46Z","CRAM.20200928.EPIXYLON.4","CRAM.20200928.EPIXYLON.4.CNSA.1","A00000204418",1,"CNSa",125.0,4.0,1.0,,"0000-0003-1075-1249","0000-0003-1075-1249","OK",
