uid,domainID,siteID,namedLocation,aquaticSiteType,decimalLatitude,decimalLongitude,coordinateUncertainty,elevation,elevationUncertainty,geodeticDatum,collectDate,eventID,parentSampleID,parentSampleCode,samplingImpractical,biophysicalCriteria,affectedByWind,habitatType,algalSampleType,benthicArea,samplingProtocolVersion,phytoDepth1,phytoDepth2,phytoDepth3,substratumSizeClass,remarks,recordedBy,collectedBy,dataQF
"e09e8b1c-b419-4777-a037-6ce67676775d","D05","CRAM","CRAM.AOS.riparian.point.02","lake",46.211930,-89.475007,0.1,508.4,0.2,"WGS84","2020-09-28T15:46Z","CRAM.20200928","CRAM.20200928.EPIXYLON.6",,,"OK - no known exceptions",,"pelagic","epixylon",0.002406,"NEON.DOC.003045vE",,,,,,"0000-0001-8490-5154","0000-0003-1075-1249",
"5ed7cc39-c43e-464e-9678-7ee7f0d744bb","D05","CRAM","CRAM.AOS.littoral1","lake",46.207952,-89.476193,1.1,512.5,1.0,"WGS84","2020-09-28T15:46Z","CRAM.20200928","CRAM.20200928.PHYTOPLANKTON.2",,,"OK - no known exceptions","N","pelagic","phytoplankton",,"NEON.DOC.003045vE",0.5,1.0,,,,"0000-0001-8490-5154","0000-0003-1075-1249",
"d58b7e1e-d78f-42f0-83b0-efede740a0fd","D05","CRAM","CRAM.AOS.littoral2","lake",46.211995,-89.474460,1.1,512.5,1.0,"WGS84","2020-09-28T15:46Z","CRAM.20200928","CRAM.20200928.PHYTOPLANKTON.5",,,"OK - no known exceptions","N","pelagic","phytoplankton",,"NEON.DOC.003045vE",0.5,1.5,,,,"0000-0001-8490-5154","0000-0003-1075-1249",
"2f47c40e-a98a-4e31-9a01-56aa481a812d","D05","CRAM","CRAM.AOS.riparian.point.06","lake",46.209007,-89.472853,0.4,512.7,0.3,"WGS84","2020-09-28T15:46Z","CRAM.20200928","CRAM.20200928.EPIXYLON.8",,,"OK - no known exceptions",,"pelagic","epixylon",0.002406,"NEON.DOC.003045vE",,,,,,"0000-0001-8490-5154","0000-0003-1075-1249",
"bdc89bb6-51a8-4f02-92a1-968109e5171f","D05","CRAM","CRAM.AOS.riparian.point.08","lake",46.205971,-89.472702,0.1,510.8,0.1,"WGS84","2020-09-28T15:46Z","CRAM.20200928","CRAM.20200928.EPIXYLON.3",,,"OK - no known exceptions",,"pelagic","epixylon",0.002406,"NEON.DOC.003045vE",,,,,,"0000-0001-8490-5154","0000-0003-1075-1249",
"2f8f177e-10d9-4506-8c75-80eecb2c4c3f","D05","CRAM","CRAM.AOS.riparian.point.10","lake",46.209167,-89.477353,0.3,509.7,0.7,"WGS84","2020-09-28T15:46Z","CRAM.20200928","CRAM.20200928.EPIXYLON.4",,,"OK - no known exceptions",,"pelagic","epixylon",0.002406,"NEON.DOC.003045vE",,,,,,"0000-0001-8490-5154","0000-0003-1075-1249",
"cdce6890-25ff-4bb2-974e-9ba3f323c891","D05","CRAM","CRAM.AOS.buoy.c1","lake",46.210592,-89.476861,10.0,509.0,10.0,"WGS84","2020-09-28T15:46Z","CRAM.20200928","CRAM.20200928.PHYTOPLANKTON.1",,,"OK - no known exceptions","N","pelagic","phytoplankton",,"NEON.DOC.003045vE",0.5,10.4,13.1,,,"0000-0001-8490-5154","0000-0003-1075-1249",
"9e1db9db-1eed-43b3-b285-b84526cec2cd","D05","CRAM","CRAM.AOS.riparian.point.04","lake",46.209689,-89.468752,0.2,512.4,0.3,"WGS84","2020-09-28T15:46Z","CRAM.20200928","CRAM.20200928.EPIXYLON.7",,,"OK - no known exceptions",,"pelagic","epixylon",0.002406,"NEON.DOC.003045vE",,,,,,"0000-0001-8490-5154","0000-0003-1075-1249",
