uid,domainID,siteID,namedLocation,collectDate,sampleID,sampleCode,sampleCondition,laboratoryName,analysisDate,analyzedBy,sampleType,replicate,sampleVolumeFiltered,filterSize,percentFilterAnalyzed,dilutionFactor,solventVolume,responseFactor,acidificationResponseFactor,fluorometerSensitivitySetting,preAcidificationFluorescence,postAcidificationFluorescence,analyte,analyteConcentration,plantAlgaeLabUnits,testMethod,method,acidTreatment,externalRemarks,externalLabDataQF
"525bcb90-e96b-4b3d-aad7-989db580e097","D05","CRAM","CRAM.AOS.riparian.point.10","2020-09-28","CRAM.20200928.EPIXYLON.4.CNSA.1","A00000204418","condition ok","SIRFER Lab at University of Utah","2021-09-20","ElFtGy1kV49xqNP00HfxQA==","CNS","1",4,25,100,,,,,,,,"sulfur",458.81,"microgramsPerLiter","SIRFER_algalPlantChem_isotopes_V1","Revesz & Coplen 2012b","N",,
"b8f1168e-985e-43e5-a6d2-f44d6dddd12b","D05","CRAM","CRAM.AOS.riparian.point.06","2020-09-28","CRAM.20200928.EPIXYLON.8.CNSA.1","A00000204397","condition ok","SIRFER Lab at University of Utah","2021-09-20","ElFtGy1kV49xqNP00HfxQA==","CNS","1",4,25,100,,,,,,,,"sulfur",601.89,"microgramsPerLiter","SIRFER_algalPlantChem_isotopes_V1","Revesz & Coplen 2012b","N",,
"8ea6f5ec-2ae2-44f7-9b88-707777f9c11e","D05","CRAM","CRAM.AOS.riparian.point.10","2020-09-28","CRAM.20200928.EPIXYLON.4.CNSA.1","A00000204418","condition ok","SIRFER Lab at University of Utah","2021-09-20","ElFtGy1kV49xqNP00HfxQA==","CNS","1",4,25,100,,,,,,,,"d15N",0.25,"perMill","SIRFER_algalPlantChem_isotopes_V1","Revesz & Coplen 2012a","N",,
"d1bdfca4-64e6-47c7-90b8-77f4ed7b338d","D05","CRAM","CRAM.AOS.buoy.c1","2020-09-28","CRAM.20200928.PHYTOPLANKTON.1.CNSA.1","A00000204453","condition ok","SIRFER Lab at University of Utah","2021-09-20","ElFtGy1kV49xqNP00HfxQA==","CNS","1",100,25,100,,,,,,,,"carbon",1952.06,"microgramsPerLiter","SIRFER_algalPlantChem_isotopes_V1","Revesz & Coplen 2012a","N",,
"9198e110-5c9d-4998-8f50-8cf52905a697","D05","CRAM","CRAM.AOS.riparian.point.06","2020-09-28","CRAM.20200928.EPIXYLON.8.CNSB.1","A00000204398","condition ok","SIRFER Lab at University of Utah","2021-09-22","ElFtGy1kV49xqNP00HfxQA==","CNS","1",4,25,100,,,,,,,,"carbon",147388.32,"microgramsPerLiter","SIRFER_algalPlantChem_isotopes_V1","Revesz & Coplen 2012a","Y",,
"e08bc791-b5b1-4a42-8718-4670a9fd2b71","D05","CRAM","CRAM.AOS.riparian.point.02","2020-09-28","CRAM.20200928.EPIXYLON.6.CNSA.1","A00000204424","condition ok","SIRFER Lab at University of Utah","2021-09-20","ElFtGy1kV49xqNP00HfxQA==","CNS","1",4,25,100,,,,,,,,"d13C",-30.10,"perMill","SIRFER_algalPlantChem_isotopes_V1","Revesz & Coplen 2012a","N",,
"66784c3f-e1c5-445e-bb6b-78c76138de7c","D05","CRAM","CRAM.AOS.riparian.point.08","2020-09-28","CRAM.20200928.EPIXYLON.3.REP2.CNSB.2","A00000204400","condition ok","SIRFER Lab at University of Utah","2021-09-22","ElFtGy1kV49xqNP00HfxQA==","CNS","1",4,25,100,,,,,,,,"d13C",-27.96,"perMill","SIRFER_algalPlantChem_isotopes_V1","Revesz & Coplen 2012a","Y",,
"73dd8f4c-41d7-45c1-976a-84e6d6ab5eb7","D05","CRAM","CRAM.AOS.riparian.point.08","2020-09-28","CRAM.20200928.EPIXYLON.3.REP2.CNSA.2","A00000204399","condition ok","SIRFER Lab at University of Utah","2021-09-20","ElFtGy1kV49xqNP00HfxQA==","CNS","1",4,25,100,,,,,,,,"carbon",76961.29,"microgramsPerLiter","SIRFER_algalPlantChem_isotopes_V1","Revesz & Coplen 2012a","N",,
"7d525983-adfb-4e6a-99ab-0df728e95655","D05","CRAM","CRAM.AOS.buoy.c1","2020-09-28","CRAM.20200928.PHYTOPLANKTON.1.CNSA.1","A00000204453","condition ok","SIRFER Lab at University of Utah","2021-09-20","ElFtGy1kV49xqNP00HfxQA==","CNS","1",100,25,100,,,,,,,,"d34S",0.65,"perMill","SIRFER_algalPlantChem_isotopes_V1","Revesz & Coplen 2012b","N",,
"32371dfe-83f9-40ad-b6e1-8c59491b5ad4","D05","CRAM","CRAM.AOS.riparian.point.10","2020-09-28","CRAM.20200928.EPIXYLON.4.CNSA.1","A00000204418","condition ok","SIRFER Lab at University of Utah","2021-09-20","ElFtGy1kV49xqNP00HfxQA==","CNS","1",4,25,100,,,,,,,,"d34S",1.01,"perMill","SIRFER_algalPlantChem_isotopes_V1","Revesz & Coplen 2012b","N",,
"fac52afb-e6b9-485c-a234-9d37ca5cf540","D05","CRAM","CRAM.AOS.littoral2","2020-09-28","CRAM.20200928.PHYTOPLANKTON.5.CNSB.1","A00000204447","condition ok","SIRFER Lab at University of Utah","2021-09-22","ElFtGy1kV49xqNP00HfxQA==","CNS","1",100,25,100,,,,,,,,"d13C",-28.57,"perMill","SIRFER_algalPlantChem_isotopes_V1","Revesz & Coplen 2012a","Y",,
"0561a4be-c382-4160-8a3e-3feb2829b876","D05","CRAM","CRAM.AOS.riparian.point.02","2020-09-28","CRAM.20200928.EPIXYLON.6.CNSA.1","A00000204424","condition ok","SIRFER Lab at University of Utah","2021-09-20","ElFtGy1kV49xqNP00HfxQA==","CNS","1",4,25,100,,,,,,,,"d15N",0.74,"perMill","SIRFER_algalPlantChem_isotopes_V1","Revesz & Coplen 2012a","N",,
"d28e8e62-248c-45ee-8a0d-832fef2c8dfd","D05","CRAM","CRAM.AOS.riparian.point.06","2020-09-28","CRAM.20200928.EPIXYLON.8.CNSA.1","A00000204397","condition ok","SIRFER Lab at University of Utah","2021-09-20","ElFtGy1kV49xqNP00HfxQA==","CNS","1",4,25,100,,,,,,,,"carbon",147374.75,"microgramsPerLiter","SIRFER_algalPlantChem_isotopes_V1","Revesz & Coplen 2012a","N",,
"a8394681-eba2-4d29-930e-904311c4d749","D05","CRAM","CRAM.AOS.riparian.point.08","2020-09-28","CRAM.20200928.EPIXYLON.3.REP2.CNSA.2","A00000204399","condition ok","SIRFER Lab at University of Utah","2021-09-20","ElFtGy1kV49xqNP00HfxQA==","CNS","1",4,25,100,,,,,,,,"d34S",0.24,"perMill","SIRFER_algalPlantChem_isotopes_V1","Revesz & Coplen 2012b","N",,
"59789d6c-92e3-4bda-aeee-201b83e6c0f8","D05","CRAM","CRAM.AOS.littoral1","2020-09-28","CRAM.20200928.PHYTOPLANKTON.2.CNSB.1","A00000204449","condition ok","SIRFER Lab at University of Utah","2021-09-22","ElFtGy1kV49xqNP00HfxQA==","CNS","1",100,25,100,,,,,,,,"carbon",910.26,"microgramsPerLiter","SIRFER_algalPlantChem_isotopes_V1","Revesz & Coplen 2012a","Y",,
"0e065140-69cb-46d9-901f-7c70249b2ae8","D05","CRAM","CRAM.AOS.riparian.point.08","2020-09-28","CRAM.20200928.EPIXYLON.3.REP2.CNSA.2","A00000204399","condition ok","SIRFER Lab at University of Utah","2021-09-20","ElFtGy1kV49xqNP00HfxQA==","CNS","1",4,25,100,,,,,,,,"d13C",-27.60,"perMill","SIRFER_algalPlantChem_isotopes_V1","Revesz & Coplen 2012a","N",,
"934159ce-879d-4d22-bbf5-4af02c31d5eb","D05","CRAM","CRAM.AOS.riparian.point.08","2020-09-28","CRAM.20200928.EPIXYLON.3.REP2.CNSA.2","A00000204399","condition ok","SIRFER Lab at University of Utah","2021-09-20","ElFtGy1kV49xqNP00HfxQA==","CNS","1",4,25,100,,,,,,,,"d15N",-1.02,"perMill","SIRFER_algalPlantChem_isotopes_V1","Revesz & Coplen 2012a","N",,
"6ff34cb7-15d7-40ff-a19f-229b8cea1fdb","D05","CRAM","CRAM.AOS.riparian.point.08","2020-09-28","CRAM.20200928.EPIXYLON.3.CNSA.1","A00000204415","condition ok","SIRFER Lab at University of Utah","2021-09-20","ElFtGy1kV49xqNP00HfxQA==","CNS","1",4,25,100,,,,,,,,"nitrogen",3621.15,"microgramsPerLiter","SIRFER_algalPlantChem_isotopes_V1","Revesz & Coplen 2012a","N",,
"2583d65a-310f-4bb6-9f9d-cc179baf4bcb","D05","CRAM","CRAM.AOS.littoral2","2020-09-28","CRAM.20200928.PHYTOPLANKTON.5.CNSA.1","A00000204448","condition ok","SIRFER Lab at University of Utah","2021-09-20","ElFtGy1kV49xqNP00HfxQA==","CNS","1",100,25,100,,,,,,,,"carbon",1434.97,"microgramsPerLiter","SIRFER_algalPlantChem_isotopes_V1","Revesz & Coplen 2012a","N",,
"5f55ad73-67bd-4697-9e8f-a80c4d6681c9","D05","CRAM","CRAM.AOS.riparian.point.10","2020-09-28","CRAM.20200928.EPIXYLON.4.CNSA.1","A00000204418","condition ok","SIRFER Lab at University of Utah","2021-09-20","ElFtGy1kV49xqNP00HfxQA==","CNS","1",4,25,100,,,,,,,,"nitrogen",3831.69,"microgramsPerLiter","SIRFER_algalPlantChem_isotopes_V1","Revesz & Coplen 2012a","N",,
"9f04a413-aa66-485f-964d-70d3d5042266","D05","CRAM","CRAM.AOS.riparian.point.08","2020-09-28","CRAM.20200928.EPIXYLON.3.REP2.CNSB.2","A00000204400","condition ok","SIRFER Lab at University of Utah","2021-09-22","ElFtGy1kV49xqNP00HfxQA==","CNS","1",4,25,100,,,,,,,,"carbon",72583.00,"microgramsPerLiter","SIRFER_algalPlantChem_isotopes_V1","Revesz & Coplen 2012a","Y",,
"b59d90bb-5b49-47f1-afb9-d1a41f846511","D05","CRAM","CRAM.AOS.riparian.point.10","2020-09-28","CRAM.20200928.EPIXYLON.4.CNSA.1","A00000204418","condition ok","SIRFER Lab at University of Utah","2021-09-20","ElFtGy1kV49xqNP00HfxQA==","CNS","1",4,25,100,,,,,,,,"carbon",85057.84,"microgramsPerLiter","SIRFER_algalPlantChem_isotopes_V1","Revesz & Coplen 2012a","N",,
"2cc723d2-145d-4435-8e98-fa2f70ffd8a8","D05","CRAM","CRAM.AOS.riparian.point.08","2020-09-28","CRAM.20200928.EPIXYLON.3.CNSA.1","A00000204415","condition ok","SIRFER Lab at University of Utah","2021-09-20","ElFtGy1kV49xqNP00HfxQA==","CNS","1",4,25,100,,,,,,,,"carbon",92686.88,"microgramsPerLiter","SIRFER_algalPlantChem_isotopes_V1","Revesz & Coplen 2012a","N",,
"b0b0d54d-6340-469d-955c-cadbcffe00f5","D05","CRAM","CRAM.AOS.riparian.point.08","2020-09-28","CRAM.20200928.EPIXYLON.3.CNSA.1","A00000204415","condition ok","SIRFER Lab at University of Utah","2021-09-20","ElFtGy1kV49xqNP00HfxQA==","CNS","1",4,25,100,,,,,,,,"d15N",-0.29,"perMill","SIRFER_algalPlantChem_isotopes_V1","Revesz & Coplen 2012a","N",,
"56680bc4-55e4-428c-b229-32333aea4e74","D05","CRAM","CRAM.AOS.riparian.point.02","2020-09-28","CRAM.20200928.EPIXYLON.6.CNSA.1","A00000204424","condition ok","SIRFER Lab at University of Utah","2021-09-20","ElFtGy1kV49xqNP00HfxQA==","CNS","1",4,25,100,,,,,,,,"d34S",0.80,"perMill","SIRFER_algalPlantChem_isotopes_V1","Revesz & Coplen 2012b","N",,
"2f44b839-5a07-4ae3-9ee1-2044c3ec49c8","D05","CRAM","CRAM.AOS.riparian.point.06","2020-09-28","CRAM.20200928.EPIXYLON.8.CNSA.1","A00000204397","condition ok","SIRFER Lab at University of Utah","2021-09-20","ElFtGy1kV49xqNP00HfxQA==","CNS","1",4,25,100,,,,,,,,"d13C",-27.44,"perMill","SIRFER_algalPlantChem_isotopes_V1","Revesz & Coplen 2012a","N",,
"a17a635d-8120-499f-a024-094bbef27d9e","D05","CRAM","CRAM.AOS.riparian.point.08","2020-09-28","CRAM.20200928.EPIXYLON.3.CNSB.1","A00000204416","condition ok","SIRFER Lab at University of Utah","2021-09-22","ElFtGy1kV49xqNP00HfxQA==","CNS","1",4,25,100,,,,,,,,"carbon",81961.85,"microgramsPerLiter","SIRFER_algalPlantChem_isotopes_V1","Revesz & Coplen 2012a","Y",,
"07b3110a-52f3-46b2-903c-6f94364db79e","D05","CRAM","CRAM.AOS.riparian.point.08","2020-09-28","CRAM.20200928.EPIXYLON.3.CNSA.1","A00000204415","condition ok","SIRFER Lab at University of Utah","2021-09-20","ElFtGy1kV49xqNP00HfxQA==","CNS","1",4,25,100,,,,,,,,"sulfur",340.01,"microgramsPerLiter","SIRFER_algalPlantChem_isotopes_V1","Revesz & Coplen 2012b","N",,
"ab258f0b-bb26-4b29-abe9-3765531f8f83","D05","CRAM","CRAM.AOS.riparian.point.04","2020-09-28","CRAM.20200928.EPIXYLON.7.CNSB.1","A00000204422","condition ok","SIRFER Lab at University of Utah","2021-09-22","ElFtGy1kV49xqNP00HfxQA==","CNS","1",4,25,100,,,,,,,,"d13C",-25.67,"perMill","SIRFER_algalPlantChem_isotopes_V1","Revesz & Coplen 2012a","Y",,
"00c93427-ed3f-47f0-a233-078c79ca270a","D05","CRAM","CRAM.AOS.riparian.point.08","2020-09-28","CRAM.20200928.EPIXYLON.3.CNSA.1","A00000204415","condition ok","SIRFER Lab at University of Utah","2021-09-20","ElFtGy1kV49xqNP00HfxQA==","CNS","1",4,25,100,,,,,,,,"d13C",-27.90,"perMill","SIRFER_algalPlantChem_isotopes_V1","Revesz & Coplen 2012a","N",,
"cf6e06cd-1340-4c4f-a8f5-8279ea6a12e3","D05","CRAM","CRAM.AOS.littoral1","2020-09-28","CRAM.20200928.PHYTOPLANKTON.2.CNSA.1","A00000204450","condition ok","SIRFER Lab at University of Utah","2021-09-20","ElFtGy1kV49xqNP00HfxQA==","CNS","1",100,25,100,,,,,,,,"d13C",-27.64,"perMill","SIRFER_algalPlantChem_isotopes_V1","Revesz & Coplen 2012a","N",,
"52170f99-40c3-4dc6-8d49-b17e6630c2ce","D05","CRAM","CRAM.AOS.riparian.point.10","2020-09-28","CRAM.20200928.EPIXYLON.4.CNSA.1","A00000204418","condition ok","SIRFER Lab at University of Utah","2021-09-20","ElFtGy1kV49xqNP00HfxQA==","CNS","1",4,25,100,,,,,,,,"d13C",-25.42,"perMill","SIRFER_algalPlantChem_isotopes_V1","Revesz & Coplen 2012a","N",,
"188f4d8d-6701-4868-9e25-34baba22e25f","D05","CRAM","CRAM.AOS.buoy.c1","2020-09-28","CRAM.20200928.PHYTOPLANKTON.1.CNSB.1","A00000204452","condition ok","SIRFER Lab at University of Utah","2021-09-22","ElFtGy1kV49xqNP00HfxQA==","CNS","1",100,25,100,,,,,,,,"carbon",1995.34,"microgramsPerLiter","SIRFER_algalPlantChem_isotopes_V1","Revesz & Coplen 2012a","Y",,
"ebfcbbe0-eda4-4d61-ae31-a8fd93a48875","D05","CRAM","CRAM.AOS.riparian.point.10","2020-09-28","CRAM.20200928.EPIXYLON.4.CNSB.1","A00000204419","condition ok","SIRFER Lab at University of Utah","2021-09-22","ElFtGy1kV49xqNP00HfxQA==","CNS","1",4,25,100,,,,,,,,"carbon",85919.72,"microgramsPerLiter","SIRFER_algalPlantChem_isotopes_V1","Revesz & Coplen 2012a","Y",,
"8ada4415-dd20-4aef-a3ae-1a0f35abe8a0","D05","CRAM","CRAM.AOS.littoral2","2020-09-28","CRAM.20200928.PHYTOPLANKTON.5.CNSA.1","A00000204448","condition ok","SIRFER Lab at University of Utah","2021-09-20","ElFtGy1kV49xqNP00HfxQA==","CNS","1",100,25,100,,,,,,,,"sulfur",8.36,"microgramsPerLiter","SIRFER_algalPlantChem_isotopes_V1","Revesz & Coplen 2012b","N",,
"7dbca193-c4d3-48de-ad81-426ccd88b93c","D05","CRAM","CRAM.AOS.riparian.point.06","2020-09-28","CRAM.20200928.EPIXYLON.8.CNSB.1","A00000204398","condition ok","SIRFER Lab at University of Utah","2021-09-22","ElFtGy1kV49xqNP00HfxQA==","CNS","1",4,25,100,,,,,,,,"d13C",-27.60,"perMill","SIRFER_algalPlantChem_isotopes_V1","Revesz & Coplen 2012a","Y",,
"48dfb5aa-a376-4c02-9d87-1a02ad13fc3d","D05","CRAM","CRAM.AOS.riparian.point.04","2020-09-28","CRAM.20200928.EPIXYLON.7.CNSB.1","A00000204422","condition ok","SIRFER Lab at University of Utah","2021-09-22","ElFtGy1kV49xqNP00HfxQA==","CNS","1",4,25,100,,,,,,,,"carbon",81029.75,"microgramsPerLiter","SIRFER_algalPlantChem_isotopes_V1","Revesz & Coplen 2012a","Y",,
"90e3b80c-b421-4353-b767-c4c2b353f7e1","D05","CRAM","CRAM.AOS.riparian.point.06","2020-09-28","CRAM.20200928.EPIXYLON.8.CNSA.1","A00000204397","condition ok","SIRFER Lab at University of Utah","2021-09-20","ElFtGy1kV49xqNP00HfxQA==","CNS","1",4,25,100,,,,,,,,"d15N",1.24,"perMill","SIRFER_algalPlantChem_isotopes_V1","Revesz & Coplen 2012a","N",,
"e8a28849-6861-4b04-9045-9ae9653c1095","D05","CRAM","CRAM.AOS.riparian.point.06","2020-09-28","CRAM.20200928.EPIXYLON.8.CNSA.1","A00000204397","condition ok","SIRFER Lab at University of Utah","2021-09-20","ElFtGy1kV49xqNP00HfxQA==","CNS","1",4,25,100,,,,,,,,"d34S",2.48,"perMill","SIRFER_algalPlantChem_isotopes_V1","Revesz & Coplen 2012b","N",,
"8baefb3d-091b-485a-a20b-b4b3b8e87b4b","D05","CRAM","CRAM.AOS.littoral1","2020-09-28","CRAM.20200928.PHYTOPLANKTON.2.CNSA.1","A00000204450","condition ok","SIRFER Lab at University of Utah","2021-09-20","ElFtGy1kV49xqNP00HfxQA==","CNS","1",100,25,100,,,,,,,,"sulfur",9.78,"microgramsPerLiter","SIRFER_algalPlantChem_isotopes_V1","Revesz & Coplen 2012b","N",,
"fa468c02-2d6e-4fd7-9f0d-047b1d218ccd","D05","CRAM","CRAM.AOS.littoral2","2020-09-28","CRAM.20200928.PHYTOPLANKTON.5.CNSA.1","A00000204448","condition ok","SIRFER Lab at University of Utah","2021-09-20","ElFtGy1kV49xqNP00HfxQA==","CNS","1",100,25,100,,,,,,,,"d15N",1.86,"perMill","SIRFER_algalPlantChem_isotopes_V1","Revesz & Coplen 2012a","N",,
"76b28109-c2f1-4983-8254-7ac51845ba6c","D05","CRAM","CRAM.AOS.buoy.c1","2020-09-28","CRAM.20200928.PHYTOPLANKTON.1.CNSA.1","A00000204453","condition ok","SIRFER Lab at University of Utah","2021-09-20","ElFtGy1kV49xqNP00HfxQA==","CNS","1",100,25,100,,,,,,,,"d13C",-31.95,"perMill","SIRFER_algalPlantChem_isotopes_V1","Revesz & Coplen 2012a","N",,
"784c55fa-108e-47d3-b64a-f4af566851b4","D05","CRAM","CRAM.AOS.buoy.c1","2020-09-28","CRAM.20200928.PHYTOPLANKTON.1.CNSA.1","A00000204453","condition ok","SIRFER Lab at University of Utah","2021-09-20","ElFtGy1kV49xqNP00HfxQA==","CNS","1",100,25,100,,,,,,,,"nitrogen",89.70,"microgramsPerLiter","SIRFER_algalPlantChem_isotopes_V1","Revesz & Coplen 2012a","N",,
"cd68f65f-33e0-4993-8270-b9b673677373","D05","CRAM","CRAM.AOS.littoral1","2020-09-28","CRAM.20200928.PHYTOPLANKTON.2.CNSA.1","A00000204450","condition ok","SIRFER Lab at University of Utah","2021-09-20","ElFtGy1kV49xqNP00HfxQA==","CNS","1",100,25,100,,,,,,,,"carbon",1158.13,"microgramsPerLiter","SIRFER_algalPlantChem_isotopes_V1","Revesz & Coplen 2012a","N",,
"dbdeb8af-ac85-4aef-b908-1854f0faff6f","D05","CRAM","CRAM.AOS.littoral2","2020-09-28","CRAM.20200928.PHYTOPLANKTON.5.CNSA.1","A00000204448","condition ok","SIRFER Lab at University of Utah","2021-09-20","ElFtGy1kV49xqNP00HfxQA==","CNS","1",100,25,100,,,,,,,,"nitrogen",56.60,"microgramsPerLiter","SIRFER_algalPlantChem_isotopes_V1","Revesz & Coplen 2012a","N",,
"bd403de1-55aa-4082-bad7-535b5593d598","D05","CRAM","CRAM.AOS.littoral2","2020-09-28","CRAM.20200928.PHYTOPLANKTON.5.CNSA.1","A00000204448","condition ok","SIRFER Lab at University of Utah","2021-09-20","ElFtGy1kV49xqNP00HfxQA==","CNS","1",100,25,100,,,,,,,,"d13C",-28.81,"perMill","SIRFER_algalPlantChem_isotopes_V1","Revesz & Coplen 2012a","N",,
"0e10ab6f-0383-4c39-b228-fee44ded0d02","D05","CRAM","CRAM.AOS.buoy.c1","2020-09-28","CRAM.20200928.PHYTOPLANKTON.1.CNSB.1","A00000204452","condition ok","SIRFER Lab at University of Utah","2021-09-22","ElFtGy1kV49xqNP00HfxQA==","CNS","1",100,25,100,,,,,,,,"d13C",-31.68,"perMill","SIRFER_algalPlantChem_isotopes_V1","Revesz & Coplen 2012a","Y",,
"0778ea05-c160-4b90-bbb3-88813ed47708","D05","CRAM","CRAM.AOS.buoy.c1","2020-09-28","CRAM.20200928.PHYTOPLANKTON.1.CNSA.1","A00000204453","condition ok","SIRFER Lab at University of Utah","2021-09-20","ElFtGy1kV49xqNP00HfxQA==","CNS","1",100,25,100,,,,,,,,"sulfur",14.26,"microgramsPerLiter","SIRFER_algalPlantChem_isotopes_V1","Revesz & Coplen 2012b","N",,
"7fa8d96a-0358-4fb2-8ac4-ec691b658893","D05","CRAM","CRAM.AOS.riparian.point.02","2020-09-28","CRAM.20200928.EPIXYLON.6.CNSA.1","A00000204424","condition ok","SIRFER Lab at University of Utah","2021-09-20","ElFtGy1kV49xqNP00HfxQA==","CNS","1",4,25,100,,,,,,,,"nitrogen",2901.08,"microgramsPerLiter","SIRFER_algalPlantChem_isotopes_V1","Revesz & Coplen 2012a","N",,
"43bc1878-4e67-46bb-97b4-a9df85477ee8","D05","CRAM","CRAM.AOS.riparian.point.04","2020-09-28","CRAM.20200928.EPIXYLON.7.CNSA.1","A00000204421","condition ok","SIRFER Lab at University of Utah","2021-09-20","ElFtGy1kV49xqNP00HfxQA==","CNS","1",4,25,100,,,,,,,,"carbon",79191.83,"microgramsPerLiter","SIRFER_algalPlantChem_isotopes_V1","Revesz & Coplen 2012a","N",,
"b92feab9-f30d-4a7c-a0cd-f6ace8be6a4c","D05","CRAM","CRAM.AOS.littoral1","2020-09-28","CRAM.20200928.PHYTOPLANKTON.2.CNSB.1","A00000204449","condition ok","SIRFER Lab at University of Utah","2021-09-22","ElFtGy1kV49xqNP00HfxQA==","CNS","1",100,25,100,,,,,,,,"d13C",-29.21,"perMill","SIRFER_algalPlantChem_isotopes_V1","Revesz & Coplen 2012a","Y",,
"f31ab5a1-251b-4ea9-848e-c3be2ba81873","D05","CRAM","CRAM.AOS.riparian.point.08","2020-09-28","CRAM.20200928.EPIXYLON.3.CNSB.1","A00000204416","condition ok","SIRFER Lab at University of Utah","2021-09-22","ElFtGy1kV49xqNP00HfxQA==","CNS","1",4,25,100,,,,,,,,"d13C",-28.51,"perMill","SIRFER_algalPlantChem_isotopes_V1","Revesz & Coplen 2012a","Y",,
"3f87ce9c-7eab-464b-80ac-63baf6dd9592","D05","CRAM","CRAM.AOS.buoy.c1","2020-09-28","CRAM.20200928.PHYTOPLANKTON.1.CNSA.1","A00000204453","condition ok","SIRFER Lab at University of Utah","2021-09-20","ElFtGy1kV49xqNP00HfxQA==","CNS","1",100,25,100,,,,,,,,"d15N",-0.50,"perMill","SIRFER_algalPlantChem_isotopes_V1","Revesz & Coplen 2012a","N",,
"d050dd32-bd06-49c6-ba5a-9bdc3a004546","D05","CRAM","CRAM.AOS.littoral2","2020-09-28","CRAM.20200928.PHYTOPLANKTON.5.CNSA.1","A00000204448","condition ok","SIRFER Lab at University of Utah","2021-09-20","ElFtGy1kV49xqNP00HfxQA==","CNS","1",100,25,100,,,,,,,,"d34S",-0.22,"perMill","SIRFER_algalPlantChem_isotopes_V1","Revesz & Coplen 2012b","N",,
"ec3e4a00-7892-4b11-b8e6-fa2ac4ee11b7","D05","CRAM","CRAM.AOS.littoral2","2020-09-28","CRAM.20200928.PHYTOPLANKTON.5.CNSB.1","A00000204447","condition ok","SIRFER Lab at University of Utah","2021-09-22","ElFtGy1kV49xqNP00HfxQA==","CNS","1",100,25,100,,,,,,,,"carbon",1397.48,"microgramsPerLiter","SIRFER_algalPlantChem_isotopes_V1","Revesz & Coplen 2012a","Y",,
"c8d5b5c3-59b5-4331-a5cc-070f63cd1d17","D05","CRAM","CRAM.AOS.riparian.point.02","2020-09-28","CRAM.20200928.EPIXYLON.6.CNSB.1","A00000204425","condition ok","SIRFER Lab at University of Utah","2021-09-22","ElFtGy1kV49xqNP00HfxQA==","CNS","1",4,25,100,,,,,,,,"d13C",-29.88,"perMill","SIRFER_algalPlantChem_isotopes_V1","Revesz & Coplen 2012a","Y",,
"ddae540a-6d7a-4f29-b81a-5ea808dc8172","D05","CRAM","CRAM.AOS.riparian.point.08","2020-09-28","CRAM.20200928.EPIXYLON.3.CNSA.1","A00000204415","condition ok","SIRFER Lab at University of Utah","2021-09-20","ElFtGy1kV49xqNP00HfxQA==","CNS","1",4,25,100,,,,,,,,"d34S",0.78,"perMill","SIRFER_algalPlantChem_isotopes_V1","Revesz & Coplen 2012b","N",,
"b91a6755-db9c-4669-9930-8daa22af04ae","D05","CRAM","CRAM.AOS.riparian.point.08","2020-09-28","CRAM.20200928.EPIXYLON.3.REP2.CNSA.2","A00000204399","condition ok","SIRFER Lab at University of Utah","2021-09-20","ElFtGy1kV49xqNP00HfxQA==","CNS","1",4,25,100,,,,,,,,"sulfur",212.42,"microgramsPerLiter","SIRFER_algalPlantChem_isotopes_V1","Revesz & Coplen 2012b","N",,
"d6a80dff-de39-4444-98a9-34ecde8f50d6","D05","CRAM","CRAM.AOS.riparian.point.04","2020-09-28","CRAM.20200928.EPIXYLON.7.CNSA.1","A00000204421","condition ok","SIRFER Lab at University of Utah","2021-09-20","ElFtGy1kV49xqNP00HfxQA==","CNS","1",4,25,100,,,,,,,,"sulfur",578.54,"microgramsPerLiter","SIRFER_algalPlantChem_isotopes_V1","Revesz & Coplen 2012b","N",,
"53128016-091f-4a8d-a3a6-f47cd654a1cd","D05","CRAM","CRAM.AOS.riparian.point.02","2020-09-28","CRAM.20200928.EPIXYLON.6.CNSB.1","A00000204425","condition ok","SIRFER Lab at University of Utah","2021-09-22","ElFtGy1kV49xqNP00HfxQA==","CNS","1",4,25,100,,,,,,,,"carbon",80076.41,"microgramsPerLiter","SIRFER_algalPlantChem_isotopes_V1","Revesz & Coplen 2012a","Y",,
"f5d7bd06-9e0b-457d-8aac-54d869e5962a","D05","CRAM","CRAM.AOS.riparian.point.10","2020-09-28","CRAM.20200928.EPIXYLON.4.CNSB.1","A00000204419","condition ok","SIRFER Lab at University of Utah","2021-09-22","ElFtGy1kV49xqNP00HfxQA==","CNS","1",4,25,100,,,,,,,,"d13C",-25.09,"perMill","SIRFER_algalPlantChem_isotopes_V1","Revesz & Coplen 2012a","Y",,
"9f95e754-8a7b-41e2-8af1-5cfec5cbf1f9","D05","CRAM","CRAM.AOS.riparian.point.02","2020-09-28","CRAM.20200928.EPIXYLON.6.CNSA.1","A00000204424","condition ok","SIRFER Lab at University of Utah","2021-09-20","ElFtGy1kV49xqNP00HfxQA==","CNS","1",4,25,100,,,,,,,,"carbon",74933.32,"microgramsPerLiter","SIRFER_algalPlantChem_isotopes_V1","Revesz & Coplen 2012a","N",,
"c96c207b-62f2-4f75-8eb0-5ac2dab2e76e","D05","CRAM","CRAM.AOS.riparian.point.04","2020-09-28","CRAM.20200928.EPIXYLON.7.CNSA.1","A00000204421","condition ok","SIRFER Lab at University of Utah","2021-09-20","ElFtGy1kV49xqNP00HfxQA==","CNS","1",4,25,100,,,,,,,,"nitrogen",3173.98,"microgramsPerLiter","SIRFER_algalPlantChem_isotopes_V1","Revesz & Coplen 2012a","N",,
"87dc184d-e158-41f6-8c9b-85a5c7d20ad4","D05","CRAM","CRAM.AOS.littoral1","2020-09-28","CRAM.20200928.PHYTOPLANKTON.2.CNSA.1","A00000204450","condition ok","SIRFER Lab at University of Utah","2021-09-20","ElFtGy1kV49xqNP00HfxQA==","CNS","1",100,25,100,,,,,,,,"d15N",2.77,"perMill","SIRFER_algalPlantChem_isotopes_V1","Revesz & Coplen 2012a","N",,
"2bd7d2df-1b28-4d76-a8ee-6ae2bfe1dc06","D05","CRAM","CRAM.AOS.riparian.point.04","2020-09-28","CRAM.20200928.EPIXYLON.7.CNSA.1","A00000204421","condition ok","SIRFER Lab at University of Utah","2021-09-20","ElFtGy1kV49xqNP00HfxQA==","CNS","1",4,25,100,,,,,,,,"d13C",-25.12,"perMill","SIRFER_algalPlantChem_isotopes_V1","Revesz & Coplen 2012a","N",,
"8ad41d72-01f5-4ca1-9161-7528d2800bb3","D05","CRAM","CRAM.AOS.riparian.point.06","2020-09-28","CRAM.20200928.EPIXYLON.8.CNSA.1","A00000204397","condition ok","SIRFER Lab at University of Utah","2021-09-20","ElFtGy1kV49xqNP00HfxQA==","CNS","1",4,25,100,,,,,,,,"nitrogen",4137.76,"microgramsPerLiter","SIRFER_algalPlantChem_isotopes_V1","Revesz & Coplen 2012a","N",,
"763edce8-3187-4e32-869e-a0d65428ff91","D05","CRAM","CRAM.AOS.littoral1","2020-09-28","CRAM.20200928.PHYTOPLANKTON.2.CNSA.1","A00000204450","condition ok","SIRFER Lab at University of Utah","2021-09-20","ElFtGy1kV49xqNP00HfxQA==","CNS","1",100,25,100,,,,,,,,"d34S",-2.13,"perMill","SIRFER_algalPlantChem_isotopes_V1","Revesz & Coplen 2012b","N",,
"ee29847a-f643-4f2c-80e2-bf414496005f","D05","CRAM","CRAM.AOS.littoral1","2020-09-28","CRAM.20200928.PHYTOPLANKTON.2.CNSA.1","A00000204450","condition ok","SIRFER Lab at University of Utah","2021-09-20","ElFtGy1kV49xqNP00HfxQA==","CNS","1",100,25,100,,,,,,,,"nitrogen",84.60,"microgramsPerLiter","SIRFER_algalPlantChem_isotopes_V1","Revesz & Coplen 2012a","N",,
"a7b08d0c-aa9b-4954-ae0a-641dbf3718be","D05","CRAM","CRAM.AOS.riparian.point.04","2020-09-28","CRAM.20200928.EPIXYLON.7.CNSA.1","A00000204421","condition ok","SIRFER Lab at University of Utah","2021-09-20","ElFtGy1kV49xqNP00HfxQA==","CNS","1",4,25,100,,,,,,,,"d15N",1.20,"perMill","SIRFER_algalPlantChem_isotopes_V1","Revesz & Coplen 2012a","N",,
"1b10e16c-17bf-4c87-853a-d02282deb2ab","D05","CRAM","CRAM.AOS.riparian.point.08","2020-09-28","CRAM.20200928.EPIXYLON.3.REP2.CNSA.2","A00000204399","condition ok","SIRFER Lab at University of Utah","2021-09-20","ElFtGy1kV49xqNP00HfxQA==","CNS","1",4,25,100,,,,,,,,"nitrogen",3416.81,"microgramsPerLiter","SIRFER_algalPlantChem_isotopes_V1","Revesz & Coplen 2012a","N",,
"ec0b36e1-8f8d-4683-bf70-523451cfcbc0","D05","CRAM","CRAM.AOS.riparian.point.02","2020-09-28","CRAM.20200928.EPIXYLON.6.CNSA.1","A00000204424","condition ok","SIRFER Lab at University of Utah","2021-09-20","ElFtGy1kV49xqNP00HfxQA==","CNS","1",4,25,100,,,,,,,,"sulfur",457.65,"microgramsPerLiter","SIRFER_algalPlantChem_isotopes_V1","Revesz & Coplen 2012b","N",,
"52a7ea92-ece3-4aba-9d71-21bc08ea82fc","D05","CRAM","CRAM.AOS.riparian.point.04","2020-09-28","CRAM.20200928.EPIXYLON.7.CNSA.1","A00000204421","condition ok","SIRFER Lab at University of Utah","2021-09-20","ElFtGy1kV49xqNP00HfxQA==","CNS","1",4,25,100,,,,,,,,"d34S",3.32,"perMill","SIRFER_algalPlantChem_isotopes_V1","Revesz & Coplen 2012b","N",,
"25f23f74-03b5-47cc-b273-b7cec5470364","D05","CRAM","CRAM.AOS.littoral2","2020-09-28","CRAM.20200928.PHYTOPLANKTON.5.CHL/PHEO.1","B00000080624","condition ok","Great Lakes Environmental Center, Inc.","2020-10-02","4CajRO/thb0=","chlorophyll/pheophytin","1",100,25,100,1,7,418.5510,,,0.2500,0.0850,"pheophytin",10.04,"microgramsPerLiter","GLEC_algalChlorophyll_V1","APHA 10200H",,,
"38332e17-00c3-429b-8398-1127a578cced","D05","CRAM","CRAM.AOS.littoral1","2020-09-28","CRAM.20200928.PHYTOPLANKTON.2.CHL/PHEO.1","B00000080625","condition ok","Great Lakes Environmental Center, Inc.","2020-10-02","4CajRO/thb0=","chlorophyll/pheophytin","1",100,25,100,1,7,418.5510,,,0.2300,0.0720,"chlorophyll a",5.50,"microgramsPerLiter","GLEC_algalChlorophyll_V1","APHA 10200H",,,
"6190c536-aa55-4a79-8489-4579c4448eb6","D05","CRAM","CRAM.AOS.littoral1","2020-09-28","CRAM.20200928.PHYTOPLANKTON.2.CHL/PHEO.1","B00000080625","condition ok","Great Lakes Environmental Center, Inc.","2020-10-02","4CajRO/thb0=","chlorophyll/pheophytin","1",100,25,100,1,7,418.5510,,,0.2300,0.0720,"pheophytin",7.87,"microgramsPerLiter","GLEC_algalChlorophyll_V1","APHA 10200H",,,
"04371cb3-0a9a-4136-99dd-e06352be4e8f","D05","CRAM","CRAM.AOS.riparian.point.08","2020-09-28","CRAM.20200928.EPIXYLON.3.CHL/PHEO.1","B00000080623","condition ok","Great Lakes Environmental Center, Inc.","2020-10-02","4CajRO/thb0=","chlorophyll/pheophytin","1",4,25,100,1,7,418.5510,,,0.3450,0.1790,"chlorophyll a",144.37,"microgramsPerLiter","GLEC_algalChlorophyll_V1","APHA 10200H",,,
"7e068c43-c2cc-486a-8cb4-f148393a813d","D05","CRAM","CRAM.AOS.buoy.c1","2020-09-28","CRAM.20200928.PHYTOPLANKTON.1.CHL/PHEO.1","B00000080626","condition ok","Great Lakes Environmental Center, Inc.","2020-10-02","4CajRO/thb0=","chlorophyll/pheophytin","1",100,25,100,1,7,418.5510,,,0.3820,0.2820,"chlorophyll a",3.48,"microgramsPerLiter","GLEC_algalChlorophyll_V1","APHA 10200H",,,
"df4cac00-094f-4558-b0aa-d9475c8b7b38","D05","CRAM","CRAM.AOS.littoral2","2020-09-28","CRAM.20200928.PHYTOPLANKTON.5.CHL/PHEO.1","B00000080624","condition ok","Great Lakes Environmental Center, Inc.","2020-10-02","4CajRO/thb0=","chlorophyll/pheophytin","1",100,25,100,1,7,418.5510,,,0.2500,0.0850,"chlorophyll a",5.74,"microgramsPerLiter","GLEC_algalChlorophyll_V1","APHA 10200H",,,
"f0a31bae-e619-4607-b783-d94488086e2f","D05","CRAM","CRAM.AOS.riparian.point.02","2020-09-28","CRAM.20200928.EPIXYLON.6.CHL/PHEO.1","B00000080620","condition ok","Great Lakes Environmental Center, Inc.","2020-10-02","4CajRO/thb0=","chlorophyll/pheophytin","1",4,25,100,1,7,418.5510,,,0.5050,0.2000,"pheophytin",663.14,"microgramsPerLiter","GLEC_algalChlorophyll_V1","APHA 10200H",,,
"b3095036-8f3b-4a26-bbad-a9b0a2d6912c","D05","CRAM","CRAM.AOS.riparian.point.04","2020-09-28","CRAM.20200928.EPIXYLON.7.CHL/PHEO.1","B00000080621","condition ok","Great Lakes Environmental Center, Inc.","2020-10-02","4CajRO/thb0=","chlorophyll/pheophytin","1",4,25,100,1,7,418.5510,,,0.2500,0.1470,"pheophytin",592.79,"microgramsPerLiter","GLEC_algalChlorophyll_V1","APHA 10200H",,,
"221c3fd1-0af4-4ccf-b503-e1490fb9e080","D05","CRAM","CRAM.AOS.riparian.point.06","2020-09-28","CRAM.20200928.EPIXYLON.8.CHL/PHEO.1","B00000080619","condition ok","Great Lakes Environmental Center, Inc.","2020-10-02","4CajRO/thb0=","chlorophyll/pheophytin","1",4,25,100,1,7,418.5510,,,0.2920,0.1220,"pheophytin",418.48,"microgramsPerLiter","GLEC_algalChlorophyll_V1","APHA 10200H",,,
"4ee905ba-ca51-43b1-a656-4552325aa2b7","D05","CRAM","CRAM.AOS.riparian.point.08","2020-09-28","CRAM.20200928.EPIXYLON.3.CHL/PHEO.1","B00000080623","condition ok","Great Lakes Environmental Center, Inc.","2020-10-02","4CajRO/thb0=","chlorophyll/pheophytin","1",4,25,100,1,7,418.5510,,,0.3450,0.1790,"pheophytin",686.55,"microgramsPerLiter","GLEC_algalChlorophyll_V1","APHA 10200H",,,
"d52cdf06-2e73-4df5-84f7-dd73bed9273b","D05","CRAM","CRAM.AOS.riparian.point.08","2020-09-28","CRAM.20200928.EPIXYLON.3.REP2.CHL/PHEO.2","B00000080618","condition ok","Great Lakes Environmental Center, Inc.","2020-10-02","4CajRO/thb0=","chlorophyll/pheophytin","2",4,25,100,1,7,418.5510,,,0.3310,0.1710,"pheophytin",654.63,"microgramsPerLiter","GLEC_algalChlorophyll_V1","APHA 10200H",,,
"070ed3f8-37a6-474b-a250-26601a39ef7f","D05","CRAM","CRAM.AOS.buoy.c1","2020-09-28","CRAM.20200928.PHYTOPLANKTON.1.CHL/PHEO.1","B00000080626","condition ok","Great Lakes Environmental Center, Inc.","2020-10-02","4CajRO/thb0=","chlorophyll/pheophytin","1",100,25,100,1,7,418.5510,,,0.3820,0.2820,"pheophytin",48.88,"microgramsPerLiter","GLEC_algalChlorophyll_V1","APHA 10200H",,,
"d02a426b-7233-4027-a389-3dd9a0f20b6d","D05","CRAM","CRAM.AOS.riparian.point.02","2020-09-28","CRAM.20200928.EPIXYLON.6.CHL/PHEO.1","B00000080620","condition ok","Great Lakes Environmental Center, Inc.","2020-10-02","4CajRO/thb0=","chlorophyll/pheophytin","1",4,25,100,1,7,418.5510,,,0.5050,0.2000,"chlorophyll a",265.26,"microgramsPerLiter","GLEC_algalChlorophyll_V1","APHA 10200H",,,
"83b8cecb-3951-4c1c-b048-cd99ce54165b","D05","CRAM","CRAM.AOS.riparian.point.04","2020-09-28","CRAM.20200928.EPIXYLON.7.CHL/PHEO.1","B00000080621","condition ok","Great Lakes Environmental Center, Inc.","2020-10-02","4CajRO/thb0=","chlorophyll/pheophytin","1",4,25,100,1,7,418.5510,,,0.2500,0.1470,"chlorophyll a",89.58,"microgramsPerLiter","GLEC_algalChlorophyll_V1","APHA 10200H",,,
"5e12c6ea-eaf2-4b49-a666-3f94a03bcbab","D05","CRAM","CRAM.AOS.riparian.point.10","2020-09-28","CRAM.20200928.EPIXYLON.4.CHL/PHEO.1","B00000080622","condition ok","Great Lakes Environmental Center, Inc.","2020-10-02","4CajRO/thb0=","chlorophyll/pheophytin","1",4,25,100,1,7,418.5510,,,0.2960,0.1300,"chlorophyll a",144.37,"microgramsPerLiter","GLEC_algalChlorophyll_V1","APHA 10200H",,,
"387f426d-5732-4d11-8ed2-85f4d361704f","D05","CRAM","CRAM.AOS.riparian.point.10","2020-09-28","CRAM.20200928.EPIXYLON.4.CHL/PHEO.1","B00000080622","condition ok","Great Lakes Environmental Center, Inc.","2020-10-02","4CajRO/thb0=","chlorophyll/pheophytin","1",4,25,100,1,7,418.5510,,,0.2960,0.1300,"pheophytin",459.09,"microgramsPerLiter","GLEC_algalChlorophyll_V1","APHA 10200H",,,
"dc8e46e4-9e4e-440c-9d27-9dfc781529fa","D05","CRAM","CRAM.AOS.riparian.point.06","2020-09-28","CRAM.20200928.EPIXYLON.8.CHL/PHEO.1","B00000080619","condition ok","Great Lakes Environmental Center, Inc.","2020-10-02","4CajRO/thb0=","chlorophyll/pheophytin","1",4,25,100,1,7,418.5510,,,0.2920,0.1220,"chlorophyll a",147.85,"microgramsPerLiter","GLEC_algalChlorophyll_V1","APHA 10200H",,,
"05834344-7870-4a4b-8e61-9ffc92b58d6c","D05","CRAM","CRAM.AOS.riparian.point.08","2020-09-28","CRAM.20200928.EPIXYLON.3.REP2.CHL/PHEO.2","B00000080618","condition ok","Great Lakes Environmental Center, Inc.","2020-10-02","4CajRO/thb0=","chlorophyll/pheophytin","2",4,25,100,1,7,418.5510,,,0.3310,0.1710,"chlorophyll a",139.15,"microgramsPerLiter","GLEC_algalChlorophyll_V1","APHA 10200H",,,
