uid,domainID,siteID,namedLocation,date,eventID,sampleDepth,waterTemp,specificConductance,dissolvedOxygen,dissolvedOxygenSaturation,dataQF
"bf0191d2-d206-4aef-bd69-ec0b067bb26d","D05","LIRO","LIRO.AOS.buoy.c0","2021-03-02T18:52Z","LIRO.c0.20210302",5.0,4.0,11.5,4.5,34.2,
"7ef8bc50-3158-45ad-8649-b9612552a51a","D05","LIRO","LIRO.AOS.buoy.c0","2021-03-02T18:52Z","LIRO.c0.20210302",2.5,3.9,11.3,5.2,39.6,
"466ab28e-a0a8-48d2-adab-5e3207c97d76","D05","LIRO","LIRO.AOS.buoy.c0","2021-03-02T18:52Z","LIRO.c0.20210302",0.5,0.7,11.8,7.8,53.9,
"8d60c2dd-3a14-4351-a3a3-82b14477be0c","D05","LIRO","LIRO.AOS.buoy.c0","2021-03-02T18:52Z","LIRO.c0.20210302",7.0,4.1,11.9,3.7,28.2,
"2bcb5f5d-402a-4d9e-a09e-3da0a8ac4ee7","D05","LIRO","LIRO.AOS.buoy.c0","2021-03-02T18:52Z","LIRO.c0.20210302",9.0,4.3,12.2,0.5,2.5,
