uid,domainID,siteID,namedLocation,collectDate,sampleID,sampleCode,sampleCondition,laboratoryName,analysisDate,analyzedBy,sampleType,replicate,sampleVolumeFiltered,filterSize,percentFilterAnalyzed,dilutionFactor,solventVolume,responseFactor,acidificationResponseFactor,fluorometerSensitivitySetting,preAcidificationFluorescence,postAcidificationFluorescence,analyte,analyteConcentration,plantAlgaeLabUnits,testMethod,method,acidTreatment,externalRemarks,externalLabDataQF
"38d4c6ec-85bc-4657-a2ee-9d58297a9a7a","D05","LIRO","LIRO.AOS.littoral2","2020-06-16","LIRO.20200616.PHYTOPLANKTON.8.REP2.CNSB.2","A00000202999","condition ok","SIRFER Lab at University of Utah","2021-08-05","ElFtGy1kV49xqNP00HfxQA==","CNS","1",200,25,100,,,,,,,,"d13C",-32.11,"perMill","SIRFER_algalPlantChem_isotopes_V1","Revesz & Coplen 2012a","Y",,
"b2dafb85-cae1-4669-8d46-51d58679d548","D05","LIRO","LIRO.AOS.littoral2","2020-06-16","LIRO.20200616.PHYTOPLANKTON.8.REP2.CNSA.2","A00000203000","condition ok","SIRFER Lab at University of Utah","2021-07-19","ElFtGy1kV49xqNP00HfxQA==","CNS","1",200,25,100,,,,,,,,"d13C",-31.85,"perMill","SIRFER_algalPlantChem_isotopes_V1","Revesz & Coplen 2012a","N",,
"d9d40dba-a686-49a8-b658-1fff10566175","D05","LIRO","LIRO.AOS.littoral2","2020-06-16","LIRO.20200616.PHYTOPLANKTON.8.REP2.CNSA.2","A00000203000","condition ok","SIRFER Lab at University of Utah","2021-07-19","ElFtGy1kV49xqNP00HfxQA==","CNS","1",200,25,100,,,,,,,,"sulfur",108.35,"microgramsPerLiter","SIRFER_algalPlantChem_isotopes_V1","Revesz & Coplen 2012b","N",,
"7d671b56-a98a-4daa-b45f-041b162e3203","D05","LIRO","LIRO.AOS.littoral2","2020-06-16","LIRO.20200616.PHYTOPLANKTON.8.REP2.CNSA.2","A00000203000","condition ok","SIRFER Lab at University of Utah","2021-07-19","ElFtGy1kV49xqNP00HfxQA==","CNS","1",200,25,100,,,,,,,,"d34S",5.30,"perMill","SIRFER_algalPlantChem_isotopes_V1","Revesz & Coplen 2012b","N",,
"ddc70a50-bd79-42aa-8909-eb56cdb92e89","D05","LIRO","LIRO.AOS.littoral2","2020-06-16","LIRO.20200616.PHYTOPLANKTON.8.REP2.CNSA.2","A00000203000","condition ok","SIRFER Lab at University of Utah","2021-07-19","ElFtGy1kV49xqNP00HfxQA==","CNS","1",200,25,100,,,,,,,,"d15N",-0.86,"perMill","SIRFER_algalPlantChem_isotopes_V1","Revesz & Coplen 2012a","N",,
"cb6da96e-c9b5-41b8-bcb2-40b2b0f2a23f","D05","LIRO","LIRO.AOS.littoral2","2020-06-16","LIRO.20200616.PHYTOPLANKTON.8.REP2.CNSB.2","A00000202999","condition ok","SIRFER Lab at University of Utah","2021-08-05","ElFtGy1kV49xqNP00HfxQA==","CNS","1",200,25,100,,,,,,,,"carbon",682.84,"microgramsPerLiter","SIRFER_algalPlantChem_isotopes_V1","Revesz & Coplen 2012a","Y",,
"77e2480b-b905-4526-9e28-5aec9c313ee0","D05","LIRO","LIRO.AOS.littoral2","2020-06-16","LIRO.20200616.PHYTOPLANKTON.8.REP2.CNSA.2","A00000203000","condition ok","SIRFER Lab at University of Utah","2021-07-19","ElFtGy1kV49xqNP00HfxQA==","CNS","1",200,25,100,,,,,,,,"nitrogen",56.43,"microgramsPerLiter","SIRFER_algalPlantChem_isotopes_V1","Revesz & Coplen 2012a","N",,
"3b1ddee2-db71-45c8-88f5-dd5ef8360bcf","D05","LIRO","LIRO.AOS.littoral2","2020-06-16","LIRO.20200616.PHYTOPLANKTON.8.REP2.CNSA.2","A00000203000","condition ok","SIRFER Lab at University of Utah","2021-07-19","ElFtGy1kV49xqNP00HfxQA==","CNS","1",200,25,100,,,,,,,,"carbon",577.94,"microgramsPerLiter","SIRFER_algalPlantChem_isotopes_V1","Revesz & Coplen 2012a","N",,
"d0822eda-d84e-4253-acaf-6879cde8cd78","D05","LIRO","LIRO.AOS.littoral1","2020-06-16","LIRO.20200616.PHYTOPLANKTON.2.P.1","A00000202984","condition ok","SIRFER Lab at University of Utah","2020-11-12","a1rVWpE0V4zMCUk591/P0Q==","P","1",200,25,100,,,,,,,,"phosphorus",9.69,"microgramsPerLiter","ICPMetalsLab_P_V2.0","Ivanov et al 2012","N",,
"2c6a72b6-bc41-45aa-ac22-6b8115109299","D05","LIRO","LIRO.AOS.riparian.point.10","2020-06-16","LIRO.20200616.EPIXYLON.7.P.1","A00000203111","condition ok","SIRFER Lab at University of Utah","2020-11-12","a1rVWpE0V4zMCUk591/P0Q==","P","1",4,25,100,,,,,,,,"phosphorus",232.23,"microgramsPerLiter","ICPMetalsLab_P_V2.0","Ivanov et al 2012","N",,
"82b8744d-7703-46e8-99bc-6c9814038cb7","D05","LIRO","LIRO.AOS.buoy.c1","2020-06-16","LIRO.20200616.PHYTOPLANKTON.1.P.1","A00000202988","condition ok","SIRFER Lab at University of Utah","2020-11-12","a1rVWpE0V4zMCUk591/P0Q==","P","1",200,25,100,,,,,,,,"phosphorus",13.11,"microgramsPerLiter","ICPMetalsLab_P_V2.0","Ivanov et al 2012","N",,
"d8510112-6cf7-4bf0-beaa-759dca1de6ee","D05","LIRO","LIRO.AOS.riparian.point.06","2020-06-16","LIRO.20200616.EPIXYLON.4.P.1","A00000202997","condition ok","SIRFER Lab at University of Utah","2020-11-12","a1rVWpE0V4zMCUk591/P0Q==","P","1",4,25,100,,,,,,,,"phosphorus",387.06,"microgramsPerLiter","ICPMetalsLab_P_V2.0","Ivanov et al 2012","N",,
"b2f2ae6f-652e-417a-b03e-9e8b2f0e9011","D05","LIRO","LIRO.AOS.littoral2","2020-06-16","LIRO.20200616.PHYTOPLANKTON.8.P.1","A00000202980","condition ok","SIRFER Lab at University of Utah","2020-11-12","a1rVWpE0V4zMCUk591/P0Q==","P","1",200,25,100,,,,,,,,"phosphorus",6.83,"microgramsPerLiter","ICPMetalsLab_P_V2.0","Ivanov et al 2012","N",,
"bb92ccb6-962c-43f2-b4aa-c3c5d47ba517","D05","LIRO","LIRO.AOS.riparian.point.02","2020-06-16","LIRO.20200616.EPIXYLON.6.P.1","A00000203108","condition ok","SIRFER Lab at University of Utah","2020-11-12","a1rVWpE0V4zMCUk591/P0Q==","P","1",4,25,100,,,,,,,,"phosphorus",358.16,"microgramsPerLiter","ICPMetalsLab_P_V2.0","Ivanov et al 2012","N",,
"e138e7e1-8857-4896-b61f-c1372a4a42e8","D05","LIRO","LIRO.AOS.riparian.point.04","2020-06-16","LIRO.20200616.EPIXYLON.3.P.1","A00000203002","condition ok","SIRFER Lab at University of Utah","2020-11-12","a1rVWpE0V4zMCUk591/P0Q==","P","1",200,25,100,,,,,,,,"phosphorus",7.29,"microgramsPerLiter","ICPMetalsLab_P_V2.0","Ivanov et al 2012","N",,
"f389f972-110b-448a-accf-804706a39d3d","D05","LIRO","LIRO.AOS.riparian.point.08","2020-06-16","LIRO.20200616.EPIXYLON.5.P.1","A00000203105","condition ok","SIRFER Lab at University of Utah","2020-11-12","a1rVWpE0V4zMCUk591/P0Q==","P","1",4,25,100,,,,,,,,"phosphorus",152.73,"microgramsPerLiter","ICPMetalsLab_P_V2.0","Ivanov et al 2012","N",,
"ecf2ad67-1ec5-4d20-9e14-b621200e9693","D05","LIRO","LIRO.AOS.riparian.point.08","2020-06-16","LIRO.20200616.EPIXYLON.5.CHL/PHEO.1","B00000062296","condition ok","Great Lakes Environmental Center, Inc.","2020-06-29","4CajRO/thb0=","chlorophyll/pheophytin","1",4,25,100,1,7,417.9825,,,0.2850,0.1060,"chlorophyll a",155.44,"microgramsPerLiter","GLEC_algalChlorophyll_V1","APHA 10200H",,"Samples exceeded 7-day hold time at Domain 7 by 2 days but are within 14 day hold time for analysis",
"7336d532-d114-4431-91c7-97b9db0c7a31","D05","LIRO","LIRO.AOS.riparian.point.04","2020-06-16","LIRO.20200616.EPIXYLON.3.CHL/PHEO.1","B00000062293","condition ok","Great Lakes Environmental Center, Inc.","2020-06-29","4CajRO/thb0=","chlorophyll/pheophytin","1",200,25,100,1,7,417.9825,,,0.2300,0.0930,"chlorophyll a",2.38,"microgramsPerLiter","GLEC_algalChlorophyll_V1","APHA 10200H",,"Samples exceeded 7-day hold time at Domain 7 by 2 days but are within 14 day hold time for analysis",
"83dda5eb-590d-41d9-8d84-738a408a3ba1","D05","LIRO","LIRO.AOS.buoy.c1","2020-06-16","LIRO.20200616.PHYTOPLANKTON.1.CHL/PHEO.1","B00000062290","condition ok","Great Lakes Environmental Center, Inc.","2020-06-29","4CajRO/thb0=","chlorophyll/pheophytin","1",200,25,100,1,7,417.9825,,,0.2760,0.1070,"pheophytin",7.00,"microgramsPerLiter","GLEC_algalChlorophyll_V1","APHA 10200H",,"Samples exceeded 7-day hold time at Domain 7 by 2 days but are within 14 day hold time for analysis",
"e7bd4d38-38e1-4861-9436-0de3e80c9ba9","D05","LIRO","LIRO.AOS.buoy.c1","2020-06-16","LIRO.20200616.PHYTOPLANKTON.1.CHL/PHEO.1","B00000062290","condition ok","Great Lakes Environmental Center, Inc.","2020-06-29","4CajRO/thb0=","chlorophyll/pheophytin","1",200,25,100,1,7,417.9825,,,0.2760,0.1070,"chlorophyll a",2.94,"microgramsPerLiter","GLEC_algalChlorophyll_V1","APHA 10200H",,"Samples exceeded 7-day hold time at Domain 7 by 2 days but are within 14 day hold time for analysis",
"bdd4431b-da62-4f61-aee4-56fc331c31bf","D05","LIRO","LIRO.AOS.littoral2","2020-06-16","LIRO.20200616.PHYTOPLANKTON.8.CHL/PHEO.1","B00000062292","condition ok","Great Lakes Environmental Center, Inc.","2020-06-29","4CajRO/thb0=","chlorophyll/pheophytin","1",200,25,100,1,7,417.9825,,,0.1870,0.0750,"chlorophyll a",1.95,"microgramsPerLiter","GLEC_algalChlorophyll_V1","APHA 10200H",,"Samples exceeded 7-day hold time at Domain 7 by 2 days but are within 14 day hold time for analysis",
"bf5d8c18-528f-4d02-a17c-4ce29e89d040","D05","LIRO","LIRO.AOS.riparian.point.02","2020-06-16","LIRO.20200616.EPIXYLON.6.CHL/PHEO.1","B00000062297","condition ok","Great Lakes Environmental Center, Inc.","2020-06-29","4CajRO/thb0=","chlorophyll/pheophytin","1",4,25,100,1,7,417.9825,,,0.2610,0.1300,"chlorophyll a",113.75,"microgramsPerLiter","GLEC_algalChlorophyll_V1","APHA 10200H",,"Samples exceeded 7-day hold time at Domain 7 by 2 days but are within 14 day hold time for analysis",
"89681185-5182-4c5d-9956-b169e917ed19","D05","LIRO","LIRO.AOS.littoral2","2020-06-16","LIRO.20200616.PHYTOPLANKTON.8.CHL/PHEO.1","B00000062292","condition ok","Great Lakes Environmental Center, Inc.","2020-06-29","4CajRO/thb0=","chlorophyll/pheophytin","1",200,25,100,1,7,417.9825,,,0.1870,0.0750,"pheophytin",5.02,"microgramsPerLiter","GLEC_algalChlorophyll_V1","APHA 10200H",,"Samples exceeded 7-day hold time at Domain 7 by 2 days but are within 14 day hold time for analysis",
"db4ce9e2-c0bb-4417-8ee8-2ef1f2d72780","D05","LIRO","LIRO.AOS.littoral2","2020-06-16","LIRO.20200616.PHYTOPLANKTON.8.REP2.CHL/PHEO.2","B00000062294","condition ok","Great Lakes Environmental Center, Inc.","2020-06-29","4CajRO/thb0=","chlorophyll/pheophytin","2",200,25,100,1,7,417.9825,,,0.1760,0.0700,"chlorophyll a",1.84,"microgramsPerLiter","GLEC_algalChlorophyll_V1","APHA 10200H",,"Samples exceeded 7-day hold time at Domain 7 by 2 days but are within 14 day hold time for analysis",
"d40ca620-0ce2-4412-baee-f3b8f257bf41","D05","LIRO","LIRO.AOS.riparian.point.06","2020-06-16","LIRO.20200616.EPIXYLON.4.CHL/PHEO.1","B00000062295","condition ok","Great Lakes Environmental Center, Inc.","2020-06-29","4CajRO/thb0=","chlorophyll/pheophytin","1",4,25,100,1,7,417.9825,,,0.1640,0.0910,"pheophytin",358.87,"microgramsPerLiter","GLEC_algalChlorophyll_V1","APHA 10200H",,"Samples exceeded 7-day hold time at Domain 7 by 2 days but are within 14 day hold time for analysis",
"9b899e35-978d-42c5-94a8-0fafb73e2ce1","D05","LIRO","LIRO.AOS.riparian.point.04","2020-06-16","LIRO.20200616.EPIXYLON.3.CHL/PHEO.1","B00000062293","condition ok","Great Lakes Environmental Center, Inc.","2020-06-29","4CajRO/thb0=","chlorophyll/pheophytin","1",200,25,100,1,7,417.9825,,,0.2300,0.0930,"pheophytin",6.25,"microgramsPerLiter","GLEC_algalChlorophyll_V1","APHA 10200H",,"Samples exceeded 7-day hold time at Domain 7 by 2 days but are within 14 day hold time for analysis",
"ab988cea-7c29-4f89-ac1d-d55dfec79862","D05","LIRO","LIRO.AOS.littoral2","2020-06-16","LIRO.20200616.PHYTOPLANKTON.8.REP2.CHL/PHEO.2","B00000062294","condition ok","Great Lakes Environmental Center, Inc.","2020-06-29","4CajRO/thb0=","chlorophyll/pheophytin","2",200,25,100,1,7,417.9825,,,0.1760,0.0700,"pheophytin",4.66,"microgramsPerLiter","GLEC_algalChlorophyll_V1","APHA 10200H",,"Samples exceeded 7-day hold time at Domain 7 by 2 days but are within 14 day hold time for analysis",
"80b90ca5-58c5-4045-9382-15aadf5a73a4","D05","LIRO","LIRO.AOS.riparian.point.10","2020-06-16","LIRO.20200616.EPIXYLON.7.CHL/PHEO.1","B00000062298","condition ok","Great Lakes Environmental Center, Inc.","2020-06-29","4CajRO/thb0=","chlorophyll/pheophytin","1",4,25,100,1,7,417.9825,,,0.1560,0.0890,"pheophytin",354.80,"microgramsPerLiter","GLEC_algalChlorophyll_V1","APHA 10200H",,"Samples exceeded 7-day hold time at Domain 7 by 2 days but are within 14 day hold time for analysis",
"cc15b84e-9770-4f86-a63f-538b518614a4","D05","LIRO","LIRO.AOS.riparian.point.02","2020-06-16","LIRO.20200616.EPIXYLON.6.CHL/PHEO.1","B00000062297","condition ok","Great Lakes Environmental Center, Inc.","2020-06-29","4CajRO/thb0=","chlorophyll/pheophytin","1",4,25,100,1,7,417.9825,,,0.2610,0.1300,"pheophytin",489.48,"microgramsPerLiter","GLEC_algalChlorophyll_V1","APHA 10200H",,"Samples exceeded 7-day hold time at Domain 7 by 2 days but are within 14 day hold time for analysis",
"d1fdb684-6962-4be4-b54f-34d6e39d78a3","D05","LIRO","LIRO.AOS.riparian.point.08","2020-06-16","LIRO.20200616.EPIXYLON.5.CHL/PHEO.1","B00000062296","condition ok","Great Lakes Environmental Center, Inc.","2020-06-29","4CajRO/thb0=","chlorophyll/pheophytin","1",4,25,100,1,7,417.9825,,,0.2850,0.1060,"pheophytin",336.43,"microgramsPerLiter","GLEC_algalChlorophyll_V1","APHA 10200H",,"Samples exceeded 7-day hold time at Domain 7 by 2 days but are within 14 day hold time for analysis",
"a35c3650-965b-41fe-807b-59d803ae75dc","D05","LIRO","LIRO.AOS.littoral1","2020-06-16","LIRO.20200616.PHYTOPLANKTON.2.CHL/PHEO.1","B00000062291","condition ok","Great Lakes Environmental Center, Inc.","2020-06-29","4CajRO/thb0=","chlorophyll/pheophytin","1",200,25,100,1,7,417.9825,,,0.1810,0.0650,"pheophytin",4.02,"microgramsPerLiter","GLEC_algalChlorophyll_V1","APHA 10200H",,"Samples exceeded 7-day hold time at Domain 7 by 2 days but are within 14 day hold time for analysis",
"7cc5bd6c-8992-4828-8b91-96ba24f4a5b2","D05","LIRO","LIRO.AOS.riparian.point.10","2020-06-16","LIRO.20200616.EPIXYLON.7.CHL/PHEO.1","B00000062298","condition ok","Great Lakes Environmental Center, Inc.","2020-06-29","4CajRO/thb0=","chlorophyll/pheophytin","1",4,25,100,1,7,417.9825,,,0.1560,0.0890,"chlorophyll a",58.18,"microgramsPerLiter","GLEC_algalChlorophyll_V1","APHA 10200H",,"Samples exceeded 7-day hold time at Domain 7 by 2 days but are within 14 day hold time for analysis",
"38190c1d-ae1b-417b-8c0a-a47bc42259da","D05","LIRO","LIRO.AOS.riparian.point.06","2020-06-16","LIRO.20200616.EPIXYLON.4.CHL/PHEO.1","B00000062295","condition ok","Great Lakes Environmental Center, Inc.","2020-06-29","4CajRO/thb0=","chlorophyll/pheophytin","1",4,25,100,1,7,417.9825,,,0.1640,0.0910,"chlorophyll a",63.39,"microgramsPerLiter","GLEC_algalChlorophyll_V1","APHA 10200H",,"Samples exceeded 7-day hold time at Domain 7 by 2 days but are within 14 day hold time for analysis",
"67b13720-c231-41bc-8691-6b6998320be3","D05","LIRO","LIRO.AOS.littoral1","2020-06-16","LIRO.20200616.PHYTOPLANKTON.2.CHL/PHEO.1","B00000062291","condition ok","Great Lakes Environmental Center, Inc.","2020-06-29","4CajRO/thb0=","chlorophyll/pheophytin","1",200,25,100,1,7,417.9825,,,0.1810,0.0650,"chlorophyll a",2.01,"microgramsPerLiter","GLEC_algalChlorophyll_V1","APHA 10200H",,"Samples exceeded 7-day hold time at Domain 7 by 2 days but are within 14 day hold time for analysis",
"17f5a30e-b35e-40df-a5f2-6f59f8438b86","D05","LIRO","LIRO.AOS.riparian.point.10","2020-06-16","LIRO.20200616.EPIXYLON.7.CNSA.1","A00000203109","condition ok","SIRFER Lab at University of Utah","2020-07-02","ElFtGy1kV49xqNP00HfxQA==","CNS","1",4,25,100,,,,,,,,"nitrogen",7360.73,"microgramsPerLiter","SIRFER_algalPlantChem_isotopes_V1","Revesz & Coplen 2012a",,,
"b4fc9bd7-e851-4216-abb5-cbc3a34d1177","D05","LIRO","LIRO.AOS.riparian.point.08","2020-06-16","LIRO.20200616.EPIXYLON.5.CNSA.1","A00000203103","condition ok","SIRFER Lab at University of Utah","2020-07-02","ElFtGy1kV49xqNP00HfxQA==","CNS","1",4,25,100,,,,,,,,"sulfur",487.15,"microgramsPerLiter","SIRFER_algalPlantChem_isotopes_V1","Revesz & Coplen 2012b",,,
"1bcb79fe-57c9-4a80-8c97-4c6853ff67f2","D05","LIRO","LIRO.AOS.littoral2","2020-06-16","LIRO.20200616.PHYTOPLANKTON.8.CNSA.1","A00000202982","condition ok","SIRFER Lab at University of Utah","2020-07-02","ElFtGy1kV49xqNP00HfxQA==","CNS","1",200,25,100,,,,,,,,"sulfur",124.43,"microgramsPerLiter","SIRFER_algalPlantChem_isotopes_V1","Revesz & Coplen 2012b",,,
"1f443d76-2317-44ca-a02a-9b8382dd3bb1","D05","LIRO","LIRO.AOS.riparian.point.02","2020-06-16","LIRO.20200616.EPIXYLON.6.CNSA.1","A00000203106","condition ok","SIRFER Lab at University of Utah","2020-07-02","ElFtGy1kV49xqNP00HfxQA==","CNS","1",4,25,100,,,,,,,,"d15N",2.11,"perMill","SIRFER_algalPlantChem_isotopes_V1","Revesz & Coplen 2012a",,,
"255aedb3-581c-41d1-805f-73d074ac8cc4","D05","LIRO","LIRO.AOS.riparian.point.02","2020-06-16","LIRO.20200616.EPIXYLON.6.CNSA.1","A00000203106","condition ok","SIRFER Lab at University of Utah","2020-07-02","ElFtGy1kV49xqNP00HfxQA==","CNS","1",4,25,100,,,,,,,,"d13C",-26.45,"perMill","SIRFER_algalPlantChem_isotopes_V1","Revesz & Coplen 2012a","N",,
"b5a374c6-1d4b-4102-9133-ecf423e19929","D05","LIRO","LIRO.AOS.littoral2","2020-06-16","LIRO.20200616.PHYTOPLANKTON.8.CNSA.1","A00000202982","condition ok","SIRFER Lab at University of Utah","2020-07-02","ElFtGy1kV49xqNP00HfxQA==","CNS","1",200,25,100,,,,,,,,"d13C",-32.68,"perMill","SIRFER_algalPlantChem_isotopes_V1","Revesz & Coplen 2012a","N",,
"9485f11a-b4f5-4cee-b619-9ed51f56306e","D05","LIRO","LIRO.AOS.riparian.point.08","2020-06-16","LIRO.20200616.EPIXYLON.5.CNSA.1","A00000203103","condition ok","SIRFER Lab at University of Utah","2020-07-02","ElFtGy1kV49xqNP00HfxQA==","CNS","1",4,25,100,,,,,,,,"nitrogen",6925.56,"microgramsPerLiter","SIRFER_algalPlantChem_isotopes_V1","Revesz & Coplen 2012a",,,
"b5468bfd-7ab9-46c8-9594-800ef9d11013","D05","LIRO","LIRO.AOS.riparian.point.08","2020-06-16","LIRO.20200616.EPIXYLON.5.CNSA.1","A00000203103","condition ok","SIRFER Lab at University of Utah","2020-07-02","ElFtGy1kV49xqNP00HfxQA==","CNS","1",4,25,100,,,,,,,,"carbon",73473.65,"microgramsPerLiter","SIRFER_algalPlantChem_isotopes_V1","Revesz & Coplen 2012a","N",,
"b9fef9a5-f7bb-48c1-9f9b-f08295bb3a29","D05","LIRO","LIRO.AOS.littoral2","2020-06-16","LIRO.20200616.PHYTOPLANKTON.8.CNSA.1","A00000202982","condition ok","SIRFER Lab at University of Utah","2020-07-02","ElFtGy1kV49xqNP00HfxQA==","CNS","1",200,25,100,,,,,,,,"d15N",-2.64,"perMill","SIRFER_algalPlantChem_isotopes_V1","Revesz & Coplen 2012a",,,
"0898b23a-6c10-4a7d-8a01-fcd1b5be3a92","D05","LIRO","LIRO.AOS.buoy.c1","2020-06-16","LIRO.20200616.PHYTOPLANKTON.1.CNSA.1","A00000202969","condition ok","SIRFER Lab at University of Utah","2020-07-02","ElFtGy1kV49xqNP00HfxQA==","CNS","1",200,25,100,,,,,,,,"sulfur",15.59,"microgramsPerLiter","SIRFER_algalPlantChem_isotopes_V1","Revesz & Coplen 2012b",,,
"d764f9e2-3c3e-46a5-8635-e55ba99cbf5f","D05","LIRO","LIRO.AOS.riparian.point.10","2020-06-16","LIRO.20200616.EPIXYLON.7.CNSA.1","A00000203109","condition ok","SIRFER Lab at University of Utah","2020-07-02","ElFtGy1kV49xqNP00HfxQA==","CNS","1",4,25,100,,,,,,,,"d15N",-2.44,"perMill","SIRFER_algalPlantChem_isotopes_V1","Revesz & Coplen 2012a",,,
"5d056263-705c-4d2d-8717-cc5c6ff2b203","D05","LIRO","LIRO.AOS.riparian.point.02","2020-06-16","LIRO.20200616.EPIXYLON.6.CNSA.1","A00000203106","condition ok","SIRFER Lab at University of Utah","2020-07-02","ElFtGy1kV49xqNP00HfxQA==","CNS","1",4,25,100,,,,,,,,"d34S",3.50,"perMill","SIRFER_algalPlantChem_isotopes_V1","Revesz & Coplen 2012b",,,
"55b4337a-f86b-47df-add4-9f91d36b8044","D05","LIRO","LIRO.AOS.buoy.c1","2020-06-16","LIRO.20200616.PHYTOPLANKTON.1.CNSA.1","A00000202969","condition ok","SIRFER Lab at University of Utah","2020-07-02","ElFtGy1kV49xqNP00HfxQA==","CNS","1",200,25,100,,,,,,,,"d15N",-3.18,"perMill","SIRFER_algalPlantChem_isotopes_V1","Revesz & Coplen 2012a",,,
"0248b9d3-d876-46c2-b4c9-2bf1d1b40b8f","D05","LIRO","LIRO.AOS.riparian.point.06","2020-06-16","LIRO.20200616.EPIXYLON.4.CNSA.1","A00000203102","condition ok","SIRFER Lab at University of Utah","2020-07-02","ElFtGy1kV49xqNP00HfxQA==","CNS","1",4,25,100,,,,,,,,"nitrogen",4272.25,"microgramsPerLiter","SIRFER_algalPlantChem_isotopes_V1","Revesz & Coplen 2012a",,,
"4c211a08-1806-4b35-a38f-867ff39ee159","D05","LIRO","LIRO.AOS.littoral2","2020-06-16","LIRO.20200616.PHYTOPLANKTON.8.CNSA.1","A00000202982","condition ok","SIRFER Lab at University of Utah","2020-07-02","ElFtGy1kV49xqNP00HfxQA==","CNS","1",200,25,100,,,,,,,,"d34S",5.92,"perMill","SIRFER_algalPlantChem_isotopes_V1","Revesz & Coplen 2012b",,,
"d40440c0-5239-4e45-94d7-79d513e7de44","D05","LIRO","LIRO.AOS.littoral1","2020-06-16","LIRO.20200616.PHYTOPLANKTON.2.CNSA.1","A00000202986","condition ok","SIRFER Lab at University of Utah","2020-07-02","ElFtGy1kV49xqNP00HfxQA==","CNS","1",200,25,100,,,,,,,,"d34S",6.48,"perMill","SIRFER_algalPlantChem_isotopes_V1","Revesz & Coplen 2012b",,,
"23012ba8-f7a8-4aff-a113-0973914281dc","D05","LIRO","LIRO.AOS.riparian.point.02","2020-06-16","LIRO.20200616.EPIXYLON.6.CNSA.1","A00000203106","condition ok","SIRFER Lab at University of Utah","2020-07-02","ElFtGy1kV49xqNP00HfxQA==","CNS","1",4,25,100,,,,,,,,"sulfur",1095.83,"microgramsPerLiter","SIRFER_algalPlantChem_isotopes_V1","Revesz & Coplen 2012b",,,
"1b30298c-c5e0-47f2-99da-91d65a351285","D05","LIRO","LIRO.AOS.riparian.point.04","2020-06-16","LIRO.20200616.EPIXYLON.3.CNSA.1","A00000203004","condition ok","SIRFER Lab at University of Utah","2020-07-02","ElFtGy1kV49xqNP00HfxQA==","CNS","1",200,25,100,,,,,,,,"d34S",7.91,"perMill","SIRFER_algalPlantChem_isotopes_V1","Revesz & Coplen 2012b",,,
"f0b9feb8-43c9-478a-9a7f-218b303d6668","D05","LIRO","LIRO.AOS.littoral2","2020-06-16","LIRO.20200616.PHYTOPLANKTON.8.CNSA.1","A00000202982","condition ok","SIRFER Lab at University of Utah","2020-07-02","ElFtGy1kV49xqNP00HfxQA==","CNS","1",200,25,100,,,,,,,,"nitrogen",138.49,"microgramsPerLiter","SIRFER_algalPlantChem_isotopes_V1","Revesz & Coplen 2012a",,,
"863247c5-50bd-4067-a1f4-b3680536ba37","D05","LIRO","LIRO.AOS.riparian.point.04","2020-06-16","LIRO.20200616.EPIXYLON.3.CNSA.1","A00000203004","condition ok","SIRFER Lab at University of Utah","2020-07-02","ElFtGy1kV49xqNP00HfxQA==","CNS","1",200,25,100,,,,,,,,"nitrogen",101.11,"microgramsPerLiter","SIRFER_algalPlantChem_isotopes_V1","Revesz & Coplen 2012a",,,
"932f35d5-5524-4c5d-aaa1-47ca7b11bc05","D05","LIRO","LIRO.AOS.riparian.point.10","2020-06-16","LIRO.20200616.EPIXYLON.7.CNSA.1","A00000203109","condition ok","SIRFER Lab at University of Utah","2020-07-02","ElFtGy1kV49xqNP00HfxQA==","CNS","1",4,25,100,,,,,,,,"sulfur",4692.45,"microgramsPerLiter","SIRFER_algalPlantChem_isotopes_V1","Revesz & Coplen 2012b",,,
"5257138a-d8eb-4db7-8659-3f886d22a1f5","D05","LIRO","LIRO.AOS.littoral2","2020-06-16","LIRO.20200616.PHYTOPLANKTON.8.CNSA.1","A00000202982","condition ok","SIRFER Lab at University of Utah","2020-07-02","ElFtGy1kV49xqNP00HfxQA==","CNS","1",200,25,100,,,,,,,,"carbon",657.21,"microgramsPerLiter","SIRFER_algalPlantChem_isotopes_V1","Revesz & Coplen 2012a","N",,
"261e972f-3ba1-4ca0-9a57-a962ee6d0953","D05","LIRO","LIRO.AOS.buoy.c1","2020-06-16","LIRO.20200616.PHYTOPLANKTON.1.CNSA.1","A00000202969","condition ok","SIRFER Lab at University of Utah","2020-07-02","ElFtGy1kV49xqNP00HfxQA==","CNS","1",200,25,100,,,,,,,,"d13C",-36.24,"perMill","SIRFER_algalPlantChem_isotopes_V1","Revesz & Coplen 2012a","N",,
"b74441bd-78dc-4024-aa36-1db253eb6693","D05","LIRO","LIRO.AOS.riparian.point.08","2020-06-16","LIRO.20200616.EPIXYLON.5.CNSA.1","A00000203103","condition ok","SIRFER Lab at University of Utah","2020-07-02","ElFtGy1kV49xqNP00HfxQA==","CNS","1",4,25,100,,,,,,,,"d34S",4.86,"perMill","SIRFER_algalPlantChem_isotopes_V1","Revesz & Coplen 2012b",,,
"355d84f1-0a50-40f9-9c69-af7e97f8d1a9","D05","LIRO","LIRO.AOS.littoral1","2020-06-16","LIRO.20200616.PHYTOPLANKTON.2.CNSA.1","A00000202986","condition ok","SIRFER Lab at University of Utah","2020-07-02","ElFtGy1kV49xqNP00HfxQA==","CNS","1",200,25,100,,,,,,,,"carbon",677.26,"microgramsPerLiter","SIRFER_algalPlantChem_isotopes_V1","Revesz & Coplen 2012a","N",,
"9478b973-892a-4810-ac02-0dc866e99d46","D05","LIRO","LIRO.AOS.riparian.point.08","2020-06-16","LIRO.20200616.EPIXYLON.5.CNSA.1","A00000203103","condition ok","SIRFER Lab at University of Utah","2020-07-02","ElFtGy1kV49xqNP00HfxQA==","CNS","1",4,25,100,,,,,,,,"d15N",-3.54,"perMill","SIRFER_algalPlantChem_isotopes_V1","Revesz & Coplen 2012a",,,
"478cb1c5-cdce-4fef-bb29-fa18096f2702","D05","LIRO","LIRO.AOS.littoral1","2020-06-16","LIRO.20200616.PHYTOPLANKTON.2.CNSA.1","A00000202986","condition ok","SIRFER Lab at University of Utah","2020-07-02","ElFtGy1kV49xqNP00HfxQA==","CNS","1",200,25,100,,,,,,,,"d15N",-4.76,"perMill","SIRFER_algalPlantChem_isotopes_V1","Revesz & Coplen 2012a",,,
"8fe2279b-7944-4f4b-b6c5-72d9dd56c9b7","D05","LIRO","LIRO.AOS.littoral1","2020-06-16","LIRO.20200616.PHYTOPLANKTON.2.CNSA.1","A00000202986","condition ok","SIRFER Lab at University of Utah","2020-07-02","ElFtGy1kV49xqNP00HfxQA==","CNS","1",200,25,100,,,,,,,,"sulfur",14.35,"microgramsPerLiter","SIRFER_algalPlantChem_isotopes_V1","Revesz & Coplen 2012b",,,
"e66ae463-3c15-416a-88d1-bf08a3f02977","D05","LIRO","LIRO.AOS.buoy.c1","2020-06-16","LIRO.20200616.PHYTOPLANKTON.1.CNSA.1","A00000202969","condition ok","SIRFER Lab at University of Utah","2020-07-02","ElFtGy1kV49xqNP00HfxQA==","CNS","1",200,25,100,,,,,,,,"nitrogen",159.01,"microgramsPerLiter","SIRFER_algalPlantChem_isotopes_V1","Revesz & Coplen 2012a",,,
"8b390050-eb89-49d7-8217-a8691e2e7368","D05","LIRO","LIRO.AOS.riparian.point.06","2020-06-16","LIRO.20200616.EPIXYLON.4.CNSA.1","A00000203102","condition ok","SIRFER Lab at University of Utah","2020-07-02","ElFtGy1kV49xqNP00HfxQA==","CNS","1",4,25,100,,,,,,,,"carbon",127260.86,"microgramsPerLiter","SIRFER_algalPlantChem_isotopes_V1","Revesz & Coplen 2012a","N",,
"2f8ce148-3efb-4b85-958e-cc4e7f0fc3b9","D05","LIRO","LIRO.AOS.riparian.point.10","2020-06-16","LIRO.20200616.EPIXYLON.7.CNSA.1","A00000203109","condition ok","SIRFER Lab at University of Utah","2020-07-02","ElFtGy1kV49xqNP00HfxQA==","CNS","1",4,25,100,,,,,,,,"d34S",5.77,"perMill","SIRFER_algalPlantChem_isotopes_V1","Revesz & Coplen 2012b",,,
"6b3edb81-22b1-462c-a942-751539941296","D05","LIRO","LIRO.AOS.riparian.point.02","2020-06-16","LIRO.20200616.EPIXYLON.6.CNSA.1","A00000203106","condition ok","SIRFER Lab at University of Utah","2020-07-02","ElFtGy1kV49xqNP00HfxQA==","CNS","1",4,25,100,,,,,,,,"nitrogen",4703.47,"microgramsPerLiter","SIRFER_algalPlantChem_isotopes_V1","Revesz & Coplen 2012a",,,
"78e36ecb-f27b-41c6-8ae0-4ab66b4b896a","D05","LIRO","LIRO.AOS.riparian.point.06","2020-06-16","LIRO.20200616.EPIXYLON.4.CNSA.1","A00000203102","condition ok","SIRFER Lab at University of Utah","2020-07-02","ElFtGy1kV49xqNP00HfxQA==","CNS","1",4,25,100,,,,,,,,"sulfur",1210.36,"microgramsPerLiter","SIRFER_algalPlantChem_isotopes_V1","Revesz & Coplen 2012b",,,
"9bfe1328-de3a-4b96-8d65-05acb9b5a619","D05","LIRO","LIRO.AOS.buoy.c1","2020-06-16","LIRO.20200616.PHYTOPLANKTON.1.CNSA.1","A00000202969","condition ok","SIRFER Lab at University of Utah","2020-07-02","ElFtGy1kV49xqNP00HfxQA==","CNS","1",200,25,100,,,,,,,,"d34S",8.08,"perMill","SIRFER_algalPlantChem_isotopes_V1","Revesz & Coplen 2012b",,,
"0ef79310-1b0e-483a-a355-5c37ea2e2ddd","D05","LIRO","LIRO.AOS.riparian.point.04","2020-06-16","LIRO.20200616.EPIXYLON.3.CNSA.1","A00000203004","condition ok","SIRFER Lab at University of Utah","2020-07-02","ElFtGy1kV49xqNP00HfxQA==","CNS","1",200,25,100,,,,,,,,"d13C",-27.49,"perMill","SIRFER_algalPlantChem_isotopes_V1","Revesz & Coplen 2012a","N",,
"4761f9db-f461-4ae8-8ff1-e048a16b53ae","D05","LIRO","LIRO.AOS.riparian.point.04","2020-06-16","LIRO.20200616.EPIXYLON.3.CNSA.1","A00000203004","condition ok","SIRFER Lab at University of Utah","2020-07-02","ElFtGy1kV49xqNP00HfxQA==","CNS","1",200,25,100,,,,,,,,"carbon",2562.80,"microgramsPerLiter","SIRFER_algalPlantChem_isotopes_V1","Revesz & Coplen 2012a","N",,
"6e386c58-2f3f-43a4-aa19-462172699320","D05","LIRO","LIRO.AOS.riparian.point.10","2020-06-16","LIRO.20200616.EPIXYLON.7.CNSA.1","A00000203109","condition ok","SIRFER Lab at University of Utah","2020-07-02","ElFtGy1kV49xqNP00HfxQA==","CNS","1",4,25,100,,,,,,,,"carbon",157070.90,"microgramsPerLiter","SIRFER_algalPlantChem_isotopes_V1","Revesz & Coplen 2012a","N",,
"51418db8-3653-41f6-9f5a-349fcec973c2","D05","LIRO","LIRO.AOS.littoral1","2020-06-16","LIRO.20200616.PHYTOPLANKTON.2.CNSA.1","A00000202986","condition ok","SIRFER Lab at University of Utah","2020-07-02","ElFtGy1kV49xqNP00HfxQA==","CNS","1",200,25,100,,,,,,,,"nitrogen",141.80,"microgramsPerLiter","SIRFER_algalPlantChem_isotopes_V1","Revesz & Coplen 2012a",,,
"16c258d5-86ad-4fab-a078-fe0ed1f5f55d","D05","LIRO","LIRO.AOS.riparian.point.04","2020-06-16","LIRO.20200616.EPIXYLON.3.CNSA.1","A00000203004","condition ok","SIRFER Lab at University of Utah","2020-07-02","ElFtGy1kV49xqNP00HfxQA==","CNS","1",200,25,100,,,,,,,,"sulfur",35.13,"microgramsPerLiter","SIRFER_algalPlantChem_isotopes_V1","Revesz & Coplen 2012b",,,
"186a984f-ce48-45e4-b4db-36001b9701b3","D05","LIRO","LIRO.AOS.riparian.point.08","2020-06-16","LIRO.20200616.EPIXYLON.5.CNSA.1","A00000203103","condition ok","SIRFER Lab at University of Utah","2020-07-02","ElFtGy1kV49xqNP00HfxQA==","CNS","1",4,25,100,,,,,,,,"d13C",-26.16,"perMill","SIRFER_algalPlantChem_isotopes_V1","Revesz & Coplen 2012a","N",,
"620766b2-f02b-465d-ad76-c63f96b65d79","D05","LIRO","LIRO.AOS.littoral1","2020-06-16","LIRO.20200616.PHYTOPLANKTON.2.CNSA.1","A00000202986","condition ok","SIRFER Lab at University of Utah","2020-07-02","ElFtGy1kV49xqNP00HfxQA==","CNS","1",200,25,100,,,,,,,,"d13C",-33.42,"perMill","SIRFER_algalPlantChem_isotopes_V1","Revesz & Coplen 2012a","N",,
"d7cddbef-d523-44f8-a8b1-f1af27063875","D05","LIRO","LIRO.AOS.riparian.point.06","2020-06-16","LIRO.20200616.EPIXYLON.4.CNSA.1","A00000203102","condition ok","SIRFER Lab at University of Utah","2020-07-02","ElFtGy1kV49xqNP00HfxQA==","CNS","1",4,25,100,,,,,,,,"d34S",7.14,"perMill","SIRFER_algalPlantChem_isotopes_V1","Revesz & Coplen 2012b",,,
"4649ccdb-9234-4dd0-9d48-73c18e4ad954","D05","LIRO","LIRO.AOS.riparian.point.06","2020-06-16","LIRO.20200616.EPIXYLON.4.CNSA.1","A00000203102","condition ok","SIRFER Lab at University of Utah","2020-07-02","ElFtGy1kV49xqNP00HfxQA==","CNS","1",4,25,100,,,,,,,,"d13C",-27.68,"perMill","SIRFER_algalPlantChem_isotopes_V1","Revesz & Coplen 2012a","N",,
"2881f1bf-b48f-4719-a8a3-0ab7df2777dc","D05","LIRO","LIRO.AOS.riparian.point.06","2020-06-16","LIRO.20200616.EPIXYLON.4.CNSA.1","A00000203102","condition ok","SIRFER Lab at University of Utah","2020-07-02","ElFtGy1kV49xqNP00HfxQA==","CNS","1",4,25,100,,,,,,,,"d15N",-1.01,"perMill","SIRFER_algalPlantChem_isotopes_V1","Revesz & Coplen 2012a",,,
"d47af7db-f143-43cd-88ba-8ec69960e9d0","D05","LIRO","LIRO.AOS.riparian.point.10","2020-06-16","LIRO.20200616.EPIXYLON.7.CNSA.1","A00000203109","condition ok","SIRFER Lab at University of Utah","2020-07-02","ElFtGy1kV49xqNP00HfxQA==","CNS","1",4,25,100,,,,,,,,"d13C",-25.19,"perMill","SIRFER_algalPlantChem_isotopes_V1","Revesz & Coplen 2012a","N",,
"4d006e18-57cf-4126-935c-e2873b3d0069","D05","LIRO","LIRO.AOS.riparian.point.04","2020-06-16","LIRO.20200616.EPIXYLON.3.CNSA.1","A00000203004","condition ok","SIRFER Lab at University of Utah","2020-07-02","ElFtGy1kV49xqNP00HfxQA==","CNS","1",200,25,100,,,,,,,,"d15N",0.62,"perMill","SIRFER_algalPlantChem_isotopes_V1","Revesz & Coplen 2012a",,,
"86feb0ab-c2d7-41c0-804f-84546996cf47","D05","LIRO","LIRO.AOS.riparian.point.02","2020-06-16","LIRO.20200616.EPIXYLON.6.CNSA.1","A00000203106","condition ok","SIRFER Lab at University of Utah","2020-07-02","ElFtGy1kV49xqNP00HfxQA==","CNS","1",4,25,100,,,,,,,,"carbon",125389.50,"microgramsPerLiter","SIRFER_algalPlantChem_isotopes_V1","Revesz & Coplen 2012a","N",,
"0e6e714c-df26-4e31-b79f-3a49e66b84ae","D05","LIRO","LIRO.AOS.buoy.c1","2020-06-16","LIRO.20200616.PHYTOPLANKTON.1.CNSA.1","A00000202969","condition ok","SIRFER Lab at University of Utah","2020-07-02","ElFtGy1kV49xqNP00HfxQA==","CNS","1",200,25,100,,,,,,,,"carbon",699.60,"microgramsPerLiter","SIRFER_algalPlantChem_isotopes_V1","Revesz & Coplen 2012a","N",,
