uid,domainID,siteID,namedLocation,aquaticSiteType,decimalLatitude,decimalLongitude,coordinateUncertainty,elevation,elevationUncertainty,geodeticDatum,collectDate,eventID,parentSampleID,parentSampleCode,samplingImpractical,biophysicalCriteria,affectedByWind,habitatType,algalSampleType,benthicArea,samplingProtocolVersion,phytoDepth1,phytoDepth2,phytoDepth3,substratumSizeClass,remarks,recordedBy,collectedBy,dataQF
"50b79c6e-0bb3-4b9a-8331-57a24b546cb5","D05","LIRO","LIRO.AOS.riparian.point.02","lake",45.998970,-89.702490,0.3,497.0,0.3,"WGS84","2020-06-16T16:33Z","LIRO.20200616","LIRO.20200616.EPIXYLON.6",,,"OK - no known exceptions",,"littoral","epixylon",0.002406,"NEON.DOC.003045vE",,,,,,"0000-0003-1075-1249","0000-0003-1075-1249",
"9aa938a6-62ec-4fca-899d-c9c2e09f02fc","D05","LIRO","LIRO.AOS.riparian.point.04","lake",45.997032,-89.700316,0.1,495.3,0.1,"WGS84","2020-06-16T16:33Z","LIRO.20200616","LIRO.20200616.EPIXYLON.3",,,"OK - no known exceptions",,"littoral","epixylon",0.002406,"NEON.DOC.003045vE",,,,,,"0000-0003-1075-1249","0000-0003-1075-1249",
"ded22a9c-f21a-4c95-bc2b-63e433b596c9","D05","LIRO","LIRO.AOS.buoy.c1","lake",45.998322,-89.704766,10.0,502.0,10.0,"WGS84","2020-06-16T16:33Z","LIRO.20200616","LIRO.20200616.PHYTOPLANKTON.1",,,"OK - no known exceptions","N","littoral","phytoplankton",,"NEON.DOC.003045vE",0.5,9.0,,,,"0000-0003-1075-1249","0000-0003-1075-1249",
"a3475274-7674-4466-8a8a-210d2bc3369e","D05","LIRO","LIRO.AOS.littoral2","lake",46.000609,-89.704078,1.1,495.9,1.0,"WGS84","2020-06-16T16:33Z","LIRO.20200616","LIRO.20200616.PHYTOPLANKTON.8",,,"OK - no known exceptions","N","littoral","phytoplankton",,"NEON.DOC.003045vE",0.5,1.2,,,,"0000-0003-1075-1249","0000-0003-1075-1249",
"2829b74d-79be-4ebb-ba8d-2016f14c8de2","D05","LIRO","LIRO.AOS.littoral1","lake",45.995205,-89.706502,1.1,496.5,1.0,"WGS84","2020-06-16T16:33Z","LIRO.20200616","LIRO.20200616.PHYTOPLANKTON.2",,,"OK - no known exceptions","N","littoral","phytoplankton",,"NEON.DOC.003045vE",0.5,1.1,,,,"0000-0003-1075-1249","0000-0003-1075-1249",
"4b56f7a5-8ebb-4bfa-8590-439aa4448814","D05","LIRO","LIRO.AOS.riparian.point.06","lake",45.994889,-89.701365,0.2,496.0,0.1,"WGS84","2020-06-16T16:33Z","LIRO.20200616","LIRO.20200616.EPIXYLON.4",,,"OK - no known exceptions",,"littoral","epixylon",0.002406,"NEON.DOC.003045vE",,,,,,"0000-0003-1075-1249","0000-0003-1075-1249",
"b479c7c8-84d9-47f4-aa5b-c956b8843e3c","D05","LIRO","LIRO.AOS.riparian.point.10","lake",45.998977,-89.706329,0.1,497.1,0.1,"WGS84","2020-06-16T16:33Z","LIRO.20200616","LIRO.20200616.EPIXYLON.7",,,"OK - no known exceptions",,"littoral","epixylon",0.002406,"NEON.DOC.003045vE",,,,,,"0000-0003-1075-1249","0000-0003-1075-1249",
"5676f81d-79cd-417d-aba7-b4a76a54ac50","D05","LIRO","LIRO.AOS.riparian.point.08","lake",45.994754,-89.706463,0.2,498.5,0.3,"WGS84","2020-06-16T16:33Z","LIRO.20200616","LIRO.20200616.EPIXYLON.5",,,"OK - no known exceptions",,"littoral","epixylon",0.002406,"NEON.DOC.003045vE",,,,,,"0000-0003-1075-1249","0000-0003-1075-1249",
