uid,domainID,siteID,namedLocation,collectDate,parentSampleID,sampleID,sampleCode,filterNumber,analysisType,fieldSampleVolume,domainFilterVolume,storageDays,remarks,measuredBy,recordedBy,sampleCondition,dataQF
"9195f433-48e5-448e-93cb-fc4d1ff1abbb","D05","LIRO","LIRO.AOS.littoral1","2020-06-16T16:33Z","LIRO.20200616.PHYTOPLANKTON.2","LIRO.20200616.PHYTOPLANKTON.2.CHL/PHEO.1","B00000062291",1,"chlorophyll/pheophytin",4000.0,200.0,0.9,,"0000-0003-1075-1249","0000-0003-1075-1249","OK",
"dd34309d-e2c4-46fa-81cc-b6967949eaba","D05","LIRO","LIRO.AOS.riparian.point.06","2020-06-16T16:33Z","LIRO.20200616.EPIXYLON.4","LIRO.20200616.EPIXYLON.4.CHL/PHEO.1","B00000062295",1,"chlorophyll/pheophytin",125.0,4.0,1.1,,"0000-0003-1075-1249","0000-0003-1075-1249","OK",
"a9fbddd5-b14a-48cd-b6ce-5df421e1a876","D05","LIRO","LIRO.AOS.riparian.point.08","2020-06-16T16:33Z","LIRO.20200616.EPIXYLON.5","LIRO.20200616.EPIXYLON.5.CHL/PHEO.1","B00000062296",1,"chlorophyll/pheophytin",125.0,4.0,1.1,,"0000-0003-1075-1249","0000-0003-1075-1249","OK",
"eec12deb-3a6d-48ab-9203-aa1f002d15f2","D05","LIRO","LIRO.AOS.littoral2","2020-06-16T16:33Z","LIRO.20200616.PHYTOPLANKTON.8","LIRO.20200616.PHYTOPLANKTON.8.REP2.CHL/PHEO.2","B00000062294",2,"chlorophyll/pheophytin",4000.0,200.0,0.9,,"0000-0003-1075-1249","0000-0003-1075-1249","OK",
"74e581c0-dca1-4faa-ad75-c3fd5cffc067","D05","LIRO","LIRO.AOS.riparian.point.02","2020-06-16T16:33Z","LIRO.20200616.EPIXYLON.6","LIRO.20200616.EPIXYLON.6.CNSB.1","A00000203107",1,"CNSb",125.0,4.0,1.1,,"0000-0003-1075-1249","0000-0003-1075-1249","OK",
"9d286c59-8ef1-4ae4-a5cc-78b7bdeccdf7","D05","LIRO","LIRO.AOS.riparian.point.08","2020-06-16T16:33Z","LIRO.20200616.EPIXYLON.5","LIRO.20200616.EPIXYLON.5.P.1","A00000203105",1,"P",125.0,4.0,1.1,,"0000-0003-1075-1249","0000-0003-1075-1249","OK",
"0eb2767e-1483-4d1c-bb08-b9b642954fa1","D05","LIRO","LIRO.AOS.riparian.point.04","2020-06-16T16:33Z","LIRO.20200616.EPIXYLON.3","LIRO.20200616.EPIXYLON.3.CHL/PHEO.1","B00000062293",1,"chlorophyll/pheophytin",125.0,200.0,1.0,,"0000-0003-1075-1249","0000-0003-1075-1249","OK",
"45dd677e-407a-463b-b6a1-9bb5a3fcfef9","D05","LIRO","LIRO.AOS.riparian.point.02","2020-06-16T16:33Z","LIRO.20200616.EPIXYLON.6","LIRO.20200616.EPIXYLON.6.CHL/PHEO.1","B00000062297",1,"chlorophyll/pheophytin",125.0,4.0,1.1,,"0000-0003-1075-1249","0000-0003-1075-1249","OK",
"728e9d09-f351-4f50-aed7-63d13acd0657","D05","LIRO","LIRO.AOS.riparian.point.02","2020-06-16T16:33Z","LIRO.20200616.EPIXYLON.6","LIRO.20200616.EPIXYLON.6.P.1","A00000203108",1,"P",125.0,4.0,1.1,,"0000-0003-1075-1249","0000-0003-1075-1249","OK",
"a350c4eb-3b92-420a-9fb2-931bdc36a718","D05","LIRO","LIRO.AOS.littoral2","2020-06-16T16:33Z","LIRO.20200616.PHYTOPLANKTON.8","LIRO.20200616.PHYTOPLANKTON.8.REP2.CNSB.2","A00000202999",2,"CNSb",4000.0,200.0,0.9,,"0000-0003-1075-1249","0000-0003-1075-1249","OK",
"3bcd28e8-7d26-4942-a9da-bc310055d07b","D05","LIRO","LIRO.AOS.littoral2","2020-06-16T16:33Z","LIRO.20200616.PHYTOPLANKTON.8","LIRO.20200616.PHYTOPLANKTON.8.CHL/PHEO.1","B00000062292",1,"chlorophyll/pheophytin",4000.0,200.0,0.9,,"0000-0003-1075-1249","0000-0003-1075-1249","OK",
"4e790a3c-80aa-4e0f-be77-3a6111786bbe","D05","LIRO","LIRO.AOS.buoy.c1","2020-06-16T16:33Z","LIRO.20200616.PHYTOPLANKTON.1","LIRO.20200616.PHYTOPLANKTON.1.CHL/PHEO.1","B00000062290",1,"chlorophyll/pheophytin",4000.0,200.0,0.9,,"0000-0003-1075-1249","0000-0003-1075-1249","OK",
"d88fbf35-106d-43ba-9c45-a453cc8c7657","D05","LIRO","LIRO.AOS.riparian.point.08","2020-06-16T16:33Z","LIRO.20200616.EPIXYLON.5","LIRO.20200616.EPIXYLON.5.CNSB.1","A00000203104",1,"CNSb",125.0,4.0,1.1,,"0000-0003-1075-1249","0000-0003-1075-1249","OK",
"cb16de0a-0b43-422c-85cb-cc3b6c342525","D05","LIRO","LIRO.AOS.riparian.point.06","2020-06-16T16:33Z","LIRO.20200616.EPIXYLON.4","LIRO.20200616.EPIXYLON.4.P.1","A00000202997",1,"P",125.0,4.0,1.1,,"0000-0003-1075-1249","0000-0003-1075-1249","OK",
"bcb02e22-457b-403a-bdba-79cc45844806","D05","LIRO","LIRO.AOS.littoral2","2020-06-16T16:33Z","LIRO.20200616.PHYTOPLANKTON.8","LIRO.20200616.PHYTOPLANKTON.8.REP2.CNSA.2","A00000203000",2,"CNSa",4000.0,200.0,0.9,,"0000-0003-1075-1249","0000-0003-1075-1249","OK",
"477a9f0f-6a11-4afa-97d7-bc10870589aa","D05","LIRO","LIRO.AOS.riparian.point.06","2020-06-16T16:33Z","LIRO.20200616.EPIXYLON.4","LIRO.20200616.EPIXYLON.4.CNSB.1","A00000203101",1,"CNSb",125.0,4.0,1.1,,"0000-0003-1075-1249","0000-0003-1075-1249","OK",
"088986ad-8649-40d3-85c0-6cf66c0100f2","D05","LIRO","LIRO.AOS.littoral1","2020-06-16T16:33Z","LIRO.20200616.PHYTOPLANKTON.2","LIRO.20200616.PHYTOPLANKTON.2.CNSB.1","A00000202985",1,"CNSb",4000.0,200.0,0.9,,"0000-0003-1075-1249","0000-0003-1075-1249","OK",
"96a5f01b-6b9a-428d-82b2-a871347f759f","D05","LIRO","LIRO.AOS.buoy.c1","2020-06-16T16:33Z","LIRO.20200616.PHYTOPLANKTON.1","LIRO.20200616.PHYTOPLANKTON.1.P.1","A00000202988",1,"P",4000.0,200.0,0.9,,"0000-0003-1075-1249","0000-0003-1075-1249","OK",
"2e5b8f0a-01f3-4f2f-bee5-aa4204b3fc51","D05","LIRO","LIRO.AOS.riparian.point.10","2020-06-16T16:33Z","LIRO.20200616.EPIXYLON.7","LIRO.20200616.EPIXYLON.7.CNSB.1","A00000203110",1,"CNSb",125.0,4.0,1.1,,"0000-0003-1075-1249","0000-0003-1075-1249","OK",
"7d63ead9-22ac-454c-83d8-21ca2259ec90","D05","LIRO","LIRO.AOS.riparian.point.02","2020-06-16T16:33Z","LIRO.20200616.EPIXYLON.6","LIRO.20200616.EPIXYLON.6.CNSA.1","A00000203106",1,"CNSa",125.0,4.0,1.1,,"0000-0003-1075-1249","0000-0003-1075-1249","OK",
"b0d348f6-cd7b-47c5-8f4d-1fc7e6e125d3","D05","LIRO","LIRO.AOS.buoy.c1","2020-06-16T16:33Z","LIRO.20200616.PHYTOPLANKTON.1","LIRO.20200616.PHYTOPLANKTON.1.CNSA.1","A00000202969",1,"CNSa",4000.0,200.0,0.9,,"0000-0003-1075-1249","0000-0003-1075-1249","OK",
"b7e481e9-a4ce-457c-a526-e079a09a4a63","D05","LIRO","LIRO.AOS.riparian.point.10","2020-06-16T16:33Z","LIRO.20200616.EPIXYLON.7","LIRO.20200616.EPIXYLON.7.P.1","A00000203111",1,"P",125.0,4.0,1.1,,"0000-0003-1075-1249","0000-0003-1075-1249","OK",
"96052513-f421-4152-93f7-2542be7773d4","D05","LIRO","LIRO.AOS.riparian.point.10","2020-06-16T16:33Z","LIRO.20200616.EPIXYLON.7","LIRO.20200616.EPIXYLON.7.CNSA.1","A00000203109",1,"CNSa",125.0,4.0,1.1,,"0000-0003-1075-1249","0000-0003-1075-1249","OK",
"eb410fc2-36ac-42d2-b3f7-20aac93254ca","D05","LIRO","LIRO.AOS.littoral2","2020-06-16T16:33Z","LIRO.20200616.PHYTOPLANKTON.8","LIRO.20200616.PHYTOPLANKTON.8.P.1","A00000202980",1,"P",4000.0,200.0,0.9,,"0000-0003-1075-1249","0000-0003-1075-1249","OK",
"1c782a79-e4af-4a76-a0ac-af5bccd8923a","D05","LIRO","LIRO.AOS.littoral2","2020-06-16T16:33Z","LIRO.20200616.PHYTOPLANKTON.8","LIRO.20200616.PHYTOPLANKTON.8.REP2.P.2","A00000202998",2,"P",4000.0,200.0,0.9,,"0000-0003-1075-1249","0000-0003-1075-1249","OK",
"196d368b-0954-4406-884b-691cfb98f96e","D05","LIRO","LIRO.AOS.littoral2","2020-06-16T16:33Z","LIRO.20200616.PHYTOPLANKTON.8","LIRO.20200616.PHYTOPLANKTON.8.CNSA.1","A00000202982",1,"CNSa",4000.0,200.0,0.9,,"0000-0003-1075-1249","0000-0003-1075-1249","OK",
"6a0eae1e-08f3-4f6f-8c6a-3e3dfd7a151a","D05","LIRO","LIRO.AOS.littoral2","2020-06-16T16:33Z","LIRO.20200616.PHYTOPLANKTON.8","LIRO.20200616.PHYTOPLANKTON.8.CNSB.1","A00000202981",1,"CNSb",4000.0,200.0,0.9,,"0000-0003-1075-1249","0000-0003-1075-1249","OK",
"2331745b-a694-4551-866e-f0e6fa440884","D05","LIRO","LIRO.AOS.littoral1","2020-06-16T16:33Z","LIRO.20200616.PHYTOPLANKTON.2","LIRO.20200616.PHYTOPLANKTON.2.CNSA.1","A00000202986",1,"CNSa",4000.0,200.0,0.9,,"0000-0003-1075-1249","0000-0003-1075-1249","OK",
"0eb8b099-e66b-4be1-8860-8ad3d7b13a2c","D05","LIRO","LIRO.AOS.riparian.point.08","2020-06-16T16:33Z","LIRO.20200616.EPIXYLON.5","LIRO.20200616.EPIXYLON.5.CNSA.1","A00000203103",1,"CNSa",125.0,4.0,1.1,,"0000-0003-1075-1249","0000-0003-1075-1249","OK",
"58959f6c-b493-44fc-bb50-7c48c8c4fe29","D05","LIRO","LIRO.AOS.riparian.point.04","2020-06-16T16:33Z","LIRO.20200616.EPIXYLON.3","LIRO.20200616.EPIXYLON.3.CNSB.1","A00000203003",1,"CNSb",125.0,200.0,1.0,,"0000-0003-1075-1249","0000-0003-1075-1249","OK",
"6dfbea63-066e-4de3-a7d2-1068fe0aaf5f","D05","LIRO","LIRO.AOS.riparian.point.06","2020-06-16T16:33Z","LIRO.20200616.EPIXYLON.4","LIRO.20200616.EPIXYLON.4.CNSA.1","A00000203102",1,"CNSa",125.0,4.0,1.1,,"0000-0003-1075-1249","0000-0003-1075-1249","OK",
"ac3ef45d-e7ff-4e08-bc20-ecc734a87cfc","D05","LIRO","LIRO.AOS.riparian.point.04","2020-06-16T16:33Z","LIRO.20200616.EPIXYLON.3","LIRO.20200616.EPIXYLON.3.CNSA.1","A00000203004",1,"CNSa",125.0,200.0,1.0,,"0000-0003-1075-1249","0000-0003-1075-1249","OK",
"4703ddde-1ea8-436c-bc54-172b1e41cd83","D05","LIRO","LIRO.AOS.buoy.c1","2020-06-16T16:33Z","LIRO.20200616.PHYTOPLANKTON.1","LIRO.20200616.PHYTOPLANKTON.1.CNSB.1","A00000202970",1,"CNSb",4000.0,200.0,0.9,,"0000-0003-1075-1249","0000-0003-1075-1249","OK",
"fe954424-2707-4a93-9e0e-c835d2f872fc","D05","LIRO","LIRO.AOS.riparian.point.04","2020-06-16T16:33Z","LIRO.20200616.EPIXYLON.3","LIRO.20200616.EPIXYLON.3.P.1","A00000203002",1,"P",125.0,200.0,1.0,,"0000-0003-1075-1249","0000-0003-1075-1249","OK",
"6afae60e-d020-443e-b744-e5e3c9914efb","D05","LIRO","LIRO.AOS.riparian.point.10","2020-06-16T16:33Z","LIRO.20200616.EPIXYLON.7","LIRO.20200616.EPIXYLON.7.CHL/PHEO.1","B00000062298",1,"chlorophyll/pheophytin",125.0,4.0,1.1,,"0000-0003-1075-1249","0000-0003-1075-1249","OK",
"671db319-cfb0-411a-9960-37a59f1c1cd6","D05","LIRO","LIRO.AOS.littoral1","2020-06-16T16:33Z","LIRO.20200616.PHYTOPLANKTON.2","LIRO.20200616.PHYTOPLANKTON.2.P.1","A00000202984",1,"P",4000.0,200.0,0.9,,"0000-0003-1075-1249","0000-0003-1075-1249","OK",
