uid,domainID,siteID,namedLocation,sampleID,sampleCode,startDate,collectDate,laboratoryName,analyte,analyteConcentration,analyteUnits,coolerTemp,remarks,shipmentWarmQF,externalLabDataQF,sampleCondition
"4df028d2-d784-4300-9f1b-0c5985769194","D03","BARC","BARC.AOS.buoy.c0","BARC.C0.20200303.POM.1","A00000129900","2020-03-03T14:30Z","2020-03-03T14:30Z","SIRFER Lab at University of Utah","TPC",418.8179,"microgramsPerLiter",,,-1,,"OK"
"d2d29116-468d-4601-9ad7-5f2092c5886c","D03","BARC","BARC.AOS.buoy.c0","BARC.C0.20200303.POM.1","A00000129900","2020-03-03T14:30Z","2020-03-03T14:30Z","SIRFER Lab at University of Utah","TPN",51.2034,"microgramsPerLiter",,,-1,,"OK"
"7833b984-ff55-4793-b44c-6a157ed97e0d","D03","BARC","BARC.AOS.buoy.c0","BARC.C0.20200303.FIL.2","A00000129910","2020-03-03T14:30Z","2020-03-03T14:30Z","EcoCore_CSU","CO3",0.0050,"milligramsPerLiter",14.0,"WARM >10C",1,,"Cold Chain Broken"
"09e6d1a6-9fa1-4802-a554-9a71876bad54","D03","BARC","BARC.AOS.buoy.c0","BARC.C0.20200303.FIL.3","A00000129909","2020-03-03T14:30Z","2020-03-03T14:30Z","EcoCore_CSU","Fe",0.0040,"milligramsPerLiter",14.0,"WARM >10C",1,,"Cold Chain Broken"
"dfa401a6-c5e4-4eb7-91a1-3baaba4350cf","D03","BARC","BARC.AOS.buoy.c0","BARC.C0.20200303.FIL.3","A00000129909","2020-03-03T14:30Z","2020-03-03T14:30Z","EcoCore_CSU","Na",3.3010,"milligramsPerLiter",14.0,"WARM >10C",1,,"Cold Chain Broken"
"c6916b98-cbc7-49d9-9537-2b3ea9980ea1","D03","BARC","BARC.AOS.buoy.c0","BARC.C0.20200303.FIL.2","A00000129910","2020-03-03T14:30Z","2020-03-03T14:30Z","EcoCore_CSU","Na",3.1410,"milligramsPerLiter",14.0,"WARM >10C",1,,"Cold Chain Broken"
"399a29b4-2cc0-4a49-9835-fa890b25ecf7","D03","BARC","BARC.AOS.buoy.c0","BARC.C0.20200303.FIL.3","A00000129909","2020-03-03T14:30Z","2020-03-03T14:30Z","EcoCore_CSU","Si",0.1500,"milligramsPerLiter",14.0,"WARM >10C",1,,"Cold Chain Broken"
"aa9d1ea7-adb4-450e-9ace-bfb6cc6de113","D03","BARC","BARC.AOS.buoy.c0","BARC.C0.20200303.FIL.3","A00000129909","2020-03-03T14:30Z","2020-03-03T14:30Z","EcoCore_CSU","F",0.0050,"milligramsPerLiter",14.0,"WARM >10C",1,,"Cold Chain Broken"
"39a81571-4a57-417d-b460-8853309a5b6a","D03","BARC","BARC.AOS.buoy.c0","BARC.C0.20200303.FIL","A00000129896","2020-03-03T14:30Z","2020-03-03T14:30Z","EcoCore_CSU","Mn",0.0040,"milligramsPerLiter",14.0,"WARM >10C",1,,"Cold Chain Broken"
"49a2ef8f-eb5f-4d8c-91f8-7c4bc0022367","D03","BARC","BARC.AOS.buoy.c0","BARC.C0.20200303.FIL","A00000129896","2020-03-03T14:30Z","2020-03-03T14:30Z","EcoCore_CSU","Br",0.0050,"milligramsPerLiter",14.0,"WARM >10C",1,,"Cold Chain Broken"
"7f3d09e3-5d9d-4c17-84d3-7cf477e6b3bc","D03","BARC","BARC.AOS.buoy.c0","BARC.C0.20200303.FIL","A00000129896","2020-03-03T14:30Z","2020-03-03T14:30Z","EcoCore_CSU","TDS",14.0800,"milligramsPerLiter",14.0,"WARM >10C",1,,"Cold Chain Broken"
"78b86f9f-a798-4ff8-886e-400be9bd7e5d","D03","BARC","BARC.AOS.buoy.c0","BARC.C0.20200303.FIL.3","A00000129909","2020-03-03T14:30Z","2020-03-03T14:30Z","EcoCore_CSU","SO4",1.0500,"milligramsPerLiter",14.0,"WARM >10C",1,,"Cold Chain Broken"
"e5ef4ecf-8e3f-4a4d-ace1-5e9d4e3076c7","D03","BARC","BARC.AOS.buoy.c0","BARC.C0.20200303.FIL.2","A00000129910","2020-03-03T14:30Z","2020-03-03T14:30Z","EcoCore_CSU","Br",0.0050,"milligramsPerLiter",14.0,"WARM >10C",1,,"Cold Chain Broken"
"fdf30757-c153-4e8a-bc7b-457ba0b41f55","D03","BARC","BARC.AOS.buoy.c0","BARC.C0.20200303.FIL.3","A00000129909","2020-03-03T14:30Z","2020-03-03T14:30Z","EcoCore_CSU","HCO3",5.3600,"milligramsPerLiter",14.0,"WARM >10C",1,,"Cold Chain Broken"
"9f34afe1-7001-48ce-9160-24f636b57d89","D03","BARC","BARC.AOS.buoy.c0","BARC.C0.20200303.FIL.3","A00000129909","2020-03-03T14:30Z","2020-03-03T14:30Z","EcoCore_CSU","Br",0.0050,"milligramsPerLiter",14.0,"WARM >10C",1,,"Cold Chain Broken"
"4357ee91-5b25-4388-9f4b-a80dde7e04d6","D03","BARC","BARC.AOS.buoy.c0","BARC.C0.20200303.FIL","A00000129896","2020-03-03T14:30Z","2020-03-03T14:30Z","EcoCore_CSU","Cl",18.1700,"milligramsPerLiter",14.0,"WARM >10C",1,,"Cold Chain Broken"
"f0b87f79-54bb-46c9-b0ea-effc28d2369d","D03","BARC","BARC.AOS.buoy.c0","BARC.C0.20200303.FIL","A00000129896","2020-03-03T14:30Z","2020-03-03T14:30Z","EcoCore_CSU","Na",3.1460,"milligramsPerLiter",14.0,"WARM >10C",1,,"Cold Chain Broken"
"f9b2b9d2-211f-49db-bc29-e4ad1bb61861","D03","BARC","BARC.AOS.buoy.c0","BARC.C0.20200303.FIL.2","A00000129910","2020-03-03T14:30Z","2020-03-03T14:30Z","EcoCore_CSU","F",0.0050,"milligramsPerLiter",14.0,"WARM >10C",1,,"Cold Chain Broken"
"ec2c2369-de05-4019-af2a-6a970e6d42e4","D03","BARC","BARC.AOS.buoy.c0","BARC.C0.20200303.FIL.2","A00000129910","2020-03-03T14:30Z","2020-03-03T14:30Z","EcoCore_CSU","Fe",0.0005,"milligramsPerLiter",14.0,"WARM >10C",1,,"Cold Chain Broken"
"ad7555e7-7d31-4a42-81d4-c8bb31d1be83","D03","BARC","BARC.AOS.buoy.c0","BARC.C0.20200303.FIL","A00000129896","2020-03-03T14:30Z","2020-03-03T14:30Z","EcoCore_CSU","K",0.2500,"milligramsPerLiter",14.0,"WARM >10C",1,,"Cold Chain Broken"
"cf563bb1-716e-4819-8e30-6c4694de7cd9","D03","BARC","BARC.AOS.buoy.c0","BARC.C0.20200303.FIL","A00000129896","2020-03-03T14:30Z","2020-03-03T14:30Z","EcoCore_CSU","Mg",0.4800,"milligramsPerLiter",14.0,"WARM >10C",1,,"Cold Chain Broken"
"bf8b6b28-9864-45f8-881e-3e6d5f67979d","D03","BARC","BARC.AOS.buoy.c0","BARC.C0.20200303.FIL","A00000129896","2020-03-03T14:30Z","2020-03-03T14:30Z","EcoCore_CSU","CO3",0.0050,"milligramsPerLiter",14.0,"WARM >10C",1,,"Cold Chain Broken"
"2b570d56-459b-412e-b79b-52a13369d0f0","D03","BARC","BARC.AOS.buoy.c0","BARC.C0.20200303.FIL","A00000129896","2020-03-03T14:30Z","2020-03-03T14:30Z","EcoCore_CSU","Fe",0.0010,"milligramsPerLiter",14.0,"WARM >10C",1,,"Cold Chain Broken"
"7769db8f-bacd-48ff-996c-b2ecad9273ed","D03","BARC","BARC.AOS.buoy.c0","BARC.C0.20200303.FIL.3","A00000129909","2020-03-03T14:30Z","2020-03-03T14:30Z","EcoCore_CSU","CO3",0.0050,"milligramsPerLiter",14.0,"WARM >10C",1,,"Cold Chain Broken"
"94ab070c-f5f2-4512-bff8-450442b902fd","D03","BARC","BARC.AOS.buoy.c0","BARC.C0.20200303.FIL.3","A00000129909","2020-03-03T14:30Z","2020-03-03T14:30Z","EcoCore_CSU","TDS",14.9600,"milligramsPerLiter",14.0,"WARM >10C",1,,"Cold Chain Broken"
"7461de96-63cd-4c1d-a5c0-41636952cf85","D03","BARC","BARC.AOS.buoy.c0","BARC.C0.20200303.FIL","A00000129896","2020-03-03T14:30Z","2020-03-03T14:30Z","EcoCore_CSU","Ca",0.2560,"milligramsPerLiter",14.0,"WARM >10C",1,,"Cold Chain Broken"
"7dace2c5-d246-4130-8fbc-f6227a7e3b67","D03","BARC","BARC.AOS.buoy.c0","BARC.C0.20200303.FIL.2","A00000129910","2020-03-03T14:30Z","2020-03-03T14:30Z","EcoCore_CSU","Ca",0.3160,"milligramsPerLiter",14.0,"WARM >10C",1,,"Cold Chain Broken"
"af752365-d8c7-43d6-87c9-5fd57322e8df","D03","BARC","BARC.AOS.buoy.c0","BARC.C0.20200303.FIL.3","A00000129909","2020-03-03T14:30Z","2020-03-03T14:30Z","EcoCore_CSU","Mg",0.4810,"milligramsPerLiter",14.0,"WARM >10C",1,,"Cold Chain Broken"
"e11e9d3c-fe63-4733-a5d7-2beaf80db1b4","D03","BARC","BARC.AOS.buoy.c0","BARC.C0.20200303.FIL.2","A00000129910","2020-03-03T14:30Z","2020-03-03T14:30Z","EcoCore_CSU","Mn",0.0010,"milligramsPerLiter",14.0,"WARM >10C",1,,"Cold Chain Broken"
"7b255aab-116f-42f2-a6e5-615843aff3a9","D03","BARC","BARC.AOS.buoy.c0","BARC.C0.20200303.FIL.2","A00000129910","2020-03-03T14:30Z","2020-03-03T14:30Z","EcoCore_CSU","HCO3",7.4300,"milligramsPerLiter",14.0,"WARM >10C",1,,"Cold Chain Broken"
"9b94ff2f-a844-4033-9b85-cde4adb0cabd","D03","BARC","BARC.AOS.buoy.c0","BARC.C0.20200303.FIL.2","A00000129910","2020-03-03T14:30Z","2020-03-03T14:30Z","EcoCore_CSU","Cl",2.1100,"milligramsPerLiter",14.0,"WARM >10C",1,,"Cold Chain Broken"
"d6d4415e-d939-46dc-b6fa-85de07f59bac","D03","BARC","BARC.AOS.buoy.c0","BARC.C0.20200303.FIL","A00000129896","2020-03-03T14:30Z","2020-03-03T14:30Z","EcoCore_CSU","SO4",2.8000,"milligramsPerLiter",14.0,"WARM >10C",1,,"Cold Chain Broken"
"da8352d2-45a6-4906-8cfb-8c78719a9f50","D03","BARC","BARC.AOS.buoy.c0","BARC.C0.20200303.FIL.2","A00000129910","2020-03-03T14:30Z","2020-03-03T14:30Z","EcoCore_CSU","Mg",0.4910,"milligramsPerLiter",14.0,"WARM >10C",1,,"Cold Chain Broken"
"74eaa5aa-6032-4af9-a489-e47408f92011","D03","BARC","BARC.AOS.buoy.c0","BARC.C0.20200303.FIL.2","A00000129910","2020-03-03T14:30Z","2020-03-03T14:30Z","EcoCore_CSU","TDS",15.1700,"milligramsPerLiter",14.0,"WARM >10C",1,,"Cold Chain Broken"
"f3fdcbe9-c129-4354-82c2-29b4efe2ff56","D03","BARC","BARC.AOS.buoy.c0","BARC.C0.20200303.FIL.3","A00000129909","2020-03-03T14:30Z","2020-03-03T14:30Z","EcoCore_CSU","Cl",3.5600,"milligramsPerLiter",14.0,"WARM >10C",1,,"Cold Chain Broken"
"8b7d8cb4-1a47-423e-ac2f-4fc595991bca","D03","BARC","BARC.AOS.buoy.c0","BARC.C0.20200303.FIL.2","A00000129910","2020-03-03T14:30Z","2020-03-03T14:30Z","EcoCore_CSU","K",0.2740,"milligramsPerLiter",14.0,"WARM >10C",1,,"Cold Chain Broken"
"d5d5df81-5a90-4098-83c0-fdeda2f3bd9c","D03","BARC","BARC.AOS.buoy.c0","BARC.C0.20200303.FIL.3","A00000129909","2020-03-03T14:30Z","2020-03-03T14:30Z","EcoCore_CSU","K",0.2700,"milligramsPerLiter",14.0,"WARM >10C",1,,"Cold Chain Broken"
"d4e5160e-5c6b-4876-bc46-a2042e5526c4","D03","BARC","BARC.AOS.buoy.c0","BARC.C0.20200303.FIL","A00000129896","2020-03-03T14:30Z","2020-03-03T14:30Z","EcoCore_CSU","Si",0.1000,"milligramsPerLiter",14.0,"WARM >10C",1,,"Cold Chain Broken"
"442b369f-148c-4920-b0b0-d659c398b903","D03","BARC","BARC.AOS.buoy.c0","BARC.C0.20200303.FIL.3","A00000129909","2020-03-03T14:30Z","2020-03-03T14:30Z","EcoCore_CSU","Mn",0.0090,"milligramsPerLiter",14.0,"WARM >10C",1,,"Cold Chain Broken"
"0da07e51-17b8-4ff4-b90c-3233b27f2997","D03","BARC","BARC.AOS.buoy.c0","BARC.C0.20200303.FIL.3","A00000129909","2020-03-03T14:30Z","2020-03-03T14:30Z","EcoCore_CSU","Ca",0.3780,"milligramsPerLiter",14.0,"WARM >10C",1,,"Cold Chain Broken"
"a1a5145e-82ef-4832-b5f8-84ea473cda12","D03","BARC","BARC.AOS.buoy.c0","BARC.C0.20200303.FIL","A00000129896","2020-03-03T14:30Z","2020-03-03T14:30Z","EcoCore_CSU","F",0.0050,"milligramsPerLiter",14.0,"WARM >10C",1,,"Cold Chain Broken"
"c6f259a4-e1fa-441f-b9e6-ca3c08cb42b7","D03","BARC","BARC.AOS.buoy.c0","BARC.C0.20200303.FIL.2","A00000129910","2020-03-03T14:30Z","2020-03-03T14:30Z","EcoCore_CSU","Si",0.0700,"milligramsPerLiter",14.0,"WARM >10C",1,,"Cold Chain Broken"
"0de1d416-371d-47cb-b59b-d8d63ff28419","D03","BARC","BARC.AOS.buoy.c0","BARC.C0.20200303.FIL.2","A00000129910","2020-03-03T14:30Z","2020-03-03T14:30Z","EcoCore_CSU","SO4",0.8500,"milligramsPerLiter",14.0,"WARM >10C",1,,"Cold Chain Broken"
"0d2a1124-0490-46d0-8c6a-c3a08193b726","D03","BARC","BARC.AOS.buoy.c0","BARC.C0.20200303.FIL","A00000129896","2020-03-03T14:30Z","2020-03-03T14:30Z","EcoCore_CSU","HCO3",55.6300,"milligramsPerLiter",14.0,"WARM >10C",1,,"Cold Chain Broken"
"1483b6d7-3cfb-461b-9e00-41fe0fd8cf4f","D03","BARC","BARC.AOS.buoy.c0","BARC.C0.20200303.RAW.3","A00000129911","2020-03-03T14:30Z","2020-03-03T14:30Z","EcoCore_CSU","TP",0.0330,"milligramsPerLiter",14.0,"WARM >10C",1,,"Cold Chain Broken"
"fa6a26b1-1b71-43b7-910e-6678eec75285","D03","BARC","BARC.AOS.buoy.c0","BARC.C0.20200303.RAW.2","A00000129912","2020-03-03T14:30Z","2020-03-03T14:30Z","EcoCore_CSU","TP",0.0240,"milligramsPerLiter",14.0,"WARM >10C",1,,"Cold Chain Broken"
"2fc1add9-c84b-484a-9867-88a5504c3448","D03","BARC","BARC.AOS.buoy.c0","BARC.C0.20200303.RAW","A00000129895","2020-03-03T14:30Z","2020-03-03T14:30Z","EcoCore_CSU","TP",0.0290,"milligramsPerLiter",14.0,"WARM >10C",1,,"Cold Chain Broken"
"9b7ac48a-a586-4ab8-a232-69ceff2c6ca6","D03","BARC","BARC.AOS.buoy.c0","BARC.C0.20200303.RAW.2","A00000129912","2020-03-03T14:30Z","2020-03-03T14:30Z","EcoCore_CSU","TSS",0.0000,"milligramsPerLiter",14.0,"WARM >10C",1,,"Cold Chain Broken"
"f5a6edb2-eafb-4f6f-a876-d14b0e9c6888","D03","BARC","BARC.AOS.buoy.c0","BARC.C0.20200303.RAW.2","A00000129912","2020-03-03T14:30Z","2020-03-03T14:30Z","EcoCore_CSU","specificConductance",21.0800,"microsiemensPerCentimeter",14.0,"WARM >10C",1,,"Cold Chain Broken"
"a2cd7e84-06b0-4d59-b74d-a173b170f295","D03","BARC","BARC.AOS.buoy.c0","BARC.C0.20200303.RAW","A00000129895","2020-03-03T14:30Z","2020-03-03T14:30Z","EcoCore_CSU","TSS",0.0000,"milligramsPerLiter",14.0,"WARM >10C",1,,"Cold Chain Broken"
"0e2f62af-a865-40b6-a308-466f4819ec58","D03","BARC","BARC.AOS.buoy.c0","BARC.C0.20200303.RAW.3","A00000129911","2020-03-03T14:30Z","2020-03-03T14:30Z","EcoCore_CSU","ANC",0.1400,"milliequivalentsPerLiter",14.0,"WARM >10C",1,,"Cold Chain Broken"
"eb4fdf43-f590-4583-b450-90620471a078","D03","BARC","BARC.AOS.buoy.c0","BARC.C0.20200303.RAW.2","A00000129912","2020-03-03T14:30Z","2020-03-03T14:30Z","EcoCore_CSU","ANC",0.1800,"milliequivalentsPerLiter",14.0,"WARM >10C",1,,"Cold Chain Broken"
"6f6f5930-6815-45ce-bedb-f6d6ff44267e","D03","BARC","BARC.AOS.buoy.c0","BARC.C0.20200303.RAW.3","A00000129911","2020-03-03T14:30Z","2020-03-03T14:30Z","EcoCore_CSU","TSS",0.0000,"milligramsPerLiter",14.0,"WARM >10C",1,,"Cold Chain Broken"
"adc07c96-21ce-4d16-9ea5-0fab63388fc5","D03","BARC","BARC.AOS.buoy.c0","BARC.C0.20200303.RAW.3","A00000129911","2020-03-03T14:30Z","2020-03-03T14:30Z","EcoCore_CSU","specificConductance",21.6300,"microsiemensPerCentimeter",14.0,"WARM >10C",1,,"Cold Chain Broken"
"6e2af8aa-04b0-43b8-96b5-3f94004f2e8a","D03","BARC","BARC.AOS.buoy.c0","BARC.C0.20200303.RAW.2","A00000129912","2020-03-03T14:30Z","2020-03-03T14:30Z","EcoCore_CSU","TSS - Dry Mass",0.0000,"microgram",14.0,"WARM >10C",1,,"Cold Chain Broken"
"42084291-3218-4373-88d8-a45413cdc7cf","D03","BARC","BARC.AOS.buoy.c0","BARC.C0.20200303.RAW","A00000129895","2020-03-03T14:30Z","2020-03-03T14:30Z","EcoCore_CSU","specificConductance",19.5200,"microsiemensPerCentimeter",14.0,"WARM >10C",1,,"Cold Chain Broken"
"ee33dcaa-fb80-44cf-b1fa-2495d06b7749","D03","BARC","BARC.AOS.buoy.c0","BARC.C0.20200303.RAW.3","A00000129911","2020-03-03T14:30Z","2020-03-03T14:30Z","EcoCore_CSU","pH",7.4400,"pH",14.0,"WARM >10C",1,,"Cold Chain Broken"
"df0ccf80-a505-4b26-94fb-db0ebe2c841a","D03","BARC","BARC.AOS.buoy.c0","BARC.C0.20200303.RAW","A00000129895","2020-03-03T14:30Z","2020-03-03T14:30Z","EcoCore_CSU","ANC",1.1200,"milliequivalentsPerLiter",14.0,"WARM >10C",1,,"Cold Chain Broken"
"01ecda66-07e2-4167-a825-3f98a236983c","D03","BARC","BARC.AOS.buoy.c0","BARC.C0.20200303.RAW","A00000129895","2020-03-03T14:30Z","2020-03-03T14:30Z","EcoCore_CSU","TSS - Dry Mass",0.0000,"microgram",14.0,"WARM >10C",1,,"Cold Chain Broken"
"c70bcbef-9f9d-443c-ab52-90ecb7d383d2","D03","BARC","BARC.AOS.buoy.c0","BARC.C0.20200303.RAW.3","A00000129911","2020-03-03T14:30Z","2020-03-03T14:30Z","EcoCore_CSU","TSS - Dry Mass",0.0000,"microgram",14.0,"WARM >10C",1,,"Cold Chain Broken"
"1df8bbfa-2bb5-4da7-bb46-0cf06157d239","D03","BARC","BARC.AOS.buoy.c0","BARC.C0.20200303.RAW.2","A00000129912","2020-03-03T14:30Z","2020-03-03T14:30Z","EcoCore_CSU","pH",6.0000,"pH",14.0,"WARM >10C",1,,"Cold Chain Broken"
"e36f5f21-49a0-452a-9ed6-cbc1e71420bf","D03","BARC","BARC.AOS.buoy.c0","BARC.C0.20200303.RAW","A00000129895","2020-03-03T14:30Z","2020-03-03T14:30Z","EcoCore_CSU","pH",6.4800,"pH",14.0,"WARM >10C",1,,"Cold Chain Broken"
"42252740-b9c3-47d1-b94d-1e9b80d479ff","D03","BARC","BARC.AOS.buoy.c0","BARC.C0.20200303.FIL.3","A00000129909","2020-03-03T14:30Z","2020-03-03T14:30Z","EcoCore_CSU","UV Absorbance (280 nm)",0.0197,,14.0,"WARM >10C",1,,"Cold Chain Broken"
"878dc028-d847-4083-a5dd-82eec81ece5f","D03","BARC","BARC.AOS.buoy.c0","BARC.C0.20200303.FIL.3","A00000129909","2020-03-03T14:30Z","2020-03-03T14:30Z","EcoCore_CSU","UV Absorbance (254 nm)",0.0296,,14.0,"WARM >10C",1,,"Cold Chain Broken"
"45db73d8-98fe-44a3-8283-907c64852445","D03","BARC","BARC.AOS.buoy.c0","BARC.C0.20200303.FIL","A00000129896","2020-03-03T14:30Z","2020-03-03T14:30Z","EcoCore_CSU","UV Absorbance (280 nm)",0.0260,,14.0,"WARM >10C",1,,"Cold Chain Broken"
"6000ebe1-60be-404f-97a5-2c76b6213440","D03","BARC","BARC.AOS.buoy.c0","BARC.C0.20200303.FIL.2","A00000129910","2020-03-03T14:30Z","2020-03-03T14:30Z","EcoCore_CSU","UV Absorbance (280 nm)",0.0150,,14.0,"WARM >10C",1,,"Cold Chain Broken"
"323e40c4-df14-4720-be1d-e7c251c55ff3","D03","BARC","BARC.AOS.buoy.c0","BARC.C0.20200303.FIL.2","A00000129910","2020-03-03T14:30Z","2020-03-03T14:30Z","EcoCore_CSU","UV Absorbance (254 nm)",0.0213,,14.0,"WARM >10C",1,,"Cold Chain Broken"
"307f3cef-f295-4513-8913-62d5eb047842","D03","BARC","BARC.AOS.buoy.c0","BARC.C0.20200303.FIL","A00000129896","2020-03-03T14:30Z","2020-03-03T14:30Z","EcoCore_CSU","UV Absorbance (254 nm)",0.0343,,14.0,"WARM >10C",1,,"Cold Chain Broken"
