uid,domainID,siteID,namedLocation,collectDate,parentSampleID,sampleID,sampleCode,filterNumber,analysisType,fieldSampleVolume,domainFilterVolume,storageDays,remarks,measuredBy,recordedBy,sampleCondition,dataQF
"a8d9dba1-1e39-4d77-be3c-4bfbb40971a7","D03","BARC","BARC.AOS.riparian.point.01","2020-11-02T13:55Z","BARC.20201102.EPIPHYTON.1","BARC.20201102.EPIPHYTON.1.CNSB.1","A00000132022",1,"CNSb",125.0,4.0,0.3,,"0000-0001-6607-7236","0000-0003-1571-3196","OK",
"0f04dd6b-61e3-424b-8491-5de5b83bfaed","D03","BARC","BARC.AOS.riparian.point.03","2020-11-02T13:55Z","BARC.20201102.EPIPHYTON.3","BARC.20201102.EPIPHYTON.3.CNSB.1","A00000132026",1,"CNSb",125.0,2.0,0.2,,"0000-0001-6607-7236","0000-0003-1571-3196","OK",
"79bfd9a5-2fdf-47e3-8d93-b3a370a5f179","D03","BARC","BARC.AOS.riparian.point.07","2020-11-02T13:55Z","BARC.20201102.EPIPHYTON.7","BARC.20201102.EPIPHYTON.7.P.1","A00000132033",1,"P",125.0,2.0,0.3,,"0000-0001-6607-7236","0000-0003-1571-3196","OK",
"1d3ae090-f35d-4e8e-92de-21b92a62bea8","D03","BARC","BARC.AOS.riparian.point.01","2020-11-02T13:55Z","BARC.20201102.EPIPHYTON.1","BARC.20201102.EPIPHYTON.1.CHL/PHEO.1","A00000132024",1,"chlorophyll/pheophytin",125.0,4.0,0.3,,"0000-0001-6607-7236","0000-0003-1571-3196","OK",
"2dd9a7b5-8fe8-4572-a492-6c2d6c13fd0b","D03","BARC","BARC.AOS.riparian.point.09","2020-11-02T13:55Z","BARC.20201102.EPIPHYTON.9","BARC.20201102.EPIPHYTON.9.P.1","A00000132037",1,"P",125.0,2.0,0.2,,"0000-0001-6607-7236","0000-0003-1571-3196","OK",
"99c45374-053a-4fb2-bca3-85fc525068c8","D03","BARC","BARC.AOS.riparian.point.09","2020-11-02T13:55Z","BARC.20201102.EPIPHYTON.9","BARC.20201102.EPIPHYTON.9.CNSB.1","A00000132038",1,"CNSb",125.0,2.0,0.2,,"0000-0001-6607-7236","0000-0003-1571-3196","OK",
"1226c1f2-f1a3-4268-a624-9227e43e68e9","D03","BARC","BARC.AOS.riparian.point.05","2020-11-02T13:55Z","BARC.20201102.EPIPHYTON.5","BARC.20201102.EPIPHYTON.5.CHL/PHEO.1","A00000132032",1,"chlorophyll/pheophytin",125.0,2.0,0.2,,"0000-0001-6607-7236","0000-0003-1571-3196","OK",
"9259ba36-e85f-474c-941a-18c205770fe6","D03","BARC","BARC.AOS.riparian.point.01","2020-11-02T13:55Z","BARC.20201102.EPIPHYTON.1","BARC.20201102.EPIPHYTON.1.P.1","A00000132021",1,"P",125.0,4.0,0.3,,"0000-0001-6607-7236","0000-0003-1571-3196","OK",
"d3dec214-6f41-4590-b02e-ceb7583f05f6","D03","BARC","BARC.AOS.riparian.point.03","2020-11-02T13:55Z","BARC.20201102.EPIPHYTON.3","BARC.20201102.EPIPHYTON.3.CHL/PHEO.1","A00000132028",1,"chlorophyll/pheophytin",125.0,2.0,0.2,,"0000-0001-6607-7236","0000-0003-1571-3196","OK",
"5586b44f-60bf-4bb5-8a02-8534ab1a4da8","D03","BARC","BARC.AOS.riparian.point.07","2020-11-02T13:55Z","BARC.20201102.EPIPHYTON.7","BARC.20201102.EPIPHYTON.7.CNSB.1","A00000132034",1,"CNSb",125.0,2.0,0.3,,"0000-0001-6607-7236","0000-0003-1571-3196","OK",
"fec7304c-065d-4510-86c3-4fb4baf5247e","D03","BARC","BARC.AOS.riparian.point.07","2020-11-02T13:55Z","BARC.20201102.EPIPHYTON.7","BARC.20201102.EPIPHYTON.7.CHL/PHEO.1","A00000132036",1,"chlorophyll/pheophytin",125.0,2.0,0.3,,"0000-0001-6607-7236","0000-0003-1571-3196","OK",
"a1eeee86-1371-4890-8b0b-e90a561524db","D03","BARC","BARC.AOS.riparian.point.05","2020-11-02T13:55Z","BARC.20201102.EPIPHYTON.5","BARC.20201102.EPIPHYTON.5.CNSA.1","A00000132031",1,"CNSa",125.0,2.0,0.2,,"0000-0001-6607-7236","0000-0003-1571-3196","OK",
"3fcf9e86-5052-4568-8a01-52de1e5cb3da","D03","BARC","BARC.AOS.riparian.point.05","2020-11-02T13:55Z","BARC.20201102.EPIPHYTON.5","BARC.20201102.EPIPHYTON.5.P.1","A00000132029",1,"P",125.0,2.0,0.2,,"0000-0001-6607-7236","0000-0003-1571-3196","OK",
"646f5cd4-47e2-459e-9bf8-9e75f73bdfcf","D03","BARC","BARC.AOS.riparian.point.03","2020-11-02T13:55Z","BARC.20201102.EPIPHYTON.3","BARC.20201102.EPIPHYTON.3.CNSA.1","A00000132027",1,"CNSa",125.0,2.0,0.2,,"0000-0001-6607-7236","0000-0003-1571-3196","OK",
"ab2efeab-f31f-4b6f-b212-cf006c1c367e","D03","BARC","BARC.AOS.riparian.point.05","2020-11-02T13:55Z","BARC.20201102.EPIPHYTON.5","BARC.20201102.EPIPHYTON.5.CNSB.1","A00000132030",1,"CNSb",125.0,2.0,0.2,,"0000-0001-6607-7236","0000-0003-1571-3196","OK",
"57676289-fe55-43c4-ba54-14e2cff5a535","D03","BARC","BARC.AOS.riparian.point.01","2020-11-02T13:55Z","BARC.20201102.EPIPHYTON.1","BARC.20201102.EPIPHYTON.1.CNSA.1","A00000132023",1,"CNSa",125.0,4.0,0.3,,"0000-0001-6607-7236","0000-0003-1571-3196","OK",
"256d8732-6a14-4330-a7e1-e261cae6000d","D03","BARC","BARC.AOS.riparian.point.07","2020-11-02T13:55Z","BARC.20201102.EPIPHYTON.7","BARC.20201102.EPIPHYTON.7.CNSA.1","A00000132035",1,"CNSa",125.0,2.0,0.3,,"0000-0001-6607-7236","0000-0003-1571-3196","OK",
"6248a196-3154-4897-bec2-cc0d16cfc22b","D03","BARC","BARC.AOS.riparian.point.09","2020-11-02T13:55Z","BARC.20201102.EPIPHYTON.9","BARC.20201102.EPIPHYTON.9.CNSA.1","A00000132039",1,"CNSa",125.0,2.0,0.2,,"0000-0001-6607-7236","0000-0003-1571-3196","OK",
"0f6a5d04-685e-4caa-b59b-f840f78d1184","D03","BARC","BARC.AOS.riparian.point.03","2020-11-02T13:55Z","BARC.20201102.EPIPHYTON.3","BARC.20201102.EPIPHYTON.3.P.1","A00000132025",1,"P",125.0,2.0,0.2,,"0000-0001-6607-7236","0000-0003-1571-3196","OK",
"1acfefe7-c432-4a07-8881-9de54b151f9c","D03","BARC","BARC.AOS.riparian.point.09","2020-11-02T13:55Z","BARC.20201102.EPIPHYTON.9","BARC.20201102.EPIPHYTON.9.CHL/PHEO.1","A00000132040",1,"chlorophyll/pheophytin",125.0,2.0,0.2,,"0000-0001-6607-7236","0000-0003-1571-3196","OK",
"263cbba0-51fc-4b7a-a31c-2043af2c1b3d","D03","BARC","BARC.AOS.littoral1","2020-11-02T13:55Z","BARC.20201102.PHYTOPLANKTON.2","BARC.20201102.PHYTOPLANKTON.2.REP2.P.2","A00000131737",2,"P",5000.0,200.0,0.2,,"0000-0001-6607-7236","0000-0003-1571-3196","OK",
"c206a803-5af9-47dd-ac61-ea1361edae7e","D03","BARC","BARC.AOS.littoral2","2020-11-02T13:55Z","BARC.20201102.PHYTOPLANKTON.3","BARC.20201102.PHYTOPLANKTON.3.CNSB.1","A00000131745",1,"CNSb",5000.0,200.0,0.2,,"0000-0001-6607-7236","0000-0003-1571-3196","OK",
"583a8dd7-a52e-4381-bf45-14f9339f544a","D03","BARC","BARC.AOS.littoral1","2020-11-02T13:55Z","BARC.20201102.PHYTOPLANKTON.2","BARC.20201102.PHYTOPLANKTON.2.CNSB.1","A00000131732",1,"CNSb",5000.0,300.0,0.2,,"0000-0001-6607-7236","0000-0003-1571-3196","OK",
"b768162e-01a5-4caa-bad1-22f2cd1a4ece","D03","BARC","BARC.AOS.littoral2","2020-11-02T13:55Z","BARC.20201102.PHYTOPLANKTON.3","BARC.20201102.PHYTOPLANKTON.3.CHL/PHEO.1","A00000131744",1,"chlorophyll/pheophytin",5000.0,200.0,0.2,,"0000-0001-6607-7236","0000-0003-1571-3196","OK",
"92ac9887-271c-482b-a7c1-ae1f3b9128b1","D03","BARC","BARC.AOS.littoral1","2020-11-02T13:55Z","BARC.20201102.PHYTOPLANKTON.2","BARC.20201102.PHYTOPLANKTON.2.CHL/PHEO.1","A00000131734",1,"chlorophyll/pheophytin",5000.0,300.0,0.2,,"0000-0001-6607-7236","0000-0003-1571-3196","OK",
"d5038c3c-df53-4698-b0d1-a22ebc39998b","D03","BARC","BARC.AOS.littoral1","2020-11-02T13:55Z","BARC.20201102.PHYTOPLANKTON.2","BARC.20201102.PHYTOPLANKTON.2.CNSA.1","A00000131731",1,"CNSa",5000.0,300.0,0.2,,"0000-0001-6607-7236","0000-0003-1571-3196","OK",
"980f25ce-5663-448c-806c-2583d604d882","D03","BARC","BARC.AOS.littoral1","2020-11-02T13:55Z","BARC.20201102.PHYTOPLANKTON.2","BARC.20201102.PHYTOPLANKTON.2.P.1","A00000131733",1,"P",5000.0,300.0,0.2,,"0000-0001-6607-7236","0000-0003-1571-3196","OK",
"52e70ff3-697e-441e-bf75-58f4e1bd9e2d","D03","BARC","BARC.AOS.buoy.c0","2020-11-02T13:55Z","BARC.20201102.PHYTOPLANKTON.1","BARC.20201102.PHYTOPLANKTON.1.CNSB.1","A00000131727",1,"CNSb",5000.0,300.0,0.2,,"0000-0001-6607-7236","0000-0003-1571-3196","OK",
"dbb4bbf2-23d7-440d-95be-c9616f8b7417","D03","BARC","BARC.AOS.buoy.c0","2020-11-02T13:55Z","BARC.20201102.PHYTOPLANKTON.1","BARC.20201102.PHYTOPLANKTON.1.CNSA.1","A00000131726",1,"CNSa",5000.0,300.0,0.2,,"0000-0001-6607-7236","0000-0003-1571-3196","OK",
"4f35b9ff-32ff-44fa-92ab-5fc3e242bd34","D03","BARC","BARC.AOS.buoy.c0","2020-11-02T13:55Z","BARC.20201102.PHYTOPLANKTON.1","BARC.20201102.PHYTOPLANKTON.1.CHL/PHEO.1","A00000131729",1,"chlorophyll/pheophytin",5000.0,300.0,0.2,,"0000-0001-6607-7236","0000-0003-1571-3196","OK",
"e8f265d6-d09f-4f54-9b7b-0bf66c4fa72d","D03","BARC","BARC.AOS.littoral1","2020-11-02T13:55Z","BARC.20201102.PHYTOPLANKTON.2","BARC.20201102.PHYTOPLANKTON.2.REP2.CHL/PHEO.2","A00000131738",2,"chlorophyll/pheophytin",5000.0,200.0,0.2,,"0000-0001-6607-7236","0000-0003-1571-3196","OK",
"eb7e1e3c-4bae-4297-a981-d78bced256eb","D03","BARC","BARC.AOS.littoral1","2020-11-02T13:55Z","BARC.20201102.PHYTOPLANKTON.2","BARC.20201102.PHYTOPLANKTON.2.REP2.CNSA.2","A00000131735",2,"CNSa",5000.0,200.0,0.2,,"0000-0001-6607-7236","0000-0003-1571-3196","OK",
"0c16fc71-a316-48ae-8c26-d9d50329389a","D03","BARC","BARC.AOS.littoral2","2020-11-02T13:55Z","BARC.20201102.PHYTOPLANKTON.3","BARC.20201102.PHYTOPLANKTON.3.CNSA.1","A00000131746",1,"CNSa",5000.0,200.0,0.2,,"0000-0001-6607-7236","0000-0003-1571-3196","OK",
"3654c3a9-5a25-49de-83cb-530f7521cb94","D03","BARC","BARC.AOS.buoy.c0","2020-11-02T13:55Z","BARC.20201102.PHYTOPLANKTON.1","BARC.20201102.PHYTOPLANKTON.1.P.1","A00000131728",1,"P",5000.0,300.0,0.2,,"0000-0001-6607-7236","0000-0003-1571-3196","OK",
"6d92fcbb-9134-4a7d-9cd6-2698f5f26459","D03","BARC","BARC.AOS.littoral1","2020-11-02T13:55Z","BARC.20201102.PHYTOPLANKTON.2","BARC.20201102.PHYTOPLANKTON.2.REP2.CNSB.2","A00000131736",2,"CNSb",5000.0,200.0,0.2,,"0000-0001-6607-7236","0000-0003-1571-3196","OK",
"5ca29584-440d-414d-aaae-027ee17054a0","D03","BARC","BARC.AOS.littoral2","2020-11-02T13:55Z","BARC.20201102.PHYTOPLANKTON.3","BARC.20201102.PHYTOPLANKTON.3.P.1","A00000131743",1,"P",5000.0,200.0,0.2,,"0000-0001-6607-7236","0000-0003-1571-3196","OK",
