uid,domainID,siteID,namedLocation,collectDate,sampleID,sampleCode,sampleCondition,laboratoryName,analysisDate,analyzedBy,sampleType,replicate,sampleVolumeFiltered,filterSize,percentFilterAnalyzed,dilutionFactor,solventVolume,responseFactor,acidificationResponseFactor,fluorometerSensitivitySetting,preAcidificationFluorescence,postAcidificationFluorescence,analyte,analyteConcentration,plantAlgaeLabUnits,testMethod,method,acidTreatment,externalRemarks,externalLabDataQF
"59b8613b-5865-4539-85c4-063726ba9cc9","D03","BARC","BARC.AOS.riparian.point.09","2020-11-02","BARC.20201102.EPIPHYTON.9.CHL/PHEO.1","A00000132040","other","Great Lakes Environmental Center, Inc.","2020-11-13","4CajRO/thb0=","chlorophyll/pheophytin","1",2,25,100,1,7,419.3376,,,1.1350,0.3690,"chlorophyll a",1335.20,"microgramsPerLiter","GLEC_algalChlorophyll_V1","APHA 10200H",,"Cold chain broken and Samples exceeded 7-day hold time at Domain 3 by 3 days but are within 14 day hold time for anaylsis.",
"1d3a54f6-d931-4d7d-b875-464ba80c3020","D03","BARC","BARC.AOS.riparian.point.03","2020-11-02","BARC.20201102.EPIPHYTON.3.CHL/PHEO.1","A00000132028","other","Great Lakes Environmental Center, Inc.","2020-11-13","4CajRO/thb0=","chlorophyll/pheophytin","1",2,25,100,1,7,419.3376,,,1.5100,0.3880,"pheophytin",1647.80,"microgramsPerLiter","GLEC_algalChlorophyll_V1","APHA 10200H",,"Cold chain broken and Samples exceeded 7-day hold time at Domain 3 by 3 days but are within 14 day hold time for anaylsis.",
"7ab46c86-1d85-402f-b88e-f0da22fd8fd2","D03","BARC","BARC.AOS.littoral2","2020-11-02","BARC.20201102.PHYTOPLANKTON.3.CHL/PHEO.1","A00000131744","other","Great Lakes Environmental Center, Inc.","2020-11-13","4CajRO/thb0=","chlorophyll/pheophytin","1",200,25,100,1,7,419.3376,,,0.2260,0.0900,"chlorophyll a",2.37,"microgramsPerLiter","GLEC_algalChlorophyll_V1","APHA 10200H",,"Cold chain broken and Samples exceeded 7-day hold time at Domain 3 by 3 days but are within 14 day hold time for anaylsis.",
"ef831d9b-2cca-481d-b1be-b7d42bdaf173","D03","BARC","BARC.AOS.riparian.point.09","2020-11-02","BARC.20201102.EPIPHYTON.9.CHL/PHEO.1","A00000132040","other","Great Lakes Environmental Center, Inc.","2020-11-13","4CajRO/thb0=","chlorophyll/pheophytin","1",2,25,100,1,7,419.3376,,,1.1350,0.3690,"pheophytin",2091.90,"microgramsPerLiter","GLEC_algalChlorophyll_V1","APHA 10200H",,"Cold chain broken and Samples exceeded 7-day hold time at Domain 3 by 3 days but are within 14 day hold time for anaylsis.",
"25422cbc-10b9-4f0a-b672-f55582957972","D03","BARC","BARC.AOS.riparian.point.05","2020-11-02","BARC.20201102.EPIPHYTON.5.CHL/PHEO.1","A00000132032","other","Great Lakes Environmental Center, Inc.","2020-11-13","4CajRO/thb0=","chlorophyll/pheophytin","1",2,25,100,1,7,419.3376,,,1.8880,0.5470,"pheophytin",2742.80,"microgramsPerLiter","GLEC_algalChlorophyll_V1","APHA 10200H",,"Cold chain broken and Samples exceeded 7-day hold time at Domain 3 by 3 days but are within 14 day hold time for anaylsis.",
"3bb2d71a-66bf-4597-943f-950a927345ba","D03","BARC","BARC.AOS.riparian.point.01","2020-11-02","BARC.20201102.EPIPHYTON.1.CHL/PHEO.1","A00000132024","other","Great Lakes Environmental Center, Inc.","2020-11-13","4CajRO/thb0=","chlorophyll/pheophytin","1",4,25,100,10,7,419.3376,,,0.2800,0.0760,"chlorophyll a",1778.00,"microgramsPerLiter","GLEC_algalChlorophyll_V1","APHA 10200H",,"Cold chain broken and Samples exceeded 7-day hold time at Domain 3 by 3 days but are within 14 day hold time for anaylsis.",
"b782926b-6c7b-4678-af88-4b0b2bab1e57","D03","BARC","BARC.AOS.littoral1","2020-11-02","BARC.20201102.PHYTOPLANKTON.2.REP2.CHL/PHEO.2","A00000131738","other","Great Lakes Environmental Center, Inc.","2020-11-13","4CajRO/thb0=","chlorophyll/pheophytin","2",200,25,100,1,7,419.3376,,,0.2580,0.1040,"chlorophyll a",2.68,"microgramsPerLiter","GLEC_algalChlorophyll_V1","APHA 10200H",,"Cold chain broken and Samples exceeded 7-day hold time at Domain 3 by 3 days but are within 14 day hold time for anaylsis.",
"8d6469c3-0185-48db-9036-5bad01fd7739","D03","BARC","BARC.AOS.littoral1","2020-11-02","BARC.20201102.PHYTOPLANKTON.2.CHL/PHEO.1","A00000131734","other","Great Lakes Environmental Center, Inc.","2020-11-13","4CajRO/thb0=","chlorophyll/pheophytin","1",300,25,100,1,7,419.3376,,,0.2650,0.1050,"chlorophyll a",1.86,"microgramsPerLiter","GLEC_algalChlorophyll_V1","APHA 10200H",,"Cold chain broken and Samples exceeded 7-day hold time at Domain 3 by 3 days but are within 14 day hold time for anaylsis.",
"e7324a06-8ef4-472c-b2c1-b5ae6ae36790","D03","BARC","BARC.AOS.buoy.c0","2020-11-02","BARC.20201102.PHYTOPLANKTON.1.CHL/PHEO.1","A00000131729","other","Great Lakes Environmental Center, Inc.","2020-11-13","4CajRO/thb0=","chlorophyll/pheophytin","1",300,25,100,1,7,419.3376,,,0.3450,0.1440,"pheophytin",6.58,"microgramsPerLiter","GLEC_algalChlorophyll_V1","APHA 10200H",,"Cold chain broken and Samples exceeded 7-day hold time at Domain 3 by 3 days but are within 14 day hold time for anaylsis.",
"aa83acbc-7501-4d41-b86a-ee83c3a12223","D03","BARC","BARC.AOS.riparian.point.07","2020-11-02","BARC.20201102.EPIPHYTON.7.CHL/PHEO.1","A00000132036","other","Great Lakes Environmental Center, Inc.","2020-11-13","4CajRO/thb0=","chlorophyll/pheophytin","1",2,25,100,1,7,419.3376,,,1.4790,0.4150,"pheophytin",1999.70,"microgramsPerLiter","GLEC_algalChlorophyll_V1","APHA 10200H",,"Cold chain broken and Samples exceeded 7-day hold time at Domain 3 by 3 days but are within 14 day hold time for anaylsis.",
"d9bb423b-b562-4924-bb06-6b8834d2b60c","D03","BARC","BARC.AOS.riparian.point.07","2020-11-02","BARC.20201102.EPIPHYTON.7.CHL/PHEO.1","A00000132036","other","Great Lakes Environmental Center, Inc.","2020-11-13","4CajRO/thb0=","chlorophyll/pheophytin","1",2,25,100,1,7,419.3376,,,1.4790,0.4150,"chlorophyll a",1854.70,"microgramsPerLiter","GLEC_algalChlorophyll_V1","APHA 10200H",,"Cold chain broken and Samples exceeded 7-day hold time at Domain 3 by 3 days but are within 14 day hold time for anaylsis.",
"d917bc9d-4873-43d2-81ab-c84b5d3bd95c","D03","BARC","BARC.AOS.littoral2","2020-11-02","BARC.20201102.PHYTOPLANKTON.3.CHL/PHEO.1","A00000131744","other","Great Lakes Environmental Center, Inc.","2020-11-13","4CajRO/thb0=","chlorophyll/pheophytin","1",200,25,100,1,7,419.3376,,,0.2260,0.0900,"pheophytin",5.99,"microgramsPerLiter","GLEC_algalChlorophyll_V1","APHA 10200H",,"Cold chain broken and Samples exceeded 7-day hold time at Domain 3 by 3 days but are within 14 day hold time for anaylsis.",
"cdfdbe53-a51f-4a1e-96f7-f5c5959a2e8a","D03","BARC","BARC.AOS.riparian.point.01","2020-11-02","BARC.20201102.EPIPHYTON.1.CHL/PHEO.1","A00000132024","other","Great Lakes Environmental Center, Inc.","2020-11-13","4CajRO/thb0=","chlorophyll/pheophytin","1",4,25,100,10,7,419.3376,,,0.2800,0.0760,"pheophytin",1751.30,"microgramsPerLiter","GLEC_algalChlorophyll_V1","APHA 10200H",,"Cold chain broken and Samples exceeded 7-day hold time at Domain 3 by 3 days but are within 14 day hold time for anaylsis.",
"096d80da-a80b-4d51-8a8a-972038117612","D03","BARC","BARC.AOS.riparian.point.05","2020-11-02","BARC.20201102.EPIPHYTON.5.CHL/PHEO.1","A00000132032","other","Great Lakes Environmental Center, Inc.","2020-11-13","4CajRO/thb0=","chlorophyll/pheophytin","1",2,25,100,1,7,419.3376,,,1.8880,0.5470,"chlorophyll a",2337.60,"microgramsPerLiter","GLEC_algalChlorophyll_V1","APHA 10200H",,"Cold chain broken and Samples exceeded 7-day hold time at Domain 3 by 3 days but are within 14 day hold time for anaylsis.",
"50226866-2a59-4c0e-9d78-22d52bdd0473","D03","BARC","BARC.AOS.buoy.c0","2020-11-02","BARC.20201102.PHYTOPLANKTON.1.CHL/PHEO.1","A00000131729","other","Great Lakes Environmental Center, Inc.","2020-11-13","4CajRO/thb0=","chlorophyll/pheophytin","1",300,25,100,1,7,419.3376,,,0.3450,0.1440,"chlorophyll a",2.34,"microgramsPerLiter","GLEC_algalChlorophyll_V1","APHA 10200H",,"Cold chain broken and Samples exceeded 7-day hold time at Domain 3 by 3 days but are within 14 day hold time for anaylsis.",
"5d30ef19-f05d-4f45-9965-9895764a9c01","D03","BARC","BARC.AOS.littoral1","2020-11-02","BARC.20201102.PHYTOPLANKTON.2.CHL/PHEO.1","A00000131734","other","Great Lakes Environmental Center, Inc.","2020-11-13","4CajRO/thb0=","chlorophyll/pheophytin","1",300,25,100,1,7,419.3376,,,0.2650,0.1050,"pheophytin",4.64,"microgramsPerLiter","GLEC_algalChlorophyll_V1","APHA 10200H",,"Cold chain broken and Samples exceeded 7-day hold time at Domain 3 by 3 days but are within 14 day hold time for anaylsis.",
"164f504a-9fe8-4569-9f94-1307bcc35f18","D03","BARC","BARC.AOS.littoral1","2020-11-02","BARC.20201102.PHYTOPLANKTON.2.REP2.CHL/PHEO.2","A00000131738","other","Great Lakes Environmental Center, Inc.","2020-11-13","4CajRO/thb0=","chlorophyll/pheophytin","2",200,25,100,1,7,419.3376,,,0.2580,0.1040,"pheophytin",6.97,"microgramsPerLiter","GLEC_algalChlorophyll_V1","APHA 10200H",,"Cold chain broken and Samples exceeded 7-day hold time at Domain 3 by 3 days but are within 14 day hold time for anaylsis.",
"ff90bc02-62bb-41ca-bb32-9f5a15490e04","D03","BARC","BARC.AOS.riparian.point.03","2020-11-02","BARC.20201102.EPIPHYTON.3.CHL/PHEO.1","A00000132028","other","Great Lakes Environmental Center, Inc.","2020-11-13","4CajRO/thb0=","chlorophyll/pheophytin","1",2,25,100,1,7,419.3376,,,1.5100,0.3880,"chlorophyll a",1955.80,"microgramsPerLiter","GLEC_algalChlorophyll_V1","APHA 10200H",,"Cold chain broken and Samples exceeded 7-day hold time at Domain 3 by 3 days but are within 14 day hold time for anaylsis.",
