uid,domainID,siteID,namedLocation,aquaticSiteType,decimalLatitude,decimalLongitude,coordinateUncertainty,elevation,elevationUncertainty,geodeticDatum,collectDate,eventID,parentSampleID,parentSampleCode,samplingImpractical,biophysicalCriteria,affectedByWind,habitatType,algalSampleType,benthicArea,samplingProtocolVersion,phytoDepth1,phytoDepth2,phytoDepth3,substratumSizeClass,remarks,recordedBy,collectedBy,dataQF
"81be7cfe-e43f-4435-92ea-fde265a7f75e","D03","BARC","BARC.AOS.riparian.point.03","lake",29.676118,-82.006564,5.0,22.2,5.0,"WGS84","2020-11-02T13:55Z","BARC.20201102","BARC.20201102.EPIPHYTON.3",,,"OK - no known exceptions",,"littoral","epiphyton",0.010000,"NEON.DOC.003045vE",,,,,,"0000-0001-6607-7236","0000-0003-1571-3196",
"e0e9a68c-05cf-47ce-9233-7e89c6b4267c","D03","BARC","BARC.AOS.riparian.point.07","lake",29.674953,-82.009818,5.0,26.4,5.0,"WGS84","2020-11-02T13:55Z","BARC.20201102","BARC.20201102.EPIPHYTON.7",,,"OK - no known exceptions",,"littoral","epiphyton",0.010000,"NEON.DOC.003045vE",,,,,,"0000-0001-6607-7236","0000-0003-1571-3196",
"f515de48-b31a-4bc1-be42-f671db272de8","D03","BARC","BARC.AOS.littoral1","lake",29.677479,-82.007710,1.1,26.0,1.0,"WGS84","2020-11-02T13:55Z","BARC.20201102","BARC.20201102.PHYTOPLANKTON.2",,,"OK - no known exceptions","N","littoral","phytoplankton",,"NEON.DOC.003045vE",0.5,3.0,,,,"0000-0001-6607-7236","0000-0003-1571-3196",
"4d32f453-42ed-4023-8217-e3686db0a630","D03","BARC","BARC.AOS.riparian.point.09","lake",29.676597,-82.009967,5.0,19.5,5.0,"WGS84","2020-11-02T13:55Z","BARC.20201102","BARC.20201102.EPIPHYTON.9",,,"OK - no known exceptions",,"littoral","epiphyton",0.010000,"NEON.DOC.003045vE",,,,,,"0000-0001-6607-7236","0000-0003-1571-3196",
"fca9e69f-f4b2-433c-a5de-3010231ced0a","D03","BARC","BARC.AOS.littoral2","lake",29.674748,-82.008401,1.1,27.1,1.0,"WGS84","2020-11-02T13:55Z","BARC.20201102","BARC.20201102.PHYTOPLANKTON.3",,,"OK - no known exceptions","N","littoral","phytoplankton",,"NEON.DOC.003045vE",0.5,3.0,,,,"0000-0001-6607-7236","0000-0003-1571-3196",
"76a774e8-a758-42d4-927f-2067e9ec9a97","D03","BARC","BARC.AOS.buoy.c0","lake",29.675982,-82.008414,10.0,27.0,10.0,"WGS84","2020-11-02T13:55Z","BARC.20201102","BARC.20201102.PHYTOPLANKTON.1",,,"OK - no known exceptions","N","littoral","phytoplankton",,"NEON.DOC.003045vE",0.5,3.0,,,,"0000-0001-6607-7236","0000-0003-1571-3196",
"ff5dbd81-1007-459a-9d9d-4c6d144d88d6","D03","BARC","BARC.AOS.riparian.point.05","lake",29.674476,-82.007454,5.0,25.9,5.0,"WGS84","2020-11-02T13:55Z","BARC.20201102","BARC.20201102.EPIPHYTON.5",,,"OK - no known exceptions",,"littoral","epiphyton",0.010000,"NEON.DOC.003045vE",,,,,,"0000-0001-6607-7236","0000-0003-1571-3196",
"feb5c982-8a14-431f-8eaf-295a23747445","D03","BARC","BARC.AOS.riparian.point.01","lake",29.677784,-82.007670,5.0,24.7,5.0,"WGS84","2020-11-02T13:55Z","BARC.20201102","BARC.20201102.EPIPHYTON.1",,,"OK - no known exceptions",,"littoral","epiphyton",0.010000,"NEON.DOC.003045vE",,,,,,"0000-0001-6607-7236","0000-0003-1571-3196",
