uid,domainID,siteID,namedLocation,date,eventID,sampleDepth,waterTemp,specificConductance,dissolvedOxygen,dissolvedOxygenSaturation,dataQF
"588f35fe-cd96-46a3-9622-0a88ba6c3060","D09","PRLA","PRLA.AOS.buoy.c0","2021-03-02T17:47Z","PRLA.c0.20210302",0.5,2.4,1386.0,17.4,137.3,
"5d5c7f7f-25f0-4221-9f48-51de7ed1625d","D09","PRLA","PRLA.AOS.buoy.c0","2021-03-02T17:47Z","PRLA.c0.20210302",1.0,2.7,1389.0,9.6,76.7,
"6e646b40-8f66-4163-ae2d-f0978ed63aa4","D09","PRLA","PRLA.AOS.buoy.c0","2021-03-02T17:47Z","PRLA.c0.20210302",2.0,2.9,1437.0,2.7,22.0,
"5d192839-77ff-46f1-a937-00f2f73ef6e4","D09","PRLA","PRLA.AOS.buoy.c0","2021-03-02T17:47Z","PRLA.c0.20210302",1.5,2.6,1413.0,4.3,32.9,
