uid,domainID,siteID,namedLocation,aquaticSiteType,decimalLatitude,decimalLongitude,coordinateUncertainty,elevation,elevationUncertainty,geodeticDatum,collectDate,eventID,parentSampleID,parentSampleCode,samplingImpractical,biophysicalCriteria,affectedByWind,habitatType,algalSampleType,benthicArea,samplingProtocolVersion,phytoDepth1,phytoDepth2,phytoDepth3,substratumSizeClass,remarks,recordedBy,collectedBy,dataQF
"7958e98d-7318-4012-9251-210faca8dfa2","D03","BARC","BARC.AOS.riparian.point.05","lake",29.674476,-82.007454,5.0,25.9,5.0,"WGS84","2015-11-30T14:45Z","BARC.20151130","BARC.20151130.EPIPHYTON.3",,,,,"littoral","epiphyton",0.010000,"NEON.DOC.001203vD",,,,,,"tburlingame@neoninc.org","ksandusky@neoninc.org","legacyData"
"5091db9a-62c5-49d8-8c65-5d5dc61a8070","D03","BARC","BARC.AOS.riparian.point.09","lake",29.676597,-82.009967,5.0,19.5,5.0,"WGS84","2015-11-30T14:45Z","BARC.20151130","BARC.20151130.EPIPHYTON.1",,,,,"littoral","epiphyton",0.010000,"NEON.DOC.001203vD",,,,,,"tburlingame@neoninc.org","ksandusky@neoninc.org","legacyData"
"cb1cc401-a85b-42ce-b602-3324271765e8","D03","BARC","BARC.AOS.riparian.point.01","lake",29.677784,-82.007670,5.0,24.7,5.0,"WGS84","2015-11-30T14:45Z","BARC.20151130","BARC.20151130.EPIPHYTON.5",,,,,"littoral","epiphyton",0.010000,"NEON.DOC.001203vD",,,,,,"tburlingame@neoninc.org","ksandusky@neoninc.org","legacyData"
"016c2486-4dd1-4dc9-abfb-44547c202500","D03","BARC","BARC.AOS.riparian.point.07","lake",29.674953,-82.009818,5.0,26.4,5.0,"WGS84","2015-11-30T14:45Z","BARC.20151130","BARC.20151130.EPIPHYTON.2",,,,,"littoral","epiphyton",0.010000,"NEON.DOC.001203vD",,,,,,"tburlingame@neoninc.org","ksandusky@neoninc.org","legacyData"
"15e52b6c-ea3f-43f4-81ac-6b6b5b486a87","D03","BARC","BARC.AOS.riparian.point.03","lake",29.676118,-82.006564,5.0,22.2,5.0,"WGS84","2015-11-30T14:45Z","BARC.20151130","BARC.20151130.EPIPHYTON.4",,,,,"littoral","epiphyton",0.010000,"NEON.DOC.001203vD",,,,,,"tburlingame@neoninc.org","ksandusky@neoninc.org","legacyData"
"d41ab1ff-f685-44fb-91dd-697195648bc2","D03","BARC","BARC.AOS.littoral2","lake",29.674748,-82.008401,1.1,27.1,1.0,"WGS84","2015-11-30T14:45Z","BARC.20151130","BARC.20151130.PHYTOPLANKTON.3",,,,,"pelagic","phytoplankton",,"NEON.DOC.001203vD",1.0,1.0,,,,"tburlingame@neoninc.org","ksandusky@neoninc.org","legacyData"
"762fb836-d47d-44d4-ad86-0031691b26fd","D03","BARC","BARC.AOS.buoy.c0","lake",29.675982,-82.008414,10.0,27.0,10.0,"WGS84","2015-11-30T14:45Z","BARC.20151130","BARC.20151130.PHYTOPLANKTON.1",,,,,"pelagic","phytoplankton",,"NEON.DOC.001203vD",1.0,4.4,,,,"tburlingame@neoninc.org","ksandusky@neoninc.org","legacyData"
"35ac868c-ca10-4f19-9fee-e489a82f75db","D03","BARC","BARC.AOS.littoral1","lake",29.677479,-82.007710,1.1,26.0,1.0,"WGS84","2015-11-30T14:45Z","BARC.20151130","BARC.20151130.PHYTOPLANKTON.2",,,,,"pelagic","phytoplankton",,"NEON.DOC.001203vD",1.0,2.6,,,,"tburlingame@neoninc.org","ksandusky@neoninc.org","legacyData"
