uid,domainID,siteID,namedLocation,collectDate,sampleID,sampleCode,sampleCondition,laboratoryName,analysisDate,analyzedBy,sampleType,replicate,sampleVolumeFiltered,filterSize,percentFilterAnalyzed,dilutionFactor,solventVolume,responseFactor,acidificationResponseFactor,fluorometerSensitivitySetting,preAcidificationFluorescence,postAcidificationFluorescence,analyte,analyteConcentration,plantAlgaeLabUnits,testMethod,method,acidTreatment,externalRemarks,externalLabDataQF
"adcd62c0-7d7e-4a45-a409-aa1a8574c941","D03","BARC","BARC.AOS.riparian.point.09","2015-11-30","BARC.20151130.EPIPHYTON.1",,"other (specify in remarks)","Academy of Natural Sciences of Drexel University","2017-04-04","OKgcKejxXbI=","13C15N","2",,25,100,,,,,,,,"d13C",,"perMill","ANSP P-16-202 Rev0",,"N","not enough sample for analysis","legacyData|Did not meet quality audit requirements for analysis audit|acidTreatmentSOPNotFollowed"
"46a3f4ec-842e-4052-95ba-1b243d10e431","D03","BARC","BARC.AOS.riparian.point.09","2015-11-30","BARC.20151130.EPIPHYTON.1",,"other (specify in remarks)","Academy of Natural Sciences of Drexel University","2017-04-04","OKgcKejxXbI=","13C15N","1",,25,100,,,,,,,,"d34S",15.07,"perMill","SO2 EA-combustion-IRMS method",,,"poor filter preservation","legacyData|Did not meet quality audit requirements for analysis audit"
"95a46559-2731-499b-ba3f-348542eb6d31","D03","BARC","BARC.AOS.riparian.point.09","2015-11-30","BARC.20151130.EPIPHYTON.1",,"condition ok","Academy of Natural Sciences of Drexel University","2016-06-02","Txt9C5i/u7k=","chlorophyll/pheophytin","1",,25,100,,,,,,,,"chlorophyll a",,"microgramsPerLiter","ANSP P-16-92 Rev2",,,,"legacyData|Did not meet quality audit requirements for analysis audit"
"e82ed224-3c93-4f26-a336-339ed1fc47ad","D03","BARC","BARC.AOS.riparian.point.09","2015-11-30","BARC.20151130.EPIPHYTON.1",,"condition ok","Academy of Natural Sciences of Drexel University","2016-08-01","OKgcKejxXbI=","CN","1",,25,100,,,,,,,,"nitrogen",4108.15,"microgramsPerLiter","ANSP P-16-54 Rev2",,,,"legacyData|Did not meet quality audit requirements for analysis audit"
"99245b6a-f7f9-4f92-8220-220a7bd965a1","D03","BARC","BARC.AOS.riparian.point.09","2015-11-30","BARC.20151130.EPIPHYTON.1",,"condition ok","Academy of Natural Sciences of Drexel University","2016-06-13","+IoRzddUq5A=","P","1",,25,100,,,,,,,,"phosphorus",506.80,"microgramsPerLiter","ANSP P-16-114 Rev2; ANSP P-16_95 Rev3",,,,"legacyData|Did not meet quality audit requirements for analysis audit"
"df53c34e-e6a9-452e-802d-51cea34248d0","D03","BARC","BARC.AOS.riparian.point.09","2015-11-30","BARC.20151130.EPIPHYTON.1",,"other (specify in remarks)","Academy of Natural Sciences of Drexel University","2017-04-04","OKgcKejxXbI=","13C15N","1",,25,100,,,,,,,,"d15N",4.18,"perMill","ANSP P-16-202 Rev0",,,"poor filter preservation","legacyData|Did not meet quality audit requirements for analysis audit"
"52c55b88-d28b-48d3-8ed7-dc10aa188d34","D03","BARC","BARC.AOS.riparian.point.09","2015-11-30","BARC.20151130.EPIPHYTON.1",,"condition ok","Academy of Natural Sciences of Drexel University","2016-08-01","OKgcKejxXbI=","CN","2",,25,100,,,,,,,,"nitrogen",10702.77,"microgramsPerLiter","ANSP P-16-54 Rev2",,,,"legacyData|Did not meet quality audit requirements for analysis audit"
"172cdf32-6d64-4fe8-a39e-e81c27131c5b","D03","BARC","BARC.AOS.riparian.point.09","2015-11-30","BARC.20151130.EPIPHYTON.1",,"condition ok","Academy of Natural Sciences of Drexel University","2016-06-02","Txt9C5i/u7k=","chlorophyll/pheophytin","2",,25,100,,,,,,,,"pheophytin",,"microgramsPerLiter","ANSP P-16-92 Rev2",,,,"legacyData|Did not meet quality audit requirements for analysis audit"
"f43ebc06-ebed-4892-a283-b9958b3416c6","D03","BARC","BARC.AOS.riparian.point.09","2015-11-30","BARC.20151130.EPIPHYTON.1",,"condition ok","Academy of Natural Sciences of Drexel University","2016-06-02","Txt9C5i/u7k=","chlorophyll/pheophytin","1",,25,100,,,,,,,,"pheophytin",,"microgramsPerLiter","ANSP P-16-92 Rev2",,,,"legacyData|Did not meet quality audit requirements for analysis audit"
"03eb2d11-633f-42f0-beae-076d5a1a7f8a","D03","BARC","BARC.AOS.riparian.point.09","2015-11-30","BARC.20151130.EPIPHYTON.1",,"condition ok","Academy of Natural Sciences of Drexel University","2016-08-01","OKgcKejxXbI=","CN","1",,25,100,,,,,,,,"carbon",41301.07,"microgramsPerLiter","ANSP P-16-54 Rev2",,"N",,"legacyData|Did not meet quality audit requirements for analysis audit|acidTreatmentSOPNotFollowed"
"61fc2978-b10f-4b4c-bd2a-5291771d48cd","D03","BARC","BARC.AOS.riparian.point.09","2015-11-30","BARC.20151130.EPIPHYTON.1",,"condition ok","Academy of Natural Sciences of Drexel University","2016-06-02","Txt9C5i/u7k=","chlorophyll/pheophytin","2",,25,100,,,,,,,,"chlorophyll a",,"microgramsPerLiter","ANSP P-16-92 Rev2",,,,"legacyData|Did not meet quality audit requirements for analysis audit"
"0f404b94-aa86-4510-a698-0edb4ed2d9be","D03","BARC","BARC.AOS.riparian.point.09","2015-11-30","BARC.20151130.EPIPHYTON.1",,"condition ok","Academy of Natural Sciences of Drexel University","2016-08-01","OKgcKejxXbI=","CN","2",,25,100,,,,,,,,"carbon",111982.41,"microgramsPerLiter","ANSP P-16-54 Rev2",,"N",,"legacyData|Did not meet quality audit requirements for analysis audit|acidTreatmentSOPNotFollowed"
"98fce916-bd71-4a2b-8792-021b8885888b","D03","BARC","BARC.AOS.riparian.point.09","2015-11-30","BARC.20151130.EPIPHYTON.1",,"other (specify in remarks)","Academy of Natural Sciences of Drexel University","2017-04-04","OKgcKejxXbI=","13C15N","2",,25,100,,,,,,,,"d15N",,"perMill","ANSP P-16-202 Rev0",,,"not enough sample for analysis","legacyData|Did not meet quality audit requirements for analysis audit"
"f851e626-3760-416e-9a61-826424dbfc93","D03","BARC","BARC.AOS.riparian.point.09","2015-11-30","BARC.20151130.EPIPHYTON.1",,"other (specify in remarks)","Academy of Natural Sciences of Drexel University","2017-04-04","OKgcKejxXbI=","13C15N","1",,25,100,,,,,,,,"d13C",-29.85,"perMill","ANSP P-16-202 Rev0",,"N","poor filter preservation","legacyData|Did not meet quality audit requirements for analysis audit|acidTreatmentSOPNotFollowed"
"acb9cf9f-5104-4934-9fe6-0862c7de8083","D03","BARC","BARC.AOS.riparian.point.01","2015-11-30","BARC.20151130.EPIPHYTON.5",,"other (specify in remarks)","Academy of Natural Sciences of Drexel University","2017-04-04","OKgcKejxXbI=","13C15N","1",,25,100,,,,,,,,"d15N",2.45,"perMill","ANSP P-16-202 Rev0",,,"poor filter preservation","legacyData|Did not meet quality audit requirements for analysis audit"
"7bd52223-a45b-4fcc-9e53-46001231a53e","D03","BARC","BARC.AOS.riparian.point.01","2015-11-30","BARC.20151130.EPIPHYTON.5",,"condition ok","Academy of Natural Sciences of Drexel University","2016-08-01","OKgcKejxXbI=","CN","1",,25,100,,,,,,,,"carbon",160995.68,"microgramsPerLiter","ANSP P-16-54 Rev2",,"N",,"legacyData|Did not meet quality audit requirements for analysis audit|acidTreatmentSOPNotFollowed"
"6a6e5e34-a5b3-4303-9960-e7d7ea87eb28","D03","BARC","BARC.AOS.riparian.point.01","2015-11-30","BARC.20151130.EPIPHYTON.5",,"condition ok","Academy of Natural Sciences of Drexel University","2016-06-02","Txt9C5i/u7k=","chlorophyll/pheophytin","1",,25,100,,,,,,,,"chlorophyll a",,"microgramsPerLiter","ANSP P-16-92 Rev2",,,,"legacyData|Did not meet quality audit requirements for analysis audit"
"c185e2a5-cca7-44f2-8845-8d08a195b9d6","D03","BARC","BARC.AOS.riparian.point.01","2015-11-30","BARC.20151130.EPIPHYTON.5",,"condition ok","Academy of Natural Sciences of Drexel University","2016-06-02","Txt9C5i/u7k=","chlorophyll/pheophytin","2",,25,100,,,,,,,,"chlorophyll a",,"microgramsPerLiter","ANSP P-16-92 Rev2",,,,"legacyData|Did not meet quality audit requirements for analysis audit"
"d46ac4e0-a456-4c20-889b-755ee86b2de1","D03","BARC","BARC.AOS.riparian.point.01","2015-11-30","BARC.20151130.EPIPHYTON.5",,"condition ok","Academy of Natural Sciences of Drexel University","2016-06-02","Txt9C5i/u7k=","chlorophyll/pheophytin","2",,25,100,,,,,,,,"pheophytin",,"microgramsPerLiter","ANSP P-16-92 Rev2",,,,"legacyData|Did not meet quality audit requirements for analysis audit"
"3e4e750a-9f00-46c1-8d32-b2e3a992896a","D03","BARC","BARC.AOS.riparian.point.01","2015-11-30","BARC.20151130.EPIPHYTON.5",,"condition ok","Academy of Natural Sciences of Drexel University","2016-06-13","+IoRzddUq5A=","P","1",,25,100,,,,,,,,"phosphorus",1022.40,"microgramsPerLiter","ANSP P-16-114 Rev2; ANSP P-16_95 Rev3",,,,"legacyData|Did not meet quality audit requirements for analysis audit"
"42f76582-af97-4d16-bfbd-9e1116819914","D03","BARC","BARC.AOS.riparian.point.01","2015-11-30","BARC.20151130.EPIPHYTON.5",,"other (specify in remarks)","Academy of Natural Sciences of Drexel University","2017-04-04","OKgcKejxXbI=","13C15N","1",,25,100,,,,,,,,"d34S",12.57,"perMill","SO2 EA-combustion-IRMS method",,,"poor filter preservation","legacyData|Did not meet quality audit requirements for analysis audit"
"46cb6fca-d859-4cc1-80c7-70854882345c","D03","BARC","BARC.AOS.riparian.point.01","2015-11-30","BARC.20151130.EPIPHYTON.5",,"condition ok","Academy of Natural Sciences of Drexel University","2016-08-01","OKgcKejxXbI=","CN","2",,25,100,,,,,,,,"carbon",174581.02,"microgramsPerLiter","ANSP P-16-54 Rev2",,"N",,"legacyData|Did not meet quality audit requirements for analysis audit|acidTreatmentSOPNotFollowed"
"428f2126-e994-4236-808c-2b9a350bf935","D03","BARC","BARC.AOS.riparian.point.01","2015-11-30","BARC.20151130.EPIPHYTON.5",,"condition ok","Academy of Natural Sciences of Drexel University","2016-08-01","OKgcKejxXbI=","CN","1",,25,100,,,,,,,,"nitrogen",13899.98,"microgramsPerLiter","ANSP P-16-54 Rev2",,,,"legacyData|Did not meet quality audit requirements for analysis audit"
"d558e1f8-2503-4589-8bdc-cf1534e7294d","D03","BARC","BARC.AOS.riparian.point.01","2015-11-30","BARC.20151130.EPIPHYTON.5",,"condition ok","Academy of Natural Sciences of Drexel University","2016-06-02","Txt9C5i/u7k=","chlorophyll/pheophytin","1",,25,100,,,,,,,,"pheophytin",,"microgramsPerLiter","ANSP P-16-92 Rev2",,,,"legacyData|Did not meet quality audit requirements for analysis audit"
"72a2693f-a350-4480-8ca7-39d95b7169ee","D03","BARC","BARC.AOS.riparian.point.01","2015-11-30","BARC.20151130.EPIPHYTON.5",,"condition ok","Academy of Natural Sciences of Drexel University","2016-08-01","OKgcKejxXbI=","CN","2",,25,100,,,,,,,,"nitrogen",15453.80,"microgramsPerLiter","ANSP P-16-54 Rev2",,,,"legacyData|Did not meet quality audit requirements for analysis audit"
"a74cdee9-81ab-4450-8e2b-6df7370973c1","D03","BARC","BARC.AOS.riparian.point.01","2015-11-30","BARC.20151130.EPIPHYTON.5",,"other (specify in remarks)","Academy of Natural Sciences of Drexel University","2017-04-04","OKgcKejxXbI=","13C15N","2",,25,100,,,,,,,,"d15N",,"perMill","ANSP P-16-202 Rev0",,,"not enough sample for analysis","legacyData|Did not meet quality audit requirements for analysis audit"
"40a55d6b-4f18-46f7-a4a4-633668f41b34","D03","BARC","BARC.AOS.riparian.point.01","2015-11-30","BARC.20151130.EPIPHYTON.5",,"other (specify in remarks)","Academy of Natural Sciences of Drexel University","2017-04-04","OKgcKejxXbI=","13C15N","2",,25,100,,,,,,,,"d13C",,"perMill","ANSP P-16-202 Rev0",,"N","not enough sample for analysis","legacyData|Did not meet quality audit requirements for analysis audit|acidTreatmentSOPNotFollowed"
"a6ee3e63-77b5-4817-ada0-e25a4618b677","D03","BARC","BARC.AOS.riparian.point.01","2015-11-30","BARC.20151130.EPIPHYTON.5",,"other (specify in remarks)","Academy of Natural Sciences of Drexel University","2017-04-04","OKgcKejxXbI=","13C15N","1",,25,100,,,,,,,,"d13C",-30.28,"perMill","ANSP P-16-202 Rev0",,"N","poor filter preservation","legacyData|Did not meet quality audit requirements for analysis audit|acidTreatmentSOPNotFollowed"
"833decfe-0bae-42ee-8ada-a5f91cff2615","D03","BARC","BARC.AOS.riparian.point.03","2015-11-30","BARC.20151130.EPIPHYTON.4",,"other (specify in remarks)","Academy of Natural Sciences of Drexel University","2017-04-04","OKgcKejxXbI=","13C15N","2",,25,100,,,,,,,,"d13C",,"perMill","ANSP P-16-202 Rev0",,"N","not enough sample for analysis","legacyData|Did not meet quality audit requirements for analysis audit|acidTreatmentSOPNotFollowed"
"b1f58278-ab32-46b6-abfe-adfbfeaf0c8a","D03","BARC","BARC.AOS.riparian.point.07","2015-11-30","BARC.20151130.EPIPHYTON.2",,"condition ok","Academy of Natural Sciences of Drexel University","2016-06-13","+IoRzddUq5A=","P","1",,25,100,,,,,,,,"phosphorus",770.40,"microgramsPerLiter","ANSP P-16-114 Rev2; ANSP P-16_95 Rev3",,,,"legacyData|Did not meet quality audit requirements for analysis audit"
"1a8dbda0-03f1-4f9d-a6cc-f91886f21882","D03","BARC","BARC.AOS.riparian.point.03","2015-11-30","BARC.20151130.EPIPHYTON.4",,"condition ok","Academy of Natural Sciences of Drexel University","2016-06-02","Txt9C5i/u7k=","chlorophyll/pheophytin","2",,25,100,,,,,,,,"chlorophyll a",,"microgramsPerLiter","ANSP P-16-92 Rev2",,,,"legacyData|Did not meet quality audit requirements for analysis audit"
"f710e012-3098-4433-99d3-3872387075a1","D03","BARC","BARC.AOS.riparian.point.03","2015-11-30","BARC.20151130.EPIPHYTON.4",,"condition ok","Academy of Natural Sciences of Drexel University","2016-06-02","Txt9C5i/u7k=","chlorophyll/pheophytin","2",,25,100,,,,,,,,"pheophytin",,"microgramsPerLiter","ANSP P-16-92 Rev2",,,,"legacyData|Did not meet quality audit requirements for analysis audit"
"0821afe1-5dcc-4177-a67d-1929b08a3229","D03","BARC","BARC.AOS.riparian.point.07","2015-11-30","BARC.20151130.EPIPHYTON.2",,"condition ok","Academy of Natural Sciences of Drexel University","2016-08-01","OKgcKejxXbI=","CN","2",,25,100,,,,,,,,"nitrogen",5220.52,"microgramsPerLiter","ANSP P-16-54 Rev2",,,,"legacyData|Did not meet quality audit requirements for analysis audit"
"8fa38c3f-cb0e-45ee-b6b4-f69e01fb6733","D03","BARC","BARC.AOS.riparian.point.07","2015-11-30","BARC.20151130.EPIPHYTON.2",,"condition ok","Academy of Natural Sciences of Drexel University","2016-08-01","OKgcKejxXbI=","CN","1",,25,100,,,,,,,,"carbon",58686.71,"microgramsPerLiter","ANSP P-16-54 Rev2",,"N",,"legacyData|Did not meet quality audit requirements for analysis audit|acidTreatmentSOPNotFollowed"
"67f7511c-7f46-4746-8fe6-b8c9b594850a","D03","BARC","BARC.AOS.riparian.point.03","2015-11-30","BARC.20151130.EPIPHYTON.4",,"condition ok","Academy of Natural Sciences of Drexel University","2016-06-13","+IoRzddUq5A=","P","1",,25,100,,,,,,,,"phosphorus",409.20,"microgramsPerLiter","ANSP P-16-114 Rev2; ANSP P-16_95 Rev3",,,,"legacyData|Did not meet quality audit requirements for analysis audit"
"fd57c361-363e-4e89-8ef7-befd7d0217a1","D03","BARC","BARC.AOS.riparian.point.07","2015-11-30","BARC.20151130.EPIPHYTON.2",,"condition ok","Academy of Natural Sciences of Drexel University","2016-06-02","Txt9C5i/u7k=","chlorophyll/pheophytin","2",,25,100,,,,,,,,"chlorophyll a",,"microgramsPerLiter","ANSP P-16-92 Rev2",,,,"legacyData|Did not meet quality audit requirements for analysis audit"
"cb9d42a0-5dce-40ec-8c00-876a65a143fa","D03","BARC","BARC.AOS.riparian.point.03","2015-11-30","BARC.20151130.EPIPHYTON.4",,"condition ok","Academy of Natural Sciences of Drexel University","2016-08-01","OKgcKejxXbI=","CN","2",,25,100,,,,,,,,"carbon",27299.26,"microgramsPerLiter","ANSP P-16-54 Rev2",,"N",,"legacyData|Did not meet quality audit requirements for analysis audit|acidTreatmentSOPNotFollowed"
"db5ff167-f36b-4bb1-9e08-19a011d52f9f","D03","BARC","BARC.AOS.riparian.point.07","2015-11-30","BARC.20151130.EPIPHYTON.2",,"other (specify in remarks)","Academy of Natural Sciences of Drexel University","2017-04-04","OKgcKejxXbI=","13C15N","1",,25,100,,,,,,,,"d13C",-30.85,"perMill","ANSP P-16-202 Rev0",,"N","poor filter preservation","legacyData|Did not meet quality audit requirements for analysis audit|acidTreatmentSOPNotFollowed"
"327ac5d6-41d1-4d0e-bf93-37a503dc26bc","D03","BARC","BARC.AOS.riparian.point.07","2015-11-30","BARC.20151130.EPIPHYTON.2",,"other (specify in remarks)","Academy of Natural Sciences of Drexel University","2017-04-04","OKgcKejxXbI=","13C15N","2",,25,100,,,,,,,,"d13C",,"perMill","ANSP P-16-202 Rev0",,"N","not enough sample for analysis","legacyData|Did not meet quality audit requirements for analysis audit|acidTreatmentSOPNotFollowed"
"2e14321c-73c9-4abf-8459-2d01b8fd7dc4","D03","BARC","BARC.AOS.riparian.point.07","2015-11-30","BARC.20151130.EPIPHYTON.2",,"condition ok","Academy of Natural Sciences of Drexel University","2016-06-02","Txt9C5i/u7k=","chlorophyll/pheophytin","1",,25,100,,,,,,,,"pheophytin",,"microgramsPerLiter","ANSP P-16-92 Rev2",,,,"legacyData|Did not meet quality audit requirements for analysis audit"
"f6d643d2-c5ca-4989-a248-4afd55ba14dc","D03","BARC","BARC.AOS.riparian.point.03","2015-11-30","BARC.20151130.EPIPHYTON.4",,"condition ok","Academy of Natural Sciences of Drexel University","2016-08-01","OKgcKejxXbI=","CN","1",,25,100,,,,,,,,"nitrogen",2768.23,"microgramsPerLiter","ANSP P-16-54 Rev2",,,,"legacyData|Did not meet quality audit requirements for analysis audit"
"659646b5-6384-429d-984a-81729128027c","D03","BARC","BARC.AOS.riparian.point.03","2015-11-30","BARC.20151130.EPIPHYTON.4",,"condition ok","Academy of Natural Sciences of Drexel University","2016-08-01","OKgcKejxXbI=","CN","1",,25,100,,,,,,,,"carbon",31999.16,"microgramsPerLiter","ANSP P-16-54 Rev2",,"N",,"legacyData|Did not meet quality audit requirements for analysis audit|acidTreatmentSOPNotFollowed"
"79a191f4-1436-44df-adf3-ea4761f08301","D03","BARC","BARC.AOS.riparian.point.07","2015-11-30","BARC.20151130.EPIPHYTON.2",,"other (specify in remarks)","Academy of Natural Sciences of Drexel University","2017-04-04","OKgcKejxXbI=","13C15N","2",,25,100,,,,,,,,"d15N",,"perMill","ANSP P-16-202 Rev0",,,"not enough sample for analysis","legacyData|Did not meet quality audit requirements for analysis audit"
"76a2109e-a285-480e-97f3-977f779ae0d1","D03","BARC","BARC.AOS.riparian.point.03","2015-11-30","BARC.20151130.EPIPHYTON.4",,"other (specify in remarks)","Academy of Natural Sciences of Drexel University","2017-04-04","OKgcKejxXbI=","13C15N","1",,25,100,,,,,,,,"d34S",14.15,"perMill","SO2 EA-combustion-IRMS method",,,"poor filter preservation","legacyData|Did not meet quality audit requirements for analysis audit"
"6974e293-042d-4717-805d-5c7e9d274094","D03","BARC","BARC.AOS.riparian.point.07","2015-11-30","BARC.20151130.EPIPHYTON.2",,"condition ok","Academy of Natural Sciences of Drexel University","2016-06-02","Txt9C5i/u7k=","chlorophyll/pheophytin","1",,25,100,,,,,,,,"chlorophyll a",,"microgramsPerLiter","ANSP P-16-92 Rev2",,,,"legacyData|Did not meet quality audit requirements for analysis audit"
"b115c773-1498-47af-a0dc-77e9b48c0675","D03","BARC","BARC.AOS.riparian.point.07","2015-11-30","BARC.20151130.EPIPHYTON.2",,"other (specify in remarks)","Academy of Natural Sciences of Drexel University","2017-04-04","OKgcKejxXbI=","13C15N","1",,25,100,,,,,,,,"d34S",16.52,"perMill","SO2 EA-combustion-IRMS method",,,"poor filter preservation","legacyData|Did not meet quality audit requirements for analysis audit"
"075cb90a-0dc9-4c81-81f0-9d550fb60550","D03","BARC","BARC.AOS.riparian.point.03","2015-11-30","BARC.20151130.EPIPHYTON.4",,"other (specify in remarks)","Academy of Natural Sciences of Drexel University","2017-04-04","OKgcKejxXbI=","13C15N","2",,25,100,,,,,,,,"d15N",,"perMill","ANSP P-16-202 Rev0",,,"not enough sample for analysis","legacyData|Did not meet quality audit requirements for analysis audit"
"c779822c-5969-4f43-92a8-801189816427","D03","BARC","BARC.AOS.riparian.point.03","2015-11-30","BARC.20151130.EPIPHYTON.4",,"condition ok","Academy of Natural Sciences of Drexel University","2016-08-01","OKgcKejxXbI=","CN","2",,25,100,,,,,,,,"nitrogen",2875.43,"microgramsPerLiter","ANSP P-16-54 Rev2",,,,"legacyData|Did not meet quality audit requirements for analysis audit"
"db335497-7fbf-46a2-b205-fdcc33a3b70c","D03","BARC","BARC.AOS.riparian.point.03","2015-11-30","BARC.20151130.EPIPHYTON.4",,"condition ok","Academy of Natural Sciences of Drexel University","2016-06-02","Txt9C5i/u7k=","chlorophyll/pheophytin","1",,25,100,,,,,,,,"pheophytin",,"microgramsPerLiter","ANSP P-16-92 Rev2",,,,"legacyData|Did not meet quality audit requirements for analysis audit"
"1fe7528b-9255-4f47-8d71-226d920d2317","D03","BARC","BARC.AOS.riparian.point.07","2015-11-30","BARC.20151130.EPIPHYTON.2",,"condition ok","Academy of Natural Sciences of Drexel University","2016-06-02","Txt9C5i/u7k=","chlorophyll/pheophytin","2",,25,100,,,,,,,,"pheophytin",,"microgramsPerLiter","ANSP P-16-92 Rev2",,,,"legacyData|Did not meet quality audit requirements for analysis audit"
"5c4c3685-5af7-481d-954c-15b699d27142","D03","BARC","BARC.AOS.riparian.point.03","2015-11-30","BARC.20151130.EPIPHYTON.4",,"condition ok","Academy of Natural Sciences of Drexel University","2016-06-02","Txt9C5i/u7k=","chlorophyll/pheophytin","1",,25,100,,,,,,,,"chlorophyll a",,"microgramsPerLiter","ANSP P-16-92 Rev2",,,,"legacyData|Did not meet quality audit requirements for analysis audit"
"4f695bb3-3642-4002-9c5c-2244382d8f51","D03","BARC","BARC.AOS.riparian.point.07","2015-11-30","BARC.20151130.EPIPHYTON.2",,"other (specify in remarks)","Academy of Natural Sciences of Drexel University","2017-04-04","OKgcKejxXbI=","13C15N","1",,25,100,,,,,,,,"d15N",4.93,"perMill","ANSP P-16-202 Rev0",,,"poor filter preservation","legacyData|Did not meet quality audit requirements for analysis audit"
"c56cbe7d-2245-471c-9ac6-7ce7d39171a7","D03","BARC","BARC.AOS.riparian.point.07","2015-11-30","BARC.20151130.EPIPHYTON.2",,"condition ok","Academy of Natural Sciences of Drexel University","2016-08-01","OKgcKejxXbI=","CN","2",,25,100,,,,,,,,"carbon",66690.29,"microgramsPerLiter","ANSP P-16-54 Rev2",,"N",,"legacyData|Did not meet quality audit requirements for analysis audit|acidTreatmentSOPNotFollowed"
"40174961-a6db-47a2-a666-e26a96fe1600","D03","BARC","BARC.AOS.riparian.point.03","2015-11-30","BARC.20151130.EPIPHYTON.4",,"other (specify in remarks)","Academy of Natural Sciences of Drexel University","2017-04-04","OKgcKejxXbI=","13C15N","1",,25,100,,,,,,,,"d15N",6.40,"perMill","ANSP P-16-202 Rev0",,,"poor filter preservation","legacyData|Did not meet quality audit requirements for analysis audit"
"20e080e1-a6cf-49f7-aa00-933007aa6cb6","D03","BARC","BARC.AOS.riparian.point.07","2015-11-30","BARC.20151130.EPIPHYTON.2",,"condition ok","Academy of Natural Sciences of Drexel University","2016-08-01","OKgcKejxXbI=","CN","1",,25,100,,,,,,,,"nitrogen",4635.79,"microgramsPerLiter","ANSP P-16-54 Rev2",,,,"legacyData|Did not meet quality audit requirements for analysis audit"
"fd0d1fdd-4894-49b0-8bdc-e4874a3b199c","D03","BARC","BARC.AOS.riparian.point.03","2015-11-30","BARC.20151130.EPIPHYTON.4",,"other (specify in remarks)","Academy of Natural Sciences of Drexel University","2017-04-04","OKgcKejxXbI=","13C15N","1",,25,100,,,,,,,,"d13C",-26.22,"perMill","ANSP P-16-202 Rev0",,"N","poor filter preservation","legacyData|Did not meet quality audit requirements for analysis audit|acidTreatmentSOPNotFollowed"
"0ef5a779-77fa-4864-b94a-e962d399eae0","D03","BARC","BARC.AOS.buoy.c0","2015-11-30","BARC.20151130.PHYTOPLANKTON.1",,"other (specify in remarks)","Academy of Natural Sciences of Drexel University","2017-04-04","OKgcKejxXbI=","13C15N","1",,25,100,,,,,,,,"d13C",,"perMill","ANSP P-16-202 Rev0",,"N","not enough sample for analysis","legacyData|Did not meet quality audit requirements for analysis audit|acidTreatmentSOPNotFollowed"
"6fecd534-846d-4717-a003-d9f881f6066a","D03","BARC","BARC.AOS.buoy.c0","2015-11-30","BARC.20151130.PHYTOPLANKTON.1",,"condition ok","Academy of Natural Sciences of Drexel University","2016-08-01","OKgcKejxXbI=","CN","2",,25,100,,,,,,,,"carbon",354.58,"microgramsPerLiter","ANSP P-16-54 Rev2",,"N",,"legacyData|Did not meet quality audit requirements for analysis audit|acidTreatmentSOPNotFollowed"
"a4f9292a-449f-41c4-b14c-bfae2df2f7a3","D03","BARC","BARC.AOS.buoy.c0","2015-11-30","BARC.20151130.PHYTOPLANKTON.1",,"condition ok","Academy of Natural Sciences of Drexel University","2016-08-01","OKgcKejxXbI=","CN","1",,25,100,,,,,,,,"nitrogen",67.74,"microgramsPerLiter","ANSP P-16-54 Rev2",,,,"legacyData|Did not meet quality audit requirements for analysis audit"
"c8b6b68e-f841-4412-be6a-402b5081296a","D03","BARC","BARC.AOS.littoral2","2015-11-30","BARC.20151130.PHYTOPLANKTON.3",,"other (specify in remarks)","Academy of Natural Sciences of Drexel University","2016-06-02","Txt9C5i/u7k=","chlorophyll/pheophytin","2",,25,100,,,,,,,,"chlorophyll a",,"microgramsPerLiter","ANSP P-16-92 Rev2",,,"Slight poor folding, sample leakage","legacyData|Did not meet quality audit requirements for analysis audit"
"c2d4a273-dfeb-4b85-bc88-52cdae940176","D03","BARC","BARC.AOS.littoral2","2015-11-30","BARC.20151130.PHYTOPLANKTON.3",,"condition ok","Academy of Natural Sciences of Drexel University","2016-08-01","OKgcKejxXbI=","CN","1",,25,100,,,,,,,,"nitrogen",186.50,"microgramsPerLiter","ANSP P-16-54 Rev2",,,"Difference in volume filtered","legacyData|Did not meet quality audit requirements for analysis audit"
"5f70c21b-9355-428a-b701-8e32a3d9d296","D03","BARC","BARC.AOS.littoral1","2015-11-30","BARC.20151130.PHYTOPLANKTON.2",,"condition ok","Academy of Natural Sciences of Drexel University","2016-08-01","OKgcKejxXbI=","CN","2",,25,100,,,,,,,,"nitrogen",60.86,"microgramsPerLiter","ANSP P-16-54 Rev2",,,,"legacyData|Did not meet quality audit requirements for analysis audit"
"e313c027-2b37-4b6d-b88f-fa5b1a398d61","D03","BARC","BARC.AOS.buoy.c0","2015-11-30","BARC.20151130.PHYTOPLANKTON.1",,"condition ok","Academy of Natural Sciences of Drexel University","2016-06-02","Txt9C5i/u7k=","chlorophyll/pheophytin","2",,25,100,,,,,,,,"pheophytin",,"microgramsPerLiter","ANSP P-16-92 Rev2",,,,"legacyData|Did not meet quality audit requirements for analysis audit"
"df9b5b7c-fb01-44e2-815b-3a14c9d1add2","D03","BARC","BARC.AOS.buoy.c0","2015-11-30","BARC.20151130.PHYTOPLANKTON.1",,"other (specify in remarks)","Academy of Natural Sciences of Drexel University","2017-04-04","OKgcKejxXbI=","13C15N","2",,25,100,,,,,,,,"d15N",5.34,"perMill","ANSP P-16-202 Rev0",,,"poor filter preservation","legacyData|Did not meet quality audit requirements for analysis audit"
"0f93bd65-1d21-410b-a3a6-a5811f0680c6","D03","BARC","BARC.AOS.littoral1","2015-11-30","BARC.20151130.PHYTOPLANKTON.2",,"other (specify in remarks)","Academy of Natural Sciences of Drexel University","2017-04-04","OKgcKejxXbI=","13C15N","1",,25,100,,,,,,,,"d13C",,"perMill","ANSP P-16-202 Rev0",,"N","not enough sample for analysis","legacyData|Did not meet quality audit requirements for analysis audit|acidTreatmentSOPNotFollowed"
"fb606473-a8a4-4ad1-a9b0-403fa5c0e8c7","D03","BARC","BARC.AOS.littoral1","2015-11-30","BARC.20151130.PHYTOPLANKTON.2",,"condition ok","Academy of Natural Sciences of Drexel University","2016-08-01","OKgcKejxXbI=","CN","1",,25,100,,,,,,,,"carbon",505.69,"microgramsPerLiter","ANSP P-16-54 Rev2",,"N",,"legacyData|Did not meet quality audit requirements for analysis audit|acidTreatmentSOPNotFollowed"
"eb0238c6-703f-4993-a034-b27074a0e728","D03","BARC","BARC.AOS.buoy.c0","2015-11-30","BARC.20151130.PHYTOPLANKTON.1",,"condition ok","Academy of Natural Sciences of Drexel University","2016-06-02","Txt9C5i/u7k=","chlorophyll/pheophytin","1",,25,100,,,,,,,,"pheophytin",,"microgramsPerLiter","ANSP P-16-92 Rev2",,,,"legacyData|Did not meet quality audit requirements for analysis audit"
"fd2e89d1-fab8-46fa-825c-79faa7d4f1f2","D03","BARC","BARC.AOS.buoy.c0","2015-11-30","BARC.20151130.PHYTOPLANKTON.1",,"condition ok","Academy of Natural Sciences of Drexel University","2016-06-15","+IoRzddUq5A=","P","1",,25,100,,,,,,,,"phosphorus",8.77,"microgramsPerLiter","ANSP P-16-114 Rev2; ANSP P-16_95 Rev3",,,,"legacyData|Did not meet quality audit requirements for analysis audit"
"a71e8af8-1b56-4e32-ad66-6ad476eeffcf","D03","BARC","BARC.AOS.littoral1","2015-11-30","BARC.20151130.PHYTOPLANKTON.2",,"other (specify in remarks)","Academy of Natural Sciences of Drexel University","2017-04-04","OKgcKejxXbI=","13C15N","2",,25,100,,,,,,,,"d34S",14.01,"perMill","SO2 EA-combustion-IRMS method",,,"poor filter preservation","legacyData|Did not meet quality audit requirements for analysis audit"
"9b15d776-c38f-42be-9f8b-88916fc2bd93","D03","BARC","BARC.AOS.buoy.c0","2015-11-30","BARC.20151130.PHYTOPLANKTON.1",,"condition ok","Academy of Natural Sciences of Drexel University","2016-06-02","Txt9C5i/u7k=","chlorophyll/pheophytin","2",,25,100,,,,,,,,"chlorophyll a",,"microgramsPerLiter","ANSP P-16-92 Rev2",,,,"legacyData|Did not meet quality audit requirements for analysis audit"
"8ffc8ba7-3a40-46f1-a3f0-17b2a1c1896e","D03","BARC","BARC.AOS.littoral1","2015-11-30","BARC.20151130.PHYTOPLANKTON.2",,"condition ok","Academy of Natural Sciences of Drexel University","2016-08-01","OKgcKejxXbI=","CN","2",,25,100,,,,,,,,"carbon",354.65,"microgramsPerLiter","ANSP P-16-54 Rev2",,"N",,"legacyData|Did not meet quality audit requirements for analysis audit|acidTreatmentSOPNotFollowed"
"02124988-0b6b-4d81-b7a6-56673fc845bb","D03","BARC","BARC.AOS.littoral1","2015-11-30","BARC.20151130.PHYTOPLANKTON.2",,"other (specify in remarks)","Academy of Natural Sciences of Drexel University","2017-04-04","OKgcKejxXbI=","13C15N","1",,25,100,,,,,,,,"d15N",,"perMill","ANSP P-16-202 Rev0",,,"not enough sample for analysis","legacyData|Did not meet quality audit requirements for analysis audit"
"b47f7511-7be5-4676-80bb-5a5c7f8dba57","D03","BARC","BARC.AOS.littoral2","2015-11-30","BARC.20151130.PHYTOPLANKTON.3",,"other (specify in remarks)","Academy of Natural Sciences of Drexel University","2017-04-04","OKgcKejxXbI=","13C15N","1",,25,100,,,,,,,,"d13C",,"perMill","ANSP P-16-202 Rev0",,"N","not enough sample for analysis","legacyData|Did not meet quality audit requirements for analysis audit|acidTreatmentSOPNotFollowed"
"b0222f49-6028-44f2-b758-178f03a1dd13","D03","BARC","BARC.AOS.littoral1","2015-11-30","BARC.20151130.PHYTOPLANKTON.2",,"condition ok","Academy of Natural Sciences of Drexel University","2016-06-02","Txt9C5i/u7k=","chlorophyll/pheophytin","1",,25,100,,,,,,,,"chlorophyll a",,"microgramsPerLiter","ANSP P-16-92 Rev2",,,,"legacyData|Did not meet quality audit requirements for analysis audit"
"a1f5c212-1c37-41e7-8ac5-4b71df10ea9d","D03","BARC","BARC.AOS.buoy.c0","2015-11-30","BARC.20151130.PHYTOPLANKTON.1",,"other (specify in remarks)","Academy of Natural Sciences of Drexel University","2017-04-04","OKgcKejxXbI=","13C15N","2",,25,100,,,,,,,,"d34S",13.83,"perMill","SO2 EA-combustion-IRMS method",,,"poor filter preservation","legacyData|Did not meet quality audit requirements for analysis audit"
"82e2156b-f54b-49b6-a85b-603ca2186d50","D03","BARC","BARC.AOS.littoral2","2015-11-30","BARC.20151130.PHYTOPLANKTON.3",,"other (specify in remarks)","Academy of Natural Sciences of Drexel University","2016-06-02","Txt9C5i/u7k=","chlorophyll/pheophytin","2",,25,100,,,,,,,,"pheophytin",,"microgramsPerLiter","ANSP P-16-92 Rev2",,,"Slight poor folding, sample leakage","legacyData|Did not meet quality audit requirements for analysis audit"
"90609bf8-238b-4d64-b80f-80a9bf0e7f6c","D03","BARC","BARC.AOS.littoral1","2015-11-30","BARC.20151130.PHYTOPLANKTON.2",,"condition ok","Academy of Natural Sciences of Drexel University","2016-06-02","Txt9C5i/u7k=","chlorophyll/pheophytin","2",,25,100,,,,,,,,"pheophytin",,"microgramsPerLiter","ANSP P-16-92 Rev2",,,,"legacyData|Did not meet quality audit requirements for analysis audit"
"2a826b68-d650-4134-aac9-8e482be07c1e","D03","BARC","BARC.AOS.littoral1","2015-11-30","BARC.20151130.PHYTOPLANKTON.2",,"other (specify in remarks)","Academy of Natural Sciences of Drexel University","2017-04-04","OKgcKejxXbI=","13C15N","2",,25,100,,,,,,,,"d15N",2.91,"perMill","ANSP P-16-202 Rev0",,,"poor filter preservation","legacyData|Did not meet quality audit requirements for analysis audit"
"5df7196d-84fd-4308-95a0-38a8cc8e1ba0","D03","BARC","BARC.AOS.buoy.c0","2015-11-30","BARC.20151130.PHYTOPLANKTON.1",,"condition ok","Academy of Natural Sciences of Drexel University","2016-08-01","OKgcKejxXbI=","CN","2",,25,100,,,,,,,,"nitrogen",73.88,"microgramsPerLiter","ANSP P-16-54 Rev2",,,,"legacyData|Did not meet quality audit requirements for analysis audit"
"782d0e78-aade-48a3-9aec-1208ccbfcd7e","D03","BARC","BARC.AOS.littoral1","2015-11-30","BARC.20151130.PHYTOPLANKTON.2",,"condition ok","Academy of Natural Sciences of Drexel University","2016-06-02","Txt9C5i/u7k=","chlorophyll/pheophytin","2",,25,100,,,,,,,,"chlorophyll a",,"microgramsPerLiter","ANSP P-16-92 Rev2",,,,"legacyData|Did not meet quality audit requirements for analysis audit"
"53b03e9e-9ac9-41f1-a53d-9bf06787b151","D03","BARC","BARC.AOS.littoral1","2015-11-30","BARC.20151130.PHYTOPLANKTON.2",,"condition ok","Academy of Natural Sciences of Drexel University","2016-06-02","Txt9C5i/u7k=","chlorophyll/pheophytin","1",,25,100,,,,,,,,"pheophytin",,"microgramsPerLiter","ANSP P-16-92 Rev2",,,,"legacyData|Did not meet quality audit requirements for analysis audit"
"336e5e71-3e37-4fad-aca2-e611bcf998eb","D03","BARC","BARC.AOS.littoral1","2015-11-30","BARC.20151130.PHYTOPLANKTON.2",,"other (specify in remarks)","Academy of Natural Sciences of Drexel University","2017-04-04","OKgcKejxXbI=","13C15N","2",,25,100,,,,,,,,"d13C",-29.59,"perMill","ANSP P-16-202 Rev0",,"N","poor filter preservation","legacyData|Did not meet quality audit requirements for analysis audit|acidTreatmentSOPNotFollowed"
"d7c3f76c-c012-4749-bb8d-8fa94956931f","D03","BARC","BARC.AOS.littoral2","2015-11-30","BARC.20151130.PHYTOPLANKTON.3",,"other (specify in remarks)","Academy of Natural Sciences of Drexel University","2016-06-02","Txt9C5i/u7k=","chlorophyll/pheophytin","1",,25,100,,,,,,,,"chlorophyll a",,"microgramsPerLiter","ANSP P-16-92 Rev2",,,"Slight poor folding, sample leakage","legacyData|Did not meet quality audit requirements for analysis audit"
"9a489708-aba5-4ef6-926c-c47a66be3509","D03","BARC","BARC.AOS.littoral1","2015-11-30","BARC.20151130.PHYTOPLANKTON.2",,"condition ok","Academy of Natural Sciences of Drexel University","2016-08-01","OKgcKejxXbI=","CN","1",,25,100,,,,,,,,"nitrogen",95.84,"microgramsPerLiter","ANSP P-16-54 Rev2",,,,"legacyData|Did not meet quality audit requirements for analysis audit"
"88bddc11-d321-46b9-908e-edc5a9ffdb5f","D03","BARC","BARC.AOS.littoral2","2015-11-30","BARC.20151130.PHYTOPLANKTON.3",,"other (specify in remarks)","Academy of Natural Sciences of Drexel University","2016-06-02","Txt9C5i/u7k=","chlorophyll/pheophytin","1",,25,100,,,,,,,,"pheophytin",,"microgramsPerLiter","ANSP P-16-92 Rev2",,,"Slight poor folding, sample leakage","legacyData|Did not meet quality audit requirements for analysis audit"
"9c8160f2-b05e-4e02-ab96-fbafab426397","D03","BARC","BARC.AOS.littoral2","2015-11-30","BARC.20151130.PHYTOPLANKTON.3",,"other (specify in remarks)","Academy of Natural Sciences of Drexel University","2017-04-04","OKgcKejxXbI=","13C15N","1",,25,100,,,,,,,,"d15N",,"perMill","ANSP P-16-202 Rev0",,,"not enough sample for analysis","legacyData|Did not meet quality audit requirements for analysis audit"
"09de51d6-bd15-48ea-b89d-29dfb6fdd0e5","D03","BARC","BARC.AOS.buoy.c0","2015-11-30","BARC.20151130.PHYTOPLANKTON.1",,"condition ok","Academy of Natural Sciences of Drexel University","2016-08-01","OKgcKejxXbI=","CN","1",,25,100,,,,,,,,"carbon",279.82,"microgramsPerLiter","ANSP P-16-54 Rev2",,"N",,"legacyData|Did not meet quality audit requirements for analysis audit|acidTreatmentSOPNotFollowed"
"6f00cf07-a548-4e41-aed2-2ad5870d5f14","D03","BARC","BARC.AOS.littoral2","2015-11-30","BARC.20151130.PHYTOPLANKTON.3",,"other (specify in remarks)","Academy of Natural Sciences of Drexel University","2017-04-04","OKgcKejxXbI=","13C15N","2",,25,100,,,,,,,,"d13C",-31.03,"perMill","ANSP P-16-202 Rev0",,"N","poor filter preservation","legacyData|Did not meet quality audit requirements for analysis audit|acidTreatmentSOPNotFollowed"
"9b1b8f35-e001-4f44-9b28-e4529bf0e881","D03","BARC","BARC.AOS.littoral2","2015-11-30","BARC.20151130.PHYTOPLANKTON.3",,"condition ok","Academy of Natural Sciences of Drexel University","2016-08-01","OKgcKejxXbI=","CN","1",,25,100,,,,,,,,"carbon",1997.87,"microgramsPerLiter","ANSP P-16-54 Rev2",,"N","Difference in volume filtered","legacyData|Did not meet quality audit requirements for analysis audit|acidTreatmentSOPNotFollowed"
"2e607ba2-2e84-4ce8-b686-179d9a0711d3","D03","BARC","BARC.AOS.littoral2","2015-11-30","BARC.20151130.PHYTOPLANKTON.3",,"other (specify in remarks)","Academy of Natural Sciences of Drexel University","2017-04-04","OKgcKejxXbI=","13C15N","2",,25,100,,,,,,,,"d15N",3.76,"perMill","ANSP P-16-202 Rev0",,,"poor filter preservation","legacyData|Did not meet quality audit requirements for analysis audit"
"11c1e64a-8b55-42c0-958d-ad033451b743","D03","BARC","BARC.AOS.littoral2","2015-11-30","BARC.20151130.PHYTOPLANKTON.3",,"condition ok","Academy of Natural Sciences of Drexel University","2016-08-01","OKgcKejxXbI=","CN","2",,25,100,,,,,,,,"carbon",829.25,"microgramsPerLiter","ANSP P-16-54 Rev2",,"N","Difference in volume filtered","legacyData|Did not meet quality audit requirements for analysis audit|acidTreatmentSOPNotFollowed"
"e07fa94d-6361-4370-9cd0-839d9a8d84cd","D03","BARC","BARC.AOS.buoy.c0","2015-11-30","BARC.20151130.PHYTOPLANKTON.1",,"condition ok","Academy of Natural Sciences of Drexel University","2016-06-02","Txt9C5i/u7k=","chlorophyll/pheophytin","1",,25,100,,,,,,,,"chlorophyll a",,"microgramsPerLiter","ANSP P-16-92 Rev2",,,,"legacyData|Did not meet quality audit requirements for analysis audit"
"69639a44-a2b9-4c0c-b6a0-f54caa928972","D03","BARC","BARC.AOS.buoy.c0","2015-11-30","BARC.20151130.PHYTOPLANKTON.1",,"other (specify in remarks)","Academy of Natural Sciences of Drexel University","2017-04-04","OKgcKejxXbI=","13C15N","2",,25,100,,,,,,,,"d13C",-26.18,"perMill","ANSP P-16-202 Rev0",,"N","poor filter preservation","legacyData|Did not meet quality audit requirements for analysis audit|acidTreatmentSOPNotFollowed"
"203f8388-c769-4874-885e-1350bc951075","D03","BARC","BARC.AOS.littoral1","2015-11-30","BARC.20151130.PHYTOPLANKTON.2",,"condition ok","Academy of Natural Sciences of Drexel University","2016-06-15","+IoRzddUq5A=","P","1",,25,100,,,,,,,,"phosphorus",14.62,"microgramsPerLiter","ANSP P-16-114 Rev2; ANSP P-16_95 Rev3",,,,"legacyData|Did not meet quality audit requirements for analysis audit"
"bcab1082-1c3d-4269-8ceb-966c854f7cdc","D03","BARC","BARC.AOS.littoral2","2015-11-30","BARC.20151130.PHYTOPLANKTON.3",,"condition ok","Academy of Natural Sciences of Drexel University","2016-06-15","+IoRzddUq5A=","P","1",,25,100,,,,,,,,"phosphorus",18.21,"microgramsPerLiter","ANSP P-16-114 Rev2; ANSP P-16_95 Rev3",,,,"legacyData|Did not meet quality audit requirements for analysis audit"
"856168e0-e534-47e7-a8a7-bd3cb0b40d8d","D03","BARC","BARC.AOS.littoral2","2015-11-30","BARC.20151130.PHYTOPLANKTON.3",,"other (specify in remarks)","Academy of Natural Sciences of Drexel University","2017-04-04","OKgcKejxXbI=","13C15N","2",,25,100,,,,,,,,"d34S",15.14,"perMill","SO2 EA-combustion-IRMS method",,,"poor filter preservation","legacyData|Did not meet quality audit requirements for analysis audit"
"6bf8f567-2c49-485a-9774-b29520070fe7","D03","BARC","BARC.AOS.buoy.c0","2015-11-30","BARC.20151130.PHYTOPLANKTON.1",,"other (specify in remarks)","Academy of Natural Sciences of Drexel University","2017-04-04","OKgcKejxXbI=","13C15N","1",,25,100,,,,,,,,"d15N",,"perMill","ANSP P-16-202 Rev0",,,"not enough sample for analysis","legacyData|Did not meet quality audit requirements for analysis audit"
"59846a82-426c-45c9-b61d-19480d061ec4","D03","BARC","BARC.AOS.littoral2","2015-11-30","BARC.20151130.PHYTOPLANKTON.3",,"condition ok","Academy of Natural Sciences of Drexel University","2016-08-01","OKgcKejxXbI=","CN","2",,25,100,,,,,,,,"nitrogen",91.89,"microgramsPerLiter","ANSP P-16-54 Rev2",,,"Difference in volume filtered","legacyData|Did not meet quality audit requirements for analysis audit"
