uid,domainID,siteID,namedLocation,date,eventID,sampleDepth,waterTemp,specificConductance,dissolvedOxygen,dissolvedOxygenSaturation,dataQF
"c7bed38e-f38f-4b3c-b89a-c8152b4e7cc5","D05","LIRO","LIRO.AOS.buoy.c0","2021-06-02T16:15Z","LIRO.c0.20210602",6.0,8.8,10.3,6.7,57.1,
"a47e2a05-c10b-4daa-9063-67a6445dbd08","D05","LIRO","LIRO.AOS.buoy.c0","2021-06-02T16:15Z","LIRO.c0.20210602",7.0,7.3,10.9,3.1,25.1,
"a56ce021-2eff-4666-90ad-70f574a4657b","D05","LIRO","LIRO.AOS.buoy.c0","2021-06-02T16:15Z","LIRO.c0.20210602",5.5,9.8,10.3,7.3,64.4,
"0d7d5b38-7b6e-4809-84e3-b8a7b26afdea","D05","LIRO","LIRO.AOS.buoy.c0","2021-06-02T16:15Z","LIRO.c0.20210602",3.5,14.8,9.3,9.1,89.5,
"c7993e3e-2a85-4898-93ea-400fdef6b5df","D05","LIRO","LIRO.AOS.buoy.c0","2021-06-02T16:15Z","LIRO.c0.20210602",1.5,16.8,9.1,9.1,93.8,
"0b79de52-16d3-4ce2-9c69-348cd09118a8","D05","LIRO","LIRO.AOS.buoy.c0","2021-06-02T16:15Z","LIRO.c0.20210602",0.5,18.1,9.2,8.7,91.2,
"3319b702-f4b8-4409-9586-4d5c71e12b3f","D05","LIRO","LIRO.AOS.buoy.c0","2021-06-02T16:15Z","LIRO.c0.20210602",6.5,8.0,10.7,4.8,40.1,
"b161590b-0a38-47de-8693-130368b151e9","D05","LIRO","LIRO.AOS.buoy.c0","2021-06-02T16:15Z","LIRO.c0.20210602",4.5,12.1,10.0,8.9,82.6,
"b82a0f26-37d1-479a-bcc9-6868719530e4","D05","LIRO","LIRO.AOS.buoy.c0","2021-06-02T16:15Z","LIRO.c0.20210602",1.0,17.5,9.1,9.1,94.8,
"f02997cb-51a1-49fc-bb9a-1faf25cef85b","D05","LIRO","LIRO.AOS.buoy.c0","2021-06-02T16:15Z","LIRO.c0.20210602",8.5,6.1,12.2,0.3,2.0,
"5c4a362b-7a4a-4650-bc28-4e6392477005","D05","LIRO","LIRO.AOS.buoy.c0","2021-06-02T16:15Z","LIRO.c0.20210602",7.5,6.5,11.5,1.0,8.3,
"1f8f9c11-6641-471e-8090-fa4232a0d1db","D05","LIRO","LIRO.AOS.buoy.c0","2021-06-02T16:15Z","LIRO.c0.20210602",8.0,6.3,11.5,0.7,5.2,
"f396ed60-75c3-4e1d-a824-6c70296e267f","D05","LIRO","LIRO.AOS.buoy.c0","2021-06-02T16:15Z","LIRO.c0.20210602",2.0,16.2,9.1,9.2,92.7,
"53243686-ef02-4462-9e7f-8d6dc9c27049","D05","LIRO","LIRO.AOS.buoy.c0","2021-06-02T16:15Z","LIRO.c0.20210602",2.5,15.9,9.2,9.0,90.5,
"15cc4b80-96d7-4f96-839e-17dea4b95d9e","D05","LIRO","LIRO.AOS.buoy.c0","2021-06-02T16:15Z","LIRO.c0.20210602",5.0,11.0,10.1,8.1,73.2,
"2bdb5dd2-61cd-4138-b3e5-b8d9a8598b38","D05","LIRO","LIRO.AOS.buoy.c0","2021-06-02T16:15Z","LIRO.c0.20210602",4.0,13.5,9.6,9.2,88.5,
"603d90bd-bdd6-4e8b-baab-08a9a4b30f31","D05","LIRO","LIRO.AOS.buoy.c0","2021-06-02T16:15Z","LIRO.c0.20210602",3.0,15.6,9.3,8.9,89.7,
