uid,domainID,siteID,namedLocation,date,eventID,sampleDepth,waterTemp,specificConductance,dissolvedOxygen,dissolvedOxygenSaturation,dataQF
"1a31b216-c020-4f1c-93db-539e00b85a22","D09","PRLA","PRLA.AOS.buoy.c0","2021-05-04T15:12Z","PRLA.c0.20210504",1.5,10.1,1175.0,9.5,90.1,
"8189671b-d671-4106-a3f4-3213caaec4dd","D09","PRLA","PRLA.AOS.buoy.c0","2021-05-04T15:12Z","PRLA.c0.20210504",0.5,10.4,1177.0,9.8,93.3,
"c24786bf-b0ba-4270-9208-099ca28d8f99","D09","PRLA","PRLA.AOS.buoy.c0","2021-05-04T15:12Z","PRLA.c0.20210504",2.5,9.8,1176.0,8.9,83.4,
"7c4a75e4-f076-4eb5-a382-8f9e3f608c52","D09","PRLA","PRLA.AOS.buoy.c0","2021-05-04T15:12Z","PRLA.c0.20210504",2.0,10.0,1175.0,8.8,83.1,
"1d25f4d9-5171-4905-9dc0-1070cc1c9f04","D09","PRLA","PRLA.AOS.buoy.c0","2021-05-04T15:12Z","PRLA.c0.20210504",1.0,10.1,1175.0,9.3,87.8,
