uid,domainID,siteID,namedLocation,date,eventID,sampleDepth,waterTemp,specificConductance,dissolvedOxygen,dissolvedOxygenSaturation,dataQF
"035fc9ca-7acb-46d9-a06b-dbd1788b3c93","D03","BARC","BARC.AOS.buoy.c0","2015-04-07T16:00Z","BARC.c0.20150407",4.0,23.8,53.9,,91.6,
"69ebd3fd-d4a2-4c77-86e0-bda6289c325a","D03","BARC","BARC.AOS.buoy.c0","2015-04-07T16:00Z","BARC.c0.20150407",4.5,23.8,53.6,,93.3,
"f532b2ba-a619-43ef-b8db-477dbf008785","D03","BARC","BARC.AOS.buoy.c0","2015-04-07T16:00Z","BARC.c0.20150407",0.5,23.9,54.1,,91.7,
"7b0df8c9-0dc3-4bd9-8d95-a53578ff7b70","D03","BARC","BARC.AOS.buoy.c0","2015-04-07T16:00Z","BARC.c0.20150407",2.0,23.8,53.9,,94.1,
"85be5cf6-8a0c-4d93-b937-2f907f3735b6","D03","BARC","BARC.AOS.buoy.c0","2015-04-07T16:00Z","BARC.c0.20150407",1.5,23.8,53.9,,93.0,
"acc18768-d175-44b5-a3ab-fca78454f72a","D03","BARC","BARC.AOS.buoy.c0","2015-04-07T16:00Z","BARC.c0.20150407",1.0,23.8,54.0,,91.8,
"28f14265-9b9b-4f0c-9d52-c6ad104fa3ff","D03","BARC","BARC.AOS.buoy.c0","2015-04-07T16:00Z","BARC.c0.20150407",3.5,23.8,53.8,,94.1,
"34f755a7-2ddf-41f6-90da-d03b8a2de3ae","D03","BARC","BARC.AOS.buoy.c0","2015-04-07T16:00Z","BARC.c0.20150407",3.0,23.8,53.8,,93.8,
"11195ba5-e6a5-4ae0-9970-617872bde86f","D03","BARC","BARC.AOS.buoy.c0","2015-04-07T16:00Z","BARC.c0.20150407",2.5,23.8,53.9,,94.0,
