uid,domainID,siteID,namedLocation,date,eventID,sampleDepth,waterTemp,specificConductance,dissolvedOxygen,dissolvedOxygenSaturation,dataQF
"e866c256-cf6d-4d0f-a7ab-04f9e24a6737","D03","BARC","BARC.AOS.buoy.c0","2021-01-05T14:53Z","BARC.c0.20210105",0.5,13.2,35.1,9.3,88.9,
"3e28cb27-9c1e-43e3-b7e6-2e7051e4f5f6","D03","BARC","BARC.AOS.buoy.c0","2021-01-05T14:53Z","BARC.c0.20210105",4.5,12.8,34.0,9.0,84.6,
"b35f084b-d405-403d-9a8b-6d1fc728315d","D03","BARC","BARC.AOS.buoy.c0","2021-01-05T14:53Z","BARC.c0.20210105",4.0,12.9,33.7,9.4,86.9,
"52bd872c-4a19-4c53-a66c-4fc97334300d","D03","BARC","BARC.AOS.buoy.c0","2021-01-05T14:53Z","BARC.c0.20210105",1.5,13.2,34.2,9.7,92.2,
"ceb011df-41ad-4d8b-8673-ba04b26e353f","D03","BARC","BARC.AOS.buoy.c0","2021-01-05T14:53Z","BARC.c0.20210105",3.0,13.2,34.4,9.5,90.3,
"8e70f00f-94dc-430c-887e-e8e880fe948f","D03","BARC","BARC.AOS.buoy.c0","2021-01-05T14:53Z","BARC.c0.20210105",1.0,13.2,34.3,9.7,92.2,
"8e7eb088-befd-49b7-bc5f-156f11458f90","D03","BARC","BARC.AOS.buoy.c0","2021-01-05T14:53Z","BARC.c0.20210105",3.5,13.1,33.7,9.7,91.3,
"110245b0-7251-4be1-be5a-0a52c13f46c6","D03","BARC","BARC.AOS.buoy.c0","2021-01-05T14:53Z","BARC.c0.20210105",2.0,13.2,34.4,9.4,90.1,
"8df12f81-b6f4-48d8-9faf-2740387e1635","D03","BARC","BARC.AOS.buoy.c0","2021-01-05T14:53Z","BARC.c0.20210105",2.5,13.2,34.5,9.6,91.8,
"27bfb811-ead7-47af-a607-b2ad2d56835c","D03","BARC","BARC.AOS.buoy.c0","2021-01-05T14:53Z","BARC.c0.20210105",5.0,12.8,34.0,9.5,89.5,
"e597b3e8-254f-4b50-8b8d-f0d727016a61","D03","BARC","BARC.AOS.buoy.c0","2021-01-26T13:45Z","BARC.c0.20210126",2.0,13.4,33.9,9.6,91.3,
"446ad6a4-fc02-4f40-84c6-9c5ed0f26138","D03","BARC","BARC.AOS.buoy.c0","2021-01-26T13:45Z","BARC.c0.20210126",4.0,12.6,34.2,9.2,87.5,
"6b5cbcdd-9210-4cb1-b3f1-dbd6da876fa7","D03","BARC","BARC.AOS.buoy.c0","2021-01-26T13:45Z","BARC.c0.20210126",4.5,12.6,34.3,9.2,86.0,
"b1af22e3-29c5-44f9-9993-75d1c138cef2","D03","BARC","BARC.AOS.buoy.c0","2021-01-26T13:45Z","BARC.c0.20210126",3.0,12.9,34.1,9.6,90.8,
"59dba81c-c799-4f19-901a-123bf3b11add","D03","BARC","BARC.AOS.buoy.c0","2021-01-26T13:45Z","BARC.c0.20210126",1.5,13.5,34.0,9.3,86.5,
"af1983ae-79b1-42ea-b72e-eb91754e8b87","D03","BARC","BARC.AOS.buoy.c0","2021-01-26T13:45Z","BARC.c0.20210126",1.0,13.5,33.7,9.2,88.7,
"ed5abed3-3d37-473e-8a2a-6380ba61c1bc","D03","BARC","BARC.AOS.buoy.c0","2021-01-26T13:45Z","BARC.c0.20210126",2.5,13.2,34.0,9.6,88.9,
"9f9e5bbf-44d4-429b-85ff-06cabda0b127","D03","BARC","BARC.AOS.buoy.c0","2021-01-26T13:45Z","BARC.c0.20210126",3.5,12.8,34.1,9.6,89.2,
"220544f9-ab1c-4ae1-bfcb-cd92b86f4f75","D03","BARC","BARC.AOS.buoy.c0","2021-01-26T13:45Z","BARC.c0.20210126",0.5,13.6,33.5,9.7,93.5,
