uid,domainID,siteID,namedLocation,collectDate,parentSampleID,sampleID,sampleCode,filterNumber,analysisType,fieldSampleVolume,domainFilterVolume,storageDays,remarks,measuredBy,recordedBy,sampleCondition,dataQF
"b63419eb-f0b6-4742-b9a1-10d702683d0e","D03","SUGG","SUGG.AOS.littoral1","2020-11-04T13:23Z","SUGG.20201104.PHYTOPLANKTON.2","SUGG.20201104.PHYTOPLANKTON.2.CHL/PHEO.1","A00000132075",1,"chlorophyll/pheophytin",5000.0,300.0,0.1,,"0000-0001-6607-7236","0000-0003-1571-3196","OK",
"7a41df2c-ac07-4f54-85ac-ce94cc09c565","D03","SUGG","SUGG.AOS.littoral1","2020-11-04T13:23Z","SUGG.20201104.PHYTOPLANKTON.2","SUGG.20201104.PHYTOPLANKTON.2.REP2.P.2","A00000132079",2,"P",5000.0,300.0,0.1,,"0000-0001-6607-7236","0000-0003-1571-3196","OK",
"db4d2bd3-f718-4817-bd3e-987b8bf9cacb","D03","SUGG","SUGG.AOS.riparian.point.07","2020-11-04T13:23Z","SUGG.20201104.EPIPHYTON.7","SUGG.20201104.EPIPHYTON.7.CNSB.1","A00000132100",1,"CNSb",125.0,3.0,0.3,,"0000-0001-6607-7236","0000-0003-1571-3196","OK",
"ea033bda-42be-4030-b3db-a2f2a7660d91","D03","SUGG","SUGG.AOS.littoral1","2020-11-04T13:23Z","SUGG.20201104.PHYTOPLANKTON.2","SUGG.20201104.PHYTOPLANKTON.2.CNSB.1","A00000132073",1,"CNSb",5000.0,300.0,0.1,,"0000-0001-6607-7236","0000-0003-1571-3196","OK",
"f2d7dc58-da4f-44d4-9b73-8f0322bdfd42","D03","SUGG","SUGG.AOS.riparian.point.09","2020-11-04T13:23Z","SUGG.20201104.EPIPHYTON.9","SUGG.20201104.EPIPHYTON.9.CNSA.1","A00000132104",1,"CNSa",125.0,3.0,0.3,,"0000-0001-6607-7236","0000-0003-1571-3196","OK",
"2610b3af-1133-4057-92ba-c9126bcd4a98","D03","SUGG","SUGG.AOS.riparian.point.07","2020-11-04T13:23Z","SUGG.20201104.EPIPHYTON.7","SUGG.20201104.EPIPHYTON.7.P.1","A00000132099",1,"P",125.0,3.0,0.3,,"0000-0001-6607-7236","0000-0003-1571-3196","OK",
"3da1f5e5-3a86-4aa0-8f53-259abd30ae65","D03","SUGG","SUGG.AOS.riparian.point.03","2020-11-04T13:23Z","SUGG.20201104.EPIPHYTON.3","SUGG.20201104.EPIPHYTON.3.P.1","A00000132094",1,"P",125.0,3.0,0.3,,"0000-0001-6607-7236","0000-0003-1571-3196","OK",
"d3a7ed98-5948-472f-bfa7-f8f019a65537","D03","SUGG","SUGG.AOS.riparian.point.07","2020-11-04T13:23Z","SUGG.20201104.EPIPHYTON.7","SUGG.20201104.EPIPHYTON.7.CHL/PHEO.1","A00000132102",1,"chlorophyll/pheophytin",125.0,3.0,0.3,,"0000-0001-6607-7236","0000-0003-1571-3196","OK",
"4a63fa99-2994-4a44-8380-8bdb9aa8d7fa","D03","SUGG","SUGG.AOS.littoral1","2020-11-04T13:23Z","SUGG.20201104.PHYTOPLANKTON.2","SUGG.20201104.PHYTOPLANKTON.2.CNSA.1","A00000132072",1,"CNSa",5000.0,300.0,0.1,,"0000-0001-6607-7236","0000-0003-1571-3196","OK",
"282d256c-2a92-4bb5-9745-0646336c3fb2","D03","SUGG","SUGG.AOS.riparian.point.05","2020-11-04T13:23Z","SUGG.20201104.EPIPHYTON.5","SUGG.20201104.EPIPHYTON.5.CNSA.1","A00000132095",1,"CNSa",125.0,3.0,0.3,,"0000-0001-6607-7236","0000-0003-1571-3196","OK",
"aa60f70b-1b88-476e-8be5-f1c0a0c8091d","D03","SUGG","SUGG.AOS.riparian.point.09","2020-11-04T13:23Z","SUGG.20201104.EPIPHYTON.9","SUGG.20201104.EPIPHYTON.9.CHL/PHEO.1","A00000132105",1,"chlorophyll/pheophytin",125.0,3.0,0.3,,"0000-0001-6607-7236","0000-0003-1571-3196","OK",
"8e9e9541-5c79-45a5-b1cb-3b68cb6292ca","D03","SUGG","SUGG.AOS.littoral2","2020-11-04T13:23Z","SUGG.20201104.PHYTOPLANKTON.3","SUGG.20201104.PHYTOPLANKTON.3.CNSB.1","A00000132082",1,"CNSb",5000.0,300.0,0.1,,"0000-0001-6607-7236","0000-0003-1571-3196","OK",
"b643cf90-0257-477a-afc6-065c58888268","D03","SUGG","SUGG.AOS.riparian.point.07","2020-11-04T13:23Z","SUGG.20201104.EPIPHYTON.7","SUGG.20201104.EPIPHYTON.7.CNSA.1","A00000132101",1,"CNSa",125.0,3.0,0.3,,"0000-0001-6607-7236","0000-0003-1571-3196","OK",
"71962bb7-5792-4c69-a5d1-fc109db8702c","D03","SUGG","SUGG.AOS.riparian.point.03","2020-11-04T13:23Z","SUGG.20201104.EPIPHYTON.3","SUGG.20201104.EPIPHYTON.3.CHL/PHEO.1","A00000132091",1,"chlorophyll/pheophytin",125.0,3.0,0.3,,"0000-0001-6607-7236","0000-0003-1571-3196","OK",
"eaebc20a-4292-4753-801d-4c1d4f7a92be","D03","SUGG","SUGG.AOS.riparian.point.05","2020-11-04T13:23Z","SUGG.20201104.EPIPHYTON.5","SUGG.20201104.EPIPHYTON.5.P.1","A00000132098",1,"P",125.0,3.0,0.3,,"0000-0001-6607-7236","0000-0003-1571-3196","OK",
"ac617c59-b84b-47d0-9c00-ff5eabc1aa22","D03","SUGG","SUGG.AOS.riparian.point.01","2020-11-04T13:23Z","SUGG.20201104.EPIPHYTON.1","SUGG.20201104.EPIPHYTON.1.P.1","A00000132087",1,"P",125.0,3.0,0.2,,"0000-0001-6607-7236","0000-0003-1571-3196","OK",
"466f69ba-5ec1-46a7-b3d9-b2b43c4465df","D03","SUGG","SUGG.AOS.riparian.point.05","2020-11-04T13:23Z","SUGG.20201104.EPIPHYTON.5","SUGG.20201104.EPIPHYTON.5.CHL/PHEO.1","A00000132096",1,"chlorophyll/pheophytin",125.0,3.0,0.3,,"0000-0001-6607-7236","0000-0003-1571-3196","OK",
"cf26cfc5-df9b-46f6-a118-8f3189b29fc6","D03","SUGG","SUGG.AOS.littoral2","2020-11-04T13:23Z","SUGG.20201104.PHYTOPLANKTON.3","SUGG.20201104.PHYTOPLANKTON.3.CHL/PHEO.1","A00000132080",1,"chlorophyll/pheophytin",5000.0,300.0,0.1,,"0000-0001-6607-7236","0000-0003-1571-3196","OK",
"5a812210-27e9-4d3c-a75b-6c2c2b94da31","D03","SUGG","SUGG.AOS.littoral2","2020-11-04T13:23Z","SUGG.20201104.PHYTOPLANKTON.3","SUGG.20201104.PHYTOPLANKTON.3.P.1","A00000132083",1,"P",5000.0,300.0,0.1,,"0000-0001-6607-7236","0000-0003-1571-3196","OK",
"cf8c2dee-333b-4f54-ba81-ae069f66e1d3","D03","SUGG","SUGG.AOS.littoral1","2020-11-04T13:23Z","SUGG.20201104.PHYTOPLANKTON.2","SUGG.20201104.PHYTOPLANKTON.2.P.1","A00000132074",1,"P",5000.0,300.0,0.1,,"0000-0001-6607-7236","0000-0003-1571-3196","OK",
"6a635b14-8783-4317-805f-5d1549803bdf","D03","SUGG","SUGG.AOS.buoy.c0","2020-11-04T13:23Z","SUGG.20201104.PHYTOPLANKTON.1","SUGG.20201104.PHYTOPLANKTON.1.CHL/PHEO.1","A00000132071",1,"chlorophyll/pheophytin",5000.0,300.0,0.1,,"0000-0001-6607-7236","0000-0003-1571-3196","OK",
"37863a6e-3930-4fee-9fab-ad9ffe91c3d0","D03","SUGG","SUGG.AOS.riparian.point.01","2020-11-04T13:23Z","SUGG.20201104.EPIPHYTON.1","SUGG.20201104.EPIPHYTON.1.CHL/PHEO.1","A00000132090",1,"chlorophyll/pheophytin",125.0,3.0,0.2,,"0000-0001-6607-7236","0000-0003-1571-3196","OK",
"19377ee2-ee99-4545-9223-c2c40ae7ef52","D03","SUGG","SUGG.AOS.riparian.point.01","2020-11-04T13:23Z","SUGG.20201104.EPIPHYTON.1","SUGG.20201104.EPIPHYTON.1.CNSA.1","A00000132089",1,"CNSa",125.0,3.0,0.2,,"0000-0001-6607-7236","0000-0003-1571-3196","OK",
"21743231-5c80-4d45-876c-8f4856e17dd9","D03","SUGG","SUGG.AOS.littoral1","2020-11-04T13:23Z","SUGG.20201104.PHYTOPLANKTON.2","SUGG.20201104.PHYTOPLANKTON.2.REP2.CHL/PHEO.2","A00000132076",2,"chlorophyll/pheophytin",5000.0,300.0,0.1,,"0000-0001-6607-7236","0000-0003-1571-3196","OK",
"759339c1-6205-4f1a-99d5-66541d6c57b5","D03","SUGG","SUGG.AOS.littoral1","2020-11-04T13:23Z","SUGG.20201104.PHYTOPLANKTON.2","SUGG.20201104.PHYTOPLANKTON.2.REP2.CNSB.2","A00000132078",2,"CNSb",5000.0,300.0,0.1,,"0000-0001-6607-7236","0000-0003-1571-3196","OK",
"00ad39eb-30cb-487e-bbf3-b402041fd4e3","D03","SUGG","SUGG.AOS.riparian.point.09","2020-11-04T13:23Z","SUGG.20201104.EPIPHYTON.9","SUGG.20201104.EPIPHYTON.9.P.1","A00000132106",1,"P",125.0,3.0,0.3,,"0000-0001-6607-7236","0000-0003-1571-3196","OK",
"a595e23d-9830-4070-a5b0-41004ae977f4","D03","SUGG","SUGG.AOS.riparian.point.09","2020-11-04T13:23Z","SUGG.20201104.EPIPHYTON.9","SUGG.20201104.EPIPHYTON.9.CNSB.1","A00000132103",1,"CNSb",125.0,3.0,0.3,,"0000-0001-6607-7236","0000-0003-1571-3196","OK",
"fa0309f5-175e-4ac1-a5ce-66a1f6c5038c","D03","SUGG","SUGG.AOS.littoral1","2020-11-04T13:23Z","SUGG.20201104.PHYTOPLANKTON.2","SUGG.20201104.PHYTOPLANKTON.2.REP2.CNSA.2","A00000132077",2,"CNSa",5000.0,300.0,0.1,,"0000-0001-6607-7236","0000-0003-1571-3196","OK",
"68df6abe-aa9c-4418-9584-56f4061d5157","D03","SUGG","SUGG.AOS.buoy.c0","2020-11-04T13:23Z","SUGG.20201104.PHYTOPLANKTON.1","SUGG.20201104.PHYTOPLANKTON.1.CNSB.1","A00000132069",1,"CNSb",5000.0,300.0,0.1,,"0000-0001-6607-7236","0000-0003-1571-3196","OK",
"874c1dc3-94e9-4f18-ada0-5295669f4fb3","D03","SUGG","SUGG.AOS.riparian.point.03","2020-11-04T13:23Z","SUGG.20201104.EPIPHYTON.3","SUGG.20201104.EPIPHYTON.3.CNSA.1","A00000132092",1,"CNSa",125.0,3.0,0.3,,"0000-0001-6607-7236","0000-0003-1571-3196","OK",
"9d3134c2-b270-4b17-89c3-bb5e34a836c2","D03","SUGG","SUGG.AOS.riparian.point.01","2020-11-04T13:23Z","SUGG.20201104.EPIPHYTON.1","SUGG.20201104.EPIPHYTON.1.CNSB.1","A00000132088",1,"CNSb",125.0,3.0,0.2,,"0000-0001-6607-7236","0000-0003-1571-3196","OK",
"1878bebd-19cd-4989-9fcb-c2a53c8efec1","D03","SUGG","SUGG.AOS.buoy.c0","2020-11-04T13:23Z","SUGG.20201104.PHYTOPLANKTON.1","SUGG.20201104.PHYTOPLANKTON.1.P.1","A00000132070",1,"P",5000.0,300.0,0.1,,"0000-0001-6607-7236","0000-0003-1571-3196","OK",
"c72ef6bb-26bd-4993-8f38-431290afaade","D03","SUGG","SUGG.AOS.buoy.c0","2020-11-04T13:23Z","SUGG.20201104.PHYTOPLANKTON.1","SUGG.20201104.PHYTOPLANKTON.1.CNSA.1","A00000132068",1,"CNSa",5000.0,300.0,0.1,,"0000-0001-6607-7236","0000-0003-1571-3196","OK",
"9604b2eb-3a6d-4a46-a5d7-d09ab4f03aef","D03","SUGG","SUGG.AOS.littoral2","2020-11-04T13:23Z","SUGG.20201104.PHYTOPLANKTON.3","SUGG.20201104.PHYTOPLANKTON.3.CNSA.1","A00000132081",1,"CNSa",5000.0,300.0,0.1,,"0000-0001-6607-7236","0000-0003-1571-3196","OK",
"88124816-a6ad-4cc1-aa80-37f2ab4a3f06","D03","SUGG","SUGG.AOS.riparian.point.03","2020-11-04T13:23Z","SUGG.20201104.EPIPHYTON.3","SUGG.20201104.EPIPHYTON.3.CNSB.1","A00000132093",1,"CNSb",125.0,3.0,0.3,,"0000-0001-6607-7236","0000-0003-1571-3196","OK",
"92bafb2b-4c0d-4de5-90a7-5aa46bb8d159","D03","SUGG","SUGG.AOS.riparian.point.05","2020-11-04T13:23Z","SUGG.20201104.EPIPHYTON.5","SUGG.20201104.EPIPHYTON.5.CNSB.1","A00000132097",1,"CNSb",125.0,3.0,0.3,,"0000-0001-6607-7236","0000-0003-1571-3196","OK",
