uid,domainID,siteID,namedLocation,aquaticSiteType,decimalLatitude,decimalLongitude,coordinateUncertainty,elevation,elevationUncertainty,geodeticDatum,collectDate,eventID,parentSampleID,parentSampleCode,samplingImpractical,biophysicalCriteria,affectedByWind,habitatType,algalSampleType,benthicArea,samplingProtocolVersion,phytoDepth1,phytoDepth2,phytoDepth3,substratumSizeClass,remarks,recordedBy,collectedBy,dataQF
"f99c9d9c-5625-43be-896f-0c1e411db6a5","D03","SUGG","SUGG.AOS.riparian.point.07","lake",29.684758,-82.018516,5.0,27.9,5.0,"WGS84","2020-11-04T13:23Z","SUGG.20201104","SUGG.20201104.EPIPHYTON.7",,,"OK - schedule change but conditions met",,"littoral","epiphyton",0.010000,"NEON.DOC.003045vE",,,,,,"0000-0001-6607-7236","0000-0003-1571-3196",
"5359035b-007a-47cf-931d-a4e18335e28f","D03","SUGG","SUGG.AOS.buoy.c0","lake",29.688149,-82.017318,10.0,30.0,10.0,"WGS84","2020-11-04T13:23Z","SUGG.20201104","SUGG.20201104.PHYTOPLANKTON.1",,,"OK - schedule change but conditions met","N","littoral","phytoplankton",,"NEON.DOC.003045vE",0.5,0.5,0.5,,,"0000-0001-6607-7236","0000-0003-1571-3196",
"497748da-9926-4b3c-8caf-ace7036c5e17","D03","SUGG","SUGG.AOS.littoral2","lake",29.687601,-82.020598,1.1,30.3,1.0,"WGS84","2020-11-04T13:23Z","SUGG.20201104","SUGG.20201104.PHYTOPLANKTON.3",,,"OK - schedule change but conditions met","N","littoral","phytoplankton",,"NEON.DOC.003045vE",0.5,0.5,0.5,,,"0000-0001-6607-7236","0000-0003-1571-3196",
"2fd01f23-02e3-45c1-bbca-9691e43970ba","D03","SUGG","SUGG.AOS.riparian.point.05","lake",29.687067,-82.020473,5.0,27.9,5.0,"WGS84","2020-11-04T13:23Z","SUGG.20201104","SUGG.20201104.EPIPHYTON.5",,,"OK - schedule change but conditions met",,"littoral","epiphyton",0.010000,"NEON.DOC.003045vE",,,,,,"0000-0001-6607-7236","0000-0003-1571-3196",
"5dc53fca-f3e8-49a4-a3cb-9725904e1e89","D03","SUGG","SUGG.AOS.littoral1","lake",29.685093,-82.018412,1.1,30.2,1.0,"WGS84","2020-11-04T13:23Z","SUGG.20201104","SUGG.20201104.PHYTOPLANKTON.2",,,"OK - schedule change but conditions met","N","littoral","phytoplankton",,"NEON.DOC.003045vE",0.5,0.5,0.5,,,"0000-0001-6607-7236","0000-0003-1571-3196",
"44ab31b2-c14c-4998-a9a2-ed51b01b8b8d","D03","SUGG","SUGG.AOS.riparian.point.01","lake",29.689972,-82.015337,5.0,27.9,5.0,"WGS84","2020-11-04T13:23Z","SUGG.20201104","SUGG.20201104.EPIPHYTON.1",,,"OK - schedule change but conditions met",,"littoral","epiphyton",0.010000,"NEON.DOC.003045vE",,,,,,"0000-0001-6607-7236","0000-0003-1571-3196",
"623db19c-3422-4401-90d2-d168805ceaa6","D03","SUGG","SUGG.AOS.riparian.point.09","lake",29.686477,-82.014568,5.0,27.9,5.0,"WGS84","2020-11-04T13:23Z","SUGG.20201104","SUGG.20201104.EPIPHYTON.9",,,"OK - schedule change but conditions met",,"littoral","epiphyton",0.010000,"NEON.DOC.003045vE",,,,,,"0000-0001-6607-7236","0000-0003-1571-3196",
"500b8fff-5e63-4ecf-8b98-b7dc633f6af1","D03","SUGG","SUGG.AOS.riparian.point.03","lake",29.690380,-82.019605,5.0,27.9,5.0,"WGS84","2020-11-04T13:23Z","SUGG.20201104","SUGG.20201104.EPIPHYTON.3",,,"OK - schedule change but conditions met",,"littoral","epiphyton",0.010000,"NEON.DOC.003045vE",,,,,,"0000-0001-6607-7236","0000-0003-1571-3196",
