uid,domainID,siteID,namedLocation,collectDate,sampleID,sampleCode,sampleCondition,laboratoryName,analysisDate,analyzedBy,sampleType,replicate,sampleVolumeFiltered,filterSize,percentFilterAnalyzed,dilutionFactor,solventVolume,responseFactor,acidificationResponseFactor,fluorometerSensitivitySetting,preAcidificationFluorescence,postAcidificationFluorescence,analyte,analyteConcentration,plantAlgaeLabUnits,testMethod,method,acidTreatment,externalRemarks,externalLabDataQF
"b8c8384f-3171-4a81-beb8-0ced826b83ce","D03","SUGG","SUGG.AOS.buoy.c0","2020-11-04","SUGG.20201104.PHYTOPLANKTON.1.CHL/PHEO.1","A00000132071","other","Great Lakes Environmental Center, Inc.","2020-11-13","4CajRO/thb0=","chlorophyll/pheophytin","1",300,25,100,1,7,419.3376,,,0.3010,0.1880,"chlorophyll a",1.31,"microgramsPerLiter","GLEC_algalChlorophyll_V1","APHA 10200H",,"Cold chain broken and Samples exceeded 7-day hold time at Domain 3 by 1 days but are within 14 day hold time for anaylsis.",
"6dfe236e-bb79-4de9-98f0-8d74239ca53c","D03","SUGG","SUGG.AOS.littoral1","2020-11-04","SUGG.20201104.PHYTOPLANKTON.2.REP2.CHL/PHEO.2","A00000132076","other","Great Lakes Environmental Center, Inc.","2020-11-13","4CajRO/thb0=","chlorophyll/pheophytin","2",300,25,100,1,7,419.3376,,,0.4910,0.2410,"chlorophyll a",2.91,"microgramsPerLiter","GLEC_algalChlorophyll_V1","APHA 10200H",,"Cold chain broken and Samples exceeded 7-day hold time at Domain 3 by 1 days but are within 14 day hold time for anaylsis.",
"5ae9d7df-bee6-4251-a9b8-3a8f6289b132","D03","SUGG","SUGG.AOS.riparian.point.03","2020-11-04","SUGG.20201104.EPIPHYTON.3.CHL/PHEO.1","A00000132091","other","Great Lakes Environmental Center, Inc.","2020-11-13","4CajRO/thb0=","chlorophyll/pheophytin","1",3,25,100,1,7,419.3376,,,0.3930,0.2570,"chlorophyll a",158.04,"microgramsPerLiter","GLEC_algalChlorophyll_V1","APHA 10200H",,"Cold chain broken and Samples exceeded 7-day hold time at Domain 3 by 1 days but are within 14 day hold time for anaylsis.",
"5a3ffeb6-fdfd-41b4-a4e7-b85d5dae8083","D03","SUGG","SUGG.AOS.riparian.point.05","2020-11-04","SUGG.20201104.EPIPHYTON.5.CHL/PHEO.1","A00000132096","other","Great Lakes Environmental Center, Inc.","2020-11-13","4CajRO/thb0=","chlorophyll/pheophytin","1",3,25,100,1,7,419.3376,,,0.7410,0.3230,"chlorophyll a",485.76,"microgramsPerLiter","GLEC_algalChlorophyll_V1","APHA 10200H",,"Cold chain broken and Samples exceeded 7-day hold time at Domain 3 by 1 days but are within 14 day hold time for anaylsis.",
"88a54ed3-36f6-4c20-9091-5b0afa6dedd5","D03","SUGG","SUGG.AOS.littoral1","2020-11-04","SUGG.20201104.PHYTOPLANKTON.2.CHL/PHEO.1","A00000132075","other","Great Lakes Environmental Center, Inc.","2020-11-13","4CajRO/thb0=","chlorophyll/pheophytin","1",300,25,100,1,7,419.3376,,,0.4690,0.2350,"pheophytin",11.83,"microgramsPerLiter","GLEC_algalChlorophyll_V1","APHA 10200H",,"Cold chain broken and Samples exceeded 7-day hold time at Domain 3 by 1 days but are within 14 day hold time for anaylsis.",
"59a1a248-641e-4780-ba05-6e40ee269c88","D03","SUGG","SUGG.AOS.buoy.c0","2020-11-04","SUGG.20201104.PHYTOPLANKTON.1.CHL/PHEO.1","A00000132071","other","Great Lakes Environmental Center, Inc.","2020-11-13","4CajRO/thb0=","chlorophyll/pheophytin","1",300,25,100,1,7,419.3376,,,0.3010,0.1880,"pheophytin",10.33,"microgramsPerLiter","GLEC_algalChlorophyll_V1","APHA 10200H",,"Cold chain broken and Samples exceeded 7-day hold time at Domain 3 by 1 days but are within 14 day hold time for anaylsis.",
"209fc8db-77ff-4842-8cde-cf082c4d5372","D03","SUGG","SUGG.AOS.riparian.point.09","2020-11-04","SUGG.20201104.EPIPHYTON.9.CHL/PHEO.1","A00000132105","other","Great Lakes Environmental Center, Inc.","2020-11-13","4CajRO/thb0=","chlorophyll/pheophytin","1",3,25,100,1,7,419.3376,,,0.4440,0.2690,"pheophytin",1462.20,"microgramsPerLiter","GLEC_algalChlorophyll_V1","APHA 10200H",,"Cold chain broken and Samples exceeded 7-day hold time at Domain 3 by 1 days but are within 14 day hold time for anaylsis.",
"5a9b8b00-2327-465e-834d-d2d37af29451","D03","SUGG","SUGG.AOS.riparian.point.03","2020-11-04","SUGG.20201104.EPIPHYTON.3.CHL/PHEO.1","A00000132091","other","Great Lakes Environmental Center, Inc.","2020-11-13","4CajRO/thb0=","chlorophyll/pheophytin","1",3,25,100,1,7,419.3376,,,0.3930,0.2570,"pheophytin",1433.20,"microgramsPerLiter","GLEC_algalChlorophyll_V1","APHA 10200H",,"Cold chain broken and Samples exceeded 7-day hold time at Domain 3 by 1 days but are within 14 day hold time for anaylsis.",
"0cdd3c38-7419-4e8c-bcdc-9bf11ba78e1d","D03","SUGG","SUGG.AOS.riparian.point.07","2020-11-04","SUGG.20201104.EPIPHYTON.7.CHL/PHEO.1","A00000132102","other","Great Lakes Environmental Center, Inc.","2020-11-13","4CajRO/thb0=","chlorophyll/pheophytin","1",3,25,100,1,7,419.3376,,,0.6410,0.4210,"chlorophyll a",255.66,"microgramsPerLiter","GLEC_algalChlorophyll_V1","APHA 10200H",,"Cold chain broken and Samples exceeded 7-day hold time at Domain 3 by 1 days but are within 14 day hold time for anaylsis.",
"07cb65a2-ec3f-44af-8f61-8c7a6f36c3d3","D03","SUGG","SUGG.AOS.littoral2","2020-11-04","SUGG.20201104.PHYTOPLANKTON.3.CHL/PHEO.1","A00000132080","other","Great Lakes Environmental Center, Inc.","2020-11-13","4CajRO/thb0=","chlorophyll/pheophytin","1",300,25,100,1,7,419.3376,,,0.2890,0.1630,"pheophytin",8.63,"microgramsPerLiter","GLEC_algalChlorophyll_V1","APHA 10200H",,"Cold chain broken and Samples exceeded 7-day hold time at Domain 3 by 1 days but are within 14 day hold time for anaylsis.",
"ec6040f5-ffab-42c5-b898-5d644ede7256","D03","SUGG","SUGG.AOS.littoral1","2020-11-04","SUGG.20201104.PHYTOPLANKTON.2.REP2.CHL/PHEO.2","A00000132076","other","Great Lakes Environmental Center, Inc.","2020-11-13","4CajRO/thb0=","chlorophyll/pheophytin","2",300,25,100,1,7,419.3376,,,0.4910,0.2410,"pheophytin",12.02,"microgramsPerLiter","GLEC_algalChlorophyll_V1","APHA 10200H",,"Cold chain broken and Samples exceeded 7-day hold time at Domain 3 by 1 days but are within 14 day hold time for anaylsis.",
"2877b287-5fde-41b0-8ab0-c3d964c2c611","D03","SUGG","SUGG.AOS.riparian.point.07","2020-11-04","SUGG.20201104.EPIPHYTON.7.CHL/PHEO.1","A00000132102","other","Great Lakes Environmental Center, Inc.","2020-11-13","4CajRO/thb0=","chlorophyll/pheophytin","1",3,25,100,1,7,419.3376,,,0.6410,0.4210,"pheophytin",2351.10,"microgramsPerLiter","GLEC_algalChlorophyll_V1","APHA 10200H",,"Cold chain broken and Samples exceeded 7-day hold time at Domain 3 by 1 days but are within 14 day hold time for anaylsis.",
"798702c7-26ad-4f98-8f55-bf8a1214dae4","D03","SUGG","SUGG.AOS.riparian.point.01","2020-11-04","SUGG.20201104.EPIPHYTON.1.CHL/PHEO.1","A00000132090","other","Great Lakes Environmental Center, Inc.","2020-11-13","4CajRO/thb0=","chlorophyll/pheophytin","1",3,25,100,1,7,419.3376,,,1.2550,0.4560,"chlorophyll a",928.51,"microgramsPerLiter","GLEC_algalChlorophyll_V1","APHA 10200H",,"Cold chain broken and Samples exceeded 7-day hold time at Domain 3 by 1 days but are within 14 day hold time for anaylsis.",
"8b84a20f-9f0c-49c9-ba36-95404db31905","D03","SUGG","SUGG.AOS.riparian.point.05","2020-11-04","SUGG.20201104.EPIPHYTON.5.CHL/PHEO.1","A00000132096","other","Great Lakes Environmental Center, Inc.","2020-11-13","4CajRO/thb0=","chlorophyll/pheophytin","1",3,25,100,1,7,419.3376,,,0.7410,0.3230,"pheophytin",1514.20,"microgramsPerLiter","GLEC_algalChlorophyll_V1","APHA 10200H",,"Cold chain broken and Samples exceeded 7-day hold time at Domain 3 by 1 days but are within 14 day hold time for anaylsis.",
"b6615115-1014-40b8-913e-5a948deaea54","D03","SUGG","SUGG.AOS.littoral2","2020-11-04","SUGG.20201104.PHYTOPLANKTON.3.CHL/PHEO.1","A00000132080","other","Great Lakes Environmental Center, Inc.","2020-11-13","4CajRO/thb0=","chlorophyll/pheophytin","1",300,25,100,1,7,419.3376,,,0.2890,0.1630,"chlorophyll a",1.46,"microgramsPerLiter","GLEC_algalChlorophyll_V1","APHA 10200H",,"Cold chain broken and Samples exceeded 7-day hold time at Domain 3 by 1 days but are within 14 day hold time for anaylsis.",
"f4edd22e-90b0-4576-bb0b-7146bc3210b4","D03","SUGG","SUGG.AOS.riparian.point.09","2020-11-04","SUGG.20201104.EPIPHYTON.9.CHL/PHEO.1","A00000132105","other","Great Lakes Environmental Center, Inc.","2020-11-13","4CajRO/thb0=","chlorophyll/pheophytin","1",3,25,100,1,7,419.3376,,,0.4440,0.2690,"chlorophyll a",203.37,"microgramsPerLiter","GLEC_algalChlorophyll_V1","APHA 10200H",,"Cold chain broken and Samples exceeded 7-day hold time at Domain 3 by 1 days but are within 14 day hold time for anaylsis.",
"0b27de70-6179-42a8-86b2-f82cabe0dfc3","D03","SUGG","SUGG.AOS.riparian.point.01","2020-11-04","SUGG.20201104.EPIPHYTON.1.CHL/PHEO.1","A00000132090","other","Great Lakes Environmental Center, Inc.","2020-11-13","4CajRO/thb0=","chlorophyll/pheophytin","1",3,25,100,1,7,419.3376,,,1.2550,0.4560,"pheophytin",1894.90,"microgramsPerLiter","GLEC_algalChlorophyll_V1","APHA 10200H",,"Cold chain broken and Samples exceeded 7-day hold time at Domain 3 by 1 days but are within 14 day hold time for anaylsis.",
"21f70dfe-edce-4f26-9de3-f5db335cfd42","D03","SUGG","SUGG.AOS.littoral1","2020-11-04","SUGG.20201104.PHYTOPLANKTON.2.CHL/PHEO.1","A00000132075","other","Great Lakes Environmental Center, Inc.","2020-11-13","4CajRO/thb0=","chlorophyll/pheophytin","1",300,25,100,1,7,419.3376,,,0.4690,0.2350,"chlorophyll a",2.72,"microgramsPerLiter","GLEC_algalChlorophyll_V1","APHA 10200H",,"Cold chain broken and Samples exceeded 7-day hold time at Domain 3 by 1 days but are within 14 day hold time for anaylsis.",
