uid,domainID,siteID,namedLocation,date,eventID,sampleDepth,waterTemp,specificConductance,dissolvedOxygen,dissolvedOxygenSaturation,dataQF
"908cfc4a-e631-4317-8269-2c5aa2d3b453","D03","BARC","BARC.AOS.buoy.c0","2021-10-05T12:25Z","BARC.c0.20211005",4.5,24.5,30.0,6.4,74.5,
"7c2b07cf-9c49-433e-ac73-bd3b9da4967b","D03","BARC","BARC.AOS.buoy.c0","2021-10-05T12:25Z","BARC.c0.20211005",3.5,24.5,29.9,6.5,79.3,
"19a1dffb-a74c-436c-b9aa-eed588d4462c","D03","BARC","BARC.AOS.buoy.c0","2021-10-05T12:25Z","BARC.c0.20211005",2.5,24.5,29.9,6.5,79.9,
"384c3971-6c51-4ca8-93a8-f32747dbe018","D03","BARC","BARC.AOS.buoy.c0","2021-10-05T12:25Z","BARC.c0.20211005",5.0,24.5,30.1,6.8,69.8,
"c1fc9f58-5c32-4761-92e3-d031ca7e7030","D03","BARC","BARC.AOS.buoy.c0","2021-10-05T12:25Z","BARC.c0.20211005",1.0,24.5,29.9,6.0,68.7,
"de446cd6-5855-449c-baed-13237da66e82","D03","BARC","BARC.AOS.buoy.c0","2021-10-05T12:25Z","BARC.c0.20211005",1.5,24.5,29.8,6.1,76.2,
"6a5c39c1-9d7d-48cd-86b4-d51ac9285a0d","D03","BARC","BARC.AOS.buoy.c0","2021-10-05T12:25Z","BARC.c0.20211005",2.0,24.5,29.8,6.4,75.1,
"424c1e26-e430-4c12-a06f-dfc6c24ed504","D03","BARC","BARC.AOS.buoy.c0","2021-10-05T12:25Z","BARC.c0.20211005",4.0,24.5,30.1,6.8,80.1,
"a10cc912-f560-41d1-b6db-f401568d07df","D03","BARC","BARC.AOS.buoy.c0","2021-10-05T12:25Z","BARC.c0.20211005",0.5,24.5,30.4,6.6,81.6,
"a962e41d-634a-49a1-993d-fe71bafc592b","D03","BARC","BARC.AOS.buoy.c0","2021-10-05T12:25Z","BARC.c0.20211005",3.0,24.5,30.0,6.4,76.2,
