uid,domainID,siteID,namedLocation,date,eventID,sampleDepth,waterTemp,specificConductance,dissolvedOxygen,dissolvedOxygenSaturation,dataQF
"0510360e-b2c1-4257-93eb-bc456c83b979","D03","SUGG","SUGG.AOS.buoy.c0","2021-06-07T16:44Z","SUGG.c0.20210607",0.5,26.6,72.8,7.7,94.2,
"add66aa6-5c46-4ccd-b291-e1984c0bca2b","D03","SUGG","SUGG.AOS.buoy.c0","2021-06-07T16:44Z","SUGG.c0.20210607",1.0,26.5,72.7,7.6,94.4,
"44fde329-0a16-463d-a61f-67a91f57c341","D03","SUGG","SUGG.AOS.buoy.c0","2021-06-07T16:44Z","SUGG.c0.20210607",1.5,25.3,74.2,5.3,56.4,
"b58cfc96-307c-4ad3-aba7-e163458b868d","D03","SUGG","SUGG.AOS.buoy.c0","2021-06-30T12:44Z","SUGG.c0.20210630",1.0,24.8,68.1,6.3,72.1,
"dc32e00a-be74-4fb8-b820-67c8851b2ace","D03","SUGG","SUGG.AOS.buoy.c0","2021-06-30T12:44Z","SUGG.c0.20210630",2.0,24.4,69.2,2.5,28.9,
"42dc28f0-20f5-4d4f-9428-49485427308f","D03","SUGG","SUGG.AOS.buoy.c0","2021-06-30T12:44Z","SUGG.c0.20210630",1.5,24.5,68.0,4.5,30.4,
"451f51f6-8de4-4ff0-ba2d-28bbaed15888","D03","SUGG","SUGG.AOS.buoy.c0","2021-06-30T12:44Z","SUGG.c0.20210630",0.5,24.8,68.2,6.8,79.4,
