uid,domainID,siteID,namedLocation,collectDate,sampleID,sampleCode,sampleCondition,laboratoryName,analysisDate,analyzedBy,sampleType,replicate,sampleVolumeFiltered,filterSize,percentFilterAnalyzed,dilutionFactor,solventVolume,responseFactor,acidificationResponseFactor,fluorometerSensitivitySetting,preAcidificationFluorescence,postAcidificationFluorescence,analyte,analyteConcentration,plantAlgaeLabUnits,testMethod,method,acidTreatment,externalRemarks,externalLabDataQF
"ccef9f66-b0f5-4979-be9b-98deccea71bb","D03","BARC","BARC.AOS.riparian.point.05","2021-02-24","BARC.20210224.EPIPHYTON.5.CHL/PHEO.1","A00000132285","condition ok","Great Lakes Environmental Center, Inc.","2021-03-05","4CajRO/thb0=","chlorophyll/pheophytin","1",4,25,100,1,7,416.0920,,,0.6410,0.2140,"pheophytin",624.62,"microgramsPerLiter","GLEC_algalChlorophyll_V1","APHA 10200H",,"Samples received were not in order as shown on manifest. Corrected by TW 3/2/36",
"3ddc2980-c67d-46f0-9f1f-f323cf05ae90","D03","BARC","BARC.AOS.riparian.point.09","2021-02-24","BARC.20210224.EPIPHYTON.9.CHL/PHEO.1","A00000132639","condition ok","Great Lakes Environmental Center, Inc.","2021-03-05","4CajRO/thb0=","chlorophyll/pheophytin","1",5,25,100,1,7,416.0920,,,0.6830,0.3310,"chlorophyll a",243.20,"microgramsPerLiter","GLEC_algalChlorophyll_V1","APHA 10200H",,"Samples received were not in order as shown on manifest. Corrected by TW 3/2/34",
"00d60a95-db4c-4eee-86c6-1d83d237fe3f","D03","BARC","BARC.AOS.riparian.point.07","2021-02-24","BARC.20210224.EPIPHYTON.7.CHL/PHEO.1","A00000132635","condition ok","Great Lakes Environmental Center, Inc.","2021-03-05","4CajRO/thb0=","chlorophyll/pheophytin","1",10,25,100,1,7,416.0920,,,0.6510,0.2040,"pheophytin",224.37,"microgramsPerLiter","GLEC_algalChlorophyll_V1","APHA 10200H",,"Samples received were not in order as shown on manifest. Corrected by TW 3/2/35",
"95dae1a0-3b3c-4689-b707-a1e969004791","D03","BARC","BARC.AOS.buoy.c0","2021-02-24","BARC.20210224.PHYTOPLANKTON.2.CHL/PHEO.1","A00000132269","condition ok","Great Lakes Environmental Center, Inc.","2021-03-05","4CajRO/thb0=","chlorophyll/pheophytin","1",300,25,100,1,7,416.0920,,,0.1230,0.0950,"pheophytin",5.56,"microgramsPerLiter","GLEC_algalChlorophyll_V1","APHA 10200H",,"Samples received were not in order as shown on manifest. Corrected by TW 3/2/31",
"7b47de64-5af4-4cce-8d36-2b520d66c246","D03","BARC","BARC.AOS.littoral2","2021-02-24","BARC.20210224.PHYTOPLANKTON.1.REP2.CHL/PHEO.2","A00000132264","condition ok","Great Lakes Environmental Center, Inc.","2021-03-05","4CajRO/thb0=","chlorophyll/pheophytin","2",300,25,100,1,7,416.0920,,,0.2710,0.1660,"chlorophyll a",1.21,"microgramsPerLiter","GLEC_algalChlorophyll_V1","APHA 10200H",,"Samples received were not in order as shown on manifest. Corrected by TW 3/2/32",
"27c616ff-9c7b-45bd-a2d6-8b4dab5bbbcc","D03","BARC","BARC.AOS.littoral1","2021-02-24","BARC.20210224.PHYTOPLANKTON.3.CHL/PHEO.1","A00000132274","condition ok","Great Lakes Environmental Center, Inc.","2021-03-05","4CajRO/thb0=","chlorophyll/pheophytin","1",300,25,100,1,7,416.0920,,,0.1150,0.0790,"chlorophyll a",0.41,"microgramsPerLiter","GLEC_algalChlorophyll_V1","APHA 10200H",,"Samples received were not in order as shown on manifest. Corrected by TW 3/2/30",
"7f2b7fc8-0591-4473-982e-f76386ef0de1","D03","BARC","BARC.AOS.buoy.c0","2021-02-24","BARC.20210224.PHYTOPLANKTON.2.CHL/PHEO.1","A00000132269","condition ok","Great Lakes Environmental Center, Inc.","2021-03-05","4CajRO/thb0=","chlorophyll/pheophytin","1",300,25,100,1,7,416.0920,,,0.1230,0.0950,"chlorophyll a",0.32,"microgramsPerLiter","GLEC_algalChlorophyll_V1","APHA 10200H",,"Samples received were not in order as shown on manifest. Corrected by TW 3/2/31",
"464844a6-1730-4343-a440-3872d8f07b0a","D03","BARC","BARC.AOS.riparian.point.03","2021-02-24","BARC.20210224.EPIPHYTON.3.CHL/PHEO.1","A00000132279","condition ok","Great Lakes Environmental Center, Inc.","2021-03-05","4CajRO/thb0=","chlorophyll/pheophytin","1",4,25,100,1,7,416.0920,,,1.2590,0.4420,"pheophytin",1346.20,"microgramsPerLiter","GLEC_algalChlorophyll_V1","APHA 10200H",,"Samples received were not in order as shown on manifest. Corrected by TW 3/2/37",
"f70f9b17-6d1b-4dcc-b48f-5d1e6f81d9c8","D03","BARC","BARC.AOS.riparian.point.05","2021-02-24","BARC.20210224.EPIPHYTON.5.CHL/PHEO.1","A00000132285","condition ok","Great Lakes Environmental Center, Inc.","2021-03-05","4CajRO/thb0=","chlorophyll/pheophytin","1",4,25,100,1,7,416.0920,,,0.6410,0.2140,"chlorophyll a",368.77,"microgramsPerLiter","GLEC_algalChlorophyll_V1","APHA 10200H",,"Samples received were not in order as shown on manifest. Corrected by TW 3/2/36",
"12f44e5c-1f92-4d1c-89dc-87d329da145e","D03","BARC","BARC.AOS.littoral2","2021-02-24","BARC.20210224.PHYTOPLANKTON.1.REP2.CHL/PHEO.2","A00000132264","condition ok","Great Lakes Environmental Center, Inc.","2021-03-05","4CajRO/thb0=","chlorophyll/pheophytin","2",300,25,100,1,7,416.0920,,,0.2710,0.1660,"pheophytin",9.07,"microgramsPerLiter","GLEC_algalChlorophyll_V1","APHA 10200H",,"Samples received were not in order as shown on manifest. Corrected by TW 3/2/32",
"d3ed7690-2360-462d-b425-4ca20d24085f","D03","BARC","BARC.AOS.riparian.point.01","2021-02-24","BARC.20210224.EPIPHYTON.1.CHL/PHEO.1","A00000132288","condition ok","Great Lakes Environmental Center, Inc.","2021-03-05","4CajRO/thb0=","chlorophyll/pheophytin","1",3,25,100,1,7,416.0920,,,1.3410,0.4850,"chlorophyll a",985.69,"microgramsPerLiter","GLEC_algalChlorophyll_V1","APHA 10200H",,"Samples received were not in order as shown on manifest. Corrected by TW 3/2/38",
"d9d95015-be56-46f3-bc3f-1f481f62499b","D03","BARC","BARC.AOS.riparian.point.03","2021-02-24","BARC.20210224.EPIPHYTON.3.CHL/PHEO.1","A00000132279","condition ok","Great Lakes Environmental Center, Inc.","2021-03-05","4CajRO/thb0=","chlorophyll/pheophytin","1",4,25,100,1,7,416.0920,,,1.2590,0.4420,"chlorophyll a",705.59,"microgramsPerLiter","GLEC_algalChlorophyll_V1","APHA 10200H",,"Samples received were not in order as shown on manifest. Corrected by TW 3/2/37",
"52f127c7-4e4a-4649-9d2c-dca5755b44eb","D03","BARC","BARC.AOS.littoral2","2021-02-24","BARC.20210224.PHYTOPLANKTON.1.CHL/PHEO.1","A00000132257","condition ok","Great Lakes Environmental Center, Inc.","2021-03-05","4CajRO/thb0=","chlorophyll/pheophytin","1",300,25,100,1,7,416.0920,,,0.2590,0.1600,"chlorophyll a",1.14,"microgramsPerLiter","GLEC_algalChlorophyll_V1","APHA 10200H",,"Samples received were not in order as shown on manifest. Corrected by TW 3/2/33",
"50c72ba8-3581-4517-b8f2-ccb9b05a9af4","D03","BARC","BARC.AOS.riparian.point.09","2021-02-24","BARC.20210224.EPIPHYTON.9.CHL/PHEO.1","A00000132639","condition ok","Great Lakes Environmental Center, Inc.","2021-03-05","4CajRO/thb0=","chlorophyll/pheophytin","1",5,25,100,1,7,416.0920,,,0.6830,0.3310,"pheophytin",986.01,"microgramsPerLiter","GLEC_algalChlorophyll_V1","APHA 10200H",,"Samples received were not in order as shown on manifest. Corrected by TW 3/2/34",
"3f55275a-e79e-4187-8e98-39f90a501532","D03","BARC","BARC.AOS.littoral1","2021-02-24","BARC.20210224.PHYTOPLANKTON.3.CHL/PHEO.1","A00000132274","condition ok","Great Lakes Environmental Center, Inc.","2021-03-05","4CajRO/thb0=","chlorophyll/pheophytin","1",300,25,100,1,7,416.0920,,,0.1150,0.0790,"pheophytin",4.48,"microgramsPerLiter","GLEC_algalChlorophyll_V1","APHA 10200H",,"Samples received were not in order as shown on manifest. Corrected by TW 3/2/30",
"be28fdfd-906f-4b92-a3bf-d51d6e76b9f3","D03","BARC","BARC.AOS.littoral2","2021-02-24","BARC.20210224.PHYTOPLANKTON.1.CHL/PHEO.1","A00000132257","condition ok","Great Lakes Environmental Center, Inc.","2021-03-05","4CajRO/thb0=","chlorophyll/pheophytin","1",300,25,100,1,7,416.0920,,,0.2590,0.1600,"pheophytin",8.76,"microgramsPerLiter","GLEC_algalChlorophyll_V1","APHA 10200H",,"Samples received were not in order as shown on manifest. Corrected by TW 3/2/33",
"dfa352e7-bb3a-44b3-bac1-a2274e759b6f","D03","BARC","BARC.AOS.riparian.point.07","2021-02-24","BARC.20210224.EPIPHYTON.7.CHL/PHEO.1","A00000132635","condition ok","Great Lakes Environmental Center, Inc.","2021-03-05","4CajRO/thb0=","chlorophyll/pheophytin","1",10,25,100,1,7,416.0920,,,0.6510,0.2040,"chlorophyll a",154.42,"microgramsPerLiter","GLEC_algalChlorophyll_V1","APHA 10200H",,"Samples received were not in order as shown on manifest. Corrected by TW 3/2/35",
"cdb57723-a6b9-4b45-9728-2b13f100682d","D03","BARC","BARC.AOS.riparian.point.01","2021-02-24","BARC.20210224.EPIPHYTON.1.CHL/PHEO.1","A00000132288","condition ok","Great Lakes Environmental Center, Inc.","2021-03-05","4CajRO/thb0=","chlorophyll/pheophytin","1",3,25,100,1,7,416.0920,,,1.3410,0.4850,"pheophytin",2016.20,"microgramsPerLiter","GLEC_algalChlorophyll_V1","APHA 10200H",,"Samples received were not in order as shown on manifest. Corrected by TW 3/2/38",
