uid,domainID,siteID,namedLocation,collectDate,parentSampleID,sampleID,sampleCode,filterNumber,analysisType,fieldSampleVolume,domainFilterVolume,storageDays,remarks,measuredBy,recordedBy,sampleCondition,dataQF
"177e12fd-a595-4794-814b-d658be24ad77","D03","BARC","BARC.AOS.buoy.c0","2021-02-24T13:23Z","BARC.20210224.PHYTOPLANKTON.2","BARC.20210224.PHYTOPLANKTON.2.CNSB.1","A00000132267",1,"CNSb",5000.0,300.0,0.2,,"0000-0002-7940-8177","0000-0003-1571-3196","OK",
"afc84b4c-ac94-4b1f-a005-21642d2b4a62","D03","BARC","BARC.AOS.buoy.c0","2021-02-24T13:23Z","BARC.20210224.PHYTOPLANKTON.2","BARC.20210224.PHYTOPLANKTON.2.CHL/PHEO.1","A00000132269",1,"chlorophyll/pheophytin",5000.0,300.0,0.2,,"0000-0002-7940-8177","0000-0003-1571-3196","OK",
"dab7df51-b680-4661-bff5-be0243bf115f","D03","BARC","BARC.AOS.buoy.c0","2021-02-24T13:23Z","BARC.20210224.PHYTOPLANKTON.2","BARC.20210224.PHYTOPLANKTON.2.CNSA.1","A00000132266",1,"CNSa",5000.0,300.0,0.2,,"0000-0002-7940-8177","0000-0003-1571-3196","OK",
"dbce4602-21bc-402e-871e-947be025de87","D03","BARC","BARC.AOS.buoy.c0","2021-02-24T13:23Z","BARC.20210224.PHYTOPLANKTON.2","BARC.20210224.PHYTOPLANKTON.2.P.1","A00000132268",1,"P",5000.0,300.0,0.2,,"0000-0002-7940-8177","0000-0003-1571-3196","OK",
"ae89626d-6f53-4589-97ad-662850f72945","D03","BARC","BARC.AOS.riparian.point.09","2021-02-24T13:23Z","BARC.20210224.EPIPHYTON.9","BARC.20210224.EPIPHYTON.9.CHL/PHEO.1","A00000132639",1,"chlorophyll/pheophytin",125.0,5.0,0.2,,"0000-0002-7940-8177","0000-0003-1571-3196","OK",
"f86bac07-6b4d-44ae-a628-39df38bab9c2","D03","BARC","BARC.AOS.riparian.point.05","2021-02-24T13:23Z","BARC.20210224.EPIPHYTON.5","BARC.20210224.EPIPHYTON.5.CNSB.1","A00000132283",1,"CNSb",125.0,4.0,0.3,,"0000-0002-7940-8177","0000-0003-1571-3196","OK",
"3e268468-eadd-4f05-b717-0fa16b69367d","D03","BARC","BARC.AOS.riparian.point.01","2021-02-24T13:23Z","BARC.20210224.EPIPHYTON.1","BARC.20210224.EPIPHYTON.1.CNSA.1","A00000132290",1,"CNSa",175.0,3.0,0.2,,"0000-0002-7940-8177","0000-0003-1571-3196","OK",
"52affe11-ae0e-4d5e-9d73-c40bd8dd43eb","D03","BARC","BARC.AOS.riparian.point.05","2021-02-24T13:23Z","BARC.20210224.EPIPHYTON.5","BARC.20210224.EPIPHYTON.5.CHL/PHEO.1","A00000132285",1,"chlorophyll/pheophytin",125.0,4.0,0.3,,"0000-0002-7940-8177","0000-0003-1571-3196","OK",
"71ebd4cd-b9c9-46ab-847f-88fad525b174","D03","BARC","BARC.AOS.riparian.point.05","2021-02-24T13:23Z","BARC.20210224.EPIPHYTON.5","BARC.20210224.EPIPHYTON.5.CNSA.1","A00000132282",1,"CNSa",125.0,4.0,0.3,,"0000-0002-7940-8177","0000-0003-1571-3196","OK",
"1b3627ac-5313-430a-8865-1b4ac58ce7c2","D03","BARC","BARC.AOS.littoral1","2021-02-24T13:23Z","BARC.20210224.PHYTOPLANKTON.3","BARC.20210224.PHYTOPLANKTON.3.P.1","A00000132273",1,"P",5000.0,300.0,0.2,,"0000-0002-7940-8177","0000-0003-1571-3196","OK",
"5d5ab70b-481c-4a69-90bc-2b2a131fc9f9","D03","BARC","BARC.AOS.littoral1","2021-02-24T13:23Z","BARC.20210224.PHYTOPLANKTON.3","BARC.20210224.PHYTOPLANKTON.3.CHL/PHEO.1","A00000132274",1,"chlorophyll/pheophytin",5000.0,300.0,0.2,,"0000-0002-7940-8177","0000-0003-1571-3196","OK",
"73dd1cae-5c66-4f12-b8e2-ba1e225cabd4","D03","BARC","BARC.AOS.riparian.point.09","2021-02-24T13:23Z","BARC.20210224.EPIPHYTON.9","BARC.20210224.EPIPHYTON.9.CNSA.1","A00000132636",1,"CNSa",125.0,5.0,0.2,,"0000-0002-7940-8177","0000-0003-1571-3196","OK",
"c28def13-1be6-4674-a940-11a0b67552f6","D03","BARC","BARC.AOS.riparian.point.07","2021-02-24T13:23Z","BARC.20210224.EPIPHYTON.7","BARC.20210224.EPIPHYTON.7.P.1","A00000132634",1,"P",250.0,10.0,0.2,,"0000-0002-7940-8177","0000-0003-1571-3196","OK",
"82944cfa-1d4c-4a73-a7aa-12c78b783625","D03","BARC","BARC.AOS.riparian.point.05","2021-02-24T13:23Z","BARC.20210224.EPIPHYTON.5","BARC.20210224.EPIPHYTON.5.P.1","A00000132284",1,"P",125.0,4.0,0.3,,"0000-0002-7940-8177","0000-0003-1571-3196","OK",
"ca8c43ac-bbb2-4289-a916-af1334a76363","D03","BARC","BARC.AOS.riparian.point.03","2021-02-24T13:23Z","BARC.20210224.EPIPHYTON.3","BARC.20210224.EPIPHYTON.3.P.1","A00000132278",1,"P",125.0,5.0,0.3,,"0000-0002-7940-8177","0000-0003-1571-3196","OK",
"e46b9377-dedd-4ace-a1be-a7f68444897a","D03","BARC","BARC.AOS.littoral1","2021-02-24T13:23Z","BARC.20210224.PHYTOPLANKTON.3","BARC.20210224.PHYTOPLANKTON.3.CNSB.1","A00000132272",1,"CNSb",5000.0,300.0,0.2,,"0000-0002-7940-8177","0000-0003-1571-3196","OK",
"cac8806d-4373-4ea8-aa21-534c1a2c1387","D03","BARC","BARC.AOS.riparian.point.01","2021-02-24T13:23Z","BARC.20210224.EPIPHYTON.1","BARC.20210224.EPIPHYTON.1.CNSB.1","A00000132289",1,"CNSb",175.0,3.0,0.2,,"0000-0002-7940-8177","0000-0003-1571-3196","OK",
"4ea39923-e5ed-4e5d-a819-b8c1879843c2","D03","BARC","BARC.AOS.littoral2","2021-02-24T13:23Z","BARC.20210224.PHYTOPLANKTON.1","BARC.20210224.PHYTOPLANKTON.1.CHL/PHEO.1","A00000132257",1,"chlorophyll/pheophytin",5000.0,300.0,0.1,,"0000-0002-7940-8177","0000-0003-1571-3196","OK",
"0cd3d992-43fd-48c9-a45e-59b168f4208e","D03","BARC","BARC.AOS.riparian.point.07","2021-02-24T13:23Z","BARC.20210224.EPIPHYTON.7","BARC.20210224.EPIPHYTON.7.CNSB.1","A00000132633",1,"CNSb",250.0,10.0,0.2,,"0000-0002-7940-8177","0000-0003-1571-3196","OK",
"b6a12e12-0107-424f-adee-5321fdd2bd39","D03","BARC","BARC.AOS.riparian.point.09","2021-02-24T13:23Z","BARC.20210224.EPIPHYTON.9","BARC.20210224.EPIPHYTON.9.P.1","A00000132638",1,"P",125.0,5.0,0.2,,"0000-0002-7940-8177","0000-0003-1571-3196","OK",
"f7a95af5-c12b-40ee-a379-66dd52569bc8","D03","BARC","BARC.AOS.riparian.point.03","2021-02-24T13:23Z","BARC.20210224.EPIPHYTON.3","BARC.20210224.EPIPHYTON.3.CNSA.1","A00000132276",1,"CNSa",125.0,5.0,0.3,,"0000-0002-7940-8177","0000-0003-1571-3196","OK",
"8e6b34cb-b0ba-4438-a793-c0c195eca1ee","D03","BARC","BARC.AOS.littoral2","2021-02-24T13:23Z","BARC.20210224.PHYTOPLANKTON.1","BARC.20210224.PHYTOPLANKTON.1.CNSA.1","A00000132258",1,"CNSa",5000.0,300.0,0.1,,"0000-0002-7940-8177","0000-0003-1571-3196","OK",
"b0491989-65b7-4eda-98ab-da41eb9f0b68","D03","BARC","BARC.AOS.riparian.point.01","2021-02-24T13:23Z","BARC.20210224.EPIPHYTON.1","BARC.20210224.EPIPHYTON.1.P.1","A00000132287",1,"P",175.0,3.0,0.2,,"0000-0002-7940-8177","0000-0003-1571-3196","OK",
"a94e5734-a072-4a26-8e31-401cd0813e48","D03","BARC","BARC.AOS.riparian.point.03","2021-02-24T13:23Z","BARC.20210224.EPIPHYTON.3","BARC.20210224.EPIPHYTON.3.CHL/PHEO.1","A00000132279",1,"chlorophyll/pheophytin",125.0,4.0,0.3,,"0000-0002-7940-8177","0000-0003-1571-3196","OK",
"deaea016-5d61-464c-9bcd-b39a8392ad8b","D03","BARC","BARC.AOS.riparian.point.09","2021-02-24T13:23Z","BARC.20210224.EPIPHYTON.9","BARC.20210224.EPIPHYTON.9.CNSB.1","A00000132637",1,"CNSb",125.0,5.0,0.2,,"0000-0002-7940-8177","0000-0003-1571-3196","OK",
"fd9be6e9-e5b3-47dd-adba-01420e291c52","D03","BARC","BARC.AOS.littoral2","2021-02-24T13:23Z","BARC.20210224.PHYTOPLANKTON.1","BARC.20210224.PHYTOPLANKTON.1.P.1","A00000132260",1,"P",5000.0,300.0,0.1,,"0000-0002-7940-8177","0000-0003-1571-3196","OK",
"e35124a6-926f-491d-ae28-ccc61243212e","D03","BARC","BARC.AOS.riparian.point.03","2021-02-24T13:23Z","BARC.20210224.EPIPHYTON.3","BARC.20210224.EPIPHYTON.3.CNSB.1","A00000132277",1,"CNSb",125.0,5.0,0.3,,"0000-0002-7940-8177","0000-0003-1571-3196","OK",
"ebcf265f-3048-40ba-883a-71b03fd41c09","D03","BARC","BARC.AOS.riparian.point.07","2021-02-24T13:23Z","BARC.20210224.EPIPHYTON.7","BARC.20210224.EPIPHYTON.7.CHL/PHEO.1","A00000132635",1,"chlorophyll/pheophytin",250.0,10.0,0.2,,"0000-0002-7940-8177","0000-0003-1571-3196","OK",
"2254ffcd-462a-4a36-9e27-53c25454fe20","D03","BARC","BARC.AOS.riparian.point.07","2021-02-24T13:23Z","BARC.20210224.EPIPHYTON.7","BARC.20210224.EPIPHYTON.7.CNSA.1","A00000132286",1,"CNSa",250.0,10.0,0.2,,"0000-0002-7940-8177","0000-0003-1571-3196","OK",
"5aacd85d-d7c7-4aa0-abb3-5c22c087b2da","D03","BARC","BARC.AOS.littoral2","2021-02-24T13:23Z","BARC.20210224.PHYTOPLANKTON.1","BARC.20210224.PHYTOPLANKTON.1.CNSB.1","A00000132259",1,"CNSb",5000.0,300.0,0.1,,"0000-0002-7940-8177","0000-0003-1571-3196","OK",
"c2ef3320-b64b-403c-ab4f-3429881c7787","D03","BARC","BARC.AOS.littoral2","2021-02-24T13:23Z","BARC.20210224.PHYTOPLANKTON.1","BARC.20210224.PHYTOPLANKTON.1.REP2.CNSA.2","A00000132261",2,"CNSa",5000.0,300.0,0.1,,"0000-0002-7940-8177","0000-0003-1571-3196","OK",
"85a137b5-15d0-4fe8-8972-111d9881aaf9","D03","BARC","BARC.AOS.littoral2","2021-02-24T13:23Z","BARC.20210224.PHYTOPLANKTON.1","BARC.20210224.PHYTOPLANKTON.1.REP2.P.2","A00000132263",2,"P",5000.0,300.0,0.1,,"0000-0002-7940-8177","0000-0003-1571-3196","OK",
"e622786d-c2a6-4061-909f-a51bcae99ef3","D03","BARC","BARC.AOS.riparian.point.01","2021-02-24T13:23Z","BARC.20210224.EPIPHYTON.1","BARC.20210224.EPIPHYTON.1.CHL/PHEO.1","A00000132288",1,"chlorophyll/pheophytin",175.0,3.0,0.2,,"0000-0002-7940-8177","0000-0003-1571-3196","OK",
"15df6261-9882-4068-9934-4bdc0eeb003b","D03","BARC","BARC.AOS.littoral2","2021-02-24T13:23Z","BARC.20210224.PHYTOPLANKTON.1","BARC.20210224.PHYTOPLANKTON.1.REP2.CHL/PHEO.2","A00000132264",2,"chlorophyll/pheophytin",5000.0,300.0,0.1,,"0000-0002-7940-8177","0000-0003-1571-3196","OK",
"65e41053-dd9f-429a-969a-38385053c126","D03","BARC","BARC.AOS.littoral1","2021-02-24T13:23Z","BARC.20210224.PHYTOPLANKTON.3","BARC.20210224.PHYTOPLANKTON.3.CNSA.1","A00000132271",1,"CNSa",5000.0,3000.0,0.2,,"0000-0002-7940-8177","0000-0003-1571-3196","OK",
"528ad535-77c0-44af-a224-1de7239affe9","D03","BARC","BARC.AOS.littoral2","2021-02-24T13:23Z","BARC.20210224.PHYTOPLANKTON.1","BARC.20210224.PHYTOPLANKTON.1.REP2.CNSB.2","A00000132262",2,"CNSb",5000.0,300.0,0.1,,"0000-0002-7940-8177","0000-0003-1571-3196","OK",
