uid,domainID,siteID,namedLocation,aquaticSiteType,decimalLatitude,decimalLongitude,coordinateUncertainty,elevation,elevationUncertainty,geodeticDatum,collectDate,eventID,parentSampleID,parentSampleCode,samplingImpractical,biophysicalCriteria,affectedByWind,habitatType,algalSampleType,benthicArea,samplingProtocolVersion,phytoDepth1,phytoDepth2,phytoDepth3,substratumSizeClass,remarks,recordedBy,collectedBy,dataQF
"6eedf41d-7eef-4f9f-901a-7ceeded4f6bc","D03","BARC","BARC.AOS.riparian.point.05","lake",29.674476,-82.007454,5.0,25.9,5.0,"WGS84","2021-02-24T13:23Z","BARC.20210224","BARC.20210224.EPIPHYTON.5",,,"OK - no known exceptions",,"pelagic","epiphyton",0.010000,"NEON.DOC.003045vE",,,,,,"0000-0003-1571-3196","0000-0002-7940-8177",
"992b04f4-c952-4376-9fcc-b882367024a6","D03","BARC","BARC.AOS.riparian.point.03","lake",29.676118,-82.006564,5.0,22.2,5.0,"WGS84","2021-02-24T13:23Z","BARC.20210224","BARC.20210224.EPIPHYTON.3",,,"OK - no known exceptions",,"pelagic","epiphyton",0.010000,"NEON.DOC.003045vE",,,,,,"0000-0003-1571-3196","0000-0002-7940-8177",
"d9c3a89d-ea05-4837-acb9-77675f7ab406","D03","BARC","BARC.AOS.littoral1","lake",29.677479,-82.007710,1.1,26.0,1.0,"WGS84","2021-02-24T13:23Z","BARC.20210224","BARC.20210224.PHYTOPLANKTON.3",,,"OK - no known exceptions","N","pelagic","phytoplankton",,"NEON.DOC.003045vE",0.5,0.5,,,,"0000-0003-1571-3196","0000-0002-7940-8177",
"01819a4f-111a-45d6-971c-c24297a0b934","D03","BARC","BARC.AOS.riparian.point.01","lake",29.677784,-82.007670,5.0,24.7,5.0,"WGS84","2021-02-24T13:23Z","BARC.20210224","BARC.20210224.EPIPHYTON.1",,,"OK - no known exceptions",,"pelagic","epiphyton",0.010000,"NEON.DOC.003045vE",,,,,,"0000-0003-1571-3196","0000-0002-7940-8177",
"0b57177c-8921-4a77-a663-f9e1868cf36c","D03","BARC","BARC.AOS.riparian.point.09","lake",29.676597,-82.009967,5.0,19.5,5.0,"WGS84","2021-02-24T13:23Z","BARC.20210224","BARC.20210224.EPIPHYTON.9",,,"OK - no known exceptions",,"pelagic","epiphyton",0.010000,"NEON.DOC.003045vE",,,,,,"0000-0003-1571-3196","0000-0002-7940-8177",
"e0c63762-8a42-43f4-baf2-95d3ee7c7408","D03","BARC","BARC.AOS.buoy.c0","lake",29.675982,-82.008414,10.0,27.0,10.0,"WGS84","2021-02-24T13:23Z","BARC.20210224","BARC.20210224.PHYTOPLANKTON.2",,,"OK - no known exceptions","N","pelagic","phytoplankton",,"NEON.DOC.003045vE",0.5,3.0,4.5,,,"0000-0003-1571-3196","0000-0002-7940-8177",
"f86f8320-fba1-49aa-8dc0-69b224fa706b","D03","BARC","BARC.AOS.littoral2","lake",29.674748,-82.008401,1.1,27.1,1.0,"WGS84","2021-02-24T13:23Z","BARC.20210224","BARC.20210224.PHYTOPLANKTON.1",,,"OK - no known exceptions","N","pelagic","phytoplankton",,"NEON.DOC.003045vE",0.5,0.5,,,,"0000-0003-1571-3196","0000-0002-7940-8177",
"f8a0023b-e39b-4529-a3a0-296ef7f70437","D03","BARC","BARC.AOS.riparian.point.07","lake",29.674953,-82.009818,5.0,26.4,5.0,"WGS84","2021-02-24T13:23Z","BARC.20210224","BARC.20210224.EPIPHYTON.7",,,"OK - no known exceptions",,"pelagic","epiphyton",0.010000,"NEON.DOC.003045vE",,,,,,"0000-0003-1571-3196","0000-0002-7940-8177",
