uid,domainID,siteID,namedLocation,date,eventID,sampleDepth,waterTemp,specificConductance,dissolvedOxygen,dissolvedOxygenSaturation,dataQF
"60cf4fe1-5ecd-4387-9493-45c04b4e0c9b","D03","BARC","BARC.AOS.buoy.c0","2014-02-11T17:00Z","BARC.c0.20140211",1.5,15.2,67.1,,96.4,
"91c2be79-7699-4a03-8e3d-3641db63dace","D03","BARC","BARC.AOS.buoy.c0","2014-02-11T17:00Z","BARC.c0.20140211",2.5,15.2,66.1,,97.2,
"a8aef39d-9ecc-45e1-a7bc-7148943a54a1","D03","BARC","BARC.AOS.buoy.c0","2014-02-11T17:00Z","BARC.c0.20140211",4.5,15.2,66.3,,97.3,
"51cebaaf-2a67-4bd3-a6ae-beb4a57f027a","D03","BARC","BARC.AOS.buoy.c0","2014-02-11T17:00Z","BARC.c0.20140211",3.5,15.2,66.6,,95.8,
"6da84d09-c1d0-4007-95ac-0dc1bf598e6e","D03","BARC","BARC.AOS.buoy.c0","2014-02-11T17:00Z","BARC.c0.20140211",0.5,15.3,66.3,,98.6,
"c8c0068b-f745-4bfd-a5f6-9b757217635b","D03","BARC","BARC.AOS.buoy.c0","2014-02-11T17:00Z","BARC.c0.20140211",1.0,15.2,67.0,,96.8,
"ab423d44-8950-4483-a11a-8b950be3b46f","D03","BARC","BARC.AOS.buoy.c0","2014-02-11T17:00Z","BARC.c0.20140211",2.0,15.2,67.8,,90.1,
"653a6158-bc98-4aa0-8aea-ea357b61c7c0","D03","BARC","BARC.AOS.buoy.c0","2014-02-11T17:00Z","BARC.c0.20140211",3.0,15.2,66.5,,97.2,
"bbd67b8c-1d8a-404c-96bb-a1437a4d2956","D03","BARC","BARC.AOS.buoy.c0","2014-02-11T17:00Z","BARC.c0.20140211",4.0,15.2,66.4,,98.2,
