uid,domainID,siteID,namedLocation,collectDate,sampleID,sampleCode,sampleCondition,laboratoryName,analysisDate,analyzedBy,sampleType,replicate,sampleVolumeFiltered,filterSize,percentFilterAnalyzed,dilutionFactor,solventVolume,responseFactor,acidificationResponseFactor,fluorometerSensitivitySetting,preAcidificationFluorescence,postAcidificationFluorescence,analyte,analyteConcentration,plantAlgaeLabUnits,testMethod,method,acidTreatment,externalRemarks,externalLabDataQF
"8e09639d-796a-4410-bcf9-0eccbf8f7d86","D05","CRAM","CRAM.AOS.riparian.point.07","2016-09-19","CRAM.20160919.EPIXYLON.7",,"condition ok","Academy of Natural Sciences of Drexel University","2016-12-06","Txt9C5i/u7k=","chlorophyll/pheophytin","1",,25,100,,,,,,,,"chlorophyll a",,"microgramsPerLiter","ANSP P-16-92 Rev2",,,,"legacyData|Did not meet quality audit requirements for analysis audit"
"f8b2275d-ed8b-48e2-8ab7-f95160b643bd","D05","CRAM","CRAM.AOS.riparian.point.01","2016-09-19","CRAM.20160919.EPIXYLON.1",,"condition ok","Academy of Natural Sciences of Drexel University","2016-12-06","Txt9C5i/u7k=","chlorophyll/pheophytin","2",,25,100,,,,,,,,"chlorophyll a",,"microgramsPerLiter","ANSP P-16-92 Rev2",,,,"legacyData|Did not meet quality audit requirements for analysis audit"
"c36dbc1a-6439-431c-acf8-c50ac3673650","D05","CRAM","CRAM.AOS.littoral1","2016-09-19","CRAM.20160919.PHYTOPLANKTON.2",,"condition ok","Academy of Natural Sciences of Drexel University","2017-06-13","OKgcKejxXbI=","13C15N","2",,25,100,,,,,,,,"d15N",2.72,"perMill","ANSP P-16-202 Rev0",,,,"legacyData|Did not meet quality audit requirements for analysis audit"
"b01e8f00-b6b7-4952-bd14-29d8ca70a851","D05","CRAM","CRAM.AOS.riparian.point.09","2016-09-19","CRAM.20160919.EPIXYLON.9",,"condition ok","Academy of Natural Sciences of Drexel University","2017-06-13","OKgcKejxXbI=","13C15N","2",,25,100,,,,,,,,"d13C",-26.51,"perMill","ANSP P-16-202 Rev0",,"N",,"legacyData|Did not meet quality audit requirements for analysis audit|acidTreatmentSOPNotFollowed"
"6ad082e6-f5c7-4ecf-8a7f-d48263af8ef1","D05","CRAM","CRAM.AOS.riparian.point.05","2016-09-19","CRAM.20160919.EPIXYLON.5",,"condition ok","Academy of Natural Sciences of Drexel University","2017-06-13","OKgcKejxXbI=","13C15N","2",,25,100,,,,,,,,"d13C",-25.97,"perMill","ANSP P-16-202 Rev0",,"N",,"legacyData|Did not meet quality audit requirements for analysis audit|acidTreatmentSOPNotFollowed"
"076ab123-4381-4ddf-a3aa-01675300b11f","D05","CRAM","CRAM.AOS.buoy.c0","2016-09-19","CRAM.20160919.PHYTOPLANKTON.3",,"condition ok","Academy of Natural Sciences of Drexel University","2017-06-13","OKgcKejxXbI=","13C15N","2",,25,100,,,,,,,,"d13C",-32.90,"perMill","ANSP P-16-202 Rev0",,"N",,"legacyData|Did not meet quality audit requirements for analysis audit|acidTreatmentSOPNotFollowed"
"d42a8fb2-013e-4879-8af3-8cbb3c346f81","D05","CRAM","CRAM.AOS.riparian.point.05","2016-09-19","CRAM.20160919.EPIXYLON.5",,"condition ok","Academy of Natural Sciences of Drexel University","2016-11-11","OKgcKejxXbI=","CN","1",,25,100,,,,,,,,"nitrogen",8924.50,"microgramsPerLiter","ANSP P-16-54 Rev2",,,,"legacyData|Did not meet quality audit requirements for analysis audit"
"52a99d1b-4d76-41a2-8f9f-949aa19a7a73","D05","CRAM","CRAM.AOS.littoral2","2016-09-19","CRAM.20160919.PHYTOPLANKTON.1",,"condition ok","Academy of Natural Sciences of Drexel University","2016-11-11","OKgcKejxXbI=","CN","2",,25,100,,,,,,,,"nitrogen",47.16,"microgramsPerLiter","ANSP P-16-54 Rev2",,,,"legacyData|Did not meet quality audit requirements for analysis audit"
"b3887da2-0188-461e-927f-d03fd6d9467f","D05","CRAM","CRAM.AOS.littoral1","2016-09-19","CRAM.20160919.PHYTOPLANKTON.2",,"condition ok","Academy of Natural Sciences of Drexel University","2016-11-11","OKgcKejxXbI=","CN","1",,25,100,,,,,,,,"carbon",241.69,"microgramsPerLiter","ANSP P-16-54 Rev2",,"N",,"legacyData|Did not meet quality audit requirements for analysis audit|acidTreatmentSOPNotFollowed"
"e5fe2cbe-449b-42f9-832c-627c9887fa67","D05","CRAM","CRAM.AOS.riparian.point.09","2016-09-19","CRAM.20160919.EPIXYLON.9",,"condition ok","Academy of Natural Sciences of Drexel University","2017-06-13","OKgcKejxXbI=","13C15N","2",,25,100,,,,,,,,"d15N",3.39,"perMill","ANSP P-16-202 Rev0",,,,"legacyData|Did not meet quality audit requirements for analysis audit"
"fd8e4dce-c6fe-47e2-9de9-4bbf514e7e37","D05","CRAM","CRAM.AOS.littoral2","2016-09-19","CRAM.20160919.PHYTOPLANKTON.1",,"condition ok","Academy of Natural Sciences of Drexel University","2016-11-11","OKgcKejxXbI=","CN","2",,25,100,,,,,,,,"carbon",308.98,"microgramsPerLiter","ANSP P-16-54 Rev2",,"N",,"legacyData|Did not meet quality audit requirements for analysis audit|acidTreatmentSOPNotFollowed"
"76f04144-ce69-4267-b29e-f07a7e12c7da","D05","CRAM","CRAM.AOS.littoral2","2016-09-19","CRAM.20160919.PHYTOPLANKTON.1",,"condition ok","Academy of Natural Sciences of Drexel University","2016-12-06","Txt9C5i/u7k=","chlorophyll/pheophytin","2",,25,100,,,,,,,,"pheophytin",,"microgramsPerLiter","ANSP P-16-92 Rev2",,,,"legacyData|Did not meet quality audit requirements for analysis audit"
"8bac028d-318c-482d-9233-5dd0be1bda75","D05","CRAM","CRAM.AOS.riparian.point.01","2016-09-19","CRAM.20160919.EPIXYLON.1",,"condition ok","Academy of Natural Sciences of Drexel University","2016-11-11","OKgcKejxXbI=","CN","2",,25,100,,,,,,,,"nitrogen",9145.48,"microgramsPerLiter","ANSP P-16-54 Rev2",,,,"legacyData|Did not meet quality audit requirements for analysis audit"
"849c3306-b0c7-4724-b51e-0b6dfc7836a4","D05","CRAM","CRAM.AOS.riparian.point.07","2016-09-19","CRAM.20160919.EPIXYLON.7",,"condition ok","Academy of Natural Sciences of Drexel University","2016-11-11","OKgcKejxXbI=","CN","2",,25,100,,,,,,,,"carbon",173692.05,"microgramsPerLiter","ANSP P-16-54 Rev2",,"N",,"legacyData|Did not meet quality audit requirements for analysis audit|acidTreatmentSOPNotFollowed"
"d07cea09-090a-4f42-a9a6-1a48ca7589fd","D05","CRAM","CRAM.AOS.littoral2","2016-09-19","CRAM.20160919.PHYTOPLANKTON.1",,"condition ok","Academy of Natural Sciences of Drexel University","2017-06-13","OKgcKejxXbI=","13C15N","2",,25,100,,,,,,,,"d15N",2.14,"perMill","ANSP P-16-202 Rev0",,,,"legacyData|Did not meet quality audit requirements for analysis audit"
"b31a7921-5cd1-4b55-ac5d-bca9d713a92f","D05","CRAM","CRAM.AOS.riparian.point.09","2016-09-19","CRAM.20160919.EPIXYLON.9",,"condition ok","Academy of Natural Sciences of Drexel University","2016-12-06","Txt9C5i/u7k=","chlorophyll/pheophytin","2",,25,100,,,,,,,,"pheophytin",,"microgramsPerLiter","ANSP P-16-92 Rev2",,,,"legacyData|Did not meet quality audit requirements for analysis audit"
"71c48f13-6304-4699-a641-484cbc57aa47","D05","CRAM","CRAM.AOS.riparian.point.09","2016-09-19","CRAM.20160919.EPIXYLON.9",,"condition ok","Academy of Natural Sciences of Drexel University","2016-12-06","Txt9C5i/u7k=","chlorophyll/pheophytin","1",,25,100,,,,,,,,"pheophytin",,"microgramsPerLiter","ANSP P-16-92 Rev2",,,,"legacyData|Did not meet quality audit requirements for analysis audit"
"bdd7cdba-65fc-47f0-b5dd-0dc0b42b25a3","D05","CRAM","CRAM.AOS.riparian.point.07","2016-09-19","CRAM.20160919.EPIXYLON.7",,"condition ok","Academy of Natural Sciences of Drexel University","2017-06-13","OKgcKejxXbI=","13C15N","2",,25,100,,,,,,,,"d15N",2.09,"perMill","ANSP P-16-202 Rev0",,,,"legacyData|Did not meet quality audit requirements for analysis audit"
"027e3bf0-0f61-4e40-967a-1e0963560720","D05","CRAM","CRAM.AOS.riparian.point.01","2016-09-19","CRAM.20160919.EPIXYLON.1",,"condition ok","Academy of Natural Sciences of Drexel University","2016-11-23","+IoRzddUq5A=","P","1",,25,100,,,,,,,,"phosphorus",746.43,"microgramsPerLiter","ANSP P-16-114 Rev2; ANSP P-16_95 Rev3",,,,"legacyData|Did not meet quality audit requirements for analysis audit"
"22beed3d-1f3f-4f9f-b171-b56bf0e5bbc7","D05","CRAM","CRAM.AOS.riparian.point.07","2016-09-19","CRAM.20160919.EPIXYLON.7",,"condition ok","Academy of Natural Sciences of Drexel University","2017-06-13","OKgcKejxXbI=","13C15N","2",,25,100,,,,,,,,"d13C",-26.73,"perMill","ANSP P-16-202 Rev0",,"N",,"legacyData|Did not meet quality audit requirements for analysis audit|acidTreatmentSOPNotFollowed"
"cc1bbee4-be8c-4df3-a9db-61e2400451aa","D05","CRAM","CRAM.AOS.riparian.point.07","2016-09-19","CRAM.20160919.EPIXYLON.7",,"condition ok","Academy of Natural Sciences of Drexel University","2017-06-13","OKgcKejxXbI=","13C15N","1",,25,100,,,,,,,,"d13C",-26.90,"perMill","ANSP P-16-202 Rev0",,"N",,"legacyData|Did not meet quality audit requirements for analysis audit|acidTreatmentSOPNotFollowed"
"950c4a3b-5951-4061-b876-08e107bd3ac5","D05","CRAM","CRAM.AOS.littoral1","2016-09-19","CRAM.20160919.PHYTOPLANKTON.2",,"condition ok","Academy of Natural Sciences of Drexel University","2017-06-13","OKgcKejxXbI=","13C15N","1",,25,100,,,,,,,,"d13C",-30.51,"perMill","ANSP P-16-202 Rev0",,"N",,"legacyData|Did not meet quality audit requirements for analysis audit|acidTreatmentSOPNotFollowed"
"f7cd91c8-655f-4bc4-8c3e-e5f064b3e0f1","D05","CRAM","CRAM.AOS.riparian.point.03","2016-09-19","CRAM.20160919.EPIXYLON.3",,"condition ok","Academy of Natural Sciences of Drexel University","2016-12-06","Txt9C5i/u7k=","chlorophyll/pheophytin","2",,25,100,,,,,,,,"pheophytin",,"microgramsPerLiter","ANSP P-16-92 Rev2",,,,"legacyData|Did not meet quality audit requirements for analysis audit"
"b2ba2cb3-4b55-4269-be1d-d2a3f4107051","D05","CRAM","CRAM.AOS.riparian.point.05","2016-09-19","CRAM.20160919.EPIXYLON.5",,"condition ok","Academy of Natural Sciences of Drexel University","2016-11-11","OKgcKejxXbI=","CN","1",,25,100,,,,,,,,"carbon",173496.26,"microgramsPerLiter","ANSP P-16-54 Rev2",,"N",,"legacyData|Did not meet quality audit requirements for analysis audit|acidTreatmentSOPNotFollowed"
"e6a8d58b-722e-4c60-9483-a991f60b15da","D05","CRAM","CRAM.AOS.riparian.point.05","2016-09-19","CRAM.20160919.EPIXYLON.5",,"condition ok","Academy of Natural Sciences of Drexel University","2017-06-13","OKgcKejxXbI=","13C15N","1",,25,100,,,,,,,,"d13C",-26.02,"perMill","ANSP P-16-202 Rev0",,"N",,"legacyData|Did not meet quality audit requirements for analysis audit|acidTreatmentSOPNotFollowed"
"1263a45d-8967-4db2-86cc-e21db643d765","D05","CRAM","CRAM.AOS.buoy.c0","2016-09-19","CRAM.20160919.PHYTOPLANKTON.3",,"condition ok","Academy of Natural Sciences of Drexel University","2016-11-11","OKgcKejxXbI=","CN","1",,25,100,,,,,,,,"nitrogen",48.83,"microgramsPerLiter","ANSP P-16-54 Rev2",,,,"legacyData|Did not meet quality audit requirements for analysis audit"
"7c94d52a-6fce-450a-965c-e39248db405d","D05","CRAM","CRAM.AOS.littoral1","2016-09-19","CRAM.20160919.PHYTOPLANKTON.2",,"condition ok","Academy of Natural Sciences of Drexel University","2016-11-11","OKgcKejxXbI=","CN","2",,25,100,,,,,,,,"carbon",298.57,"microgramsPerLiter","ANSP P-16-54 Rev2",,"N",,"legacyData|Did not meet quality audit requirements for analysis audit|acidTreatmentSOPNotFollowed"
"2dabd4cd-eab7-49a9-80a6-86cd4f4175b7","D05","CRAM","CRAM.AOS.riparian.point.05","2016-09-19","CRAM.20160919.EPIXYLON.5",,"condition ok","Academy of Natural Sciences of Drexel University","2016-12-06","Txt9C5i/u7k=","chlorophyll/pheophytin","2",,25,100,,,,,,,,"pheophytin",,"microgramsPerLiter","ANSP P-16-92 Rev2",,,,"legacyData|Did not meet quality audit requirements for analysis audit"
"a6ef3716-ef1c-4d0d-ab36-074e5e525724","D05","CRAM","CRAM.AOS.riparian.point.07","2016-09-19","CRAM.20160919.EPIXYLON.7",,"condition ok","Academy of Natural Sciences of Drexel University","2016-11-11","OKgcKejxXbI=","CN","1",,25,100,,,,,,,,"carbon",185286.10,"microgramsPerLiter","ANSP P-16-54 Rev2",,"N",,"legacyData|Did not meet quality audit requirements for analysis audit|acidTreatmentSOPNotFollowed"
"a2799f76-9b6a-4bfa-8d3c-7b2e5107212d","D05","CRAM","CRAM.AOS.buoy.c0","2016-09-19","CRAM.20160919.PHYTOPLANKTON.3",,"condition ok","Academy of Natural Sciences of Drexel University","2016-11-11","OKgcKejxXbI=","CN","2",,25,100,,,,,,,,"nitrogen",50.15,"microgramsPerLiter","ANSP P-16-54 Rev2",,,,"legacyData|Did not meet quality audit requirements for analysis audit"
"f0da0b23-7d32-419a-8b95-ab76abd86eb3","D05","CRAM","CRAM.AOS.buoy.c0","2016-09-19","CRAM.20160919.PHYTOPLANKTON.3",,"condition ok","Academy of Natural Sciences of Drexel University","2016-12-06","Txt9C5i/u7k=","chlorophyll/pheophytin","2",,25,100,,,,,,,,"pheophytin",,"microgramsPerLiter","ANSP P-16-92 Rev2",,,,"legacyData|Did not meet quality audit requirements for analysis audit"
"e3e0ded0-f143-4346-a459-05aa33803313","D05","CRAM","CRAM.AOS.riparian.point.09","2016-09-19","CRAM.20160919.EPIXYLON.9",,"condition ok","Academy of Natural Sciences of Drexel University","2016-11-11","OKgcKejxXbI=","CN","2",,25,100,,,,,,,,"nitrogen",10706.42,"microgramsPerLiter","ANSP P-16-54 Rev2",,,,"legacyData|Did not meet quality audit requirements for analysis audit"
"d8f6882f-9b20-429f-bee5-200c9d2532f7","D05","CRAM","CRAM.AOS.riparian.point.05","2016-09-19","CRAM.20160919.EPIXYLON.5",,"condition ok","Academy of Natural Sciences of Drexel University","2016-11-11","OKgcKejxXbI=","CN","2",,25,100,,,,,,,,"carbon",186762.15,"microgramsPerLiter","ANSP P-16-54 Rev2",,"N",,"legacyData|Did not meet quality audit requirements for analysis audit|acidTreatmentSOPNotFollowed"
"96d70663-36f8-4394-87c1-a1e80894d22c","D05","CRAM","CRAM.AOS.littoral1","2016-09-19","CRAM.20160919.PHYTOPLANKTON.2",,"condition ok","Academy of Natural Sciences of Drexel University","2017-06-13","OKgcKejxXbI=","13C15N","1",,25,100,,,,,,,,"d34S",-0.20,"perMill","SO2 EA-combustion-IRMS method",,,,"legacyData|Did not meet quality audit requirements for analysis audit"
"93a0a507-4c03-4d63-8754-cab6de75475d","D05","CRAM","CRAM.AOS.littoral2","2016-09-19","CRAM.20160919.PHYTOPLANKTON.1",,"condition ok","Academy of Natural Sciences of Drexel University","2017-06-13","OKgcKejxXbI=","13C15N","2",,25,100,,,,,,,,"d13C",-30.90,"perMill","ANSP P-16-202 Rev0",,"N",,"legacyData|Did not meet quality audit requirements for analysis audit|acidTreatmentSOPNotFollowed"
"f9fe2a3c-9322-4fa3-b4b0-e38831b048d5","D05","CRAM","CRAM.AOS.riparian.point.05","2016-09-19","CRAM.20160919.EPIXYLON.5",,"condition ok","Academy of Natural Sciences of Drexel University","2016-11-23","+IoRzddUq5A=","P","1",,25,100,,,,,,,,"phosphorus",813.07,"microgramsPerLiter","ANSP P-16-114 Rev2; ANSP P-16_95 Rev3",,,,"legacyData|Did not meet quality audit requirements for analysis audit"
"1082f8c3-ef91-44ed-be88-3bee2b1e93ec","D05","CRAM","CRAM.AOS.riparian.point.03","2016-09-19","CRAM.20160919.EPIXYLON.3",,"condition ok","Academy of Natural Sciences of Drexel University","2017-06-13","OKgcKejxXbI=","13C15N","2",,25,100,,,,,,,,"d15N",3.06,"perMill","ANSP P-16-202 Rev0",,,,"legacyData|Did not meet quality audit requirements for analysis audit"
"e5584049-ffec-4e3b-968e-9151845a2f07","D05","CRAM","CRAM.AOS.riparian.point.01","2016-09-19","CRAM.20160919.EPIXYLON.1",,"condition ok","Academy of Natural Sciences of Drexel University","2016-11-11","OKgcKejxXbI=","CN","1",,25,100,,,,,,,,"carbon",231884.74,"microgramsPerLiter","ANSP P-16-54 Rev2",,"N",,"legacyData|Did not meet quality audit requirements for analysis audit|acidTreatmentSOPNotFollowed"
"228b2c2a-a6bb-4b6b-8874-c9603183d306","D05","CRAM","CRAM.AOS.riparian.point.05","2016-09-19","CRAM.20160919.EPIXYLON.5",,"condition ok","Academy of Natural Sciences of Drexel University","2017-06-13","OKgcKejxXbI=","13C15N","2",,25,100,,,,,,,,"d15N",3.08,"perMill","ANSP P-16-202 Rev0",,,,"legacyData|Did not meet quality audit requirements for analysis audit"
"7c9698c1-ef60-46de-a214-d3d2dd5242d2","D05","CRAM","CRAM.AOS.littoral1","2016-09-19","CRAM.20160919.PHYTOPLANKTON.2",,"condition ok","Academy of Natural Sciences of Drexel University","2016-12-06","Txt9C5i/u7k=","chlorophyll/pheophytin","1",,25,100,,,,,,,,"pheophytin",,"microgramsPerLiter","ANSP P-16-92 Rev2",,,,"legacyData|Did not meet quality audit requirements for analysis audit"
"96178ebb-9023-45bb-9061-d463dfa74f0a","D05","CRAM","CRAM.AOS.riparian.point.05","2016-09-19","CRAM.20160919.EPIXYLON.5",,"condition ok","Academy of Natural Sciences of Drexel University","2016-12-06","Txt9C5i/u7k=","chlorophyll/pheophytin","1",,25,100,,,,,,,,"pheophytin",,"microgramsPerLiter","ANSP P-16-92 Rev2",,,,"legacyData|Did not meet quality audit requirements for analysis audit"
"c510ccce-b54f-4cf3-9b58-1f900c3f255b","D05","CRAM","CRAM.AOS.buoy.c0","2016-09-19","CRAM.20160919.PHYTOPLANKTON.3",,"condition ok","Academy of Natural Sciences of Drexel University","2017-06-13","OKgcKejxXbI=","13C15N","1",,25,100,,,,,,,,"d13C",-32.83,"perMill","ANSP P-16-202 Rev0",,"N",,"legacyData|Did not meet quality audit requirements for analysis audit|acidTreatmentSOPNotFollowed"
"d8a63a7f-51cc-4dbd-a546-582f4ab0b64d","D05","CRAM","CRAM.AOS.riparian.point.01","2016-09-19","CRAM.20160919.EPIXYLON.1",,"condition ok","Academy of Natural Sciences of Drexel University","2017-06-13","OKgcKejxXbI=","13C15N","1",,25,100,,,,,,,,"d15N",3.46,"perMill","ANSP P-16-202 Rev0",,,,"legacyData|Did not meet quality audit requirements for analysis audit"
"6199ca0f-25a0-4762-b279-8bc7dea1d820","D05","CRAM","CRAM.AOS.littoral2","2016-09-19","CRAM.20160919.PHYTOPLANKTON.1",,"condition ok","Academy of Natural Sciences of Drexel University","2016-12-06","Txt9C5i/u7k=","chlorophyll/pheophytin","1",,25,100,,,,,,,,"chlorophyll a",,"microgramsPerLiter","ANSP P-16-92 Rev2",,,,"legacyData|Did not meet quality audit requirements for analysis audit"
"fdbb207e-0613-444f-9423-54bb18e8da9b","D05","CRAM","CRAM.AOS.littoral2","2016-09-19","CRAM.20160919.PHYTOPLANKTON.1",,"condition ok","Academy of Natural Sciences of Drexel University","2016-11-23","+IoRzddUq5A=","P","1",,25,100,,,,,,,,"phosphorus",23.82,"microgramsPerLiter","ANSP P-16-114 Rev2; ANSP P-16_95 Rev3",,,,"legacyData|Did not meet quality audit requirements for analysis audit"
"0371be5c-36d5-42c7-8214-8584a5fb3abe","D05","CRAM","CRAM.AOS.riparian.point.03","2016-09-19","CRAM.20160919.EPIXYLON.3",,"condition ok","Academy of Natural Sciences of Drexel University","2016-11-11","OKgcKejxXbI=","CN","2",,25,100,,,,,,,,"carbon",267942.00,"microgramsPerLiter","ANSP P-16-54 Rev2",,"N",,"legacyData|Did not meet quality audit requirements for analysis audit|acidTreatmentSOPNotFollowed"
"e32d7f09-221f-4e6d-ac69-48ed629e1cd9","D05","CRAM","CRAM.AOS.riparian.point.09","2016-09-19","CRAM.20160919.EPIXYLON.9",,"condition ok","Academy of Natural Sciences of Drexel University","2016-11-23","+IoRzddUq5A=","P","1",,25,100,,,,,,,,"phosphorus",1223.40,"microgramsPerLiter","ANSP P-16-114 Rev2; ANSP P-16_95 Rev3",,,,"legacyData|Did not meet quality audit requirements for analysis audit"
"9527824e-b80d-4c42-bbe6-fe7abe00ee95","D05","CRAM","CRAM.AOS.riparian.point.03","2016-09-19","CRAM.20160919.EPIXYLON.3",,"condition ok","Academy of Natural Sciences of Drexel University","2016-11-23","+IoRzddUq5A=","P","1",,25,100,,,,,,,,"phosphorus",650.86,"microgramsPerLiter","ANSP P-16-114 Rev2; ANSP P-16_95 Rev3",,,,"legacyData|Did not meet quality audit requirements for analysis audit"
"4fd68027-8946-4bee-baf9-494e22d2448b","D05","CRAM","CRAM.AOS.littoral2","2016-09-19","CRAM.20160919.PHYTOPLANKTON.1",,"condition ok","Academy of Natural Sciences of Drexel University","2016-12-06","Txt9C5i/u7k=","chlorophyll/pheophytin","1",,25,100,,,,,,,,"pheophytin",,"microgramsPerLiter","ANSP P-16-92 Rev2",,,,"legacyData|Did not meet quality audit requirements for analysis audit"
"47ce9bf7-9dc1-4775-8998-9db1819097b3","D05","CRAM","CRAM.AOS.buoy.c0","2016-09-19","CRAM.20160919.PHYTOPLANKTON.3",,"condition ok","Academy of Natural Sciences of Drexel University","2016-12-06","Txt9C5i/u7k=","chlorophyll/pheophytin","2",,25,100,,,,,,,,"chlorophyll a",,"microgramsPerLiter","ANSP P-16-92 Rev2",,,,"legacyData|Did not meet quality audit requirements for analysis audit"
"485538a5-51b9-43dc-8f34-7dc67c4e41a0","D05","CRAM","CRAM.AOS.littoral1","2016-09-19","CRAM.20160919.PHYTOPLANKTON.2",,"condition ok","Academy of Natural Sciences of Drexel University","2016-11-11","OKgcKejxXbI=","CN","2",,25,100,,,,,,,,"nitrogen",42.21,"microgramsPerLiter","ANSP P-16-54 Rev2",,,,"legacyData|Did not meet quality audit requirements for analysis audit"
"98ede3ac-9b90-4247-b475-7eede88fcc71","D05","CRAM","CRAM.AOS.riparian.point.09","2016-09-19","CRAM.20160919.EPIXYLON.9",,"condition ok","Academy of Natural Sciences of Drexel University","2017-06-13","OKgcKejxXbI=","13C15N","1",,25,100,,,,,,,,"d34S",0.15,"perMill","SO2 EA-combustion-IRMS method",,,,"legacyData|Did not meet quality audit requirements for analysis audit"
"638da4e3-0ea1-49ea-84af-498aa009ceb7","D05","CRAM","CRAM.AOS.riparian.point.01","2016-09-19","CRAM.20160919.EPIXYLON.1",,"condition ok","Academy of Natural Sciences of Drexel University","2016-12-06","Txt9C5i/u7k=","chlorophyll/pheophytin","1",,25,100,,,,,,,,"pheophytin",,"microgramsPerLiter","ANSP P-16-92 Rev2",,,,"legacyData|Did not meet quality audit requirements for analysis audit"
"0c76d583-fd29-4306-8abe-8e5a3f65f70b","D05","CRAM","CRAM.AOS.riparian.point.07","2016-09-19","CRAM.20160919.EPIXYLON.7",,"condition ok","Academy of Natural Sciences of Drexel University","2016-12-06","Txt9C5i/u7k=","chlorophyll/pheophytin","2",,25,100,,,,,,,,"chlorophyll a",,"microgramsPerLiter","ANSP P-16-92 Rev2",,,,"legacyData|Did not meet quality audit requirements for analysis audit"
"2083ca5d-5270-4a63-8e6c-e3835a63b5dd","D05","CRAM","CRAM.AOS.buoy.c0","2016-09-19","CRAM.20160919.PHYTOPLANKTON.3",,"condition ok","Academy of Natural Sciences of Drexel University","2017-06-13","OKgcKejxXbI=","13C15N","2",,25,100,,,,,,,,"d15N",1.74,"perMill","ANSP P-16-202 Rev0",,,,"legacyData|Did not meet quality audit requirements for analysis audit"
"4146537d-7188-457f-b59d-899d0421bd20","D05","CRAM","CRAM.AOS.riparian.point.09","2016-09-19","CRAM.20160919.EPIXYLON.9",,"condition ok","Academy of Natural Sciences of Drexel University","2016-12-06","Txt9C5i/u7k=","chlorophyll/pheophytin","1",,25,100,,,,,,,,"chlorophyll a",,"microgramsPerLiter","ANSP P-16-92 Rev2",,,,"legacyData|Did not meet quality audit requirements for analysis audit"
"358f3220-04b3-4161-adea-5fc9f01f4931","D05","CRAM","CRAM.AOS.littoral2","2016-09-19","CRAM.20160919.PHYTOPLANKTON.1",,"condition ok","Academy of Natural Sciences of Drexel University","2016-11-11","OKgcKejxXbI=","CN","1",,25,100,,,,,,,,"nitrogen",61.26,"microgramsPerLiter","ANSP P-16-54 Rev2",,,,"legacyData|Did not meet quality audit requirements for analysis audit"
"1d1e8046-2508-4b92-a0b6-93f1c7055ace","D05","CRAM","CRAM.AOS.riparian.point.07","2016-09-19","CRAM.20160919.EPIXYLON.7",,"condition ok","Academy of Natural Sciences of Drexel University","2016-12-06","Txt9C5i/u7k=","chlorophyll/pheophytin","2",,25,100,,,,,,,,"pheophytin",,"microgramsPerLiter","ANSP P-16-92 Rev2",,,,"legacyData|Did not meet quality audit requirements for analysis audit"
"5c55d050-4a48-4679-9f3c-f44bd8bdf79c","D05","CRAM","CRAM.AOS.riparian.point.05","2016-09-19","CRAM.20160919.EPIXYLON.5",,"condition ok","Academy of Natural Sciences of Drexel University","2016-12-06","Txt9C5i/u7k=","chlorophyll/pheophytin","2",,25,100,,,,,,,,"chlorophyll a",,"microgramsPerLiter","ANSP P-16-92 Rev2",,,,"legacyData|Did not meet quality audit requirements for analysis audit"
"b4947612-3278-4f21-b489-788c81e2342e","D05","CRAM","CRAM.AOS.buoy.c0","2016-09-19","CRAM.20160919.PHYTOPLANKTON.3",,"condition ok","Academy of Natural Sciences of Drexel University","2016-12-06","Txt9C5i/u7k=","chlorophyll/pheophytin","1",,25,100,,,,,,,,"pheophytin",,"microgramsPerLiter","ANSP P-16-92 Rev2",,,,"legacyData|Did not meet quality audit requirements for analysis audit"
"023d9df2-3e2c-4466-9cf9-b1ba4b33f3e4","D05","CRAM","CRAM.AOS.riparian.point.01","2016-09-19","CRAM.20160919.EPIXYLON.1",,"condition ok","Academy of Natural Sciences of Drexel University","2017-06-13","OKgcKejxXbI=","13C15N","1",,25,100,,,,,,,,"d13C",-27.76,"perMill","ANSP P-16-202 Rev0",,"N",,"legacyData|Did not meet quality audit requirements for analysis audit|acidTreatmentSOPNotFollowed"
"f9b818b1-6171-4547-92ed-5179077d0300","D05","CRAM","CRAM.AOS.littoral1","2016-09-19","CRAM.20160919.PHYTOPLANKTON.2",,"condition ok","Academy of Natural Sciences of Drexel University","2017-06-13","OKgcKejxXbI=","13C15N","2",,25,100,,,,,,,,"d13C",-29.94,"perMill","ANSP P-16-202 Rev0",,"N",,"legacyData|Did not meet quality audit requirements for analysis audit|acidTreatmentSOPNotFollowed"
"8690596c-f314-4fb6-8fc8-24db89da9377","D05","CRAM","CRAM.AOS.littoral1","2016-09-19","CRAM.20160919.PHYTOPLANKTON.2",,"condition ok","Academy of Natural Sciences of Drexel University","2016-11-11","OKgcKejxXbI=","CN","1",,25,100,,,,,,,,"nitrogen",44.24,"microgramsPerLiter","ANSP P-16-54 Rev2",,,,"legacyData|Did not meet quality audit requirements for analysis audit"
"5b9bc537-dacf-45d1-a6ad-a4e46a9a19b5","D05","CRAM","CRAM.AOS.buoy.c0","2016-09-19","CRAM.20160919.PHYTOPLANKTON.3",,"condition ok","Academy of Natural Sciences of Drexel University","2016-11-11","OKgcKejxXbI=","CN","1",,25,100,,,,,,,,"carbon",337.23,"microgramsPerLiter","ANSP P-16-54 Rev2",,"N",,"legacyData|Did not meet quality audit requirements for analysis audit|acidTreatmentSOPNotFollowed"
"936b29ec-431a-453e-9247-e1462de2c34d","D05","CRAM","CRAM.AOS.buoy.c0","2016-09-19","CRAM.20160919.PHYTOPLANKTON.3",,"condition ok","Academy of Natural Sciences of Drexel University","2017-06-13","OKgcKejxXbI=","13C15N","1",,25,100,,,,,,,,"d34S",-0.35,"perMill","SO2 EA-combustion-IRMS method",,,,"legacyData|Did not meet quality audit requirements for analysis audit"
"b4d7b267-29af-4283-9ff1-ffb4886ee9ca","D05","CRAM","CRAM.AOS.riparian.point.01","2016-09-19","CRAM.20160919.EPIXYLON.1",,"condition ok","Academy of Natural Sciences of Drexel University","2016-11-11","OKgcKejxXbI=","CN","2",,25,100,,,,,,,,"carbon",209432.35,"microgramsPerLiter","ANSP P-16-54 Rev2",,"N",,"legacyData|Did not meet quality audit requirements for analysis audit|acidTreatmentSOPNotFollowed"
"cef9578f-6ba2-4319-911f-3d8062fc5317","D05","CRAM","CRAM.AOS.riparian.point.09","2016-09-19","CRAM.20160919.EPIXYLON.9",,"condition ok","Academy of Natural Sciences of Drexel University","2016-11-11","OKgcKejxXbI=","CN","1",,25,100,,,,,,,,"nitrogen",9220.20,"microgramsPerLiter","ANSP P-16-54 Rev2",,,,"legacyData|Did not meet quality audit requirements for analysis audit"
"575255c7-260f-4bf3-9e86-d84279165cc5","D05","CRAM","CRAM.AOS.riparian.point.03","2016-09-19","CRAM.20160919.EPIXYLON.3",,"condition ok","Academy of Natural Sciences of Drexel University","2016-12-06","Txt9C5i/u7k=","chlorophyll/pheophytin","1",,25,100,,,,,,,,"pheophytin",,"microgramsPerLiter","ANSP P-16-92 Rev2",,,,"legacyData|Did not meet quality audit requirements for analysis audit"
"082e3ea6-cab2-473e-b86e-71b6be72643f","D05","CRAM","CRAM.AOS.riparian.point.01","2016-09-19","CRAM.20160919.EPIXYLON.1",,"condition ok","Academy of Natural Sciences of Drexel University","2016-12-06","Txt9C5i/u7k=","chlorophyll/pheophytin","1",,25,100,,,,,,,,"chlorophyll a",,"microgramsPerLiter","ANSP P-16-92 Rev2",,,,"legacyData|Did not meet quality audit requirements for analysis audit"
"513417a1-f7f5-42a5-a1e9-b3f4faea9dc3","D05","CRAM","CRAM.AOS.riparian.point.07","2016-09-19","CRAM.20160919.EPIXYLON.7",,"condition ok","Academy of Natural Sciences of Drexel University","2016-12-06","Txt9C5i/u7k=","chlorophyll/pheophytin","1",,25,100,,,,,,,,"pheophytin",,"microgramsPerLiter","ANSP P-16-92 Rev2",,,,"legacyData|Did not meet quality audit requirements for analysis audit"
"80f0de5d-6b5d-47ef-95cb-7541bd714ec4","D05","CRAM","CRAM.AOS.littoral1","2016-09-19","CRAM.20160919.PHYTOPLANKTON.2",,"condition ok","Academy of Natural Sciences of Drexel University","2016-12-06","Txt9C5i/u7k=","chlorophyll/pheophytin","2",,25,100,,,,,,,,"pheophytin",,"microgramsPerLiter","ANSP P-16-92 Rev2",,,,"legacyData|Did not meet quality audit requirements for analysis audit"
"3bb63186-8dff-46d0-a4a9-3c1dc656c551","D05","CRAM","CRAM.AOS.riparian.point.01","2016-09-19","CRAM.20160919.EPIXYLON.1",,"condition ok","Academy of Natural Sciences of Drexel University","2017-06-13","OKgcKejxXbI=","13C15N","2",,25,100,,,,,,,,"d15N",2.52,"perMill","ANSP P-16-202 Rev0",,,,"legacyData|Did not meet quality audit requirements for analysis audit"
"96dd9424-6e76-4526-bc93-90659e086fe5","D05","CRAM","CRAM.AOS.riparian.point.05","2016-09-19","CRAM.20160919.EPIXYLON.5",,"condition ok","Academy of Natural Sciences of Drexel University","2017-06-13","OKgcKejxXbI=","13C15N","1",,25,100,,,,,,,,"d34S",-1.15,"perMill","SO2 EA-combustion-IRMS method",,,,"legacyData|Did not meet quality audit requirements for analysis audit"
"e54043aa-9ab2-4cb0-9115-95d3e2d6bc37","D05","CRAM","CRAM.AOS.littoral2","2016-09-19","CRAM.20160919.PHYTOPLANKTON.1",,"condition ok","Academy of Natural Sciences of Drexel University","2016-12-06","Txt9C5i/u7k=","chlorophyll/pheophytin","2",,25,100,,,,,,,,"chlorophyll a",,"microgramsPerLiter","ANSP P-16-92 Rev2",,,,"legacyData|Did not meet quality audit requirements for analysis audit"
"4b65d52d-5942-4d17-a793-20b5a6a83542","D05","CRAM","CRAM.AOS.riparian.point.07","2016-09-19","CRAM.20160919.EPIXYLON.7",,"condition ok","Academy of Natural Sciences of Drexel University","2017-06-13","OKgcKejxXbI=","13C15N","1",,25,100,,,,,,,,"d34S",-0.68,"perMill","SO2 EA-combustion-IRMS method",,,,"legacyData|Did not meet quality audit requirements for analysis audit"
"c77b55f5-d1fe-439a-bc5c-09d288c332e9","D05","CRAM","CRAM.AOS.riparian.point.05","2016-09-19","CRAM.20160919.EPIXYLON.5",,"condition ok","Academy of Natural Sciences of Drexel University","2017-06-13","OKgcKejxXbI=","13C15N","1",,25,100,,,,,,,,"d15N",4.57,"perMill","ANSP P-16-202 Rev0",,,,"legacyData|Did not meet quality audit requirements for analysis audit"
"0ed88875-4ddc-4e03-b086-38265ebf2939","D05","CRAM","CRAM.AOS.riparian.point.01","2016-09-19","CRAM.20160919.EPIXYLON.1",,"condition ok","Academy of Natural Sciences of Drexel University","2016-12-06","Txt9C5i/u7k=","chlorophyll/pheophytin","2",,25,100,,,,,,,,"pheophytin",,"microgramsPerLiter","ANSP P-16-92 Rev2",,,,"legacyData|Did not meet quality audit requirements for analysis audit"
"c7f0d1ca-8b1f-4af9-abb4-f0ecc809631d","D05","CRAM","CRAM.AOS.buoy.c0","2016-09-19","CRAM.20160919.PHYTOPLANKTON.3",,"condition ok","Academy of Natural Sciences of Drexel University","2016-11-23","+IoRzddUq5A=","P","1",,25,100,,,,,,,,"phosphorus",16.26,"microgramsPerLiter","ANSP P-16-114 Rev2; ANSP P-16_95 Rev3",,,,"legacyData|Did not meet quality audit requirements for analysis audit"
"45ee03eb-2ad4-4200-adc4-7b4d45ccd0d5","D05","CRAM","CRAM.AOS.riparian.point.01","2016-09-19","CRAM.20160919.EPIXYLON.1",,"condition ok","Academy of Natural Sciences of Drexel University","2017-06-13","OKgcKejxXbI=","13C15N","1",,25,100,,,,,,,,"d34S",-0.49,"perMill","SO2 EA-combustion-IRMS method",,,,"legacyData|Did not meet quality audit requirements for analysis audit"
"eebad2e2-e7ea-4529-bc5e-640d43538f28","D05","CRAM","CRAM.AOS.riparian.point.09","2016-09-19","CRAM.20160919.EPIXYLON.9",,"condition ok","Academy of Natural Sciences of Drexel University","2017-06-13","OKgcKejxXbI=","13C15N","1",,25,100,,,,,,,,"d13C",-26.85,"perMill","ANSP P-16-202 Rev0",,"N",,"legacyData|Did not meet quality audit requirements for analysis audit|acidTreatmentSOPNotFollowed"
"fae434ec-e15f-4abc-aa9a-45e596adc588","D05","CRAM","CRAM.AOS.riparian.point.07","2016-09-19","CRAM.20160919.EPIXYLON.7",,"condition ok","Academy of Natural Sciences of Drexel University","2016-11-11","OKgcKejxXbI=","CN","1",,25,100,,,,,,,,"nitrogen",13607.04,"microgramsPerLiter","ANSP P-16-54 Rev2",,,,"legacyData|Did not meet quality audit requirements for analysis audit"
"1905bc6f-5d8b-4c25-853b-cb3eaeccb6be","D05","CRAM","CRAM.AOS.riparian.point.09","2016-09-19","CRAM.20160919.EPIXYLON.9",,"condition ok","Academy of Natural Sciences of Drexel University","2016-11-11","OKgcKejxXbI=","CN","2",,25,100,,,,,,,,"carbon",218444.00,"microgramsPerLiter","ANSP P-16-54 Rev2",,"N",,"legacyData|Did not meet quality audit requirements for analysis audit|acidTreatmentSOPNotFollowed"
"6a192e8e-45db-42f4-94c0-09b067e96085","D05","CRAM","CRAM.AOS.riparian.point.07","2016-09-19","CRAM.20160919.EPIXYLON.7",,"condition ok","Academy of Natural Sciences of Drexel University","2016-11-11","OKgcKejxXbI=","CN","2",,25,100,,,,,,,,"nitrogen",12262.18,"microgramsPerLiter","ANSP P-16-54 Rev2",,,,"legacyData|Did not meet quality audit requirements for analysis audit"
"e0ec3116-c64c-47a1-b2c1-8b43474ff25e","D05","CRAM","CRAM.AOS.riparian.point.03","2016-09-19","CRAM.20160919.EPIXYLON.3",,"condition ok","Academy of Natural Sciences of Drexel University","2016-11-11","OKgcKejxXbI=","CN","2",,25,100,,,,,,,,"nitrogen",8513.21,"microgramsPerLiter","ANSP P-16-54 Rev2",,,,"legacyData|Did not meet quality audit requirements for analysis audit"
"1f8c6771-e1a1-4c54-99f5-b95c39da8a7e","D05","CRAM","CRAM.AOS.littoral1","2016-09-19","CRAM.20160919.PHYTOPLANKTON.2",,"condition ok","Academy of Natural Sciences of Drexel University","2016-12-06","Txt9C5i/u7k=","chlorophyll/pheophytin","1",,25,100,,,,,,,,"chlorophyll a",,"microgramsPerLiter","ANSP P-16-92 Rev2",,,,"legacyData|Did not meet quality audit requirements for analysis audit"
"7a65e5a2-c970-4728-a7d7-10170cc8005f","D05","CRAM","CRAM.AOS.riparian.point.03","2016-09-19","CRAM.20160919.EPIXYLON.3",,"condition ok","Academy of Natural Sciences of Drexel University","2017-06-13","OKgcKejxXbI=","13C15N","1",,25,100,,,,,,,,"d13C",-26.38,"perMill","ANSP P-16-202 Rev0",,"N",,"legacyData|Did not meet quality audit requirements for analysis audit|acidTreatmentSOPNotFollowed"
"5f3c32e9-5191-42c2-8bf2-6a33f93c100c","D05","CRAM","CRAM.AOS.riparian.point.03","2016-09-19","CRAM.20160919.EPIXYLON.3",,"condition ok","Academy of Natural Sciences of Drexel University","2016-11-11","OKgcKejxXbI=","CN","1",,25,100,,,,,,,,"carbon",290480.06,"microgramsPerLiter","ANSP P-16-54 Rev2",,"N",,"legacyData|Did not meet quality audit requirements for analysis audit|acidTreatmentSOPNotFollowed"
"d5ee5790-9ac6-4b87-afbb-6eb8d5a9d9e2","D05","CRAM","CRAM.AOS.riparian.point.07","2016-09-19","CRAM.20160919.EPIXYLON.7",,"condition ok","Academy of Natural Sciences of Drexel University","2016-11-23","+IoRzddUq5A=","P","1",,25,100,,,,,,,,"phosphorus",799.36,"microgramsPerLiter","ANSP P-16-114 Rev2; ANSP P-16_95 Rev3",,,,"legacyData|Did not meet quality audit requirements for analysis audit"
"40573e54-dc25-4fe7-918a-ffd1fdce1f49","D05","CRAM","CRAM.AOS.riparian.point.03","2016-09-19","CRAM.20160919.EPIXYLON.3",,"condition ok","Academy of Natural Sciences of Drexel University","2017-06-13","OKgcKejxXbI=","13C15N","1",,25,100,,,,,,,,"d34S",-0.88,"perMill","SO2 EA-combustion-IRMS method",,,,"legacyData|Did not meet quality audit requirements for analysis audit"
"ac7080b1-cbe4-48fe-92bb-b43564917cbd","D05","CRAM","CRAM.AOS.riparian.point.01","2016-09-19","CRAM.20160919.EPIXYLON.1",,"condition ok","Academy of Natural Sciences of Drexel University","2016-11-11","OKgcKejxXbI=","CN","1",,25,100,,,,,,,,"nitrogen",9874.31,"microgramsPerLiter","ANSP P-16-54 Rev2",,,,"legacyData|Did not meet quality audit requirements for analysis audit"
"277ec815-cbae-4407-a95f-248f5f04f44a","D05","CRAM","CRAM.AOS.littoral2","2016-09-19","CRAM.20160919.PHYTOPLANKTON.1",,"condition ok","Academy of Natural Sciences of Drexel University","2016-11-11","OKgcKejxXbI=","CN","1",,25,100,,,,,,,,"carbon",284.97,"microgramsPerLiter","ANSP P-16-54 Rev2",,"N",,"legacyData|Did not meet quality audit requirements for analysis audit|acidTreatmentSOPNotFollowed"
"815a2e54-13b8-426e-a819-cacb3ed2e23e","D05","CRAM","CRAM.AOS.littoral2","2016-09-19","CRAM.20160919.PHYTOPLANKTON.1",,"condition ok","Academy of Natural Sciences of Drexel University","2017-06-13","OKgcKejxXbI=","13C15N","1",,25,100,,,,,,,,"d15N",1.06,"perMill","ANSP P-16-202 Rev0",,,,"legacyData|Did not meet quality audit requirements for analysis audit"
"44e7e5a9-b5ed-4b9b-9933-ee2a14a3b8e6","D05","CRAM","CRAM.AOS.riparian.point.09","2016-09-19","CRAM.20160919.EPIXYLON.9",,"condition ok","Academy of Natural Sciences of Drexel University","2016-12-06","Txt9C5i/u7k=","chlorophyll/pheophytin","2",,25,100,,,,,,,,"chlorophyll a",,"microgramsPerLiter","ANSP P-16-92 Rev2",,,,"legacyData|Did not meet quality audit requirements for analysis audit"
"f22dcd50-087b-4da7-96ca-9d10d68a79d4","D05","CRAM","CRAM.AOS.riparian.point.03","2016-09-19","CRAM.20160919.EPIXYLON.3",,"condition ok","Academy of Natural Sciences of Drexel University","2016-12-06","Txt9C5i/u7k=","chlorophyll/pheophytin","2",,25,100,,,,,,,,"chlorophyll a",,"microgramsPerLiter","ANSP P-16-92 Rev2",,,,"legacyData|Did not meet quality audit requirements for analysis audit"
"8a56ec7c-62b0-45dc-a18d-0c6d8ef35200","D05","CRAM","CRAM.AOS.littoral1","2016-09-19","CRAM.20160919.PHYTOPLANKTON.2",,"condition ok","Academy of Natural Sciences of Drexel University","2016-12-06","Txt9C5i/u7k=","chlorophyll/pheophytin","2",,25,100,,,,,,,,"chlorophyll a",,"microgramsPerLiter","ANSP P-16-92 Rev2",,,,"legacyData|Did not meet quality audit requirements for analysis audit"
"c1931bff-cb65-4fc3-b399-1667e647276b","D05","CRAM","CRAM.AOS.buoy.c0","2016-09-19","CRAM.20160919.PHYTOPLANKTON.3",,"condition ok","Academy of Natural Sciences of Drexel University","2016-12-06","Txt9C5i/u7k=","chlorophyll/pheophytin","1",,25,100,,,,,,,,"chlorophyll a",,"microgramsPerLiter","ANSP P-16-92 Rev2",,,,"legacyData|Did not meet quality audit requirements for analysis audit"
"6b62fdca-2f99-49f3-a507-f51eb3295894","D05","CRAM","CRAM.AOS.buoy.c0","2016-09-19","CRAM.20160919.PHYTOPLANKTON.3",,"condition ok","Academy of Natural Sciences of Drexel University","2017-06-13","OKgcKejxXbI=","13C15N","1",,25,100,,,,,,,,"d15N",1.04,"perMill","ANSP P-16-202 Rev0",,,,"legacyData|Did not meet quality audit requirements for analysis audit"
"78a53309-4453-4a5c-9770-76334c9a516e","D05","CRAM","CRAM.AOS.riparian.point.07","2016-09-19","CRAM.20160919.EPIXYLON.7",,"condition ok","Academy of Natural Sciences of Drexel University","2017-06-13","OKgcKejxXbI=","13C15N","1",,25,100,,,,,,,,"d15N",3.33,"perMill","ANSP P-16-202 Rev0",,,,"legacyData|Did not meet quality audit requirements for analysis audit"
"35921155-5dfc-451e-a9cc-7c6220e0076e","D05","CRAM","CRAM.AOS.buoy.c0","2016-09-19","CRAM.20160919.PHYTOPLANKTON.3",,"condition ok","Academy of Natural Sciences of Drexel University","2016-11-11","OKgcKejxXbI=","CN","2",,25,100,,,,,,,,"carbon",316.95,"microgramsPerLiter","ANSP P-16-54 Rev2",,"N",,"legacyData|Did not meet quality audit requirements for analysis audit|acidTreatmentSOPNotFollowed"
"9155189e-a904-4a5c-9280-e3ab39b7e619","D05","CRAM","CRAM.AOS.riparian.point.03","2016-09-19","CRAM.20160919.EPIXYLON.3",,"condition ok","Academy of Natural Sciences of Drexel University","2016-12-06","Txt9C5i/u7k=","chlorophyll/pheophytin","1",,25,100,,,,,,,,"chlorophyll a",,"microgramsPerLiter","ANSP P-16-92 Rev2",,,,"legacyData|Did not meet quality audit requirements for analysis audit"
"c0a15fc7-3b7b-45d2-85a4-8e7795031887","D05","CRAM","CRAM.AOS.riparian.point.05","2016-09-19","CRAM.20160919.EPIXYLON.5",,"condition ok","Academy of Natural Sciences of Drexel University","2016-12-06","Txt9C5i/u7k=","chlorophyll/pheophytin","1",,25,100,,,,,,,,"chlorophyll a",,"microgramsPerLiter","ANSP P-16-92 Rev2",,,,"legacyData|Did not meet quality audit requirements for analysis audit"
"ec3b22de-08ed-40d8-8439-64d5ec21b1ef","D05","CRAM","CRAM.AOS.riparian.point.03","2016-09-19","CRAM.20160919.EPIXYLON.3",,"condition ok","Academy of Natural Sciences of Drexel University","2016-11-11","OKgcKejxXbI=","CN","1",,25,100,,,,,,,,"nitrogen",9399.99,"microgramsPerLiter","ANSP P-16-54 Rev2",,,,"legacyData|Did not meet quality audit requirements for analysis audit"
"f4f783d7-bf7f-46c1-8b27-8c93c502cf25","D05","CRAM","CRAM.AOS.riparian.point.09","2016-09-19","CRAM.20160919.EPIXYLON.9",,"condition ok","Academy of Natural Sciences of Drexel University","2016-11-11","OKgcKejxXbI=","CN","1",,25,100,,,,,,,,"carbon",245632.19,"microgramsPerLiter","ANSP P-16-54 Rev2",,"N",,"legacyData|Did not meet quality audit requirements for analysis audit|acidTreatmentSOPNotFollowed"
"2612c515-da32-448a-ba3a-240d5a0c2490","D05","CRAM","CRAM.AOS.riparian.point.03","2016-09-19","CRAM.20160919.EPIXYLON.3",,"condition ok","Academy of Natural Sciences of Drexel University","2017-06-13","OKgcKejxXbI=","13C15N","2",,25,100,,,,,,,,"d13C",-26.26,"perMill","ANSP P-16-202 Rev0",,"N",,"legacyData|Did not meet quality audit requirements for analysis audit|acidTreatmentSOPNotFollowed"
"40ca04c7-c09b-4e99-bd75-a16be20d1967","D05","CRAM","CRAM.AOS.littoral1","2016-09-19","CRAM.20160919.PHYTOPLANKTON.2",,"condition ok","Academy of Natural Sciences of Drexel University","2017-06-13","OKgcKejxXbI=","13C15N","1",,25,100,,,,,,,,"d15N",2.13,"perMill","ANSP P-16-202 Rev0",,,,"legacyData|Did not meet quality audit requirements for analysis audit"
"3d658a65-25e2-466e-9c6a-316571b24201","D05","CRAM","CRAM.AOS.riparian.point.03","2016-09-19","CRAM.20160919.EPIXYLON.3",,"condition ok","Academy of Natural Sciences of Drexel University","2017-06-13","OKgcKejxXbI=","13C15N","1",,25,100,,,,,,,,"d15N",4.70,"perMill","ANSP P-16-202 Rev0",,,,"legacyData|Did not meet quality audit requirements for analysis audit"
"7ce5bc00-e71a-40d9-9d8a-2114e7c9782b","D05","CRAM","CRAM.AOS.riparian.point.01","2016-09-19","CRAM.20160919.EPIXYLON.1",,"condition ok","Academy of Natural Sciences of Drexel University","2017-06-13","OKgcKejxXbI=","13C15N","2",,25,100,,,,,,,,"d13C",-27.61,"perMill","ANSP P-16-202 Rev0",,"N",,"legacyData|Did not meet quality audit requirements for analysis audit|acidTreatmentSOPNotFollowed"
"2e786b8a-cdf7-478e-a87e-a43c22acb242","D05","CRAM","CRAM.AOS.littoral2","2016-09-19","CRAM.20160919.PHYTOPLANKTON.1",,"condition ok","Academy of Natural Sciences of Drexel University","2017-06-13","OKgcKejxXbI=","13C15N","1",,25,100,,,,,,,,"d13C",-30.97,"perMill","ANSP P-16-202 Rev0",,"N",,"legacyData|Did not meet quality audit requirements for analysis audit|acidTreatmentSOPNotFollowed"
"aac965d0-fa62-43ed-b9b9-8d584ab5dc21","D05","CRAM","CRAM.AOS.littoral1","2016-09-19","CRAM.20160919.PHYTOPLANKTON.2",,"condition ok","Academy of Natural Sciences of Drexel University","2016-11-23","+IoRzddUq5A=","P","1",,25,100,,,,,,,,"phosphorus",19.25,"microgramsPerLiter","ANSP P-16-114 Rev2; ANSP P-16_95 Rev3",,,,"legacyData|Did not meet quality audit requirements for analysis audit"
"02b8f582-9097-4208-a79f-56b24acbec39","D05","CRAM","CRAM.AOS.riparian.point.09","2016-09-19","CRAM.20160919.EPIXYLON.9",,"condition ok","Academy of Natural Sciences of Drexel University","2017-06-13","OKgcKejxXbI=","13C15N","1",,25,100,,,,,,,,"d15N",2.96,"perMill","ANSP P-16-202 Rev0",,,,"legacyData|Did not meet quality audit requirements for analysis audit"
"44a6258c-c315-415c-86ce-0e3244e9f6a7","D05","CRAM","CRAM.AOS.riparian.point.05","2016-09-19","CRAM.20160919.EPIXYLON.5",,"condition ok","Academy of Natural Sciences of Drexel University","2016-11-11","OKgcKejxXbI=","CN","2",,25,100,,,,,,,,"nitrogen",9801.34,"microgramsPerLiter","ANSP P-16-54 Rev2",,,,"legacyData|Did not meet quality audit requirements for analysis audit"
"514fee5a-a232-4d45-b5e2-5c88d1ca2565","D05","CRAM","CRAM.AOS.littoral2","2016-09-19","CRAM.20160919.PHYTOPLANKTON.1",,"condition ok","Academy of Natural Sciences of Drexel University","2017-06-13","OKgcKejxXbI=","13C15N","1",,25,100,,,,,,,,"d34S",-0.01,"perMill","SO2 EA-combustion-IRMS method",,,,"legacyData|Did not meet quality audit requirements for analysis audit"
