uid,domainID,siteID,namedLocation,aquaticSiteType,decimalLatitude,decimalLongitude,coordinateUncertainty,elevation,elevationUncertainty,geodeticDatum,collectDate,eventID,parentSampleID,parentSampleCode,samplingImpractical,biophysicalCriteria,affectedByWind,habitatType,algalSampleType,benthicArea,samplingProtocolVersion,phytoDepth1,phytoDepth2,phytoDepth3,substratumSizeClass,remarks,recordedBy,collectedBy,dataQF
"4b5df474-2a25-4583-b1d5-44aac350930e","D05","CRAM","CRAM.AOS.littoral1","lake",46.207952,-89.476193,1.1,512.5,1.0,"WGS84","2016-09-19T15:20Z","CRAM.20160919","CRAM.20160919.PHYTOPLANKTON.2",,,,,"pelagic","phytoplankton",,"NEON.DOC.003045vA",0.5,0.5,,,,"ekrulc@field-ops.org","jhudson@neoninc.org",
"a5b918bf-5d25-4e6b-957e-9a93dbfc7875","D05","CRAM","CRAM.AOS.riparian.point.09","lake",46.206543,-89.476401,0.1,510.5,0.1,"WGS84","2016-09-19T15:20Z","CRAM.20160919","CRAM.20160919.EPIXYLON.9",,,,,"littoral","epixylon",0.002406,"NEON.DOC.003045vA",,,,,,"ekrulc@field-ops.org","jhudson@neoninc.org",
"33fd344d-edc8-4b37-afb2-8452086b20cd","D05","CRAM","CRAM.AOS.riparian.point.01","lake",46.211208,-89.478274,0.2,511.0,0.2,"WGS84","2016-09-19T15:20Z","CRAM.20160919","CRAM.20160919.EPIXYLON.1",,,,,"littoral","epixylon",0.002406,"NEON.DOC.003045vA",,,,,,"ekrulc@field-ops.org","jhudson@neoninc.org",
"32cbb4e0-c91d-4476-9312-ed7e0359d847","D05","CRAM","CRAM.AOS.riparian.point.03","lake",46.211728,-89.470910,0.1,510.6,0.1,"WGS84","2016-09-19T15:20Z","CRAM.20160919","CRAM.20160919.EPIXYLON.3",,,,,"littoral","epixylon",0.002406,"NEON.DOC.003045vA",,,,,,"ekrulc@field-ops.org","jhudson@neoninc.org",
"4023baae-e4c9-4419-93ca-6341d2314e9b","D05","CRAM","CRAM.AOS.riparian.point.05","lake",46.208228,-89.471270,0.1,510.4,0.1,"WGS84","2016-09-19T15:20Z","CRAM.20160919","CRAM.20160919.EPIXYLON.5",,,,,"littoral","epixylon",0.002406,"NEON.DOC.003045vA",,,,,,"ekrulc@field-ops.org","jhudson@neoninc.org",
"cb6e5fb2-25be-4c65-8889-9dc3dd33aded","D05","CRAM","CRAM.AOS.riparian.point.07","lake",46.207433,-89.475220,0.5,514.4,0.6,"WGS84","2016-09-19T15:20Z","CRAM.20160919","CRAM.20160919.EPIXYLON.7",,,,,"littoral","epixylon",0.002406,"NEON.DOC.003045vA",,,,,,"ekrulc@field-ops.org","jhudson@neoninc.org",
"11d432a8-0898-4055-b0ba-68840d1b0ca7","D05","CRAM","CRAM.AOS.littoral2","lake",46.211995,-89.474460,1.1,512.5,1.0,"WGS84","2016-09-19T15:20Z","CRAM.20160919","CRAM.20160919.PHYTOPLANKTON.1",,,,,"littoral","phytoplankton",,"NEON.DOC.003045vA",0.5,0.5,,,,"ekrulc@field-ops.org","jhudson@neoninc.org",
"11fed2be-b569-4b4c-9360-eadfc4a07737","D05","CRAM","CRAM.AOS.buoy.c0","lake",46.210592,-89.476861,10.0,509.0,10.0,"WGS84","2016-09-19T15:20Z","CRAM.20160919","CRAM.20160919.PHYTOPLANKTON.3",,,,,"pelagic","phytoplankton",,"NEON.DOC.003045vA",0.5,6.5,8.0,,,"ekrulc@field-ops.org","jhudson@neoninc.org",
