uid,domainID,siteID,namedLocation,collectDate,parentSampleID,sampleID,sampleCode,filterNumber,analysisType,fieldSampleVolume,domainFilterVolume,storageDays,remarks,measuredBy,recordedBy,sampleCondition,dataQF
"d7a14991-f540-4f27-ae0a-269f7f2fd05a","D05","CRAM","CRAM.AOS.littoral1","2016-09-19T15:20Z","CRAM.20160919.PHYTOPLANKTON.2","CRAM.20160919.PHYTOPLANKTON.2",,1,"CN",5000.0,300.0,1.1,,,"ekrulc@field-ops.org","OK",
"7cf9fa39-2483-499f-8edd-66d1626a9df5","D05","CRAM","CRAM.AOS.buoy.c0","2016-09-19T15:20Z","CRAM.20160919.PHYTOPLANKTON.3","CRAM.20160919.PHYTOPLANKTON.3",,1,"P",5000.0,300.0,1.1,,,"ekrulc@field-ops.org","OK",
"c03ed51a-5141-44bc-a740-21423a26b09a","D05","CRAM","CRAM.AOS.littoral1","2016-09-19T15:20Z","CRAM.20160919.PHYTOPLANKTON.2","CRAM.20160919.PHYTOPLANKTON.2",,2,"CNS",5000.0,326.0,1.1,,,"ekrulc@field-ops.org","OK",
"2d316231-d78b-4b1d-944e-c31bd08aedb3","D05","CRAM","CRAM.AOS.buoy.c0","2016-09-19T15:20Z","CRAM.20160919.PHYTOPLANKTON.3","CRAM.20160919.PHYTOPLANKTON.3",,2,"CNS",5000.0,300.0,1.1,,,"ekrulc@field-ops.org","OK",
"f8f238d8-94f8-42e3-8ada-6a7174e0452d","D05","CRAM","CRAM.AOS.littoral1","2016-09-19T15:20Z","CRAM.20160919.PHYTOPLANKTON.2","CRAM.20160919.PHYTOPLANKTON.2",,1,"P",5000.0,300.0,1.1,,,"ekrulc@field-ops.org","OK",
"c098b9ca-8f4d-4ea0-927d-2165af697b70","D05","CRAM","CRAM.AOS.buoy.c0","2016-09-19T15:20Z","CRAM.20160919.PHYTOPLANKTON.3","CRAM.20160919.PHYTOPLANKTON.3",,1,"CNS",5000.0,300.0,1.1,,,"ekrulc@field-ops.org","OK",
"4a25fe3a-1e90-47f2-b3a2-39dafef392e5","D05","CRAM","CRAM.AOS.buoy.c0","2016-09-19T15:20Z","CRAM.20160919.PHYTOPLANKTON.3","CRAM.20160919.PHYTOPLANKTON.3",,2,"CN",5000.0,300.0,1.1,,,"ekrulc@field-ops.org","OK",
"18b33c8f-7882-440b-8c7f-1413a8bf9c5c","D05","CRAM","CRAM.AOS.buoy.c0","2016-09-19T15:20Z","CRAM.20160919.PHYTOPLANKTON.3","CRAM.20160919.PHYTOPLANKTON.3",,1,"CN",5000.0,300.0,1.1,,,"ekrulc@field-ops.org","OK",
"fe7456ce-8c4d-41a0-bcd4-e8882cd8a3b1","D05","CRAM","CRAM.AOS.littoral1","2016-09-19T15:20Z","CRAM.20160919.PHYTOPLANKTON.2","CRAM.20160919.PHYTOPLANKTON.2",,1,"CNS",5000.0,328.0,1.1,,,"ekrulc@field-ops.org","OK",
"4ee88085-7491-47ce-9d6a-20bd581d1de7","D05","CRAM","CRAM.AOS.buoy.c0","2016-09-19T15:20Z","CRAM.20160919.PHYTOPLANKTON.3","CRAM.20160919.PHYTOPLANKTON.3",,2,"chlorophyll/pheophytin",5000.0,300.0,1.1,,,"ekrulc@field-ops.org","OK",
"bafe0229-2439-40a8-9f51-fb3264328cf1","D05","CRAM","CRAM.AOS.buoy.c0","2016-09-19T15:20Z","CRAM.20160919.PHYTOPLANKTON.3","CRAM.20160919.PHYTOPLANKTON.3",,1,"chlorophyll/pheophytin",5000.0,300.0,1.1,,,"ekrulc@field-ops.org","OK",
"1b751c4f-3505-4a7f-a442-2c0084e8c97c","D05","CRAM","CRAM.AOS.littoral1","2016-09-19T15:20Z","CRAM.20160919.PHYTOPLANKTON.2","CRAM.20160919.PHYTOPLANKTON.2",,2,"CN",5000.0,300.0,1.1,,,"ekrulc@field-ops.org","OK",
"4077bf76-2c10-4b46-b7d7-15c1dbd730b0","D05","CRAM","CRAM.AOS.riparian.point.03","2016-09-19T15:20Z","CRAM.20160919.EPIXYLON.3","CRAM.20160919.EPIXYLON.3",,2,"chlorophyll/pheophytin",174.0,6.0,1.1,,,"ekrulc@field-ops.org","OK",
"325ae393-df7a-4a8b-bfa4-1a96bcf0ee14","D05","CRAM","CRAM.AOS.riparian.point.05","2016-09-19T15:20Z","CRAM.20160919.EPIXYLON.5","CRAM.20160919.EPIXYLON.5",,2,"chlorophyll/pheophytin",130.0,5.0,1.1,,,"ekrulc@field-ops.org","OK",
"2cf18cd0-32e6-42e2-9811-eec7fb089389","D05","CRAM","CRAM.AOS.riparian.point.09","2016-09-19T15:20Z","CRAM.20160919.EPIXYLON.9","CRAM.20160919.EPIXYLON.9",,1,"chlorophyll/pheophytin",128.0,5.0,1.1,,,"ekrulc@field-ops.org","OK",
"a20a8e9a-5288-44d0-a4f9-7516d04698a2","D05","CRAM","CRAM.AOS.riparian.point.03","2016-09-19T15:20Z","CRAM.20160919.EPIXYLON.3","CRAM.20160919.EPIXYLON.3",,1,"P",174.0,7.0,1.1,,,"ekrulc@field-ops.org","OK",
"89c5370f-6653-4298-bd48-619ca88d3fba","D05","CRAM","CRAM.AOS.littoral2","2016-09-19T15:20Z","CRAM.20160919.PHYTOPLANKTON.1","CRAM.20160919.PHYTOPLANKTON.1",,1,"P",5000.0,350.0,1.1,,,"ekrulc@field-ops.org","OK",
"981bfad8-0855-46dd-8ea4-a42a8713f7e5","D05","CRAM","CRAM.AOS.riparian.point.03","2016-09-19T15:20Z","CRAM.20160919.EPIXYLON.3","CRAM.20160919.EPIXYLON.3",,1,"CN",174.0,7.0,1.1,,,"ekrulc@field-ops.org","OK",
"bed97b45-ddc3-4a2a-adc0-6d3734ff381d","D05","CRAM","CRAM.AOS.riparian.point.07","2016-09-19T15:20Z","CRAM.20160919.EPIXYLON.7","CRAM.20160919.EPIXYLON.7",,2,"chlorophyll/pheophytin",132.0,5.0,1.1,,,"ekrulc@field-ops.org","OK",
"5ed76d67-a824-4086-9b64-3302178455f7","D05","CRAM","CRAM.AOS.riparian.point.07","2016-09-19T15:20Z","CRAM.20160919.EPIXYLON.7","CRAM.20160919.EPIXYLON.7",,2,"CNS",132.0,8.0,1.1,,,"ekrulc@field-ops.org","OK",
"e7d47f35-e804-49df-8764-55a8840a96a5","D05","CRAM","CRAM.AOS.riparian.point.09","2016-09-19T15:20Z","CRAM.20160919.EPIXYLON.9","CRAM.20160919.EPIXYLON.9",,1,"CNS",128.0,10.0,1.1,,,"ekrulc@field-ops.org","OK",
"bfd60b7b-7893-4bca-9e48-69120251854b","D05","CRAM","CRAM.AOS.riparian.point.05","2016-09-19T15:20Z","CRAM.20160919.EPIXYLON.5","CRAM.20160919.EPIXYLON.5",,1,"CN",130.0,7.0,1.1,,,"ekrulc@field-ops.org","OK",
"8f3cf67b-8d8b-4f54-a854-6333439f5ebf","D05","CRAM","CRAM.AOS.riparian.point.05","2016-09-19T15:20Z","CRAM.20160919.EPIXYLON.5","CRAM.20160919.EPIXYLON.5",,2,"CN",130.0,7.0,1.1,,,"ekrulc@field-ops.org","OK",
"9e561458-3749-40af-b54d-5ed959106656","D05","CRAM","CRAM.AOS.littoral2","2016-09-19T15:20Z","CRAM.20160919.PHYTOPLANKTON.1","CRAM.20160919.PHYTOPLANKTON.1",,2,"CN",5000.0,350.0,1.1,,,"ekrulc@field-ops.org","OK",
"e0da745b-7265-4b29-ba1e-d7b68c36aa71","D05","CRAM","CRAM.AOS.riparian.point.03","2016-09-19T15:20Z","CRAM.20160919.EPIXYLON.3","CRAM.20160919.EPIXYLON.3",,1,"CNS",174.0,8.0,1.1,,,"ekrulc@field-ops.org","OK",
"1bb508d1-8380-4c34-abde-397f4dad78e8","D05","CRAM","CRAM.AOS.riparian.point.09","2016-09-19T15:20Z","CRAM.20160919.EPIXYLON.9","CRAM.20160919.EPIXYLON.9",,2,"chlorophyll/pheophytin",128.0,5.0,1.1,,,"ekrulc@field-ops.org","OK",
"bd1d54b2-8ce5-44fb-8d21-963eb9efcbdd","D05","CRAM","CRAM.AOS.littoral1","2016-09-19T15:20Z","CRAM.20160919.PHYTOPLANKTON.2","CRAM.20160919.PHYTOPLANKTON.2",,2,"chlorophyll/pheophytin",5000.0,300.0,1.1,,,"ekrulc@field-ops.org","OK",
"02cf413c-5163-4f8e-b322-4df20f28330e","D05","CRAM","CRAM.AOS.riparian.point.07","2016-09-19T15:20Z","CRAM.20160919.EPIXYLON.7","CRAM.20160919.EPIXYLON.7",,1,"CN",132.0,7.0,1.1,,,"ekrulc@field-ops.org","OK",
"54f377e0-ffbf-4190-a26e-70d227564549","D05","CRAM","CRAM.AOS.littoral2","2016-09-19T15:20Z","CRAM.20160919.PHYTOPLANKTON.1","CRAM.20160919.PHYTOPLANKTON.1",,1,"chlorophyll/pheophytin",5000.0,300.0,1.1,,,"ekrulc@field-ops.org","OK",
"d9b78f3d-fc47-4adc-994a-8b01b535d682","D05","CRAM","CRAM.AOS.riparian.point.07","2016-09-19T15:20Z","CRAM.20160919.EPIXYLON.7","CRAM.20160919.EPIXYLON.7",,1,"CNS",132.0,8.0,1.1,,,"ekrulc@field-ops.org","OK",
"90a5061d-7929-49f9-ba99-37d08e10e725","D05","CRAM","CRAM.AOS.riparian.point.03","2016-09-19T15:20Z","CRAM.20160919.EPIXYLON.3","CRAM.20160919.EPIXYLON.3",,1,"chlorophyll/pheophytin",174.0,6.0,1.1,,,"ekrulc@field-ops.org","OK",
"2630dd3d-4cb4-490a-b55a-dd9f19974bfc","D05","CRAM","CRAM.AOS.riparian.point.05","2016-09-19T15:20Z","CRAM.20160919.EPIXYLON.5","CRAM.20160919.EPIXYLON.5",,1,"P",130.0,7.0,1.1,,,"ekrulc@field-ops.org","OK",
"4d6f9b6a-d1cd-4fe2-9c64-55730f2720fd","D05","CRAM","CRAM.AOS.riparian.point.05","2016-09-19T15:20Z","CRAM.20160919.EPIXYLON.5","CRAM.20160919.EPIXYLON.5",,1,"chlorophyll/pheophytin",130.0,5.0,1.1,,,"ekrulc@field-ops.org","OK",
"b9f3dc15-9a14-4942-ae6a-cc69a170a91e","D05","CRAM","CRAM.AOS.riparian.point.07","2016-09-19T15:20Z","CRAM.20160919.EPIXYLON.7","CRAM.20160919.EPIXYLON.7",,2,"CN",132.0,7.0,1.1,,,"ekrulc@field-ops.org","OK",
"d173a1cb-c9e0-45af-afc7-375c76c608b3","D05","CRAM","CRAM.AOS.riparian.point.09","2016-09-19T15:20Z","CRAM.20160919.EPIXYLON.9","CRAM.20160919.EPIXYLON.9",,1,"P",128.0,5.0,1.1,,,"ekrulc@field-ops.org","OK",
"03c5d0b3-4346-48d4-8780-d58a847709e8","D05","CRAM","CRAM.AOS.riparian.point.03","2016-09-19T15:20Z","CRAM.20160919.EPIXYLON.3","CRAM.20160919.EPIXYLON.3",,2,"CNS",174.0,8.0,1.1,,,"ekrulc@field-ops.org","OK",
"3f0eed03-4ae7-4535-a6ad-16befd49ea2a","D05","CRAM","CRAM.AOS.riparian.point.07","2016-09-19T15:20Z","CRAM.20160919.EPIXYLON.7","CRAM.20160919.EPIXYLON.7",,1,"P",132.0,7.0,1.1,,,"ekrulc@field-ops.org","OK",
"21a68624-8a44-4453-b39f-a674689747ae","D05","CRAM","CRAM.AOS.riparian.point.09","2016-09-19T15:20Z","CRAM.20160919.EPIXYLON.9","CRAM.20160919.EPIXYLON.9",,2,"CN",128.0,5.0,1.1,,,"ekrulc@field-ops.org","OK",
"bc2f3218-50d4-4abd-9493-2db7b2ff3be6","D05","CRAM","CRAM.AOS.riparian.point.05","2016-09-19T15:20Z","CRAM.20160919.EPIXYLON.5","CRAM.20160919.EPIXYLON.5",,1,"CNS",130.0,8.0,1.1,,,"ekrulc@field-ops.org","OK",
"c8fe7c59-f170-4078-90a2-1585842117d9","D05","CRAM","CRAM.AOS.riparian.point.05","2016-09-19T15:20Z","CRAM.20160919.EPIXYLON.5","CRAM.20160919.EPIXYLON.5",,2,"CNS",130.0,8.0,1.1,,,"ekrulc@field-ops.org","OK",
"d5ac0f74-cd5d-4d8b-8211-c20c99bb8a9b","D05","CRAM","CRAM.AOS.riparian.point.07","2016-09-19T15:20Z","CRAM.20160919.EPIXYLON.7","CRAM.20160919.EPIXYLON.7",,1,"chlorophyll/pheophytin",132.0,5.0,1.1,,,"ekrulc@field-ops.org","OK",
"2e5ec677-7666-492b-8f52-bd64993b1b8a","D05","CRAM","CRAM.AOS.riparian.point.09","2016-09-19T15:20Z","CRAM.20160919.EPIXYLON.9","CRAM.20160919.EPIXYLON.9",,2,"CNS",128.0,10.0,1.1,,,"ekrulc@field-ops.org","OK",
"9f264241-6cbd-49c7-872b-f37210696dd2","D05","CRAM","CRAM.AOS.littoral2","2016-09-19T15:20Z","CRAM.20160919.PHYTOPLANKTON.1","CRAM.20160919.PHYTOPLANKTON.1",,1,"CNS",5000.0,300.0,1.1,,,"ekrulc@field-ops.org","OK",
"0b06839c-1eda-4907-8491-74a02bfc216b","D05","CRAM","CRAM.AOS.littoral2","2016-09-19T15:20Z","CRAM.20160919.PHYTOPLANKTON.1","CRAM.20160919.PHYTOPLANKTON.1",,2,"CNS",5000.0,300.0,1.1,,,"ekrulc@field-ops.org","OK",
"b8a1d413-b440-4008-8dfc-6b81db216419","D05","CRAM","CRAM.AOS.riparian.point.01","2016-09-19T15:20Z","CRAM.20160919.EPIXYLON.1","CRAM.20160919.EPIXYLON.1",,2,"CNS",160.0,8.0,1.1,,,"ekrulc@field-ops.org","OK",
"f3432ce2-b930-48d0-9107-74b8cf734b30","D05","CRAM","CRAM.AOS.riparian.point.03","2016-09-19T15:20Z","CRAM.20160919.EPIXYLON.3","CRAM.20160919.EPIXYLON.3",,2,"CN",174.0,7.0,1.1,,,"ekrulc@field-ops.org","OK",
"281b075e-b04b-46a6-8371-738c07f97d64","D05","CRAM","CRAM.AOS.littoral1","2016-09-19T15:20Z","CRAM.20160919.PHYTOPLANKTON.2","CRAM.20160919.PHYTOPLANKTON.2",,1,"chlorophyll/pheophytin",5000.0,300.0,1.1,,,"ekrulc@field-ops.org","OK",
"c3f2c523-4b36-4316-bb49-6f8b5a28c5d2","D05","CRAM","CRAM.AOS.riparian.point.09","2016-09-19T15:20Z","CRAM.20160919.EPIXYLON.9","CRAM.20160919.EPIXYLON.9",,1,"CN",128.0,5.0,1.1,,,"ekrulc@field-ops.org","OK",
"30aae6a2-c343-421f-a1e4-4ae429ad6567","D05","CRAM","CRAM.AOS.riparian.point.01","2016-09-19T15:20Z","CRAM.20160919.EPIXYLON.1","CRAM.20160919.EPIXYLON.1",,1,"CNS",160.0,8.0,1.1,,,"ekrulc@field-ops.org","OK",
"318445f7-967d-41fc-bc32-5fdcaeb50c9c","D05","CRAM","CRAM.AOS.littoral2","2016-09-19T15:20Z","CRAM.20160919.PHYTOPLANKTON.1","CRAM.20160919.PHYTOPLANKTON.1",,2,"chlorophyll/pheophytin",5000.0,300.0,1.1,,,"ekrulc@field-ops.org","OK",
"bebc7aaa-7887-4add-a0bd-bc1d6d55fa7f","D05","CRAM","CRAM.AOS.littoral2","2016-09-19T15:20Z","CRAM.20160919.PHYTOPLANKTON.1","CRAM.20160919.PHYTOPLANKTON.1",,1,"CN",5000.0,350.0,1.1,,,"ekrulc@field-ops.org","OK",
"7650a44c-8c18-4553-8e25-3f9e47fefa43","D05","CRAM","CRAM.AOS.riparian.point.01","2016-09-19T15:20Z","CRAM.20160919.EPIXYLON.1","CRAM.20160919.EPIXYLON.1",,1,"P",160.0,7.0,1.1,,,"ekrulc@field-ops.org","OK",
"3938ba92-c2c8-4d3c-ba99-c007f388cedc","D05","CRAM","CRAM.AOS.riparian.point.01","2016-09-19T15:20Z","CRAM.20160919.EPIXYLON.1","CRAM.20160919.EPIXYLON.1",,2,"chlorophyll/pheophytin",160.0,7.0,1.1,,,"ekrulc@field-ops.org","OK",
"d12fba8f-d809-4ca8-95ee-d83a077215d7","D05","CRAM","CRAM.AOS.riparian.point.01","2016-09-19T15:20Z","CRAM.20160919.EPIXYLON.1","CRAM.20160919.EPIXYLON.1",,1,"chlorophyll/pheophytin",160.0,7.0,1.1,,,"ekrulc@field-ops.org","OK",
"ab30dfb3-ab6e-4d88-9eaa-6ecd66df9ee4","D05","CRAM","CRAM.AOS.riparian.point.01","2016-09-19T15:20Z","CRAM.20160919.EPIXYLON.1","CRAM.20160919.EPIXYLON.1",,2,"CN",160.0,7.0,1.1,,,"ekrulc@field-ops.org","OK",
"f909494e-859e-40bd-8593-e9b1cadaa243","D05","CRAM","CRAM.AOS.riparian.point.01","2016-09-19T15:20Z","CRAM.20160919.EPIXYLON.1","CRAM.20160919.EPIXYLON.1",,1,"CN",160.0,7.0,1.1,,,"ekrulc@field-ops.org","OK",
