uid,domainID,siteID,namedLocation,sampleID,sampleCode,startDate,collectDate,laboratoryName,analyte,analyteConcentration,analyteUnits,coolerTemp,remarks,shipmentWarmQF,externalLabDataQF,sampleCondition
"5162b1b4-e5e6-4569-a129-f66ab8cb1566","D05","LIRO","LIRO.AOS.buoy.c1","LIRO.C1.20200629.FIL","A00000203151","2020-06-29T16:03Z","2020-06-29T16:03Z","EcoCore_CSU","Cl",0.4567,"milligramsPerLiter",2.4,,0,,"Cold Chain Broken During Storage|Hold Time Exceeded"
"abbd60b6-e2ff-44b8-a19f-ae0417e0498d","D05","LIRO","LIRO.AOS.buoy.c1","LIRO.C1.20200629.FIL.2","A00000203150","2020-06-29T16:03Z","2020-06-29T16:03Z","EcoCore_CSU","Cl",0.4210,"milligramsPerLiter",2.4,,0,,"Cold Chain Broken During Storage|Hold Time Exceeded"
"a76f24e4-5b3f-4755-a732-73bcbd23665b","D05","LIRO","LIRO.AOS.buoy.c1","LIRO.C1.20200629.FIL.3","A00000203149","2020-06-29T16:03Z","2020-06-29T16:03Z","EcoCore_CSU","F",0.0050,"milligramsPerLiter",2.4,,0,,"Cold Chain Broken During Storage|Hold Time Exceeded"
"6e2e9164-d1f1-4a8a-9b35-a650eeb3dd97","D05","LIRO","LIRO.AOS.buoy.c1","LIRO.C1.20200629.FIL","A00000203151","2020-06-29T16:03Z","2020-06-29T16:03Z","EcoCore_CSU","F",0.0050,"milligramsPerLiter",2.4,,0,,"Cold Chain Broken During Storage|Hold Time Exceeded"
"e1aab38e-1f12-4875-b185-9f0f8198484c","D05","LIRO","LIRO.AOS.buoy.c1","LIRO.C1.20200629.FIL","A00000203151","2020-06-29T16:03Z","2020-06-29T16:03Z","EcoCore_CSU","SO4",0.6755,"milligramsPerLiter",2.4,,0,,"Cold Chain Broken During Storage|Hold Time Exceeded"
"0394e771-2d7f-4fa9-85b7-df5346d258eb","D05","LIRO","LIRO.AOS.buoy.c1","LIRO.C1.20200629.FIL.3","A00000203149","2020-06-29T16:03Z","2020-06-29T16:03Z","EcoCore_CSU","Cl",0.4368,"milligramsPerLiter",2.4,,0,,"Cold Chain Broken During Storage|Hold Time Exceeded"
"3e1054a9-0544-4223-ae4b-3708cc9ec1be","D05","LIRO","LIRO.AOS.buoy.c1","LIRO.C1.20200629.FIL","A00000203151","2020-06-29T16:03Z","2020-06-29T16:03Z","EcoCore_CSU","Br",0.0050,"milligramsPerLiter",2.4,,0,,"Cold Chain Broken During Storage|Hold Time Exceeded"
"9d92a71a-5b3e-42c7-871d-64c3af0e1e27","D05","LIRO","LIRO.AOS.buoy.c1","LIRO.C1.20200629.FIL.3","A00000203149","2020-06-29T16:03Z","2020-06-29T16:03Z","EcoCore_CSU","Br",0.0050,"milligramsPerLiter",2.4,,0,,"Cold Chain Broken During Storage|Hold Time Exceeded"
"3c1f4999-e2a2-4ba6-a41b-aceede21c59f","D05","LIRO","LIRO.AOS.buoy.c1","LIRO.C1.20200629.FIL.3","A00000203149","2020-06-29T16:03Z","2020-06-29T16:03Z","EcoCore_CSU","SO4",0.6500,"milligramsPerLiter",2.4,,0,,"Cold Chain Broken During Storage|Hold Time Exceeded"
"8afedaf0-7a14-4809-a6d7-f4912cf566ae","D05","LIRO","LIRO.AOS.buoy.c1","LIRO.C1.20200629.FIL.2","A00000203150","2020-06-29T16:03Z","2020-06-29T16:03Z","EcoCore_CSU","F",0.0050,"milligramsPerLiter",2.4,,0,,"Cold Chain Broken During Storage|Hold Time Exceeded"
"421da87e-9e21-4f61-8739-70e95a6e2ac8","D05","LIRO","LIRO.AOS.buoy.c1","LIRO.C1.20200629.FIL.2","A00000203150","2020-06-29T16:03Z","2020-06-29T16:03Z","EcoCore_CSU","SO4",0.6375,"milligramsPerLiter",2.4,,0,,"Cold Chain Broken During Storage|Hold Time Exceeded"
"ad752a63-c420-480b-834f-f497587bac7b","D05","LIRO","LIRO.AOS.buoy.c1","LIRO.C1.20200629.FIL.2","A00000203150","2020-06-29T16:03Z","2020-06-29T16:03Z","EcoCore_CSU","Br",0.0050,"milligramsPerLiter",2.4,,0,,"Cold Chain Broken During Storage|Hold Time Exceeded"
"9f04db38-d9c1-4dcd-ad42-5ce950000bc4","D05","LIRO","LIRO.AOS.buoy.c1","LIRO.C1.20200629.FIL.2","A00000203150","2020-06-29T16:03Z","2020-06-29T16:03Z","EcoCore_CSU","Mn",0.0005,"milligramsPerLiter",2.4,,0,,"Hold Time Exceeded"
"184f0a74-b0e6-4d78-918d-86b37928af13","D05","LIRO","LIRO.AOS.buoy.c1","LIRO.C1.20200629.FIL","A00000203151","2020-06-29T16:03Z","2020-06-29T16:03Z","EcoCore_CSU","Si",0.1710,"milligramsPerLiter",2.4,,0,,"Hold Time Exceeded"
"bfb6e438-dd3c-4846-9fed-16a9584f9071","D05","LIRO","LIRO.AOS.buoy.c1","LIRO.C1.20200629.FIL.2","A00000203150","2020-06-29T16:03Z","2020-06-29T16:03Z","EcoCore_CSU","Ca",0.0750,"milligramsPerLiter",2.4,,0,,"Hold Time Exceeded"
"6fbb62e5-e6e0-4076-8f21-417de18df793","D05","LIRO","LIRO.AOS.buoy.c1","LIRO.C1.20200629.FIL.3","A00000203149","2020-06-29T16:03Z","2020-06-29T16:03Z","EcoCore_CSU","Mn",0.0005,"milligramsPerLiter",2.4,,0,,"Hold Time Exceeded"
"5677a963-558d-4c39-88a7-caa888369694","D05","LIRO","LIRO.AOS.buoy.c1","LIRO.C1.20200629.FIL.3","A00000203149","2020-06-29T16:03Z","2020-06-29T16:03Z","EcoCore_CSU","Fe",0.0090,"milligramsPerLiter",2.4,,0,,"Hold Time Exceeded"
"e0f17028-a6a0-443b-9f75-5b902f93d374","D05","LIRO","LIRO.AOS.buoy.c1","LIRO.C1.20200629.FIL","A00000203151","2020-06-29T16:03Z","2020-06-29T16:03Z","EcoCore_CSU","Ca",0.2730,"milligramsPerLiter",2.4,,0,,"Hold Time Exceeded"
"4ea689e9-402c-4a99-b6ba-57ce88887bf9","D05","LIRO","LIRO.AOS.buoy.c1","LIRO.C1.20200629.FIL.3","A00000203149","2020-06-29T16:03Z","2020-06-29T16:03Z","EcoCore_CSU","K",0.3590,"milligramsPerLiter",2.4,,0,,"Hold Time Exceeded"
"9d511e39-53a4-40cc-a969-3a7464ef1bda","D05","LIRO","LIRO.AOS.buoy.c1","LIRO.C1.20200629.FIL","A00000203151","2020-06-29T16:03Z","2020-06-29T16:03Z","EcoCore_CSU","Na",0.0370,"milligramsPerLiter",2.4,,0,,"Hold Time Exceeded"
"a22b4518-42d8-4534-ad53-e38257b199fb","D05","LIRO","LIRO.AOS.buoy.c1","LIRO.C1.20200629.FIL.3","A00000203149","2020-06-29T16:03Z","2020-06-29T16:03Z","EcoCore_CSU","Si",0.1200,"milligramsPerLiter",2.4,,0,,"Hold Time Exceeded"
"982ccace-5a34-4309-a460-83fb30901655","D05","LIRO","LIRO.AOS.buoy.c1","LIRO.C1.20200629.FIL","A00000203151","2020-06-29T16:03Z","2020-06-29T16:03Z","EcoCore_CSU","K",0.3810,"milligramsPerLiter",2.4,,0,,"Hold Time Exceeded"
"1233a171-3328-4611-9f79-ecf07f029690","D05","LIRO","LIRO.AOS.buoy.c1","LIRO.C1.20200629.FIL.2","A00000203150","2020-06-29T16:03Z","2020-06-29T16:03Z","EcoCore_CSU","Na",0.0320,"milligramsPerLiter",2.4,,0,,"Hold Time Exceeded"
"9d1ac339-b76d-4045-9fe8-59fdf95f6654","D05","LIRO","LIRO.AOS.buoy.c1","LIRO.C1.20200629.FIL","A00000203151","2020-06-29T16:03Z","2020-06-29T16:03Z","EcoCore_CSU","Fe",0.0080,"milligramsPerLiter",2.4,,0,,"Hold Time Exceeded"
"7eb1a7e1-4994-43fd-a3a1-2c328f52fc8e","D05","LIRO","LIRO.AOS.buoy.c1","LIRO.C1.20200629.FIL.3","A00000203149","2020-06-29T16:03Z","2020-06-29T16:03Z","EcoCore_CSU","Mg",0.2450,"milligramsPerLiter",2.4,,0,,"Hold Time Exceeded"
"df506cde-b1e9-41e5-9845-74b1b3b53bbf","D05","LIRO","LIRO.AOS.buoy.c1","LIRO.C1.20200629.FIL","A00000203151","2020-06-29T16:03Z","2020-06-29T16:03Z","EcoCore_CSU","Mn",0.0005,"milligramsPerLiter",2.4,,0,,"Hold Time Exceeded"
"03448a1e-d7d0-4241-87d1-a2a60d118f72","D05","LIRO","LIRO.AOS.buoy.c1","LIRO.C1.20200629.FIL.3","A00000203149","2020-06-29T16:03Z","2020-06-29T16:03Z","EcoCore_CSU","Na",0.0360,"milligramsPerLiter",2.4,,0,,"Hold Time Exceeded"
"75eb14bc-14d9-4d2d-b43b-6fb074943084","D05","LIRO","LIRO.AOS.buoy.c1","LIRO.C1.20200629.FIL","A00000203151","2020-06-29T16:03Z","2020-06-29T16:03Z","EcoCore_CSU","Mg",0.3350,"milligramsPerLiter",2.4,,0,,"Hold Time Exceeded"
"8f061422-3980-4f62-9c21-511adcc4ee85","D05","LIRO","LIRO.AOS.buoy.c1","LIRO.C1.20200629.FIL.3","A00000203149","2020-06-29T16:03Z","2020-06-29T16:03Z","EcoCore_CSU","Ca",0.0740,"milligramsPerLiter",2.4,,0,,"Hold Time Exceeded"
"074c1ab0-1cc6-4c84-ab05-bc5b995e568d","D05","LIRO","LIRO.AOS.buoy.c1","LIRO.C1.20200629.FIL.2","A00000203150","2020-06-29T16:03Z","2020-06-29T16:03Z","EcoCore_CSU","Mg",0.2420,"milligramsPerLiter",2.4,,0,,"Hold Time Exceeded"
"c89f3fcf-3d39-46fc-8a3d-4a2c575d2b3a","D05","LIRO","LIRO.AOS.buoy.c1","LIRO.C1.20200629.FIL.2","A00000203150","2020-06-29T16:03Z","2020-06-29T16:03Z","EcoCore_CSU","K",0.3640,"milligramsPerLiter",2.4,,0,,"Hold Time Exceeded"
"f8d50f49-c58f-4883-a4b5-243468920420","D05","LIRO","LIRO.AOS.buoy.c1","LIRO.C1.20200629.FIL.2","A00000203150","2020-06-29T16:03Z","2020-06-29T16:03Z","EcoCore_CSU","Fe",0.0070,"milligramsPerLiter",2.4,,0,,"Hold Time Exceeded"
"3bd68fa7-b281-4985-8b6c-9f44d4d44704","D05","LIRO","LIRO.AOS.buoy.c1","LIRO.C1.20200629.FIL.2","A00000203150","2020-06-29T16:03Z","2020-06-29T16:03Z","EcoCore_CSU","Si",0.0730,"milligramsPerLiter",2.4,,0,,"Hold Time Exceeded"
"f69d7b3d-8edc-40ea-ae67-349835737811","D05","LIRO","LIRO.AOS.buoy.c1","LIRO.C1.20200629.POM.1","A00000203190","2020-06-29T16:03Z","2020-06-29T16:03Z","SIRFER Lab at University of Utah","TPN",107.9509,"microgramsPerLiter",,,-1,,"OK"
"c6003059-a32c-443a-b11a-5ecfad5e3c90","D05","LIRO","LIRO.AOS.buoy.c1","LIRO.C1.20200629.POM.1","A00000203190","2020-06-29T16:03Z","2020-06-29T16:03Z","SIRFER Lab at University of Utah","TPC",873.3056,"microgramsPerLiter",,,-1,,"OK"
"e1c0c021-964c-4d6b-bb68-4a84a439f09b","D05","LIRO","LIRO.AOS.buoy.c1","LIRO.C1.20200629.FIL.3","A00000203149","2020-06-29T16:03Z","2020-06-29T16:03Z","EcoCore_CSU","HCO3",,"milligramsPerLiter",2.4,,0,,"Cold Chain Broken"
"c055a88e-cdd4-49fa-bbe7-56f0ca7a7a32","D05","LIRO","LIRO.AOS.buoy.c1","LIRO.C1.20200629.RAW.3","A00000203152","2020-06-29T16:03Z","2020-06-29T16:03Z","EcoCore_CSU","TSS - Dry Mass",,"microgram",2.4,,0,,"Cold Chain Broken"
"e46bf630-5f47-42cd-8734-711430406dae","D05","LIRO","LIRO.AOS.buoy.c1","LIRO.C1.20200629.RAW","A00000203154","2020-06-29T16:03Z","2020-06-29T16:03Z","EcoCore_CSU","TSS - Dry Mass",,"microgram",2.4,,0,,"Cold Chain Broken"
"447b58d8-f6d9-48b1-af78-f4d018aed29d","D05","LIRO","LIRO.AOS.buoy.c1","LIRO.C1.20200629.FIL","A00000203151","2020-06-29T16:03Z","2020-06-29T16:03Z","EcoCore_CSU","TDS",,"milligramsPerLiter",2.4,,0,,"Cold Chain Broken"
"e9df145f-8f80-4fb8-a0d1-253a8c563a75","D05","LIRO","LIRO.AOS.buoy.c1","LIRO.C1.20200629.FIL.2","A00000203150","2020-06-29T16:03Z","2020-06-29T16:03Z","EcoCore_CSU","TDS",,"milligramsPerLiter",2.4,,0,,"Cold Chain Broken"
"00240638-c5c3-443e-9ac3-c7d659ed90a4","D05","LIRO","LIRO.AOS.buoy.c1","LIRO.C1.20200629.RAW","A00000203154","2020-06-29T16:03Z","2020-06-29T16:03Z","EcoCore_CSU","pH",,"pH",2.4,,0,,"Cold Chain Broken"
"e44e8276-32e9-4543-bc5b-ac1127c10ed8","D05","LIRO","LIRO.AOS.buoy.c1","LIRO.C1.20200629.FIL","A00000203151","2020-06-29T16:03Z","2020-06-29T16:03Z","EcoCore_CSU","CO3",,"milligramsPerLiter",2.4,,0,,"Cold Chain Broken"
"21a967ee-d17e-4807-adc6-69834d2a3ab3","D05","LIRO","LIRO.AOS.buoy.c1","LIRO.C1.20200629.RAW.3","A00000203152","2020-06-29T16:03Z","2020-06-29T16:03Z","EcoCore_CSU","pH",,"pH",2.4,,0,,"Cold Chain Broken"
"04768681-1d13-43d3-9313-261bec360e61","D05","LIRO","LIRO.AOS.buoy.c1","LIRO.C1.20200629.RAW.2","A00000203153","2020-06-29T16:03Z","2020-06-29T16:03Z","EcoCore_CSU","TSS - Dry Mass",,"microgram",2.4,,0,,"Cold Chain Broken"
"b84ac226-ed82-4c37-b716-c71eab410844","D05","LIRO","LIRO.AOS.buoy.c1","LIRO.C1.20200629.FIL.2","A00000203150","2020-06-29T16:03Z","2020-06-29T16:03Z","EcoCore_CSU","HCO3",,"milligramsPerLiter",2.4,,0,,"Cold Chain Broken"
"05018061-128c-40d9-bb84-e28d7e3cd815","D05","LIRO","LIRO.AOS.buoy.c1","LIRO.C1.20200629.FIL.2","A00000203150","2020-06-29T16:03Z","2020-06-29T16:03Z","EcoCore_CSU","CO3",,"milligramsPerLiter",2.4,,0,,"Cold Chain Broken"
"ad2062dd-6333-4a1d-9292-3901f4df98d1","D05","LIRO","LIRO.AOS.buoy.c1","LIRO.C1.20200629.FIL","A00000203151","2020-06-29T16:03Z","2020-06-29T16:03Z","EcoCore_CSU","HCO3",,"milligramsPerLiter",2.4,,0,,"Cold Chain Broken"
"208b6af8-c5e1-4ed5-9926-903088fef9c4","D05","LIRO","LIRO.AOS.buoy.c1","LIRO.C1.20200629.RAW.2","A00000203153","2020-06-29T16:03Z","2020-06-29T16:03Z","EcoCore_CSU","pH",,"pH",2.4,,0,,"Cold Chain Broken"
"d0b67a4d-cb6f-4e06-ad27-d95d34200472","D05","LIRO","LIRO.AOS.buoy.c1","LIRO.C1.20200629.RAW.3","A00000203152","2020-06-29T16:03Z","2020-06-29T16:03Z","EcoCore_CSU","TSS",,"milligramsPerLiter",2.4,,0,,"Cold Chain Broken"
"ca1f4d16-0538-4cd4-985f-3b3c4e3fc569","D05","LIRO","LIRO.AOS.buoy.c1","LIRO.C1.20200629.FIL.3","A00000203149","2020-06-29T16:03Z","2020-06-29T16:03Z","EcoCore_CSU","TDS",,"milligramsPerLiter",2.4,,0,,"Cold Chain Broken"
"108671db-c850-4ed0-805e-c62934867da1","D05","LIRO","LIRO.AOS.buoy.c1","LIRO.C1.20200629.FIL.3","A00000203149","2020-06-29T16:03Z","2020-06-29T16:03Z","EcoCore_CSU","CO3",,"milligramsPerLiter",2.4,,0,,"Cold Chain Broken"
"483352b3-765b-4dad-a97e-ae9464ae7986","D05","LIRO","LIRO.AOS.buoy.c1","LIRO.C1.20200629.RAW","A00000203154","2020-06-29T16:03Z","2020-06-29T16:03Z","EcoCore_CSU","TSS",,"milligramsPerLiter",2.4,,0,,"Cold Chain Broken"
"11e048cb-f6f5-4d8f-a959-177589606197","D05","LIRO","LIRO.AOS.buoy.c1","LIRO.C1.20200629.RAW.2","A00000203153","2020-06-29T16:03Z","2020-06-29T16:03Z","EcoCore_CSU","TSS",,"milligramsPerLiter",2.4,,0,,"Cold Chain Broken"
"e024530d-ee2d-4699-aec3-05d6cd7c9c50","D05","LIRO","LIRO.AOS.buoy.c1","LIRO.C1.20200629.FIL.3","A00000203149","2020-06-29T16:03Z","2020-06-29T16:03Z","EcoCore_CSU","UV Absorbance (254 nm)",0.4872,,2.4,,0,,"OK"
"8b1b0832-7ee3-4e35-bff7-1ab22b9926bc","D05","LIRO","LIRO.AOS.buoy.c1","LIRO.C1.20200629.FIL.2","A00000203150","2020-06-29T16:03Z","2020-06-29T16:03Z","EcoCore_CSU","UV Absorbance (254 nm)",0.4896,,2.4,,0,,"OK"
"f01bae55-f4da-4dd1-93ba-0f908601fb05","D05","LIRO","LIRO.AOS.buoy.c1","LIRO.C1.20200629.FIL.2","A00000203150","2020-06-29T16:03Z","2020-06-29T16:03Z","EcoCore_CSU","UV Absorbance (280 nm)",0.2632,,2.4,,0,,"OK"
"a340c6be-f47b-4943-908c-5811c935c517","D05","LIRO","LIRO.AOS.buoy.c1","LIRO.C1.20200629.FIL","A00000203151","2020-06-29T16:03Z","2020-06-29T16:03Z","EcoCore_CSU","UV Absorbance (280 nm)",0.1556,,2.4,,0,,"OK"
"4a4dc4e2-87fd-4cee-ab95-7e99229d3653","D05","LIRO","LIRO.AOS.buoy.c1","LIRO.C1.20200629.FIL.3","A00000203149","2020-06-29T16:03Z","2020-06-29T16:03Z","EcoCore_CSU","UV Absorbance (280 nm)",0.2601,,2.4,,0,,"OK"
"f01c76f3-27d0-4cb8-a05a-a1ec746a3673","D05","LIRO","LIRO.AOS.buoy.c1","LIRO.C1.20200629.FIL","A00000203151","2020-06-29T16:03Z","2020-06-29T16:03Z","EcoCore_CSU","UV Absorbance (254 nm)",0.2042,,2.4,,0,,"OK"
"92d85159-6b32-4d02-baa7-1554544f7d69","D05","LIRO","LIRO.AOS.buoy.c1","LIRO.C1.20200629.FIL","A00000203151","2020-06-29T16:03Z","2020-06-29T16:03Z","EcoCore_CSU","DIC",2.1060,"milligramsPerLiter",2.4,,0,,"OK"
"6c895b9e-0e7d-49e7-80bd-949881852d1b","D05","LIRO","LIRO.AOS.buoy.c1","LIRO.C1.20200629.FIL.2","A00000203150","2020-06-29T16:03Z","2020-06-29T16:03Z","EcoCore_CSU","TDN",0.2414,"milligramsPerLiter",2.4,,0,,"OK"
"93d3af4b-a479-4b81-af7c-5f749b28e5e4","D05","LIRO","LIRO.AOS.buoy.c1","LIRO.C1.20200629.FIL.3","A00000203149","2020-06-29T16:03Z","2020-06-29T16:03Z","EcoCore_CSU","TDN",0.2420,"milligramsPerLiter",2.4,,0,,"OK"
"32be74a1-ecc2-4647-bbf0-c0423148fb34","D05","LIRO","LIRO.AOS.buoy.c1","LIRO.C1.20200629.FIL","A00000203151","2020-06-29T16:03Z","2020-06-29T16:03Z","EcoCore_CSU","TDN",0.3039,"milligramsPerLiter",2.4,,0,,"OK"
"68f2f4c8-38b5-4eed-8b12-7c1c90b05a62","D05","LIRO","LIRO.AOS.buoy.c1","LIRO.C1.20200629.FIL.2","A00000203150","2020-06-29T16:03Z","2020-06-29T16:03Z","EcoCore_CSU","DOC",4.0790,"milligramsPerLiter",2.4,,0,,"OK"
"c4396384-30c4-4490-968f-268eb3868dd6","D05","LIRO","LIRO.AOS.buoy.c1","LIRO.C1.20200629.FIL.3","A00000203149","2020-06-29T16:03Z","2020-06-29T16:03Z","EcoCore_CSU","DIC",1.2810,"milligramsPerLiter",2.4,,0,,"OK"
"5ec07c68-16d6-471b-8b41-95bd26df9979","D05","LIRO","LIRO.AOS.buoy.c1","LIRO.C1.20200629.FIL","A00000203151","2020-06-29T16:03Z","2020-06-29T16:03Z","EcoCore_CSU","DOC",3.9280,"milligramsPerLiter",2.4,,0,,"OK"
"31211c79-f15a-4a59-a811-c8aed42acf14","D05","LIRO","LIRO.AOS.buoy.c1","LIRO.C1.20200629.FIL.2","A00000203150","2020-06-29T16:03Z","2020-06-29T16:03Z","EcoCore_CSU","DIC",1.2020,"milligramsPerLiter",2.4,,0,,"OK"
"6ad139fc-5d42-4636-86b6-608bd5d4e66f","D05","LIRO","LIRO.AOS.buoy.c1","LIRO.C1.20200629.FIL.3","A00000203149","2020-06-29T16:03Z","2020-06-29T16:03Z","EcoCore_CSU","DOC",3.9010,"milligramsPerLiter",2.4,,0,,"OK"
"b10e7dce-73c9-4316-b1fd-2c5e0bea3dfc","D05","LIRO","LIRO.AOS.buoy.c1","LIRO.C1.20200629.RAW.2","A00000203153","2020-06-29T16:03Z","2020-06-29T16:03Z","EcoCore_CSU","TN",0.3635,"milligramsPerLiter",2.4,,0,,"OK"
"ed2e86d1-3651-4151-8f08-6c534d7b5abf","D05","LIRO","LIRO.AOS.buoy.c1","LIRO.C1.20200629.RAW.2","A00000203153","2020-06-29T16:03Z","2020-06-29T16:03Z","EcoCore_CSU","TOC",4.2950,"milligramsPerLiter",2.4,,0,,"OK"
"0b2e6f44-055b-47a8-b667-900c9677b4b7","D05","LIRO","LIRO.AOS.buoy.c1","LIRO.C1.20200629.RAW.3","A00000203152","2020-06-29T16:03Z","2020-06-29T16:03Z","EcoCore_CSU","TN",0.2698,"milligramsPerLiter",2.4,,0,,"OK"
"11f8f277-e6c9-4dd9-b939-51794223917f","D05","LIRO","LIRO.AOS.buoy.c1","LIRO.C1.20200629.RAW","A00000203154","2020-06-29T16:03Z","2020-06-29T16:03Z","EcoCore_CSU","TOC",4.4740,"milligramsPerLiter",2.4,,0,,"OK"
"6dc87ed3-d1f1-42a5-a94c-90028c759d1b","D05","LIRO","LIRO.AOS.buoy.c1","LIRO.C1.20200629.RAW","A00000203154","2020-06-29T16:03Z","2020-06-29T16:03Z","EcoCore_CSU","TN",0.2895,"milligramsPerLiter",2.4,,0,,"OK"
"8afc5774-89eb-463b-93f8-0be23bbc24e8","D05","LIRO","LIRO.AOS.buoy.c1","LIRO.C1.20200629.RAW.3","A00000203152","2020-06-29T16:03Z","2020-06-29T16:03Z","EcoCore_CSU","TOC",4.2400,"milligramsPerLiter",2.4,,0,,"OK"
