uid,domainID,siteID,namedLocation,sampleID,sampleCode,startDate,collectDate,laboratoryName,analyte,analyteConcentration,analyteUnits,coolerTemp,remarks,shipmentWarmQF,externalLabDataQF,sampleCondition
"44a1bcc1-17f5-48f7-ad64-dc126823a529","D05","LIRO","LIRO.AOS.buoy.c1","LIRO.C1.20200803.FIL.3","A00000204077","2020-08-03T15:39Z","2020-08-03T15:39Z","EcoCore_CSU","SO4",0.5992,"milligramsPerLiter",2.3,,0,,"Cold Chain Broken During Storage|Hold Time Exceeded"
"cb26927e-232a-470a-a445-525ee098dfb0","D05","LIRO","LIRO.AOS.buoy.c1","LIRO.C1.20200803.FIL.3","A00000204077","2020-08-03T15:39Z","2020-08-03T15:39Z","EcoCore_CSU","F",0.0358,"milligramsPerLiter",2.3,,0,,"Cold Chain Broken During Storage|Hold Time Exceeded"
"d0841c2a-4f34-4b6e-ae6e-e682cfc2c423","D05","LIRO","LIRO.AOS.buoy.c1","LIRO.C1.20200803.FIL","A00000204085","2020-08-03T15:39Z","2020-08-03T15:39Z","EcoCore_CSU","SO4",0.6512,"milligramsPerLiter",3.5,,0,,"Cold Chain Broken During Storage|Hold Time Exceeded"
"1bb2b3d3-3863-4c0a-bb8a-7e9e7fa96a4d","D05","LIRO","LIRO.AOS.buoy.c1","LIRO.C1.20200803.FIL.3","A00000204077","2020-08-03T15:39Z","2020-08-03T15:39Z","EcoCore_CSU","Br",0.0050,"milligramsPerLiter",2.3,,0,,"Cold Chain Broken During Storage|Hold Time Exceeded"
"dc44b2eb-ff3d-41c7-82ee-ea497b568fe8","D05","LIRO","LIRO.AOS.buoy.c1","LIRO.C1.20200803.FIL","A00000204085","2020-08-03T15:39Z","2020-08-03T15:39Z","EcoCore_CSU","Cl",0.3142,"milligramsPerLiter",3.5,,0,,"Cold Chain Broken During Storage|Hold Time Exceeded"
"f64ede85-f2ad-4e7e-81b7-7330ab6afddf","D05","LIRO","LIRO.AOS.buoy.c1","LIRO.C1.20200803.FIL.3","A00000204077","2020-08-03T15:39Z","2020-08-03T15:39Z","EcoCore_CSU","Cl",0.2452,"milligramsPerLiter",2.3,,0,,"Cold Chain Broken During Storage|Hold Time Exceeded"
"cfe0a1f6-7ad6-42e8-a3d6-4c8782272a97","D05","LIRO","LIRO.AOS.buoy.c1","LIRO.C1.20200803.FIL.2","A00000204081","2020-08-03T15:39Z","2020-08-03T15:39Z","EcoCore_CSU","SO4",0.6164,"milligramsPerLiter",2.3,,0,,"Cold Chain Broken During Storage|Hold Time Exceeded"
"666bcc40-0849-43de-bb90-c97c854a64ae","D05","LIRO","LIRO.AOS.buoy.c1","LIRO.C1.20200803.FIL","A00000204085","2020-08-03T15:39Z","2020-08-03T15:39Z","EcoCore_CSU","F",0.0371,"milligramsPerLiter",3.5,,0,,"Cold Chain Broken During Storage|Hold Time Exceeded"
"34f8ad05-2875-4e90-bd43-159619049b5d","D05","LIRO","LIRO.AOS.buoy.c1","LIRO.C1.20200803.FIL","A00000204085","2020-08-03T15:39Z","2020-08-03T15:39Z","EcoCore_CSU","Br",0.0050,"milligramsPerLiter",3.5,,0,,"Cold Chain Broken During Storage|Hold Time Exceeded"
"9d84437b-0ad5-4bc8-99b1-1b6b0fd0589a","D05","LIRO","LIRO.AOS.buoy.c1","LIRO.C1.20200803.FIL.2","A00000204081","2020-08-03T15:39Z","2020-08-03T15:39Z","EcoCore_CSU","Cl",0.2846,"milligramsPerLiter",2.3,,0,,"Cold Chain Broken During Storage|Hold Time Exceeded"
"52c9a09a-b53d-4e1d-9848-68000e486818","D05","LIRO","LIRO.AOS.buoy.c1","LIRO.C1.20200803.FIL.2","A00000204081","2020-08-03T15:39Z","2020-08-03T15:39Z","EcoCore_CSU","F",0.0050,"milligramsPerLiter",2.3,,0,,"Cold Chain Broken During Storage|Hold Time Exceeded"
"0c40cfb4-e8d1-4fd7-b435-c8ad070f12af","D05","LIRO","LIRO.AOS.buoy.c1","LIRO.C1.20200803.FIL.2","A00000204081","2020-08-03T15:39Z","2020-08-03T15:39Z","EcoCore_CSU","Br",0.0050,"milligramsPerLiter",2.3,,0,,"Cold Chain Broken During Storage|Hold Time Exceeded"
"e70405ee-21a1-4d34-9e56-03dadc4c0e5d","D05","LIRO","LIRO.AOS.buoy.c1","LIRO.C1.20200803.FIL","A00000204085","2020-08-03T15:39Z","2020-08-03T15:39Z","EcoCore_CSU","Mn",0.0005,"milligramsPerLiter",3.5,,0,,"Hold Time Exceeded"
"93c667a3-a80c-4b15-bb5f-61afc8101248","D05","LIRO","LIRO.AOS.buoy.c1","LIRO.C1.20200803.FIL","A00000204085","2020-08-03T15:39Z","2020-08-03T15:39Z","EcoCore_CSU","Fe",0.0150,"milligramsPerLiter",3.5,,0,,"Hold Time Exceeded"
"06b0a3c2-415f-411c-a804-af5fb138ee40","D05","LIRO","LIRO.AOS.buoy.c1","LIRO.C1.20200803.FIL.3","A00000204077","2020-08-03T15:39Z","2020-08-03T15:39Z","EcoCore_CSU","Ca",0.0630,"milligramsPerLiter",2.3,,0,,"Hold Time Exceeded"
"be6d9a3e-3f28-45c9-b3b7-0ec633c5368d","D05","LIRO","LIRO.AOS.buoy.c1","LIRO.C1.20200803.FIL.2","A00000204081","2020-08-03T15:39Z","2020-08-03T15:39Z","EcoCore_CSU","Si",0.0910,"milligramsPerLiter",2.3,,0,,"Hold Time Exceeded"
"4039fea2-b148-4f86-a821-e8d89cbb2681","D05","LIRO","LIRO.AOS.buoy.c1","LIRO.C1.20200803.FIL","A00000204085","2020-08-03T15:39Z","2020-08-03T15:39Z","EcoCore_CSU","Mg",0.2610,"milligramsPerLiter",3.5,,0,,"Hold Time Exceeded"
"15c4a1c6-4801-4d19-aca3-99f1a5189a96","D05","LIRO","LIRO.AOS.buoy.c1","LIRO.C1.20200803.FIL","A00000204085","2020-08-03T15:39Z","2020-08-03T15:39Z","EcoCore_CSU","Ca",0.0730,"milligramsPerLiter",3.5,,0,,"Hold Time Exceeded"
"fe8200d0-4480-48c5-9b02-91ec7a85356a","D05","LIRO","LIRO.AOS.buoy.c1","LIRO.C1.20200803.FIL.3","A00000204077","2020-08-03T15:39Z","2020-08-03T15:39Z","EcoCore_CSU","Si",0.0830,"milligramsPerLiter",2.3,,0,,"Hold Time Exceeded"
"7125ad2c-9201-49b6-9808-da9328bf460d","D05","LIRO","LIRO.AOS.buoy.c1","LIRO.C1.20200803.FIL.2","A00000204081","2020-08-03T15:39Z","2020-08-03T15:39Z","EcoCore_CSU","Mg",0.2270,"milligramsPerLiter",2.3,,0,,"Hold Time Exceeded"
"34cac9dd-d336-4f0c-8162-b7d499cfa2b6","D05","LIRO","LIRO.AOS.buoy.c1","LIRO.C1.20200803.FIL.3","A00000204077","2020-08-03T15:39Z","2020-08-03T15:39Z","EcoCore_CSU","Fe",0.0160,"milligramsPerLiter",2.3,,0,,"Hold Time Exceeded"
"14d9a942-fa85-4dcb-8659-752528953f19","D05","LIRO","LIRO.AOS.buoy.c1","LIRO.C1.20200803.FIL.2","A00000204081","2020-08-03T15:39Z","2020-08-03T15:39Z","EcoCore_CSU","Fe",0.0150,"milligramsPerLiter",2.3,,0,,"Hold Time Exceeded"
"41092251-95d7-4a7c-bf4f-453af4e23667","D05","LIRO","LIRO.AOS.buoy.c1","LIRO.C1.20200803.FIL.3","A00000204077","2020-08-03T15:39Z","2020-08-03T15:39Z","EcoCore_CSU","K",0.3790,"milligramsPerLiter",2.3,,0,,"Hold Time Exceeded"
"f8b89abb-24e0-4281-877b-608d6d8cce89","D05","LIRO","LIRO.AOS.buoy.c1","LIRO.C1.20200803.FIL.2","A00000204081","2020-08-03T15:39Z","2020-08-03T15:39Z","EcoCore_CSU","Mn",0.0005,"milligramsPerLiter",2.3,,0,,"Hold Time Exceeded"
"ba5140c0-941f-4453-80d5-261fcbac5561","D05","LIRO","LIRO.AOS.buoy.c1","LIRO.C1.20200803.FIL.2","A00000204081","2020-08-03T15:39Z","2020-08-03T15:39Z","EcoCore_CSU","K",0.3730,"milligramsPerLiter",2.3,,0,,"Hold Time Exceeded"
"cc55e491-1506-4a33-9126-c83d9eb31d9e","D05","LIRO","LIRO.AOS.buoy.c1","LIRO.C1.20200803.FIL","A00000204085","2020-08-03T15:39Z","2020-08-03T15:39Z","EcoCore_CSU","Si",0.1230,"milligramsPerLiter",3.5,,0,,"Hold Time Exceeded"
"02077fa0-0389-4073-a42d-d1ace7285d1f","D05","LIRO","LIRO.AOS.buoy.c1","LIRO.C1.20200803.FIL","A00000204085","2020-08-03T15:39Z","2020-08-03T15:39Z","EcoCore_CSU","Na",0.0410,"milligramsPerLiter",3.5,,0,,"Hold Time Exceeded"
"38610d81-1705-4ee9-8fc5-c3edcf820150","D05","LIRO","LIRO.AOS.buoy.c1","LIRO.C1.20200803.FIL.3","A00000204077","2020-08-03T15:39Z","2020-08-03T15:39Z","EcoCore_CSU","Na",0.0330,"milligramsPerLiter",2.3,,0,,"Hold Time Exceeded"
"eb9786f3-9922-4af8-995e-7438442f235a","D05","LIRO","LIRO.AOS.buoy.c1","LIRO.C1.20200803.FIL.2","A00000204081","2020-08-03T15:39Z","2020-08-03T15:39Z","EcoCore_CSU","Na",0.0260,"milligramsPerLiter",2.3,,0,,"Hold Time Exceeded"
"f1e3c9ae-cbf2-4865-acb5-647259d1872b","D05","LIRO","LIRO.AOS.buoy.c1","LIRO.C1.20200803.FIL.3","A00000204077","2020-08-03T15:39Z","2020-08-03T15:39Z","EcoCore_CSU","Mg",0.2270,"milligramsPerLiter",2.3,,0,,"Hold Time Exceeded"
"eeee7945-69ea-4c1c-9e31-7ecbe351bba8","D05","LIRO","LIRO.AOS.buoy.c1","LIRO.C1.20200803.FIL.3","A00000204077","2020-08-03T15:39Z","2020-08-03T15:39Z","EcoCore_CSU","Mn",0.0005,"milligramsPerLiter",2.3,,0,,"Hold Time Exceeded"
"3225930e-6caa-400b-b017-1693585369fc","D05","LIRO","LIRO.AOS.buoy.c1","LIRO.C1.20200803.FIL","A00000204085","2020-08-03T15:39Z","2020-08-03T15:39Z","EcoCore_CSU","K",0.3870,"milligramsPerLiter",3.5,,0,,"Hold Time Exceeded"
"c69067e4-5556-4a2d-9652-c4c9b5f4bf26","D05","LIRO","LIRO.AOS.buoy.c1","LIRO.C1.20200803.FIL.2","A00000204081","2020-08-03T15:39Z","2020-08-03T15:39Z","EcoCore_CSU","Ca",0.0620,"milligramsPerLiter",2.3,,0,,"Hold Time Exceeded"
"7d3109b6-ba4f-4f77-9702-f19b78a7d32e","D05","LIRO","LIRO.AOS.buoy.c1","LIRO.C1.20200803.POM.1","A00000203774","2020-08-03T15:39Z","2020-08-03T15:39Z","SIRFER Lab at University of Utah","TPN",103.7556,"microgramsPerLiter",,,-1,,"OK"
"253d477d-0adf-41a7-a291-b56a87f92a26","D05","LIRO","LIRO.AOS.buoy.c1","LIRO.C1.20200803.POM.1","A00000203774","2020-08-03T15:39Z","2020-08-03T15:39Z","SIRFER Lab at University of Utah","TPC",852.7430,"microgramsPerLiter",,,-1,,"OK"
"ddeb781d-0294-4d8c-8e8a-99e0300c9828","D05","LIRO","LIRO.AOS.buoy.c1","LIRO.C1.20200803.FIL.3","A00000204077","2020-08-03T15:39Z","2020-08-03T15:39Z","EcoCore_CSU","CO3",,"milligramsPerLiter",2.3,,0,,"Cold Chain Broken"
"2b5be931-35af-437f-82ec-eef187a816e9","D05","LIRO","LIRO.AOS.buoy.c1","LIRO.C1.20200803.RAW","A00000204074","2020-08-03T15:39Z","2020-08-03T15:39Z","EcoCore_CSU","pH",,"pH",3.5,,0,,"Cold Chain Broken"
"34429a1f-abf6-44b7-9e2c-3da6d38e7a79","D05","LIRO","LIRO.AOS.buoy.c1","LIRO.C1.20200803.FIL.2","A00000204081","2020-08-03T15:39Z","2020-08-03T15:39Z","EcoCore_CSU","TDS",,"milligramsPerLiter",2.3,,0,,"Cold Chain Broken"
"80013f91-89f2-49ef-b2e4-f4bb7e61a891","D05","LIRO","LIRO.AOS.buoy.c1","LIRO.C1.20200803.FIL.2","A00000204081","2020-08-03T15:39Z","2020-08-03T15:39Z","EcoCore_CSU","CO3",,"milligramsPerLiter",2.3,,0,,"Cold Chain Broken"
"6687e8ad-89d3-4e11-9df4-e70bcd66ec12","D05","LIRO","LIRO.AOS.buoy.c1","LIRO.C1.20200803.FIL.3","A00000204077","2020-08-03T15:39Z","2020-08-03T15:39Z","EcoCore_CSU","HCO3",,"milligramsPerLiter",2.3,,0,,"Cold Chain Broken"
"6b866e42-ecc1-44a6-be18-f084ac1415ec","D05","LIRO","LIRO.AOS.buoy.c1","LIRO.C1.20200803.FIL.2","A00000204081","2020-08-03T15:39Z","2020-08-03T15:39Z","EcoCore_CSU","HCO3",,"milligramsPerLiter",2.3,,0,,"Cold Chain Broken"
"80ff8282-0c8d-43b6-85c5-4f9c22196a14","D05","LIRO","LIRO.AOS.buoy.c1","LIRO.C1.20200803.RAW.2","A00000204068","2020-08-03T15:39Z","2020-08-03T15:39Z","EcoCore_CSU","pH",,"pH",2.3,,0,,"Cold Chain Broken"
"0ab862cb-2f44-4c8d-935a-0a7300d5c896","D05","LIRO","LIRO.AOS.buoy.c1","LIRO.C1.20200803.RAW.3","A00000204070","2020-08-03T15:39Z","2020-08-03T15:39Z","EcoCore_CSU","pH",,"pH",2.3,,0,,"Cold Chain Broken"
"d6c6e42f-d33c-4663-bd4a-b78a0ba34310","D05","LIRO","LIRO.AOS.buoy.c1","LIRO.C1.20200803.RAW.2","A00000204068","2020-08-03T15:39Z","2020-08-03T15:39Z","EcoCore_CSU","TSS - Dry Mass",,"microgram",2.3,,0,,"Cold Chain Broken"
"d6f747be-06e6-46db-bece-cc9afc90c502","D05","LIRO","LIRO.AOS.buoy.c1","LIRO.C1.20200803.RAW","A00000204074","2020-08-03T15:39Z","2020-08-03T15:39Z","EcoCore_CSU","TSS",,"milligramsPerLiter",3.5,,0,,"Cold Chain Broken"
"4e9f73f0-4390-4f96-9636-825f5b764804","D05","LIRO","LIRO.AOS.buoy.c1","LIRO.C1.20200803.FIL","A00000204085","2020-08-03T15:39Z","2020-08-03T15:39Z","EcoCore_CSU","TDS",,"milligramsPerLiter",3.5,,0,,"Cold Chain Broken"
"31b0985b-ae38-41fc-89c2-a142eae7e5a5","D05","LIRO","LIRO.AOS.buoy.c1","LIRO.C1.20200803.RAW.3","A00000204070","2020-08-03T15:39Z","2020-08-03T15:39Z","EcoCore_CSU","TSS - Dry Mass",,"microgram",2.3,,0,,"Cold Chain Broken"
"886256cc-e7ed-450a-afd8-fca7dcbed229","D05","LIRO","LIRO.AOS.buoy.c1","LIRO.C1.20200803.RAW.2","A00000204068","2020-08-03T15:39Z","2020-08-03T15:39Z","EcoCore_CSU","TSS",,"milligramsPerLiter",2.3,,0,,"Cold Chain Broken"
"e420f6cb-e734-4590-a974-504a5d3c77d1","D05","LIRO","LIRO.AOS.buoy.c1","LIRO.C1.20200803.RAW.3","A00000204070","2020-08-03T15:39Z","2020-08-03T15:39Z","EcoCore_CSU","TSS",,"milligramsPerLiter",2.3,,0,,"Cold Chain Broken"
"29078171-6c2e-4010-ad51-79c4eb8966a1","D05","LIRO","LIRO.AOS.buoy.c1","LIRO.C1.20200803.FIL.3","A00000204077","2020-08-03T15:39Z","2020-08-03T15:39Z","EcoCore_CSU","TDS",,"milligramsPerLiter",2.3,,0,,"Cold Chain Broken"
"cecb6ee4-ade1-4215-a24c-c603a10e9410","D05","LIRO","LIRO.AOS.buoy.c1","LIRO.C1.20200803.RAW","A00000204074","2020-08-03T15:39Z","2020-08-03T15:39Z","EcoCore_CSU","TSS - Dry Mass",,"microgram",3.5,,0,,"Cold Chain Broken"
"36d83256-10c2-44e5-b754-776e56623c8d","D05","LIRO","LIRO.AOS.buoy.c1","LIRO.C1.20200803.FIL","A00000204085","2020-08-03T15:39Z","2020-08-03T15:39Z","EcoCore_CSU","HCO3",,"milligramsPerLiter",3.5,,0,,"Cold Chain Broken"
"7dbfd786-a16a-48bc-8729-a1fb19bfc370","D05","LIRO","LIRO.AOS.buoy.c1","LIRO.C1.20200803.FIL","A00000204085","2020-08-03T15:39Z","2020-08-03T15:39Z","EcoCore_CSU","CO3",,"milligramsPerLiter",3.5,,0,,"Cold Chain Broken"
"cdb72590-5e11-401b-b1e0-0a5e7c91468e","D05","LIRO","LIRO.AOS.buoy.c1","LIRO.C1.20200803.FIL.3","A00000204077","2020-08-03T15:39Z","2020-08-03T15:39Z","EcoCore_CSU","UV Absorbance (280 nm)",0.0770,,2.3,,0,,"OK"
"6a33d15e-8f69-4895-b4c9-dea84a7c1050","D05","LIRO","LIRO.AOS.buoy.c1","LIRO.C1.20200803.FIL.2","A00000204081","2020-08-03T15:39Z","2020-08-03T15:39Z","EcoCore_CSU","UV Absorbance (280 nm)",0.0779,,2.3,,0,,"OK"
"e4436b58-d1de-4a20-a3d2-1a5f9c34f78a","D05","LIRO","LIRO.AOS.buoy.c1","LIRO.C1.20200803.FIL","A00000204085","2020-08-03T15:39Z","2020-08-03T15:39Z","EcoCore_CSU","UV Absorbance (254 nm)",0.1120,,3.5,,0,,"OK"
"2f3a219e-187b-40f1-886e-e7ff2e79d757","D05","LIRO","LIRO.AOS.buoy.c1","LIRO.C1.20200803.FIL.3","A00000204077","2020-08-03T15:39Z","2020-08-03T15:39Z","EcoCore_CSU","UV Absorbance (254 nm)",0.1073,,2.3,,0,,"OK"
"7f87492d-c7cd-4efc-9e38-a71a23f2a42c","D05","LIRO","LIRO.AOS.buoy.c1","LIRO.C1.20200803.FIL.2","A00000204081","2020-08-03T15:39Z","2020-08-03T15:39Z","EcoCore_CSU","UV Absorbance (254 nm)",0.1088,,2.3,,0,,"OK"
"5ac91d80-4bde-4b08-992b-07d8544717b4","D05","LIRO","LIRO.AOS.buoy.c1","LIRO.C1.20200803.FIL","A00000204085","2020-08-03T15:39Z","2020-08-03T15:39Z","EcoCore_CSU","UV Absorbance (280 nm)",0.0673,,3.5,,0,,"OK"
"72c75f51-f379-4159-a1ec-f42343d9717a","D05","LIRO","LIRO.AOS.buoy.c1","LIRO.C1.20200803.RAW","A00000204074","2020-08-03T15:39Z","2020-08-03T15:39Z","EcoCore_CSU","TOC",4.5380,"milligramsPerLiter",3.5,,0,,"OK"
"5f9ee56d-5011-47d6-877f-ca48907a9612","D05","LIRO","LIRO.AOS.buoy.c1","LIRO.C1.20200803.FIL.3","A00000204077","2020-08-03T15:39Z","2020-08-03T15:39Z","EcoCore_CSU","TDN",0.2835,"milligramsPerLiter",2.3,,0,,"OK"
"8064b812-c4af-448e-8949-7fabf9bc976a","D05","LIRO","LIRO.AOS.buoy.c1","LIRO.C1.20200803.RAW.3","A00000204070","2020-08-03T15:39Z","2020-08-03T15:39Z","EcoCore_CSU","TN",0.2965,"milligramsPerLiter",2.3,,0,,"OK"
"f7a1b19b-ad29-4b53-8b72-d33cbebc0830","D05","LIRO","LIRO.AOS.buoy.c1","LIRO.C1.20200803.FIL","A00000204085","2020-08-03T15:39Z","2020-08-03T15:39Z","EcoCore_CSU","DOC",4.3520,"milligramsPerLiter",3.5,,0,,"OK"
"ce8b48ce-6a53-46cb-907f-46d305d914f0","D05","LIRO","LIRO.AOS.buoy.c1","LIRO.C1.20200803.FIL.3","A00000204077","2020-08-03T15:39Z","2020-08-03T15:39Z","EcoCore_CSU","DIC",1.4310,"milligramsPerLiter",2.3,,0,,"OK"
"4d531b1b-1c0b-4aa2-8dcf-13adf5060b22","D05","LIRO","LIRO.AOS.buoy.c1","LIRO.C1.20200803.RAW","A00000204074","2020-08-03T15:39Z","2020-08-03T15:39Z","EcoCore_CSU","TN",0.2983,"milligramsPerLiter",3.5,,0,,"OK"
"d9451ca1-f3a9-43fa-81b8-6c189683c12a","D05","LIRO","LIRO.AOS.buoy.c1","LIRO.C1.20200803.RAW.2","A00000204068","2020-08-03T15:39Z","2020-08-03T15:39Z","EcoCore_CSU","TOC",4.7840,"milligramsPerLiter",2.3,,0,,"OK"
"8974d48a-d0cd-49ac-af79-c897f493413a","D05","LIRO","LIRO.AOS.buoy.c1","LIRO.C1.20200803.FIL.2","A00000204081","2020-08-03T15:39Z","2020-08-03T15:39Z","EcoCore_CSU","DOC",4.3980,"milligramsPerLiter",2.3,,0,,"OK"
"406465c1-be06-4b2d-a7c0-58c3fbc673f2","D05","LIRO","LIRO.AOS.buoy.c1","LIRO.C1.20200803.FIL.2","A00000204081","2020-08-03T15:39Z","2020-08-03T15:39Z","EcoCore_CSU","DIC",1.3500,"milligramsPerLiter",2.3,,0,,"OK"
"7dacf76a-f111-41fe-83fe-e4b9a581a083","D05","LIRO","LIRO.AOS.buoy.c1","LIRO.C1.20200803.FIL","A00000204085","2020-08-03T15:39Z","2020-08-03T15:39Z","EcoCore_CSU","DIC",1.4070,"milligramsPerLiter",3.5,,0,,"OK"
"cf19f3d6-2601-46eb-8ca5-564c8d1c4562","D05","LIRO","LIRO.AOS.buoy.c1","LIRO.C1.20200803.FIL.2","A00000204081","2020-08-03T15:39Z","2020-08-03T15:39Z","EcoCore_CSU","TDN",0.2617,"milligramsPerLiter",2.3,,0,,"OK"
"57f2e94a-9b62-499b-8157-8371a5b1009a","D05","LIRO","LIRO.AOS.buoy.c1","LIRO.C1.20200803.FIL","A00000204085","2020-08-03T15:39Z","2020-08-03T15:39Z","EcoCore_CSU","TDN",0.2581,"milligramsPerLiter",3.5,,0,,"OK"
"ce1ecef5-7e7d-40d6-a8c8-95241a6bbfff","D05","LIRO","LIRO.AOS.buoy.c1","LIRO.C1.20200803.FIL.3","A00000204077","2020-08-03T15:39Z","2020-08-03T15:39Z","EcoCore_CSU","DOC",4.9580,"milligramsPerLiter",2.3,,0,,"OK"
"c19ed3ad-3ffb-47e3-9d26-a9574cfc08c0","D05","LIRO","LIRO.AOS.buoy.c1","LIRO.C1.20200803.RAW.2","A00000204068","2020-08-03T15:39Z","2020-08-03T15:39Z","EcoCore_CSU","TN",0.3087,"milligramsPerLiter",2.3,,0,,"OK"
"d5fe62ec-9e8b-4020-9af7-37c9abd0b8f3","D05","LIRO","LIRO.AOS.buoy.c1","LIRO.C1.20200803.RAW.3","A00000204070","2020-08-03T15:39Z","2020-08-03T15:39Z","EcoCore_CSU","TOC",4.6830,"milligramsPerLiter",2.3,,0,,"OK"
