uid,domainID,siteID,namedLocation,date,eventID,sampleDepth,waterTemp,specificConductance,dissolvedOxygen,dissolvedOxygenSaturation,dataQF
"eb40271f-8e1e-4ede-be6f-e960811d60b9","D09","PRLA","PRLA.AOS.buoy.c0","2021-11-02T14:59Z","PRLA.c0.20211102",1.5,3.2,1397.0,11.7,91.5,
"05245b68-d02f-4c88-98ff-0022f63007f0","D09","PRLA","PRLA.AOS.buoy.c0","2021-11-02T14:59Z","PRLA.c0.20211102",2.5,3.2,1397.0,11.5,90.7,
"db387ebb-8f63-433a-b4b7-b0b4824c6ce1","D09","PRLA","PRLA.AOS.buoy.c0","2021-11-02T14:59Z","PRLA.c0.20211102",0.5,3.3,1381.0,11.8,93.3,
"25516323-345f-410c-b725-65346d189f9b","D09","PRLA","PRLA.AOS.buoy.c0","2021-11-02T14:59Z","PRLA.c0.20211102",2.0,3.2,1397.0,11.5,91.1,
"cbd1d360-7278-4242-96f2-3688806f3711","D09","PRLA","PRLA.AOS.buoy.c0","2021-11-02T14:59Z","PRLA.c0.20211102",1.0,3.2,1397.0,11.7,91.0,
