uid,domainID,siteID,namedLocation,date,eventID,sampleDepth,waterTemp,specificConductance,dissolvedOxygen,dissolvedOxygenSaturation,dataQF
"988ccc5a-9447-45b7-8bc3-51442a324983","D09","PRLA","PRLA.AOS.buoy.c0","2021-09-07T14:36Z","PRLA.c0.20210907",1.5,18.5,1435.0,7.3,83.8,
"9b3dde69-0ac8-4ec8-bbd2-e45e5d93015d","D09","PRLA","PRLA.AOS.buoy.c0","2021-09-07T14:36Z","PRLA.c0.20210907",2.0,18.5,1435.0,7.2,82.8,
"b9848b2a-160e-45b6-83cd-c619848d9711","D09","PRLA","PRLA.AOS.buoy.c0","2021-09-07T14:36Z","PRLA.c0.20210907",0.5,18.5,1436.0,7.4,84.3,
"a654fcf6-4826-4a17-9500-88a5c205e003","D09","PRLA","PRLA.AOS.buoy.c0","2021-09-07T14:36Z","PRLA.c0.20210907",1.0,18.5,1435.0,7.4,84.2,
"6b48b0a4-b6d7-4ed8-84d6-490965b0ecdb","D09","PRLA","PRLA.AOS.buoy.c0","2021-09-14T13:34Z","PRLA.c0.20210914",1.5,15.7,1446.0,4.8,51.2,
"bba1b800-bd0f-4ef7-99d5-2cefdafeb03a","D09","PRLA","PRLA.AOS.buoy.c0","2021-09-14T13:34Z","PRLA.c0.20210914",0.5,15.7,1450.0,4.8,51.5,
"8518651b-1e57-4514-8bec-a1635d7b498a","D09","PRLA","PRLA.AOS.buoy.c0","2021-09-14T13:34Z","PRLA.c0.20210914",2.0,15.7,1446.0,4.7,50.9,
"38a058de-424f-438e-9b7b-d6b7d3b1a3e1","D09","PRLA","PRLA.AOS.buoy.c0","2021-09-14T13:34Z","PRLA.c0.20210914",1.0,15.7,1147.0,4.8,51.8,
