uid,domainID,siteID,namedLocation,date,eventID,sampleDepth,waterTemp,specificConductance,dissolvedOxygen,dissolvedOxygenSaturation,dataQF
"e3135adb-2e81-4fc1-92c8-7bb48837a805","D05","CRAM","CRAM.AOS.buoy.c0","2021-03-01T17:15Z","CRAM.c0.20210301",6.5,4.0,12.5,6.6,49.9,
"aae4856c-97f9-433c-840d-51aab8f1adcd","D05","CRAM","CRAM.AOS.buoy.c0","2021-03-01T17:15Z","CRAM.c0.20210301",15.0,4.3,16.6,0.1,0.9,
"b5c5ee0e-b25e-4423-9b0e-c1e55ce286d3","D05","CRAM","CRAM.AOS.buoy.c0","2021-03-01T17:15Z","CRAM.c0.20210301",0.5,0.3,10.1,13.9,96.4,
"212af2b8-25d9-4aed-b4cf-8a348eb716b5","D05","CRAM","CRAM.AOS.buoy.c0","2021-03-01T17:15Z","CRAM.c0.20210301",13.0,4.3,14.1,0.2,1.2,
"683f9f02-a744-4522-88f4-885270578c5d","D05","CRAM","CRAM.AOS.buoy.c0","2021-03-01T17:15Z","CRAM.c0.20210301",3.5,4.0,12.6,6.7,50.6,
"a3fab05f-0b0b-4eac-a317-4a09e4bc9716","D05","CRAM","CRAM.AOS.buoy.c0","2021-03-01T17:15Z","CRAM.c0.20210301",11.0,4.2,12.8,4.7,36.0,
