uid,domainID,siteID,namedLocation,collectDate,sampleID,sampleCode,sampleCondition,laboratoryName,analysisDate,analyzedBy,sampleType,replicate,sampleVolumeFiltered,filterSize,percentFilterAnalyzed,dilutionFactor,solventVolume,responseFactor,acidificationResponseFactor,fluorometerSensitivitySetting,preAcidificationFluorescence,postAcidificationFluorescence,analyte,analyteConcentration,plantAlgaeLabUnits,testMethod,method,acidTreatment,externalRemarks,externalLabDataQF
"c1321a68-993b-46e3-bf1e-33141fbe6852","D05","LIRO","LIRO.AOS.riparian.point.03","2021-07-21","LIRO.20210721.EPIXYLON.4.CHL/PHEO.1","B00000081446","condition ok","Great Lakes Environmental Center, Inc.","2021-08-02","4CajRO/thb0=","chlorophyll/pheophytin","1",5,25,100,1,7,448.5290,,,0.2120,0.0830,"pheophytin",218.28,"microgramsPerLiter","GLEC_algalChlorophyll_V1","APHA 10200H",,,
"d7275380-91ab-4791-804f-bcc0dfddc1a3","D05","LIRO","LIRO.AOS.littoral2","2021-07-21","LIRO.20210721.PHYTOPLANKTON.7.CHL/PHEO.1","B00000081449","condition ok","Great Lakes Environmental Center, Inc.","2021-08-02","4CajRO/thb0=","chlorophyll/pheophytin","1",100,25,100,1,7,448.5290,,,0.0940,0.0400,"pheophytin",5.57,"microgramsPerLiter","GLEC_algalChlorophyll_V1","APHA 10200H",,"Filter volume not written on sample. Corrected by TW 7/28/21",
"49299b6f-ad12-41e2-876d-9e428740d8f7","D05","LIRO","LIRO.AOS.riparian.point.07","2021-07-21","LIRO.20210721.EPIXYLON.6.CHL/PHEO.1","B00000081448","condition ok","Great Lakes Environmental Center, Inc.","2021-08-02","4CajRO/thb0=","chlorophyll/pheophytin","1",5,25,100,1,7,448.5290,,,0.1470,0.0450,"pheophytin",94.22,"microgramsPerLiter","GLEC_algalChlorophyll_V1","APHA 10200H",,,
"597338c8-15aa-4eb9-aa27-580ff585e994","D05","LIRO","LIRO.AOS.littoral1","2021-07-21","LIRO.20210721.PHYTOPLANKTON.2.CHL/PHEO.1","B00000081443","condition ok","Great Lakes Environmental Center, Inc.","2021-08-02","4CajRO/thb0=","chlorophyll/pheophytin","1",100,25,100,1,7,448.5290,,,0.0870,0.0370,"chlorophyll a",1.88,"microgramsPerLiter","GLEC_algalChlorophyll_V1","APHA 10200H",,,
"b6adea86-fc86-4260-b0db-cffbae9feb10","D05","LIRO","LIRO.AOS.buoy.c1","2021-07-21","LIRO.20210721.PHYTOPLANKTON.1.CHL/PHEO.1","B00000082352","condition ok","Great Lakes Environmental Center, Inc.","2021-08-02","4CajRO/thb0=","chlorophyll/pheophytin","1",100,25,100,1,7,448.5290,,,0.0810,0.0340,"chlorophyll a",1.77,"microgramsPerLiter","GLEC_algalChlorophyll_V1","APHA 10200H",,,
"6546da82-c133-4bf2-b6fb-3dac2b75594f","D05","LIRO","LIRO.AOS.littoral1","2021-07-21","LIRO.20210721.PHYTOPLANKTON.2.CHL/PHEO.1","B00000081443","condition ok","Great Lakes Environmental Center, Inc.","2021-08-02","4CajRO/thb0=","chlorophyll/pheophytin","1",100,25,100,1,7,448.5290,,,0.0870,0.0370,"pheophytin",5.15,"microgramsPerLiter","GLEC_algalChlorophyll_V1","APHA 10200H",,,
"2b246c94-6aaa-48df-93ed-828a53560ed1","D05","LIRO","LIRO.AOS.riparian.point.01","2021-07-21","LIRO.20210721.EPIXYLON.3.CHL/PHEO.1","B00000081445","condition ok","Great Lakes Environmental Center, Inc.","2021-08-02","4CajRO/thb0=","chlorophyll/pheophytin","1",5,25,100,1,7,448.5290,,,0.1840,0.0860,"pheophytin",252.99,"microgramsPerLiter","GLEC_algalChlorophyll_V1","APHA 10200H",,,
"dd51a88f-7b7e-4a11-81b0-44eb9bde6262","D05","LIRO","LIRO.AOS.riparian.point.09","2021-07-21","LIRO.20210721.EPIXYLON.8.CHL/PHEO.1","B00000082479","condition ok","Great Lakes Environmental Center, Inc.","2021-08-02","4CajRO/thb0=","chlorophyll/pheophytin","1",5,25,100,1,7,448.5290,,,0.1510,0.0470,"pheophytin",100.32,"microgramsPerLiter","GLEC_algalChlorophyll_V1","APHA 10200H",,,
"138b4f42-9839-4b34-8d0a-10a16d4b5374","D05","LIRO","LIRO.AOS.riparian.point.07","2021-07-21","LIRO.20210721.EPIXYLON.6.CHL/PHEO.1","B00000081448","condition ok","Great Lakes Environmental Center, Inc.","2021-08-02","4CajRO/thb0=","chlorophyll/pheophytin","1",5,25,100,1,7,448.5290,,,0.1470,0.0450,"chlorophyll a",76.73,"microgramsPerLiter","GLEC_algalChlorophyll_V1","APHA 10200H",,,
"fc79c621-1d5c-478e-9eae-c53f37134495","D05","LIRO","LIRO.AOS.littoral2","2021-07-21","LIRO.20210721.PHYTOPLANKTON.7.CHL/PHEO.1","B00000081449","condition ok","Great Lakes Environmental Center, Inc.","2021-08-02","4CajRO/thb0=","chlorophyll/pheophytin","1",100,25,100,1,7,448.5290,,,0.0940,0.0400,"chlorophyll a",2.03,"microgramsPerLiter","GLEC_algalChlorophyll_V1","APHA 10200H",,"Filter volume not written on sample. Corrected by TW 7/28/21",
"92ca5699-81a0-459c-8697-da91e8a0a557","D05","LIRO","LIRO.AOS.riparian.point.01","2021-07-21","LIRO.20210721.EPIXYLON.3.CHL/PHEO.1","B00000081445","condition ok","Great Lakes Environmental Center, Inc.","2021-08-02","4CajRO/thb0=","chlorophyll/pheophytin","1",5,25,100,1,7,448.5290,,,0.1840,0.0860,"chlorophyll a",73.72,"microgramsPerLiter","GLEC_algalChlorophyll_V1","APHA 10200H",,,
"5d83efe9-f98e-4003-a51d-588fc29dee0b","D05","LIRO","LIRO.AOS.buoy.c1","2021-07-21","LIRO.20210721.PHYTOPLANKTON.1.CHL/PHEO.1","B00000082352","condition ok","Great Lakes Environmental Center, Inc.","2021-08-02","4CajRO/thb0=","chlorophyll/pheophytin","1",100,25,100,1,7,448.5290,,,0.0810,0.0340,"pheophytin",4.69,"microgramsPerLiter","GLEC_algalChlorophyll_V1","APHA 10200H",,,
"028a7c73-18ad-4bae-b6d8-5b542ea46d34","D05","LIRO","LIRO.AOS.riparian.point.09","2021-07-21","LIRO.20210721.EPIXYLON.8.REP2.CHL/PHEO.2","B00000082480","condition ok","Great Lakes Environmental Center, Inc.","2021-08-02","4CajRO/thb0=","chlorophyll/pheophytin","2",5,25,100,1,7,448.5290,,,0.1500,0.0470,"pheophytin",101.07,"microgramsPerLiter","GLEC_algalChlorophyll_V1","APHA 10200H",,,
"6c10a2ae-d572-4e43-8a23-62467ca557e8","D05","LIRO","LIRO.AOS.riparian.point.03","2021-07-21","LIRO.20210721.EPIXYLON.4.CHL/PHEO.1","B00000081446","condition ok","Great Lakes Environmental Center, Inc.","2021-08-02","4CajRO/thb0=","chlorophyll/pheophytin","1",5,25,100,1,7,448.5290,,,0.2120,0.0830,"chlorophyll a",97.05,"microgramsPerLiter","GLEC_algalChlorophyll_V1","APHA 10200H",,,
"cf45d477-41a5-4f45-9c2a-3b587845443a","D05","LIRO","LIRO.AOS.riparian.point.05","2021-07-21","LIRO.20210721.EPIXYLON.5.CHL/PHEO.1","B00000081447","condition ok","Great Lakes Environmental Center, Inc.","2021-08-02","4CajRO/thb0=","chlorophyll/pheophytin","1",5,25,100,1,7,448.5290,,,0.1830,0.0820,"pheophytin",235.54,"microgramsPerLiter","GLEC_algalChlorophyll_V1","APHA 10200H",,,
"df17aad5-1ffa-492f-a1a9-64c216bcea68","D05","LIRO","LIRO.AOS.riparian.point.05","2021-07-21","LIRO.20210721.EPIXYLON.5.CHL/PHEO.1","B00000081447","condition ok","Great Lakes Environmental Center, Inc.","2021-08-02","4CajRO/thb0=","chlorophyll/pheophytin","1",5,25,100,1,7,448.5290,,,0.1830,0.0820,"chlorophyll a",75.98,"microgramsPerLiter","GLEC_algalChlorophyll_V1","APHA 10200H",,,
"127acea7-c761-4f45-919d-3922aa6a25c8","D05","LIRO","LIRO.AOS.riparian.point.09","2021-07-21","LIRO.20210721.EPIXYLON.8.CHL/PHEO.1","B00000082479","condition ok","Great Lakes Environmental Center, Inc.","2021-08-02","4CajRO/thb0=","chlorophyll/pheophytin","1",5,25,100,1,7,448.5290,,,0.1510,0.0470,"chlorophyll a",78.24,"microgramsPerLiter","GLEC_algalChlorophyll_V1","APHA 10200H",,,
"b5c70951-c5f2-4610-84f0-35ca455e583b","D05","LIRO","LIRO.AOS.riparian.point.09","2021-07-21","LIRO.20210721.EPIXYLON.8.REP2.CHL/PHEO.2","B00000082480","condition ok","Great Lakes Environmental Center, Inc.","2021-08-02","4CajRO/thb0=","chlorophyll/pheophytin","2",5,25,100,1,7,448.5290,,,0.1500,0.0470,"chlorophyll a",77.49,"microgramsPerLiter","GLEC_algalChlorophyll_V1","APHA 10200H",,,
