uid,domainID,siteID,namedLocation,aquaticSiteType,decimalLatitude,decimalLongitude,coordinateUncertainty,elevation,elevationUncertainty,geodeticDatum,collectDate,eventID,parentSampleID,parentSampleCode,samplingImpractical,biophysicalCriteria,affectedByWind,habitatType,algalSampleType,benthicArea,samplingProtocolVersion,phytoDepth1,phytoDepth2,phytoDepth3,substratumSizeClass,remarks,recordedBy,collectedBy,dataQF
"7a01d2f3-3372-4964-b587-c999724b102e","D05","LIRO","LIRO.AOS.riparian.point.05","lake",45.995340,-89.698224,0.2,501.7,0.2,"WGS84","2021-07-21T16:16Z","LIRO.20210721","LIRO.20210721.EPIXYLON.5",,,"OK - no known exceptions",,"littoral","epixylon",0.002406,"NEON.DOC.003045vE",,,,,,"0000-0003-1075-1249","0000-0002-6609-5941",
"141d85ee-602b-45b8-8c32-21a2ecb8977f","D05","LIRO","LIRO.AOS.riparian.point.07","lake",45.995426,-89.704281,0.3,496.3,0.5,"WGS84","2021-07-21T16:16Z","LIRO.20210721","LIRO.20210721.EPIXYLON.6",,,"OK - no known exceptions",,"littoral","epixylon",0.002406,"NEON.DOC.003045vE",,,,,,"0000-0003-1075-1249","0000-0002-6609-5941",
"448d1026-356e-4140-8eee-116fe604d4a4","D05","LIRO","LIRO.AOS.littoral1","lake",45.995205,-89.706502,1.1,496.5,1.0,"WGS84","2021-07-21T16:16Z","LIRO.20210721","LIRO.20210721.PHYTOPLANKTON.2",,,"OK - no known exceptions","N","pelagic","phytoplankton",,"NEON.DOC.003045vE",0.5,1.1,,,,"0000-0003-1075-1249","0000-0002-6609-5941",
"b5408546-71d5-4bc8-9cde-796bf88b9098","D05","LIRO","LIRO.AOS.riparian.point.03","lake",45.996377,-89.704103,0.2,498.6,0.3,"WGS84","2021-07-21T16:16Z","LIRO.20210721","LIRO.20210721.EPIXYLON.4",,,"OK - no known exceptions",,"littoral","epixylon",0.002406,"NEON.DOC.003045vE",,,,,,"0000-0003-1075-1249","0000-0002-6609-5941",
"18db2568-e747-4837-a0e0-d34248cf1a89","D05","LIRO","LIRO.AOS.riparian.point.09","lake",45.997072,-89.705716,0.2,500.2,0.2,"WGS84","2021-07-21T16:16Z","LIRO.20210721","LIRO.20210721.EPIXYLON.8",,,"OK - no known exceptions",,"littoral","epixylon",0.002406,"NEON.DOC.003045vE",,,,,,"0000-0003-1075-1249","0000-0002-6609-5941",
"a7dc3d6a-1054-4585-9e52-651a5c384277","D05","LIRO","LIRO.AOS.riparian.point.01","lake",46.000768,-89.704041,0.2,496.0,0.3,"WGS84","2021-07-21T16:16Z","LIRO.20210721","LIRO.20210721.EPIXYLON.3",,,"OK - no known exceptions",,"littoral","epixylon",0.002406,"NEON.DOC.003045vE",,,,,,"0000-0003-1075-1249","0000-0002-6609-5941",
"1289e497-37b3-4062-882b-e8d75c6186b7","D05","LIRO","LIRO.AOS.buoy.c1","lake",45.998322,-89.704766,10.0,502.0,10.0,"WGS84","2021-07-21T16:16Z","LIRO.20210721","LIRO.20210721.PHYTOPLANKTON.1",,,"OK - no known exceptions","N","pelagic","phytoplankton",,"NEON.DOC.003045vE",0.5,5.1,5.8,,,"0000-0003-1075-1249","0000-0002-6609-5941",
"66bcdef8-df0c-4d76-b6e8-1ae9794f2f53","D05","LIRO","LIRO.AOS.littoral2","lake",46.000609,-89.704078,1.1,495.9,1.0,"WGS84","2021-07-21T16:16Z","LIRO.20210721","LIRO.20210721.PHYTOPLANKTON.7",,,"OK - no known exceptions","N","pelagic","phytoplankton",,"NEON.DOC.003045vE",0.5,1.1,,,,"0000-0003-1075-1249","0000-0002-6609-5941",
