uid,domainID,siteID,namedLocation,collectDate,parentSampleID,sampleID,sampleCode,filterNumber,analysisType,fieldSampleVolume,domainFilterVolume,storageDays,remarks,measuredBy,recordedBy,sampleCondition,dataQF
"c6ad4438-7ba9-4008-8934-90a711514123","D05","LIRO","LIRO.AOS.riparian.point.09","2021-07-21T16:16Z","LIRO.20210721.EPIXYLON.8","LIRO.20210721.EPIXYLON.8.REP2.P.2","A00000206329",2,"P",125.0,5.0,1.2,,"0000-0002-6609-5941","0000-0003-1075-1249","OK",
"2a8e988f-03f8-423e-81d2-7e73e491809a","D05","LIRO","LIRO.AOS.littoral2","2021-07-21T16:16Z","LIRO.20210721.PHYTOPLANKTON.7","LIRO.20210721.PHYTOPLANKTON.7.CNSB.1","A00000206283",1,"CNSb",4000.0,100.0,1.1,,"0000-0002-6609-5941","0000-0003-1075-1249","OK",
"593d8682-2dd7-4cf7-8016-8f7f1a4a5811","D05","LIRO","LIRO.AOS.riparian.point.07","2021-07-21T16:16Z","LIRO.20210721.EPIXYLON.6","LIRO.20210721.EPIXYLON.6.CHL/PHEO.1","B00000081448",1,"chlorophyll/pheophytin",125.0,5.0,1.2,,"0000-0002-6609-5941","0000-0003-1075-1249","OK",
"af33e38b-a29c-4292-8e9e-fef589ef4071","D05","LIRO","LIRO.AOS.riparian.point.01","2021-07-21T16:16Z","LIRO.20210721.EPIXYLON.3","LIRO.20210721.EPIXYLON.3.CHL/PHEO.1","B00000081445",1,"chlorophyll/pheophytin",125.0,5.0,1.1,,"0000-0002-6609-5941","0000-0003-1075-1249","OK",
"0a4386d5-4260-41ce-bdc2-798ccdcbb72a","D05","LIRO","LIRO.AOS.riparian.point.09","2021-07-21T16:16Z","LIRO.20210721.EPIXYLON.8","LIRO.20210721.EPIXYLON.8.REP2.CHL/PHEO.2","B00000082480",2,"chlorophyll/pheophytin",125.0,5.0,1.2,,"0000-0002-6609-5941","0000-0003-1075-1249","OK",
"65a50ea9-1cf7-4cb6-9dc1-4cde5f9dfe5f","D05","LIRO","LIRO.AOS.riparian.point.03","2021-07-21T16:16Z","LIRO.20210721.EPIXYLON.4","LIRO.20210721.EPIXYLON.4.P.1","A00000206356",1,"P",125.0,5.0,1.1,,"0000-0002-6609-5941","0000-0003-1075-1249","OK",
"d1d57e80-12e1-4bed-ab0b-978ae8c2bf5e","D05","LIRO","LIRO.AOS.buoy.c1","2021-07-21T16:16Z","LIRO.20210721.PHYTOPLANKTON.1","LIRO.20210721.PHYTOPLANKTON.1.P.1","A00000206353",1,"P",4000.0,100.0,1.0,,"0000-0003-1075-1249","0000-0003-1075-1249","OK",
"38816d5b-17ee-49da-beec-5d186d4edc9c","D05","LIRO","LIRO.AOS.riparian.point.01","2021-07-21T16:16Z","LIRO.20210721.EPIXYLON.3","LIRO.20210721.EPIXYLON.3.CNSA.1","A00000206326",1,"CNSa",125.0,5.0,1.1,,"0000-0002-6609-5941","0000-0003-1075-1249","OK",
"60f6231e-824b-48ca-b91f-ea47f510fac8","D05","LIRO","LIRO.AOS.riparian.point.03","2021-07-21T16:16Z","LIRO.20210721.EPIXYLON.4","LIRO.20210721.EPIXYLON.4.CHL/PHEO.1","B00000081446",1,"chlorophyll/pheophytin",125.0,5.0,1.1,,"0000-0002-6609-5941","0000-0003-1075-1249","OK",
"d287753b-521f-433f-8cd7-425b0f179f62","D05","LIRO","LIRO.AOS.riparian.point.07","2021-07-21T16:16Z","LIRO.20210721.EPIXYLON.6","LIRO.20210721.EPIXYLON.6.CNSA.1","A00000206297",1,"CNSa",125.0,5.0,1.2,,"0000-0002-6609-5941","0000-0003-1075-1249","OK",
"f37952ff-caa4-4dbe-8871-aa2af7edcb19","D05","LIRO","LIRO.AOS.riparian.point.05","2021-07-21T16:16Z","LIRO.20210721.EPIXYLON.5","LIRO.20210721.EPIXYLON.5.CNSB.1","A00000206300",1,"CNSb",125.0,5.0,1.1,,"0000-0002-6609-5941","0000-0003-1075-1249","OK",
"b0dec011-e665-43a3-9240-764b9d255dd7","D05","LIRO","LIRO.AOS.riparian.point.07","2021-07-21T16:16Z","LIRO.20210721.EPIXYLON.6","LIRO.20210721.EPIXYLON.6.CNSB.1","A00000206298",1,"CNSb",125.0,5.0,1.2,,"0000-0002-6609-5941","0000-0003-1075-1249","OK",
"a9192612-ef11-4ea9-a8d9-8c793ad1f09d","D05","LIRO","LIRO.AOS.riparian.point.09","2021-07-21T16:16Z","LIRO.20210721.EPIXYLON.8","LIRO.20210721.EPIXYLON.8.REP2.CNSA.2","A00000206359",2,"CNSa",125.0,5.0,1.2,,"0000-0002-6609-5941","0000-0003-1075-1249","OK",
"60865714-effd-4ad1-9412-66eff8cf4dcf","D05","LIRO","LIRO.AOS.riparian.point.09","2021-07-21T16:16Z","LIRO.20210721.EPIXYLON.8","LIRO.20210721.EPIXYLON.8.CNSA.1","A00000206316",1,"CNSa",125.0,5.0,1.2,,"0000-0002-6609-5941","0000-0003-1075-1249","OK",
"1a8a0e9a-2b3d-4e32-9f8b-187a4ffd0fb0","D05","LIRO","LIRO.AOS.riparian.point.05","2021-07-21T16:16Z","LIRO.20210721.EPIXYLON.5","LIRO.20210721.EPIXYLON.5.P.1","A00000206315",1,"P",125.0,5.0,1.1,,"0000-0002-6609-5941","0000-0003-1075-1249","OK",
"996e4278-58e8-4e8b-9169-a7a0cf54fe9c","D05","LIRO","LIRO.AOS.riparian.point.03","2021-07-21T16:16Z","LIRO.20210721.EPIXYLON.4","LIRO.20210721.EPIXYLON.4.CNSB.1","A00000206357",1,"CNSb",125.0,5.0,1.1,,"0000-0002-6609-5941","0000-0003-1075-1249","OK",
"3304774d-932a-4121-b1a0-cf54308423fa","D05","LIRO","LIRO.AOS.riparian.point.01","2021-07-21T16:16Z","LIRO.20210721.EPIXYLON.3","LIRO.20210721.EPIXYLON.3.P.1","A00000206355",1,"P",125.0,5.0,1.1,,"0000-0002-6609-5941","0000-0003-1075-1249","OK",
"3ab19bcb-f504-437c-a96d-b216a2c0fd6b","D05","LIRO","LIRO.AOS.riparian.point.07","2021-07-21T16:16Z","LIRO.20210721.EPIXYLON.6","LIRO.20210721.EPIXYLON.6.P.1","A00000206282",1,"P",125.0,5.0,1.2,,"0000-0002-6609-5941","0000-0003-1075-1249","OK",
"8846ee7d-5ab0-4171-9d06-61d9ff9198f8","D05","LIRO","LIRO.AOS.riparian.point.09","2021-07-21T16:16Z","LIRO.20210721.EPIXYLON.8","LIRO.20210721.EPIXYLON.8.P.1","A00000206328",1,"P",125.0,5.0,1.2,,"0000-0002-6609-5941","0000-0003-1075-1249","OK",
"d8471779-b889-44bb-b972-e8367d1e5384","D05","LIRO","LIRO.AOS.riparian.point.05","2021-07-21T16:16Z","LIRO.20210721.EPIXYLON.5","LIRO.20210721.EPIXYLON.5.CHL/PHEO.1","B00000081447",1,"chlorophyll/pheophytin",125.0,5.0,1.1,,"0000-0002-6609-5941","0000-0003-1075-1249","OK",
"b1e9e956-dc77-4746-8d9d-ba8ee3cb1b1f","D05","LIRO","LIRO.AOS.riparian.point.09","2021-07-21T16:16Z","LIRO.20210721.EPIXYLON.8","LIRO.20210721.EPIXYLON.8.REP2.CNSB.2","A00000206312",2,"CNSb",125.0,5.0,1.2,,"0000-0002-6609-5941","0000-0003-1075-1249","OK",
"01b96285-946f-4b0b-9244-15c366afc34b","D05","LIRO","LIRO.AOS.littoral2","2021-07-21T16:16Z","LIRO.20210721.PHYTOPLANKTON.7","LIRO.20210721.PHYTOPLANKTON.7.CNSA.1","A00000206281",1,"CNSa",4000.0,100.0,1.1,,"0000-0002-6609-5941","0000-0003-1075-1249","OK",
"41085b18-7e95-40e9-8a9c-8ee3f2dcb91f","D05","LIRO","LIRO.AOS.littoral2","2021-07-21T16:16Z","LIRO.20210721.PHYTOPLANKTON.7","LIRO.20210721.PHYTOPLANKTON.7.CHL/PHEO.1","B00000081449",1,"chlorophyll/pheophytin",4000.0,100.0,1.1,,"0000-0002-6609-5941","0000-0003-1075-1249","OK",
"5b8003c2-833e-4239-8193-6ab853997ee1","D05","LIRO","LIRO.AOS.riparian.point.09","2021-07-21T16:16Z","LIRO.20210721.EPIXYLON.8","LIRO.20210721.EPIXYLON.8.CNSB.1","A00000206343",1,"CNSb",125.0,5.0,1.2,,"0000-0002-6609-5941","0000-0003-1075-1249","OK",
"d7746bf7-5163-4909-801e-3cdf62a96157","D05","LIRO","LIRO.AOS.buoy.c1","2021-07-21T16:16Z","LIRO.20210721.PHYTOPLANKTON.1","LIRO.20210721.PHYTOPLANKTON.1.CNSB.1","A00000206339",1,"CNSb",4000.0,100.0,1.0,,"0000-0003-1075-1249","0000-0003-1075-1249","OK",
"13b617f8-b32b-48f6-90e2-62c3ce227738","D05","LIRO","LIRO.AOS.riparian.point.03","2021-07-21T16:16Z","LIRO.20210721.EPIXYLON.4","LIRO.20210721.EPIXYLON.4.CNSA.1","A00000206358",1,"CNSa",125.0,5.0,1.1,,"0000-0002-6609-5941","0000-0003-1075-1249","OK",
"4c8e0aea-45de-4d33-88cf-a24f90f227d7","D05","LIRO","LIRO.AOS.riparian.point.01","2021-07-21T16:16Z","LIRO.20210721.EPIXYLON.3","LIRO.20210721.EPIXYLON.3.CNSB.1","A00000206303",1,"CNSb",125.0,5.0,1.1,,"0000-0002-6609-5941","0000-0003-1075-1249","OK",
"b465ebbc-ea8a-4470-8ff0-2ed4b2edd2f1","D05","LIRO","LIRO.AOS.littoral2","2021-07-21T16:16Z","LIRO.20210721.PHYTOPLANKTON.7","LIRO.20210721.PHYTOPLANKTON.7.P.1","A00000206284",1,"P",4000.0,100.0,1.1,,"0000-0002-6609-5941","0000-0003-1075-1249","OK",
"0396b5ca-8fc6-4ac9-a289-17128440916a","D05","LIRO","LIRO.AOS.littoral1","2021-07-21T16:16Z","LIRO.20210721.PHYTOPLANKTON.2","LIRO.20210721.PHYTOPLANKTON.2.CNSA.1","A00000206341",1,"CNSa",4000.0,100.0,1.1,,"0000-0003-1075-1249","0000-0003-1075-1249","OK",
"94be9862-231d-4434-899e-f9535a732671","D05","LIRO","LIRO.AOS.littoral1","2021-07-21T16:16Z","LIRO.20210721.PHYTOPLANKTON.2","LIRO.20210721.PHYTOPLANKTON.2.CHL/PHEO.1","B00000081443",1,"chlorophyll/pheophytin",4000.0,100.0,1.1,,"0000-0003-1075-1249","0000-0003-1075-1249","OK",
"fa6053f5-dacf-491f-bc87-63aa8f6a8b34","D05","LIRO","LIRO.AOS.buoy.c1","2021-07-21T16:16Z","LIRO.20210721.PHYTOPLANKTON.1","LIRO.20210721.PHYTOPLANKTON.1.CHL/PHEO.1","B00000082352",1,"chlorophyll/pheophytin",4000.0,100.0,1.0,,"0000-0003-1075-1249","0000-0003-1075-1249","OK",
"df016e40-04a0-4577-852b-ea2653c3e6dc","D05","LIRO","LIRO.AOS.riparian.point.09","2021-07-21T16:16Z","LIRO.20210721.EPIXYLON.8","LIRO.20210721.EPIXYLON.8.CHL/PHEO.1","B00000082479",1,"chlorophyll/pheophytin",125.0,5.0,1.2,,"0000-0002-6609-5941","0000-0003-1075-1249","OK",
"ec133519-fc54-4f0c-a8b6-6880e08fb208","D05","LIRO","LIRO.AOS.riparian.point.05","2021-07-21T16:16Z","LIRO.20210721.EPIXYLON.5","LIRO.20210721.EPIXYLON.5.CNSA.1","A00000206299",1,"CNSa",125.0,5.0,1.1,,"0000-0002-6609-5941","0000-0003-1075-1249","OK",
"f09409a9-c20a-4d0a-bbbc-7e5f6263c59b","D05","LIRO","LIRO.AOS.littoral1","2021-07-21T16:16Z","LIRO.20210721.PHYTOPLANKTON.2","LIRO.20210721.PHYTOPLANKTON.2.P.1","A00000206285",1,"P",4000.0,100.0,1.1,,"0000-0003-1075-1249","0000-0003-1075-1249","OK",
"9318dcac-0f51-4e38-aed6-4074d346e848","D05","LIRO","LIRO.AOS.buoy.c1","2021-07-21T16:16Z","LIRO.20210721.PHYTOPLANKTON.1","LIRO.20210721.PHYTOPLANKTON.1.CNSA.1","A00000206340",1,"CNSa",4000.0,100.0,1.0,,"0000-0003-1075-1249","0000-0003-1075-1249","OK",
"4f42629b-4f00-4649-8cc7-bee23f5c689c","D05","LIRO","LIRO.AOS.littoral1","2021-07-21T16:16Z","LIRO.20210721.PHYTOPLANKTON.2","LIRO.20210721.PHYTOPLANKTON.2.CNSB.1","A00000206304",1,"CNSb",4000.0,100.0,1.1,,"0000-0003-1075-1249","0000-0003-1075-1249","OK",
