uid,domainID,siteID,namedLocation,sampleID,sampleCode,startDate,collectDate,laboratoryName,analyte,analyteConcentration,analyteUnits,coolerTemp,remarks,shipmentWarmQF,externalLabDataQF,sampleCondition
"c7af5cc4-fa74-4799-afee-50b7392c5ed5","D05","CRAM","CRAM.AOS.buoy.c0","CRAM.C0.20200203.POM.1","A00000201568","2020-02-03T16:47Z","2020-02-03T16:47Z","SIRFER Lab at University of Utah","TPN",35.5074,"microgramsPerLiter",,,-1,,"OK"
"05e090d2-ae3f-462c-9cfc-13af8c58fb49","D05","CRAM","CRAM.AOS.buoy.c0","CRAM.C0.20200203.POM.1","A00000201568","2020-02-03T16:47Z","2020-02-03T16:47Z","SIRFER Lab at University of Utah","TPC",312.7943,"microgramsPerLiter",,,-1,,"OK"
"63641bfa-5dc1-4df9-8780-144a3967a696","D05","CRAM","CRAM.AOS.buoy.c0","CRAM.C0.20200203.FIL","A00000201569","2020-02-03T16:47Z","2020-02-03T16:47Z","EcoCore_CSU","Mn",0.0005,"milligramsPerLiter",0.5,,0,,"OK"
"0748efb8-a62a-4fb8-8648-2ec8fb9e13d5","D05","CRAM","CRAM.AOS.buoy.c0","CRAM.C0.20200203.FIL","A00000201569","2020-02-03T16:47Z","2020-02-03T16:47Z","EcoCore_CSU","F",0.0050,"milligramsPerLiter",0.5,,0,,"OK"
"661ab2a6-6429-4683-8cf0-514a7e9d6b7e","D05","CRAM","CRAM.AOS.buoy.c0","CRAM.C0.20200203.FIL","A00000201569","2020-02-03T16:47Z","2020-02-03T16:47Z","EcoCore_CSU","Si",0.0050,"milligramsPerLiter",0.5,,0,,"OK"
"2c1d84ff-e464-47db-a1d8-2be8a002fa63","D05","CRAM","CRAM.AOS.buoy.c0","CRAM.C0.20200203.FIL","A00000201569","2020-02-03T16:47Z","2020-02-03T16:47Z","EcoCore_CSU","Cl",1.3700,"milligramsPerLiter",0.5,,0,,"OK"
"46f907f8-037e-4d17-84a0-7fc379cf70bc","D05","CRAM","CRAM.AOS.buoy.c0","CRAM.C0.20200203.FIL","A00000201569","2020-02-03T16:47Z","2020-02-03T16:47Z","EcoCore_CSU","Ca",1.1750,"milligramsPerLiter",0.5,,0,,"OK"
"df4a0eb2-a979-4cc8-94ab-8b34bae431c9","D05","CRAM","CRAM.AOS.buoy.c0","CRAM.C0.20200203.FIL","A00000201569","2020-02-03T16:47Z","2020-02-03T16:47Z","EcoCore_CSU","Na",0.2880,"milligramsPerLiter",0.5,,0,,"OK"
"668a6310-60c6-40a1-86e8-07603ab157da","D05","CRAM","CRAM.AOS.buoy.c0","CRAM.C0.20200203.FIL","A00000201569","2020-02-03T16:47Z","2020-02-03T16:47Z","EcoCore_CSU","SO4",1.3100,"milligramsPerLiter",0.5,,0,,"OK"
"5624fc69-ced9-40a4-ad8b-b908f5ba3b8d","D05","CRAM","CRAM.AOS.buoy.c0","CRAM.C0.20200203.FIL","A00000201569","2020-02-03T16:47Z","2020-02-03T16:47Z","EcoCore_CSU","Br",0.0050,"milligramsPerLiter",0.5,,0,,"OK"
"3a20e558-45d8-47cb-a36a-f125505f44dd","D05","CRAM","CRAM.AOS.buoy.c0","CRAM.C0.20200203.FIL","A00000201569","2020-02-03T16:47Z","2020-02-03T16:47Z","EcoCore_CSU","Mg",0.3510,"milligramsPerLiter",0.5,,0,,"OK"
"4816ba45-4080-4b14-b060-a070b40ac9b6","D05","CRAM","CRAM.AOS.buoy.c0","CRAM.C0.20200203.FIL","A00000201569","2020-02-03T16:47Z","2020-02-03T16:47Z","EcoCore_CSU","TDS",7.7900,"milligramsPerLiter",0.5,,0,,"OK"
"7a60460c-f353-4c54-a808-9567f9e93ddd","D05","CRAM","CRAM.AOS.buoy.c0","CRAM.C0.20200203.FIL","A00000201569","2020-02-03T16:47Z","2020-02-03T16:47Z","EcoCore_CSU","Fe",0.0070,"milligramsPerLiter",0.5,,0,,"OK"
"7130fe49-f218-42cc-ac9f-609fed615526","D05","CRAM","CRAM.AOS.buoy.c0","CRAM.C0.20200203.FIL","A00000201569","2020-02-03T16:47Z","2020-02-03T16:47Z","EcoCore_CSU","K",0.1950,"milligramsPerLiter",0.5,,0,,"OK"
"f401c5df-3238-415c-8fb0-3b3824d5dd80","D05","CRAM","CRAM.AOS.buoy.c0","CRAM.C0.20200203.FIL","A00000201569","2020-02-03T16:47Z","2020-02-03T16:47Z","EcoCore_CSU","CO3",0.0050,"milligramsPerLiter",0.5,,0,,"OK"
"87ea8f8a-90f8-448c-802f-3d8f7b9637bc","D05","CRAM","CRAM.AOS.buoy.c0","CRAM.C0.20200203.FIL","A00000201569","2020-02-03T16:47Z","2020-02-03T16:47Z","EcoCore_CSU","TDP",0.0250,"milligramsPerLiter",0.5,,0,,"OK"
"cd41cd1d-6e3b-4757-9436-8a37639eb38e","D05","CRAM","CRAM.AOS.buoy.c0","CRAM.C0.20200203.FIL","A00000201569","2020-02-03T16:47Z","2020-02-03T16:47Z","EcoCore_CSU","HCO3",2.4100,"milligramsPerLiter",0.5,,0,,"OK"
"9e77932d-e698-4d6d-9853-e1867737b097","D05","CRAM","CRAM.AOS.buoy.c0","CRAM.C0.20200203.RAW","A00000201570","2020-02-03T16:47Z","2020-02-03T16:47Z","EcoCore_CSU","TP",0.0270,"milligramsPerLiter",0.5,,0,,"OK"
"4e5187a3-6494-4e6b-abc1-8f1f9d26009d","D05","CRAM","CRAM.AOS.buoy.c0","CRAM.C0.20200203.RAW","A00000201570","2020-02-03T16:47Z","2020-02-03T16:47Z","EcoCore_CSU","TSS - Dry Mass",0.0000,"microgram",0.5,,0,,"OK"
"a77d0963-b329-487b-af9c-c8b2af3fa1f9","D05","CRAM","CRAM.AOS.buoy.c0","CRAM.C0.20200203.RAW","A00000201570","2020-02-03T16:47Z","2020-02-03T16:47Z","EcoCore_CSU","pH",6.4200,"pH",0.5,,0,,"OK"
"fc2a00ed-fff9-415a-93f9-2563b12534d5","D05","CRAM","CRAM.AOS.buoy.c0","CRAM.C0.20200203.RAW","A00000201570","2020-02-03T16:47Z","2020-02-03T16:47Z","EcoCore_CSU","specificConductance",11.0800,"microsiemensPerCentimeter",0.5,,0,,"OK"
"ac6a65bf-1689-4fec-82d6-d6905b5d8d0a","D05","CRAM","CRAM.AOS.buoy.c0","CRAM.C0.20200203.RAW","A00000201570","2020-02-03T16:47Z","2020-02-03T16:47Z","EcoCore_CSU","ANC",0.1200,"milliequivalentsPerLiter",0.5,,0,,"OK"
"d0125e12-6d02-4b50-bfa4-efbd6e1d5f51","D05","CRAM","CRAM.AOS.buoy.c0","CRAM.C0.20200203.RAW","A00000201570","2020-02-03T16:47Z","2020-02-03T16:47Z","EcoCore_CSU","TSS",0.0000,"milligramsPerLiter",0.5,,0,,"OK"
"48fcdaa9-302c-41b3-b420-3ef6a4565c4f","D05","CRAM","CRAM.AOS.buoy.c0","CRAM.C0.20200203.FIL","A00000201569","2020-02-03T16:47Z","2020-02-03T16:47Z","EcoCore_CSU","UV Absorbance (280 nm)",0.0258,,0.5,,0,,"OK"
"9177f92e-39ef-4ced-966d-23ef6e7d5150","D05","CRAM","CRAM.AOS.buoy.c0","CRAM.C0.20200203.FIL","A00000201569","2020-02-03T16:47Z","2020-02-03T16:47Z","EcoCore_CSU","UV Absorbance (254 nm)",0.0456,,0.5,,0,,"OK"
"8afa81e2-d0ca-4c6f-8ace-f60e0d421c4d","D05","CRAM","CRAM.AOS.buoy.c0","CRAM.C0.20200203.RAW","A00000201570","2020-02-03T16:47Z","2020-02-03T16:47Z","EcoCore_CSU","TN",0.3281,"milligramsPerLiter",0.5,,0,,"OK"
"e2c480d1-ce9a-4c8d-8d89-353f84d09fc6","D05","CRAM","CRAM.AOS.buoy.c0","CRAM.C0.20200203.RAW","A00000201570","2020-02-03T16:47Z","2020-02-03T16:47Z","EcoCore_CSU","TOC",4.7200,"milligramsPerLiter",0.5,,0,,"OK"
"22176f0b-f92c-41a7-bc45-150383cd2ebe","D05","CRAM","CRAM.AOS.buoy.c0","CRAM.C0.20200203.FIL","A00000201569","2020-02-03T16:47Z","2020-02-03T16:47Z","EcoCore_CSU","NH4 - N",0.0395,"milligramsPerLiter",0.5,,0,,"OK"
"cc30d962-afbd-4e75-af9b-6617f31db290","D05","CRAM","CRAM.AOS.buoy.c0","CRAM.C0.20200203.FIL","A00000201569","2020-02-03T16:47Z","2020-02-03T16:47Z","EcoCore_CSU","NO3+NO2 - N",0.0162,"milligramsPerLiter",0.5,,0,,"OK"
"0615a196-1411-40c6-a703-d0579c9fa42b","D05","CRAM","CRAM.AOS.buoy.c0","CRAM.C0.20200203.FIL","A00000201569","2020-02-03T16:47Z","2020-02-03T16:47Z","EcoCore_CSU","NO2 - N",-0.0004,"milligramsPerLiter",0.5,,0,,"OK"
"f0f091d0-aa39-4480-9feb-8953d002a2bb","D05","CRAM","CRAM.AOS.buoy.c0","CRAM.C0.20200203.FIL","A00000201569","2020-02-03T16:47Z","2020-02-03T16:47Z","EcoCore_CSU","Ortho - P",0.0121,"milligramsPerLiter",0.5,,0,,"OK"
"92d46a1b-41bd-46cc-b527-0df7a9a6b22d","D05","CRAM","CRAM.AOS.buoy.c0","CRAM.C0.20200203.FIL","A00000201569","2020-02-03T16:47Z","2020-02-03T16:47Z","EcoCore_CSU","DIC",1.4150,"milligramsPerLiter",0.5,,0,,"OK"
"69667b24-e41d-4756-aae0-385f83be7669","D05","CRAM","CRAM.AOS.buoy.c0","CRAM.C0.20200203.FIL","A00000201569","2020-02-03T16:47Z","2020-02-03T16:47Z","EcoCore_CSU","TDN",0.2854,"milligramsPerLiter",0.5,,0,,"OK"
"b8f45631-098b-4683-9346-381cabdd8290","D05","CRAM","CRAM.AOS.buoy.c0","CRAM.C0.20200203.FIL","A00000201569","2020-02-03T16:47Z","2020-02-03T16:47Z","EcoCore_CSU","DOC",4.1590,"milligramsPerLiter",0.5,,0,,"OK"
