uid,domainID,siteID,namedLocation,collectDate,sampleID,sampleCode,sampleCondition,laboratoryName,analysisDate,analyzedBy,sampleType,replicate,sampleVolumeFiltered,filterSize,percentFilterAnalyzed,dilutionFactor,solventVolume,responseFactor,acidificationResponseFactor,fluorometerSensitivitySetting,preAcidificationFluorescence,postAcidificationFluorescence,analyte,analyteConcentration,plantAlgaeLabUnits,testMethod,method,acidTreatment,externalRemarks,externalLabDataQF
"9475a235-b6cc-40ec-8f15-e17fb49e7c4b","D05","CRAM","CRAM.AOS.riparian.point.03","2021-07-13","CRAM.20210713.EPIXYLON.6.CHL/PHEO.1","B00000082346","condition ok","Great Lakes Environmental Center, Inc.","2021-07-26","4CajRO/thb0=","chlorophyll/pheophytin","1",5,25,100,1,7,449.4993,,,0.2080,0.0600,"chlorophyll a",111.64,"microgramsPerLiter","GLEC_algalChlorophyll_V1","APHA 10200H",,,
"07a02fa8-6452-4ac0-bc4f-4c448ec9f319","D05","CRAM","CRAM.AOS.buoy.c1","2021-07-13","CRAM.20210713.PHYTOPLANKTON.1.CHL/PHEO.1","B00000082351","condition ok","Great Lakes Environmental Center, Inc.","2021-07-26","4CajRO/thb0=","chlorophyll/pheophytin","1",150,25,100,1,7,449.4993,,,0.1260,0.0400,"chlorophyll a",2.16,"microgramsPerLiter","GLEC_algalChlorophyll_V1","APHA 10200H",,,
"0cefad6e-8bb2-48bd-ab5b-a8a0bc69c1ec","D05","CRAM","CRAM.AOS.buoy.c1","2021-07-13","CRAM.20210713.PHYTOPLANKTON.1.CHL/PHEO.1","B00000082351","condition ok","Great Lakes Environmental Center, Inc.","2021-07-26","4CajRO/thb0=","chlorophyll/pheophytin","1",150,25,100,1,7,449.4993,,,0.1260,0.0400,"pheophytin",2.90,"microgramsPerLiter","GLEC_algalChlorophyll_V1","APHA 10200H",,,
"96613f1c-e6d2-4426-91d2-d4e0a95a7836","D05","CRAM","CRAM.AOS.riparian.point.09","2021-07-13","CRAM.20210713.EPIXYLON.3.REP2.CHL/PHEO.2","B00000082343","condition ok","Great Lakes Environmental Center, Inc.","2021-07-26","4CajRO/thb0=","chlorophyll/pheophytin","2",5,25,100,1,7,449.4993,,,0.3050,0.0920,"pheophytin",188.63,"microgramsPerLiter","GLEC_algalChlorophyll_V1","APHA 10200H",,,
"d1eac213-5264-461d-9af2-ef5e94ee9dd8","D05","CRAM","CRAM.AOS.riparian.point.05","2021-07-13","CRAM.20210713.EPIXYLON.5.CHL/PHEO.1","B00000082347","condition ok","Great Lakes Environmental Center, Inc.","2021-07-26","4CajRO/thb0=","chlorophyll/pheophytin","1",5,25,100,1,7,449.4993,,,0.2630,0.0930,"chlorophyll a",128.24,"microgramsPerLiter","GLEC_algalChlorophyll_V1","APHA 10200H",,,
"1ef39f44-3349-4b76-8d65-eff1d709fba6","D05","CRAM","CRAM.AOS.riparian.point.09","2021-07-13","CRAM.20210713.EPIXYLON.3.REP2.CHL/PHEO.2","B00000082343","condition ok","Great Lakes Environmental Center, Inc.","2021-07-26","4CajRO/thb0=","chlorophyll/pheophytin","2",5,25,100,1,7,449.4993,,,0.3050,0.0920,"chlorophyll a",160.67,"microgramsPerLiter","GLEC_algalChlorophyll_V1","APHA 10200H",,,
"e10472bf-c947-4786-a267-2ec96ce9db3f","D05","CRAM","CRAM.AOS.riparian.point.05","2021-07-13","CRAM.20210713.EPIXYLON.5.CHL/PHEO.1","B00000082347","condition ok","Great Lakes Environmental Center, Inc.","2021-07-26","4CajRO/thb0=","chlorophyll/pheophytin","1",5,25,100,1,7,449.4993,,,0.2630,0.0930,"pheophytin",224.86,"microgramsPerLiter","GLEC_algalChlorophyll_V1","APHA 10200H",,,
"53bbc5d7-c9d0-47b1-9ae6-9ad90ab5e1ff","D05","CRAM","CRAM.AOS.riparian.point.07","2021-07-13","CRAM.20210713.EPIXYLON.4.CHL/PHEO.1","B00000082348","condition ok","Great Lakes Environmental Center, Inc.","2021-07-26","4CajRO/thb0=","chlorophyll/pheophytin","1",5,25,100,1,7,449.4993,,,0.2990,0.1120,"chlorophyll a",141.06,"microgramsPerLiter","GLEC_algalChlorophyll_V1","APHA 10200H",,,
"db06cc0a-6c1c-4c96-8176-ec719cab6fd1","D05","CRAM","CRAM.AOS.riparian.point.03","2021-07-13","CRAM.20210713.EPIXYLON.6.CHL/PHEO.1","B00000082346","condition ok","Great Lakes Environmental Center, Inc.","2021-07-26","4CajRO/thb0=","chlorophyll/pheophytin","1",5,25,100,1,7,449.4993,,,0.2080,0.0600,"pheophytin",116.17,"microgramsPerLiter","GLEC_algalChlorophyll_V1","APHA 10200H",,,
"19ad80e3-95fd-49a5-84e7-ee5b1b6b573a","D05","CRAM","CRAM.AOS.riparian.point.08","2021-07-13","CRAM.20210713.EPIXYLON.8.CHL/PHEO.1","B00000082344","condition ok","Great Lakes Environmental Center, Inc.","2021-07-26","4CajRO/thb0=","chlorophyll/pheophytin","1",5,25,100,1,7,449.4993,,,0.3610,0.1110,"pheophytin",232.86,"microgramsPerLiter","GLEC_algalChlorophyll_V1","APHA 10200H",,,
"1c84b845-9d18-44c2-b6fa-ff28731bb306","D05","CRAM","CRAM.AOS.riparian.point.07","2021-07-13","CRAM.20210713.EPIXYLON.4.CHL/PHEO.1","B00000082348","condition ok","Great Lakes Environmental Center, Inc.","2021-07-26","4CajRO/thb0=","chlorophyll/pheophytin","1",5,25,100,1,7,449.4993,,,0.2990,0.1120,"pheophytin",284.18,"microgramsPerLiter","GLEC_algalChlorophyll_V1","APHA 10200H",,,
"edbb88a5-74a6-40ac-8e2e-25f3ae80f4f3","D05","CRAM","CRAM.AOS.riparian.point.09","2021-07-13","CRAM.20210713.EPIXYLON.3.CHL/PHEO.1","B00000082349","condition ok","Great Lakes Environmental Center, Inc.","2021-07-26","4CajRO/thb0=","chlorophyll/pheophytin","1",5,25,100,1,7,449.4993,,,0.3130,0.0950,"chlorophyll a",164.44,"microgramsPerLiter","GLEC_algalChlorophyll_V1","APHA 10200H",,,
"41c0ba39-3393-4e8a-8f66-508723740120","D05","CRAM","CRAM.AOS.littoral1","2021-07-13","CRAM.20210713.PHYTOPLANKTON.2.CHL/PHEO.1","B00000082350","condition ok","Great Lakes Environmental Center, Inc.","2021-07-26","4CajRO/thb0=","chlorophyll/pheophytin","1",150,25,100,1,7,449.4993,,,0.1290,0.0410,"chlorophyll a",2.21,"microgramsPerLiter","GLEC_algalChlorophyll_V1","APHA 10200H",,,
"16da1c14-7339-41b6-996e-4ed4ac95c5d3","D05","CRAM","CRAM.AOS.littoral1","2021-07-13","CRAM.20210713.PHYTOPLANKTON.2.CHL/PHEO.1","B00000082350","condition ok","Great Lakes Environmental Center, Inc.","2021-07-26","4CajRO/thb0=","chlorophyll/pheophytin","1",150,25,100,1,7,449.4993,,,0.1290,0.0410,"pheophytin",2.98,"microgramsPerLiter","GLEC_algalChlorophyll_V1","APHA 10200H",,,
"a36a87bc-98a2-4481-8bb9-13a8e5828c2f","D05","CRAM","CRAM.AOS.riparian.point.08","2021-07-13","CRAM.20210713.EPIXYLON.8.CHL/PHEO.1","B00000082344","condition ok","Great Lakes Environmental Center, Inc.","2021-07-26","4CajRO/thb0=","chlorophyll/pheophytin","1",5,25,100,1,7,449.4993,,,0.3610,0.1110,"chlorophyll a",188.58,"microgramsPerLiter","GLEC_algalChlorophyll_V1","APHA 10200H",,,
"4ac2c6a1-ffe4-4e6a-bde8-b6f2b9222db3","D05","CRAM","CRAM.AOS.riparian.point.09","2021-07-13","CRAM.20210713.EPIXYLON.3.CHL/PHEO.1","B00000082349","condition ok","Great Lakes Environmental Center, Inc.","2021-07-26","4CajRO/thb0=","chlorophyll/pheophytin","1",5,25,100,1,7,449.4993,,,0.3130,0.0950,"pheophytin",196.25,"microgramsPerLiter","GLEC_algalChlorophyll_V1","APHA 10200H",,,
"8af43343-8ab7-4ef0-bf65-f1fba3bd1b7b","D05","CRAM","CRAM.AOS.littoral2","2021-07-13","CRAM.20210713.PHYTOPLANKTON.7.CHL/PHEO.1","B00000082345","condition ok","Great Lakes Environmental Center, Inc.","2021-07-26","4CajRO/thb0=","chlorophyll/pheophytin","1",150,25,100,1,7,449.4993,,,0.1090,0.0360,"chlorophyll a",1.84,"microgramsPerLiter","GLEC_algalChlorophyll_V1","APHA 10200H",,,
"1a3ffc00-9fc4-46f4-9c06-b146ee5252b3","D05","CRAM","CRAM.AOS.littoral2","2021-07-13","CRAM.20210713.PHYTOPLANKTON.7.CHL/PHEO.1","B00000082345","condition ok","Great Lakes Environmental Center, Inc.","2021-07-26","4CajRO/thb0=","chlorophyll/pheophytin","1",150,25,100,1,7,449.4993,,,0.1090,0.0360,"pheophytin",2.72,"microgramsPerLiter","GLEC_algalChlorophyll_V1","APHA 10200H",,,
