uid,domainID,siteID,namedLocation,collectDate,parentSampleID,sampleID,sampleCode,filterNumber,analysisType,fieldSampleVolume,domainFilterVolume,storageDays,remarks,measuredBy,recordedBy,sampleCondition,dataQF
"3cefcb83-ae1d-480a-847c-e6520498cbc4","D05","CRAM","CRAM.AOS.littoral1","2021-07-13T15:26Z","CRAM.20210713.PHYTOPLANKTON.2","CRAM.20210713.PHYTOPLANKTON.2.P.1","A00000206324",1,"P",4000.0,150.0,1.0,,"0000-0002-0599-3609","0000-0003-1075-1249","OK",
"3584461c-0787-45fe-b8fe-23ae0a935d6c","D05","CRAM","CRAM.AOS.riparian.point.09","2021-07-13T15:26Z","CRAM.20210713.EPIXYLON.3","CRAM.20210713.EPIXYLON.3.REP2.CNSA.2","A00000206275",2,"CNSa",125.0,5.0,1.0,,"0000-0002-0599-3609","0000-0003-1075-1249","OK",
"5c4c895a-d7bd-4565-8009-69697c5cf990","D05","CRAM","CRAM.AOS.buoy.c1","2021-07-13T15:26Z","CRAM.20210713.PHYTOPLANKTON.1","CRAM.20210713.PHYTOPLANKTON.1.P.1","A00000206301",1,"P",4000.0,150.0,1.0,,"0000-0002-0599-3609","0000-0003-1075-1249","OK",
"5aab5575-0b26-41a7-bb7f-205b37293174","D05","CRAM","CRAM.AOS.buoy.c1","2021-07-13T15:26Z","CRAM.20210713.PHYTOPLANKTON.1","CRAM.20210713.PHYTOPLANKTON.1.CNSA.1","A00000206291",1,"CNSa",4000.0,150.0,1.0,,"0000-0002-0599-3609","0000-0003-1075-1249","OK",
"119068f4-4369-49d3-b87e-db93323eb848","D05","CRAM","CRAM.AOS.riparian.point.09","2021-07-13T15:26Z","CRAM.20210713.EPIXYLON.3","CRAM.20210713.EPIXYLON.3.CNSA.1","A00000206320",1,"CNSa",125.0,5.0,1.0,,"0000-0002-0599-3609","0000-0003-1075-1249","OK",
"95cb2b80-b2e5-4497-b1b7-93ab4c0b9e98","D05","CRAM","CRAM.AOS.riparian.point.08","2021-07-13T15:26Z","CRAM.20210713.EPIXYLON.8","CRAM.20210713.EPIXYLON.8.CNSB.1","A00000206274",1,"CNSb",125.0,5.0,1.1,,"0000-0002-0599-3609","0000-0003-1075-1249","OK",
"9c8d027c-552b-4dc8-9ead-c5874a5c92bf","D05","CRAM","CRAM.AOS.riparian.point.09","2021-07-13T15:26Z","CRAM.20210713.EPIXYLON.3","CRAM.20210713.EPIXYLON.3.CNSB.1","A00000206269",1,"CNSb",125.0,5.0,1.0,,"0000-0002-0599-3609","0000-0003-1075-1249","OK",
"e17ca018-0b2a-48d8-aa24-171f51296fec","D05","CRAM","CRAM.AOS.littoral1","2021-07-13T15:26Z","CRAM.20210713.PHYTOPLANKTON.2","CRAM.20210713.PHYTOPLANKTON.2.CNSA.1","A00000206325",1,"CNSa",4000.0,150.0,1.0,,"0000-0002-0599-3609","0000-0003-1075-1249","OK",
"7cbf4233-902b-4e19-902c-35f6981f8935","D05","CRAM","CRAM.AOS.littoral2","2021-07-13T15:26Z","CRAM.20210713.PHYTOPLANKTON.7","CRAM.20210713.PHYTOPLANKTON.7.P.1","A00000206310",1,"P",4000.0,150.0,1.0,,"0000-0002-0599-3609","0000-0003-1075-1249","OK",
"6eaa831c-7d15-412a-9267-c995b2067645","D05","CRAM","CRAM.AOS.riparian.point.09","2021-07-13T15:26Z","CRAM.20210713.EPIXYLON.3","CRAM.20210713.EPIXYLON.3.REP2.CHL/PHEO.2","B00000082343",2,"chlorophyll/pheophytin",125.0,5.0,1.0,,"0000-0002-0599-3609","0000-0003-1075-1249","OK",
"b5dd59a9-5d9b-4f37-8808-2a61836470b6","D05","CRAM","CRAM.AOS.riparian.point.03","2021-07-13T15:26Z","CRAM.20210713.EPIXYLON.6","CRAM.20210713.EPIXYLON.6.CHL/PHEO.1","B00000082346",1,"chlorophyll/pheophytin",125.0,5.0,1.1,,"0000-0002-0599-3609","0000-0003-1075-1249","OK",
"9b9e4ae6-faba-4f77-9f72-5f24d5384456","D05","CRAM","CRAM.AOS.buoy.c1","2021-07-13T15:26Z","CRAM.20210713.PHYTOPLANKTON.1","CRAM.20210713.PHYTOPLANKTON.1.CHL/PHEO.1","B00000082351",1,"chlorophyll/pheophytin",4000.0,150.0,1.0,,"0000-0002-0599-3609","0000-0003-1075-1249","OK",
"9fb9b518-eb15-4a68-9f8f-7f6513b7e38c","D05","CRAM","CRAM.AOS.littoral2","2021-07-13T15:26Z","CRAM.20210713.PHYTOPLANKTON.7","CRAM.20210713.PHYTOPLANKTON.7.CNSB.1","A00000206342",1,"CNSb",4000.0,150.0,1.0,,"0000-0002-0599-3609","0000-0003-1075-1249","OK",
"e1e1952c-3c7a-4fc0-8354-83ff37f3b4cb","D05","CRAM","CRAM.AOS.riparian.point.09","2021-07-13T15:26Z","CRAM.20210713.EPIXYLON.3","CRAM.20210713.EPIXYLON.3.REP2.P.2","A00000206277",2,"P",125.0,5.0,1.0,,"0000-0002-0599-3609","0000-0003-1075-1249","OK",
"dc69b5b9-9c0c-4b00-8423-57c6cef2b32a","D05","CRAM","CRAM.AOS.riparian.point.03","2021-07-13T15:26Z","CRAM.20210713.EPIXYLON.6","CRAM.20210713.EPIXYLON.6.CNSA.1","A00000206286",1,"CNSa",125.0,5.0,1.1,,"0000-0002-0599-3609","0000-0003-1075-1249","OK",
"9c2f5162-59e9-4204-bfcf-6b18c06e8d29","D05","CRAM","CRAM.AOS.riparian.point.05","2021-07-13T15:26Z","CRAM.20210713.EPIXYLON.5","CRAM.20210713.EPIXYLON.5.CNSA.1","A00000206287",1,"CNSa",125.0,5.0,1.1,,"0000-0002-0599-3609","0000-0003-1075-1249","OK",
"93d3c329-a0fa-4a3f-b105-8c85377a43a4","D05","CRAM","CRAM.AOS.riparian.point.05","2021-07-13T15:26Z","CRAM.20210713.EPIXYLON.5","CRAM.20210713.EPIXYLON.5.CNSB.1","A00000206272",1,"CNSb",125.0,5.0,1.1,,"0000-0002-0599-3609","0000-0003-1075-1249","OK",
"89aa68b6-0dc0-4ced-9b80-fc9a1f01606c","D05","CRAM","CRAM.AOS.littoral1","2021-07-13T15:26Z","CRAM.20210713.PHYTOPLANKTON.2","CRAM.20210713.PHYTOPLANKTON.2.CHL/PHEO.1","B00000082350",1,"chlorophyll/pheophytin",4000.0,150.0,1.0,,"0000-0002-0599-3609","0000-0003-1075-1249","OK",
"7048b6d5-0ebd-43ce-afef-e5a20417c07c","D05","CRAM","CRAM.AOS.riparian.point.08","2021-07-13T15:26Z","CRAM.20210713.EPIXYLON.8","CRAM.20210713.EPIXYLON.8.CNSA.1","A00000206311",1,"CNSa",125.0,5.0,1.1,,"0000-0002-0599-3609","0000-0003-1075-1249","OK",
"16fc15df-1640-4f45-8b00-f734bd7e9c3e","D05","CRAM","CRAM.AOS.littoral2","2021-07-13T15:26Z","CRAM.20210713.PHYTOPLANKTON.7","CRAM.20210713.PHYTOPLANKTON.7.CHL/PHEO.1","B00000082345",1,"chlorophyll/pheophytin",4000.0,150.0,1.0,,"0000-0002-0599-3609","0000-0003-1075-1249","OK",
"35921f63-833a-4515-9b61-62d849bac5cf","D05","CRAM","CRAM.AOS.riparian.point.07","2021-07-13T15:26Z","CRAM.20210713.EPIXYLON.4","CRAM.20210713.EPIXYLON.4.CNSB.1","A00000206321",1,"CNSb",125.0,5.0,1.0,,"0000-0002-0599-3609","0000-0003-1075-1249","OK",
"a2b9467b-6173-4d13-bb62-0180ba2fd42f","D05","CRAM","CRAM.AOS.riparian.point.07","2021-07-13T15:26Z","CRAM.20210713.EPIXYLON.4","CRAM.20210713.EPIXYLON.4.CNSA.1","A00000206323",1,"CNSa",125.0,5.0,1.0,,"0000-0002-0599-3609","0000-0003-1075-1249","OK",
"0620f379-b4a7-4de9-ad4f-a53a4fd41532","D05","CRAM","CRAM.AOS.riparian.point.07","2021-07-13T15:26Z","CRAM.20210713.EPIXYLON.4","CRAM.20210713.EPIXYLON.4.CHL/PHEO.1","B00000082348",1,"chlorophyll/pheophytin",125.0,5.0,1.0,,"0000-0002-0599-3609","0000-0003-1075-1249","OK",
"ea76e5ee-5858-437e-8d5a-de63cb4665da","D05","CRAM","CRAM.AOS.riparian.point.09","2021-07-13T15:26Z","CRAM.20210713.EPIXYLON.3","CRAM.20210713.EPIXYLON.3.P.1","A00000206318",1,"P",125.0,5.0,1.0,,"0000-0002-0599-3609","0000-0003-1075-1249","OK",
"13cd7c00-df77-44d4-a135-82b9da0b982e","D05","CRAM","CRAM.AOS.buoy.c1","2021-07-13T15:26Z","CRAM.20210713.PHYTOPLANKTON.1","CRAM.20210713.PHYTOPLANKTON.1.CNSB.1","A00000206319",1,"CNSb",4000.0,150.0,1.0,,"0000-0002-0599-3609","0000-0003-1075-1249","OK",
"19bbe269-56a2-4637-abd1-aef894d9697c","D05","CRAM","CRAM.AOS.riparian.point.05","2021-07-13T15:26Z","CRAM.20210713.EPIXYLON.5","CRAM.20210713.EPIXYLON.5.P.1","A00000206288",1,"P",125.0,5.0,1.1,,"0000-0002-0599-3609","0000-0003-1075-1249","OK",
"a299cca1-3d7b-43aa-a3eb-fe07d2129037","D05","CRAM","CRAM.AOS.riparian.point.09","2021-07-13T15:26Z","CRAM.20210713.EPIXYLON.3","CRAM.20210713.EPIXYLON.3.CHL/PHEO.1","B00000082349",1,"chlorophyll/pheophytin",125.0,5.0,1.0,,"0000-0002-0599-3609","0000-0003-1075-1249","OK",
"d87b393e-3fcc-46f9-8954-70c3bfec435a","D05","CRAM","CRAM.AOS.riparian.point.03","2021-07-13T15:26Z","CRAM.20210713.EPIXYLON.6","CRAM.20210713.EPIXYLON.6.P.1","A00000206270",1,"P",125.0,5.0,1.1,,"0000-0002-0599-3609","0000-0003-1075-1249","OK",
"c1de13bc-c5e7-4bc8-bbea-ef0737120fa8","D05","CRAM","CRAM.AOS.riparian.point.09","2021-07-13T15:26Z","CRAM.20210713.EPIXYLON.3","CRAM.20210713.EPIXYLON.3.REP2.CNSB.2","A00000206276",2,"CNSb",125.0,5.0,1.0,,"0000-0002-0599-3609","0000-0003-1075-1249","OK",
"fb6b635c-29b7-4788-a73c-b914fb8409bf","D05","CRAM","CRAM.AOS.riparian.point.08","2021-07-13T15:26Z","CRAM.20210713.EPIXYLON.8","CRAM.20210713.EPIXYLON.8.P.1","A00000206273",1,"P",125.0,5.0,1.1,,"0000-0002-0599-3609","0000-0003-1075-1249","OK",
"f5419928-637a-45af-8f86-ebe494db6651","D05","CRAM","CRAM.AOS.littoral2","2021-07-13T15:26Z","CRAM.20210713.PHYTOPLANKTON.7","CRAM.20210713.PHYTOPLANKTON.7.CNSA.1","A00000206327",1,"CNSa",4000.0,150.0,1.0,,"0000-0002-0599-3609","0000-0003-1075-1249","OK",
"1353a621-126e-4742-b277-1a1e3bae1c13","D05","CRAM","CRAM.AOS.riparian.point.08","2021-07-13T15:26Z","CRAM.20210713.EPIXYLON.8","CRAM.20210713.EPIXYLON.8.CHL/PHEO.1","B00000082344",1,"chlorophyll/pheophytin",125.0,5.0,1.1,,"0000-0002-0599-3609","0000-0003-1075-1249","OK",
"e9d4ef7d-cad5-4194-93ce-f4fd1ec932e2","D05","CRAM","CRAM.AOS.littoral1","2021-07-13T15:26Z","CRAM.20210713.PHYTOPLANKTON.2","CRAM.20210713.PHYTOPLANKTON.2.CNSB.1","A00000206302",1,"CNSb",4000.0,150.0,1.0,,"0000-0002-0599-3609","0000-0003-1075-1249","OK",
"a2886400-78f3-47cf-adc0-3caad1fc4b16","D05","CRAM","CRAM.AOS.riparian.point.07","2021-07-13T15:26Z","CRAM.20210713.EPIXYLON.4","CRAM.20210713.EPIXYLON.4.P.1","A00000206322",1,"P",125.0,5.0,1.0,,"0000-0002-0599-3609","0000-0003-1075-1249","OK",
"09b6c400-288f-4c64-b720-90a09a77a255","D05","CRAM","CRAM.AOS.riparian.point.03","2021-07-13T15:26Z","CRAM.20210713.EPIXYLON.6","CRAM.20210713.EPIXYLON.6.CNSB.1","A00000206271",1,"CNSb",125.0,5.0,1.1,,"0000-0002-0599-3609","0000-0003-1075-1249","OK",
"4240c755-97e7-4de8-9b5e-09c497a39530","D05","CRAM","CRAM.AOS.riparian.point.05","2021-07-13T15:26Z","CRAM.20210713.EPIXYLON.5","CRAM.20210713.EPIXYLON.5.CHL/PHEO.1","B00000082347",1,"chlorophyll/pheophytin",125.0,5.0,1.1,,"0000-0002-0599-3609","0000-0003-1075-1249","OK",
