uid,domainID,siteID,namedLocation,aquaticSiteType,decimalLatitude,decimalLongitude,coordinateUncertainty,elevation,elevationUncertainty,geodeticDatum,collectDate,eventID,parentSampleID,parentSampleCode,samplingImpractical,biophysicalCriteria,affectedByWind,habitatType,algalSampleType,benthicArea,samplingProtocolVersion,phytoDepth1,phytoDepth2,phytoDepth3,substratumSizeClass,remarks,recordedBy,collectedBy,dataQF
"3ac82f57-b4c8-4912-aec4-3caa3494ed80","D05","CRAM","CRAM.AOS.riparian.point.09","lake",46.206543,-89.476401,0.1,510.5,0.1,"WGS84","2021-07-13T15:26Z","CRAM.20210713","CRAM.20210713.EPIXYLON.3",,,"OK - no known exceptions",,"littoral","epixylon",0.002406,"NEON.DOC.003045vE",,,,,,"0000-0003-1075-1249","0000-0002-0599-3609",
"ea052721-4c2d-443d-956f-a9dfb0d7af07","D05","CRAM","CRAM.AOS.littoral2","lake",46.211995,-89.474460,1.1,512.5,1.0,"WGS84","2021-07-13T15:26Z","CRAM.20210713","CRAM.20210713.PHYTOPLANKTON.7",,,"OK - no known exceptions","N","pelagic","phytoplankton",,"NEON.DOC.003045vE",0.5,1.1,,,,"0000-0003-1075-1249","0000-0002-0599-3609",
"937fff95-acbf-4c94-b165-84a66a4bed7b","D05","CRAM","CRAM.AOS.buoy.c1","lake",46.210592,-89.476861,10.0,509.0,10.0,"WGS84","2021-07-13T15:26Z","CRAM.20210713","CRAM.20210713.PHYTOPLANKTON.1",,,"OK - no known exceptions","N","pelagic","phytoplankton",,"NEON.DOC.003045vE",0.5,4.8,9.6,,,"0000-0003-1075-1249","0000-0002-0599-3609",
"b5fbea73-89d9-4ed2-9567-fbda1bd9d585","D05","CRAM","CRAM.AOS.riparian.point.05","lake",46.208228,-89.471270,0.1,510.4,0.1,"WGS84","2021-07-13T15:26Z","CRAM.20210713","CRAM.20210713.EPIXYLON.5",,,"OK - no known exceptions",,"littoral","epixylon",0.002406,"NEON.DOC.003045vE",,,,,,"0000-0003-1075-1249","0000-0002-0599-3609",
"b700f987-9117-4391-98a1-cad9fccb964a","D05","CRAM","CRAM.AOS.riparian.point.07","lake",46.207433,-89.475220,0.5,514.4,0.6,"WGS84","2021-07-13T15:26Z","CRAM.20210713","CRAM.20210713.EPIXYLON.4",,,"OK - no known exceptions",,"littoral","epixylon",0.002406,"NEON.DOC.003045vE",,,,,,"0000-0003-1075-1249","0000-0002-0599-3609",
"dbbb5337-88ab-42c4-b9d0-2a7b7d18c847","D05","CRAM","CRAM.AOS.riparian.point.03","lake",46.211728,-89.470910,0.1,510.6,0.1,"WGS84","2021-07-13T15:26Z","CRAM.20210713","CRAM.20210713.EPIXYLON.6",,,"OK - no known exceptions",,"littoral","epixylon",0.002406,"NEON.DOC.003045vE",,,,,,"0000-0003-1075-1249","0000-0002-0599-3609",
"468f56d7-a119-47d2-a32e-e2b03c808c81","D05","CRAM","CRAM.AOS.riparian.point.08","lake",46.205971,-89.472702,0.1,510.8,0.1,"WGS84","2021-07-13T15:26Z","CRAM.20210713","CRAM.20210713.EPIXYLON.8",,,"OK - no known exceptions",,"pelagic","epixylon",0.002406,"NEON.DOC.003045vE",,,,,,"0000-0003-1075-1249","0000-0002-0599-3609",
"50dcadd8-d2e6-4585-8741-004ad015d60a","D05","CRAM","CRAM.AOS.littoral1","lake",46.207952,-89.476193,1.1,512.5,1.0,"WGS84","2021-07-13T15:26Z","CRAM.20210713","CRAM.20210713.PHYTOPLANKTON.2",,,"OK - no known exceptions","N","pelagic","phytoplankton",,"NEON.DOC.003045vE",0.5,0.8,,,,"0000-0003-1075-1249","0000-0002-0599-3609",
