uid,domainID,siteID,namedLocation,aquaticSiteType,decimalLatitude,decimalLongitude,coordinateUncertainty,elevation,elevationUncertainty,geodeticDatum,collectDate,eventID,parentSampleID,parentSampleCode,samplingImpractical,biophysicalCriteria,affectedByWind,habitatType,algalSampleType,benthicArea,samplingProtocolVersion,phytoDepth1,phytoDepth2,phytoDepth3,substratumSizeClass,remarks,recordedBy,collectedBy,dataQF
"9ac5b8be-31b6-458b-aa2d-36968799ec49","D03","SUGG","SUGG.AOS.riparian.point.06","lake",29.685231,-82.020373,5.0,27.9,5.0,"WGS84","2020-07-15T14:45Z","SUGG.20200715","SUGG.20200715.EPIPHYTON.6",,,"OK - no known exceptions",,"pelagic","epiphyton",0.010000,"NEON.DOC.003045vE",,,,,,"0000-0003-1571-3196","0000-0002-7940-8177",
"9e576fe9-76ec-4b71-b420-aa8cf9b218db","D03","SUGG","SUGG.AOS.riparian.point.08","lake",29.685435,-82.016359,5.0,27.9,5.0,"WGS84","2020-07-15T14:45Z","SUGG.20200715","SUGG.20200715.EPIPHYTON.8",,,"OK - no known exceptions",,"pelagic","epiphyton",0.010000,"NEON.DOC.003045vE",,,,,,"0000-0003-1571-3196","0000-0002-7940-8177",
"190a0a06-5054-4ee9-acc6-7b0909447edd","D03","SUGG","SUGG.AOS.riparian.point.10","lake",29.688129,-82.014426,5.0,27.9,5.0,"WGS84","2020-07-15T14:45Z","SUGG.20200715","SUGG.20200715.EPIPHYTON.10",,,"OK - no known exceptions",,"pelagic","epiphyton",0.010000,"NEON.DOC.003045vE",,,,,,"0000-0003-1571-3196","0000-0002-7940-8177",
"cd9fcdf4-868a-4444-bc8d-3ddcc24fc544","D03","SUGG","SUGG.AOS.buoy.c1","lake",29.688149,-82.017318,10.0,30.0,10.0,"WGS84","2020-07-15T14:45Z","SUGG.20200715","SUGG.20200715.PHYTOPLANKTON.1",,,"OK - no known exceptions","N","pelagic","phytoplankton",,"NEON.DOC.003045vE",0.5,0.5,0.5,,,"0000-0003-1571-3196","0000-0002-7940-8177",
"3434a767-24e5-4d18-a426-9f77aeadb184","D03","SUGG","SUGG.AOS.riparian.point.04","lake",29.688825,-82.020784,5.0,27.9,5.0,"WGS84","2020-07-15T14:45Z","SUGG.20200715","SUGG.20200715.EPIPHYTON.4",,,"OK - no known exceptions",,"pelagic","epiphyton",0.010000,"NEON.DOC.003045vE",,,,,,"0000-0003-1571-3196","0000-0002-7940-8177",
"9b308d43-3a34-4167-b194-129a30699836","D03","SUGG","SUGG.AOS.littoral1","lake",29.685093,-82.018412,1.1,30.2,1.0,"WGS84","2020-07-15T14:45Z","SUGG.20200715","SUGG.20200715.PHYTOPLANKTON.2",,,"OK - no known exceptions","N","pelagic","phytoplankton",,"NEON.DOC.003045vE",0.5,0.5,0.5,,,"0000-0003-1571-3196","0000-0002-7940-8177",
"4593dc75-e76e-472c-b4ad-0e33a45860ce","D03","SUGG","SUGG.AOS.littoral2","lake",29.687601,-82.020598,1.1,30.3,1.0,"WGS84","2020-07-15T14:45Z","SUGG.20200715","SUGG.20200715.PHYTOPLANKTON.3",,,"OK - no known exceptions","N","pelagic","phytoplankton",,"NEON.DOC.003045vE",0.5,0.5,0.5,,,"0000-0003-1571-3196","0000-0002-7940-8177",
"4d880858-d2c1-4d6a-9ba0-2d8f0be8f190","D03","SUGG","SUGG.AOS.riparian.point.02","lake",29.690679,-82.017404,5.0,27.9,5.0,"WGS84","2020-07-15T14:45Z","SUGG.20200715","SUGG.20200715.EPIPHYTON.2",,,"OK - no known exceptions",,"pelagic","epiphyton",0.010000,"NEON.DOC.003045vE",,,,,,"0000-0003-1571-3196","0000-0002-7940-8177",
