uid,domainID,siteID,namedLocation,collectDate,parentSampleID,sampleID,sampleCode,filterNumber,analysisType,fieldSampleVolume,domainFilterVolume,storageDays,remarks,measuredBy,recordedBy,sampleCondition,dataQF
"fbaab832-c449-4674-acc2-e5456ece4657","D03","SUGG","SUGG.AOS.buoy.c1","2020-07-15T14:45Z","SUGG.20200715.PHYTOPLANKTON.1","SUGG.20200715.PHYTOPLANKTON.1.REP2.CNSB.2","A00000131462",2,"CNSb",5000.0,300.0,0.0,,"0000-0003-1571-3196","0000-0003-1571-3196","OK",
"e700e95f-255f-4995-8910-730211cda869","D03","SUGG","SUGG.AOS.riparian.point.08","2020-07-15T14:45Z","SUGG.20200715.EPIPHYTON.8","SUGG.20200715.EPIPHYTON.8.P.1","A00000131634",1,"P",125.0,5.0,0.2,,"0000-0003-1571-3196","0000-0003-1571-3196","OK",
"353aa501-6504-4038-83ef-36b150509136","D03","SUGG","SUGG.AOS.riparian.point.06","2020-07-15T14:45Z","SUGG.20200715.EPIPHYTON.6","SUGG.20200715.EPIPHYTON.6.CNSA.1","A00000131626",1,"CNSa",125.0,3.0,0.1,,"0000-0003-1571-3196","0000-0003-1571-3196","OK",
"7cd3bf96-60f6-44e3-ad79-7b2fb9da76b1","D03","SUGG","SUGG.AOS.littoral2","2020-07-15T14:45Z","SUGG.20200715.PHYTOPLANKTON.3","SUGG.20200715.PHYTOPLANKTON.3.CNSB.1","A00000131472",1,"CNSb",5000.0,300.0,0.1,,"0000-0003-1571-3196","0000-0003-1571-3196","OK",
"37b9c2f0-7ffb-4afb-96df-507e27c0d512","D03","SUGG","SUGG.AOS.buoy.c1","2020-07-15T14:45Z","SUGG.20200715.PHYTOPLANKTON.1","SUGG.20200715.PHYTOPLANKTON.1.CNSB.1","A00000131464",1,"CNSb",5000.0,300.0,0.0,,"0000-0003-1571-3196","0000-0003-1571-3196","OK",
"654ba58e-0725-43c4-8dd0-d16b6b99f3d7","D03","SUGG","SUGG.AOS.buoy.c1","2020-07-15T14:45Z","SUGG.20200715.PHYTOPLANKTON.1","SUGG.20200715.PHYTOPLANKTON.1.REP2.CHL/PHEO.2","A00000131466",2,"chlorophyll/pheophytin",5000.0,300.0,0.0,,"0000-0003-1571-3196","0000-0003-1571-3196","OK",
"ffd55ee2-3ac9-4e0a-b477-d53f45f1f306","D03","SUGG","SUGG.AOS.riparian.point.04","2020-07-15T14:45Z","SUGG.20200715.EPIPHYTON.4","SUGG.20200715.EPIPHYTON.4.CNSB.1","A00000131476",1,"CNSb",125.0,3.0,0.1,,"0000-0003-1571-3196","0000-0003-1571-3196","OK",
"8110123b-42dc-4ad0-b0e2-3b731c40ed9e","D03","SUGG","SUGG.AOS.buoy.c1","2020-07-15T14:45Z","SUGG.20200715.PHYTOPLANKTON.1","SUGG.20200715.PHYTOPLANKTON.1.CHL/PHEO.1","A00000131467",1,"chlorophyll/pheophytin",5000.0,300.0,0.0,,"0000-0003-1571-3196","0000-0003-1571-3196","OK",
"d41633b3-a913-4e25-b376-e4e0993d68f3","D03","SUGG","SUGG.AOS.littoral1","2020-07-15T14:45Z","SUGG.20200715.PHYTOPLANKTON.2","SUGG.20200715.PHYTOPLANKTON.2.CHL/PHEO.1","A00000131614",1,"chlorophyll/pheophytin",5000.0,300.0,0.1,,"0000-0003-1571-3196","0000-0003-1571-3196","OK",
"e3bba45a-bb45-4bac-b49a-d1c29e870892","D03","SUGG","SUGG.AOS.riparian.point.10","2020-07-15T14:45Z","SUGG.20200715.EPIPHYTON.10","SUGG.20200715.EPIPHYTON.10.CHL/PHEO.1","A00000131630",1,"chlorophyll/pheophytin",125.0,5.0,0.2,,"0000-0003-1571-3196","0000-0003-1571-3196","OK",
"e32c55a0-1173-4e19-8472-aa8a94d6027b","D03","SUGG","SUGG.AOS.riparian.point.08","2020-07-15T14:45Z","SUGG.20200715.EPIPHYTON.8","SUGG.20200715.EPIPHYTON.8.CHL/PHEO.1","A00000131631",1,"chlorophyll/pheophytin",125.0,5.0,0.2,,"0000-0003-1571-3196","0000-0003-1571-3196","OK",
"5ba9fa69-f638-4299-b906-32a9a33efa0d","D03","SUGG","SUGG.AOS.riparian.point.04","2020-07-15T14:45Z","SUGG.20200715.EPIPHYTON.4","SUGG.20200715.EPIPHYTON.4.CHL/PHEO.1","A00000131474",1,"chlorophyll/pheophytin",125.0,3.0,0.1,,"0000-0003-1571-3196","0000-0003-1571-3196","OK",
"dfb01df3-3f5b-4b7b-8141-186db4bcc75b","D03","SUGG","SUGG.AOS.buoy.c1","2020-07-15T14:45Z","SUGG.20200715.PHYTOPLANKTON.1","SUGG.20200715.PHYTOPLANKTON.1.REP2.P.2","A00000131468",2,"P",5000.0,300.0,0.0,,"0000-0003-1571-3196","0000-0003-1571-3196","OK",
"e50f7eb1-b6eb-4256-8a7b-5abc2000a99f","D03","SUGG","SUGG.AOS.riparian.point.06","2020-07-15T14:45Z","SUGG.20200715.EPIPHYTON.6","SUGG.20200715.EPIPHYTON.6.CNSB.1","A00000131625",1,"CNSb",125.0,3.0,0.1,,"0000-0003-1571-3196","0000-0003-1571-3196","OK",
"7c99750b-532c-4462-ab4a-2fb406d6ea8f","D03","SUGG","SUGG.AOS.littoral2","2020-07-15T14:45Z","SUGG.20200715.PHYTOPLANKTON.3","SUGG.20200715.PHYTOPLANKTON.3.CHL/PHEO.1","A00000131470",1,"chlorophyll/pheophytin",5000.0,300.0,0.1,,"0000-0003-1571-3196","0000-0003-1571-3196","OK",
"be960c69-8501-4d28-b5bd-01f4a70a13be","D03","SUGG","SUGG.AOS.riparian.point.02","2020-07-15T14:45Z","SUGG.20200715.EPIPHYTON.2","SUGG.20200715.EPIPHYTON.2.P.1","A00000131629",1,"P",125.0,3.0,0.1,,"0000-0003-1571-3196","0000-0003-1571-3196","OK",
"3214c0d5-0a83-494c-841a-526fd430456f","D03","SUGG","SUGG.AOS.riparian.point.10","2020-07-15T14:45Z","SUGG.20200715.EPIPHYTON.10","SUGG.20200715.EPIPHYTON.10.CNSA.1","A00000131635",1,"CNSa",125.0,5.0,0.2,,"0000-0003-1571-3196","0000-0003-1571-3196","OK",
"34012643-ae48-48ae-8b20-b7ad00113461","D03","SUGG","SUGG.AOS.buoy.c1","2020-07-15T14:45Z","SUGG.20200715.PHYTOPLANKTON.1","SUGG.20200715.PHYTOPLANKTON.1.REP2.CNSA.2","A00000131469",2,"CNSa",5000.0,300.0,0.0,,"0000-0003-1571-3196","0000-0003-1571-3196","OK",
"4c45febf-8972-421b-9a19-96046d58ab7d","D03","SUGG","SUGG.AOS.riparian.point.10","2020-07-15T14:45Z","SUGG.20200715.EPIPHYTON.10","SUGG.20200715.EPIPHYTON.10.CNSB.1","A00000131636",1,"CNSb",125.0,5.0,0.2,,"0000-0003-1571-3196","0000-0003-1571-3196","OK",
"b1c297e6-050f-416f-8f8d-c810ca111eef","D03","SUGG","SUGG.AOS.riparian.point.10","2020-07-15T14:45Z","SUGG.20200715.EPIPHYTON.10","SUGG.20200715.EPIPHYTON.10.P.1","A00000131641",1,"P",125.0,5.0,0.2,,"0000-0003-1571-3196","0000-0003-1571-3196","OK",
"d9dd9627-d95a-4fef-b427-a36fb19aa794","D03","SUGG","SUGG.AOS.littoral2","2020-07-15T14:45Z","SUGG.20200715.PHYTOPLANKTON.3","SUGG.20200715.PHYTOPLANKTON.3.P.1","A00000131471",1,"P",5000.0,300.0,0.1,,"0000-0003-1571-3196","0000-0003-1571-3196","OK",
"c9227aca-441b-42df-a251-60c861bbc39e","D03","SUGG","SUGG.AOS.riparian.point.02","2020-07-15T14:45Z","SUGG.20200715.EPIPHYTON.2","SUGG.20200715.EPIPHYTON.2.CNSA.1","A00000131623",1,"CNSa",125.0,3.0,0.1,,"0000-0003-1571-3196","0000-0003-1571-3196","OK",
"726d5529-6756-453e-a376-92f59591ebe5","D03","SUGG","SUGG.AOS.riparian.point.06","2020-07-15T14:45Z","SUGG.20200715.EPIPHYTON.6","SUGG.20200715.EPIPHYTON.6.CHL/PHEO.1","A00000131627",1,"chlorophyll/pheophytin",125.0,3.0,0.1,,"0000-0003-1571-3196","0000-0003-1571-3196","OK",
"5102df7d-6a86-4a95-b2ba-777a8e36e832","D03","SUGG","SUGG.AOS.buoy.c1","2020-07-15T14:45Z","SUGG.20200715.PHYTOPLANKTON.1","SUGG.20200715.PHYTOPLANKTON.1.CNSA.1","A00000131463",1,"CNSa",5000.0,300.0,0.0,,"0000-0003-1571-3196","0000-0003-1571-3196","OK",
"436c5046-0355-4889-bd1c-f93d7ef2aeb6","D03","SUGG","SUGG.AOS.littoral2","2020-07-15T14:45Z","SUGG.20200715.PHYTOPLANKTON.3","SUGG.20200715.PHYTOPLANKTON.3.CNSA.1","A00000131473",1,"CNSa",5000.0,300.0,0.1,,"0000-0003-1571-3196","0000-0003-1571-3196","OK",
"2046a0c7-b3f6-4b46-a533-f2d8ccafb09e","D03","SUGG","SUGG.AOS.riparian.point.02","2020-07-15T14:45Z","SUGG.20200715.EPIPHYTON.2","SUGG.20200715.EPIPHYTON.2.CHL/PHEO.1","A00000131622",1,"chlorophyll/pheophytin",125.0,3.0,0.1,,"0000-0003-1571-3196","0000-0003-1571-3196","OK",
"04cf116e-cf74-407e-a0ec-6495c5ee7fe8","D03","SUGG","SUGG.AOS.riparian.point.08","2020-07-15T14:45Z","SUGG.20200715.EPIPHYTON.8","SUGG.20200715.EPIPHYTON.8.CNSA.1","A00000131632",1,"CNSa",125.0,5.0,0.2,,"0000-0003-1571-3196","0000-0003-1571-3196","OK",
"4cd0e582-d138-49d8-9211-0862e0aa14f3","D03","SUGG","SUGG.AOS.riparian.point.04","2020-07-15T14:45Z","SUGG.20200715.EPIPHYTON.4","SUGG.20200715.EPIPHYTON.4.CNSA.1","A00000131475",1,"CNSa",125.0,3.0,0.1,,"0000-0003-1571-3196","0000-0003-1571-3196","OK",
"aa78c26b-6ba0-4f75-b1d2-c8664c245b53","D03","SUGG","SUGG.AOS.riparian.point.02","2020-07-15T14:45Z","SUGG.20200715.EPIPHYTON.2","SUGG.20200715.EPIPHYTON.2.CNSB.1","A00000131628",1,"CNSb",125.0,3.0,0.1,,"0000-0003-1571-3196","0000-0003-1571-3196","OK",
"b6dcfa02-5e75-4f78-aef6-0aa2e9b4c61c","D03","SUGG","SUGG.AOS.riparian.point.08","2020-07-15T14:45Z","SUGG.20200715.EPIPHYTON.8","SUGG.20200715.EPIPHYTON.8.CNSB.1","A00000131633",1,"CNSb",125.0,5.0,0.2,,"0000-0003-1571-3196","0000-0003-1571-3196","OK",
"d1bc879e-9c2f-4ce5-93e2-0dc8524ac4df","D03","SUGG","SUGG.AOS.littoral1","2020-07-15T14:45Z","SUGG.20200715.PHYTOPLANKTON.2","SUGG.20200715.PHYTOPLANKTON.2.CNSB.1","A00000131616",1,"CNSb",5000.0,300.0,0.1,,"0000-0003-1571-3196","0000-0003-1571-3196","OK",
"5c22756c-d3d9-4012-82ac-7370b1ce6205","D03","SUGG","SUGG.AOS.littoral1","2020-07-15T14:45Z","SUGG.20200715.PHYTOPLANKTON.2","SUGG.20200715.PHYTOPLANKTON.2.CNSA.1","A00000131615",1,"CNSa",5000.0,300.0,0.1,,"0000-0003-1571-3196","0000-0003-1571-3196","OK",
"67d69e55-ba23-44f0-bcb7-7a1cc8221bfd","D03","SUGG","SUGG.AOS.riparian.point.04","2020-07-15T14:45Z","SUGG.20200715.EPIPHYTON.4","SUGG.20200715.EPIPHYTON.4.P.1","A00000131620",1,"P",125.0,3.0,0.1,,"0000-0003-1571-3196","0000-0003-1571-3196","OK",
"4b2b0e75-06ec-4fac-8726-0491a59af862","D03","SUGG","SUGG.AOS.littoral1","2020-07-15T14:45Z","SUGG.20200715.PHYTOPLANKTON.2","SUGG.20200715.PHYTOPLANKTON.2.P.1","A00000131617",1,"P",5000.0,300.0,0.1,,"0000-0003-1571-3196","0000-0003-1571-3196","OK",
"12886c1f-81ad-4191-b7a5-656754574fe4","D03","SUGG","SUGG.AOS.riparian.point.06","2020-07-15T14:45Z","SUGG.20200715.EPIPHYTON.6","SUGG.20200715.EPIPHYTON.6.P.1","A00000131624",1,"P",125.0,3.0,0.1,,"0000-0003-1571-3196","0000-0003-1571-3196","OK",
"ebe632df-d785-46d9-ac3a-2b977ec16de7","D03","SUGG","SUGG.AOS.buoy.c1","2020-07-15T14:45Z","SUGG.20200715.PHYTOPLANKTON.1","SUGG.20200715.PHYTOPLANKTON.1.P.1","A00000131465",1,"P",5000.0,300.0,0.0,,"0000-0003-1571-3196","0000-0003-1571-3196","OK",
