uid,domainID,siteID,namedLocation,collectDate,sampleID,sampleCode,sampleCondition,laboratoryName,analysisDate,analyzedBy,sampleType,replicate,sampleVolumeFiltered,filterSize,percentFilterAnalyzed,dilutionFactor,solventVolume,responseFactor,acidificationResponseFactor,fluorometerSensitivitySetting,preAcidificationFluorescence,postAcidificationFluorescence,analyte,analyteConcentration,plantAlgaeLabUnits,testMethod,method,acidTreatment,externalRemarks,externalLabDataQF
"daff15bb-dfcb-4685-bc00-4fa00e124d62","D03","SUGG","SUGG.AOS.riparian.point.08","2020-07-15","SUGG.20200715.EPIPHYTON.8.CNSA.1","A00000131632","condition ok","SIRFER Lab at University of Utah","2021-06-21","ElFtGy1kV49xqNP00HfxQA==","CNS","1",5,25,100,,,,,,,,"d13C",-29.73,"perMill","SIRFER_algalPlantChem_isotopes_V1","Revesz & Coplen 2012a","N",,
"2bd401c2-8d6d-4c1b-bd8f-dc08ea66f6e4","D03","SUGG","SUGG.AOS.buoy.c1","2020-07-15","SUGG.20200715.PHYTOPLANKTON.1.REP2.CNSA.2","A00000131469","condition ok","SIRFER Lab at University of Utah","2021-06-21","ElFtGy1kV49xqNP00HfxQA==","CNS","1",300,25,100,,,,,,,,"sulfur",5.05,"microgramsPerLiter","SIRFER_algalPlantChem_isotopes_V1","Revesz & Coplen 2012b","N",,
"f2b4f935-6cac-472e-9f00-587d09d0ea1a","D03","SUGG","SUGG.AOS.riparian.point.08","2020-07-15","SUGG.20200715.EPIPHYTON.8.CNSA.1","A00000131632","condition ok","SIRFER Lab at University of Utah","2021-06-21","ElFtGy1kV49xqNP00HfxQA==","CNS","1",5,25,100,,,,,,,,"sulfur",2488.30,"microgramsPerLiter","SIRFER_algalPlantChem_isotopes_V1","Revesz & Coplen 2012b","N",,
"eea510dd-7e3b-4c3b-9df0-1108ccae81ce","D03","SUGG","SUGG.AOS.riparian.point.10","2020-07-15","SUGG.20200715.EPIPHYTON.10.CNSA.1","A00000131635","condition ok","SIRFER Lab at University of Utah","2021-06-21","ElFtGy1kV49xqNP00HfxQA==","CNS","1",5,25,100,,,,,,,,"nitrogen",15686.42,"microgramsPerLiter","SIRFER_algalPlantChem_isotopes_V1","Revesz & Coplen 2012a","N",,
"82835d7e-ee98-4928-8d08-471172973de8","D03","SUGG","SUGG.AOS.buoy.c1","2020-07-15","SUGG.20200715.PHYTOPLANKTON.1.CNSA.1","A00000131463","condition ok","SIRFER Lab at University of Utah","2021-06-21","ElFtGy1kV49xqNP00HfxQA==","CNS","1",300,25,100,,,,,,,,"d15N",0.28,"perMill","SIRFER_algalPlantChem_isotopes_V1","Revesz & Coplen 2012a","N",,
"029420f7-c40e-4e5f-9465-0bb8f2b6ae39","D03","SUGG","SUGG.AOS.riparian.point.08","2020-07-15","SUGG.20200715.EPIPHYTON.8.CNSA.1","A00000131632","condition ok","SIRFER Lab at University of Utah","2021-06-21","ElFtGy1kV49xqNP00HfxQA==","CNS","1",5,25,100,,,,,,,,"carbon",109715.95,"microgramsPerLiter","SIRFER_algalPlantChem_isotopes_V1","Revesz & Coplen 2012a","N",,
"7dbdb7fb-de70-4630-9a4a-50116f02d27f","D03","SUGG","SUGG.AOS.riparian.point.02","2020-07-15","SUGG.20200715.EPIPHYTON.2.CNSA.1","A00000131623","condition ok","SIRFER Lab at University of Utah","2021-06-21","ElFtGy1kV49xqNP00HfxQA==","CNS","1",3,25,100,,,,,,,,"d34S",9.32,"perMill","SIRFER_algalPlantChem_isotopes_V1","Revesz & Coplen 2012b","N",,
"15f4a2ae-2937-40bc-bf93-c29d55d957ff","D03","SUGG","SUGG.AOS.riparian.point.04","2020-07-15","SUGG.20200715.EPIPHYTON.4.CNSB.1","A00000131476","condition ok","SIRFER Lab at University of Utah","2021-07-09","ElFtGy1kV49xqNP00HfxQA==","CNS","1",3,25,100,,,,,,,,"carbon",224532.90,"microgramsPerLiter","SIRFER_algalPlantChem_isotopes_V1","Revesz & Coplen 2012a","Y",,
"346c574b-a667-4f6c-ac7c-5dcbe1da7b52","D03","SUGG","SUGG.AOS.riparian.point.10","2020-07-15","SUGG.20200715.EPIPHYTON.10.CNSA.1","A00000131635","condition ok","SIRFER Lab at University of Utah","2021-06-21","ElFtGy1kV49xqNP00HfxQA==","CNS","1",5,25,100,,,,,,,,"carbon",35753.82,"microgramsPerLiter","SIRFER_algalPlantChem_isotopes_V1","Revesz & Coplen 2012a","N",,
"256099f5-6645-49ab-a0b8-a53657d62da9","D03","SUGG","SUGG.AOS.buoy.c1","2020-07-15","SUGG.20200715.PHYTOPLANKTON.1.CNSA.1","A00000131463","condition ok","SIRFER Lab at University of Utah","2021-06-21","ElFtGy1kV49xqNP00HfxQA==","CNS","1",300,25,100,,,,,,,,"sulfur",7.62,"microgramsPerLiter","SIRFER_algalPlantChem_isotopes_V1","Revesz & Coplen 2012b","N",,
"0fb19097-3480-471e-b13b-ad61d17d20f4","D03","SUGG","SUGG.AOS.littoral1","2020-07-15","SUGG.20200715.PHYTOPLANKTON.2.CNSA.1","A00000131615","condition ok","SIRFER Lab at University of Utah","2021-06-21","ElFtGy1kV49xqNP00HfxQA==","CNS","1",300,25,100,,,,,,,,"d15N",-0.51,"perMill","SIRFER_algalPlantChem_isotopes_V1","Revesz & Coplen 2012a","N",,
"7ffbcf15-bfa3-475c-bb8a-74b2d554706a","D03","SUGG","SUGG.AOS.riparian.point.02","2020-07-15","SUGG.20200715.EPIPHYTON.2.CNSB.1","A00000131628","condition ok","SIRFER Lab at University of Utah","2021-07-09","ElFtGy1kV49xqNP00HfxQA==","CNS","1",3,25,100,,,,,,,,"carbon",190101.33,"microgramsPerLiter","SIRFER_algalPlantChem_isotopes_V1","Revesz & Coplen 2012a","Y",,
"06771fa3-265b-4406-ad1d-f380d690c785","D03","SUGG","SUGG.AOS.riparian.point.10","2020-07-15","SUGG.20200715.EPIPHYTON.10.CNSA.1","A00000131635","condition ok","SIRFER Lab at University of Utah","2021-06-21","ElFtGy1kV49xqNP00HfxQA==","CNS","1",5,25,100,,,,,,,,"d13C",-31.33,"perMill","SIRFER_algalPlantChem_isotopes_V1","Revesz & Coplen 2012a","N",,
"bf4e4b1b-d8a7-4e01-8798-badefc58a10a","D03","SUGG","SUGG.AOS.riparian.point.08","2020-07-15","SUGG.20200715.EPIPHYTON.8.CNSB.1","A00000131633","condition ok","SIRFER Lab at University of Utah","2021-07-09","ElFtGy1kV49xqNP00HfxQA==","CNS","1",5,25,100,,,,,,,,"d13C",-30.42,"perMill","SIRFER_algalPlantChem_isotopes_V1","Revesz & Coplen 2012a","Y",,
"2da8a0eb-74c1-4f1f-b43e-f4222c568e53","D03","SUGG","SUGG.AOS.riparian.point.04","2020-07-15","SUGG.20200715.EPIPHYTON.4.CNSB.1","A00000131476","condition ok","SIRFER Lab at University of Utah","2021-07-09","ElFtGy1kV49xqNP00HfxQA==","CNS","1",3,25,100,,,,,,,,"d13C",-30.89,"perMill","SIRFER_algalPlantChem_isotopes_V1","Revesz & Coplen 2012a","Y",,
"48ae0cb2-6fd5-4467-9d3e-12761910a961","D03","SUGG","SUGG.AOS.riparian.point.08","2020-07-15","SUGG.20200715.EPIPHYTON.8.CNSA.1","A00000131632","condition ok","SIRFER Lab at University of Utah","2021-06-21","ElFtGy1kV49xqNP00HfxQA==","CNS","1",5,25,100,,,,,,,,"nitrogen",12179.10,"microgramsPerLiter","SIRFER_algalPlantChem_isotopes_V1","Revesz & Coplen 2012a","N",,
"c1075203-f030-4bb3-8991-90745f786278","D03","SUGG","SUGG.AOS.riparian.point.02","2020-07-15","SUGG.20200715.EPIPHYTON.2.CNSA.1","A00000131623","condition ok","SIRFER Lab at University of Utah","2021-06-21","ElFtGy1kV49xqNP00HfxQA==","CNS","1",3,25,100,,,,,,,,"sulfur",4540.60,"microgramsPerLiter","SIRFER_algalPlantChem_isotopes_V1","Revesz & Coplen 2012b","N",,
"e71bd164-6e9d-4eda-bb02-1aa243e405ca","D03","SUGG","SUGG.AOS.riparian.point.04","2020-07-15","SUGG.20200715.EPIPHYTON.4.CNSA.1","A00000131475","condition ok","SIRFER Lab at University of Utah","2021-06-21","ElFtGy1kV49xqNP00HfxQA==","CNS","1",3,25,100,,,,,,,,"sulfur",5819.46,"microgramsPerLiter","SIRFER_algalPlantChem_isotopes_V1","Revesz & Coplen 2012b","N",,
"4eafcae9-c7db-4335-974b-13552fc1d8e7","D03","SUGG","SUGG.AOS.riparian.point.02","2020-07-15","SUGG.20200715.EPIPHYTON.2.CNSA.1","A00000131623","condition ok","SIRFER Lab at University of Utah","2021-06-21","ElFtGy1kV49xqNP00HfxQA==","CNS","1",3,25,100,,,,,,,,"d15N",7.49,"perMill","SIRFER_algalPlantChem_isotopes_V1","Revesz & Coplen 2012a","N",,
"882d23fe-8108-4ac1-be09-3516ecf044e2","D03","SUGG","SUGG.AOS.littoral1","2020-07-15","SUGG.20200715.PHYTOPLANKTON.2.CNSA.1","A00000131615","condition ok","SIRFER Lab at University of Utah","2021-06-21","ElFtGy1kV49xqNP00HfxQA==","CNS","1",300,25,100,,,,,,,,"d13C",-32.15,"perMill","SIRFER_algalPlantChem_isotopes_V1","Revesz & Coplen 2012a","N",,
"457f43f9-664d-4d06-a2a9-470c35f8d356","D03","SUGG","SUGG.AOS.riparian.point.04","2020-07-15","SUGG.20200715.EPIPHYTON.4.CNSA.1","A00000131475","condition ok","SIRFER Lab at University of Utah","2021-06-21","ElFtGy1kV49xqNP00HfxQA==","CNS","1",3,25,100,,,,,,,,"nitrogen",28811.30,"microgramsPerLiter","SIRFER_algalPlantChem_isotopes_V1","Revesz & Coplen 2012a","N",,
"4f3b8c55-1ef2-4fad-8c36-c9071a5354d8","D03","SUGG","SUGG.AOS.riparian.point.10","2020-07-15","SUGG.20200715.EPIPHYTON.10.CNSA.1","A00000131635","condition ok","SIRFER Lab at University of Utah","2021-06-21","ElFtGy1kV49xqNP00HfxQA==","CNS","1",5,25,100,,,,,,,,"sulfur",2660.25,"microgramsPerLiter","SIRFER_algalPlantChem_isotopes_V1","Revesz & Coplen 2012b","N",,
"ce8893ca-d455-4033-bc23-00098403ed31","D03","SUGG","SUGG.AOS.littoral1","2020-07-15","SUGG.20200715.PHYTOPLANKTON.2.CNSA.1","A00000131615","condition ok","SIRFER Lab at University of Utah","2021-06-21","ElFtGy1kV49xqNP00HfxQA==","CNS","1",300,25,100,,,,,,,,"carbon",310.27,"microgramsPerLiter","SIRFER_algalPlantChem_isotopes_V1","Revesz & Coplen 2012a","N",,
"cfcc08d8-df90-4c3d-ac99-24dbc7668a92","D03","SUGG","SUGG.AOS.littoral2","2020-07-15","SUGG.20200715.PHYTOPLANKTON.3.CNSA.1","A00000131473","condition ok","SIRFER Lab at University of Utah","2021-06-21","ElFtGy1kV49xqNP00HfxQA==","CNS","1",300,25,100,,,,,,,,"carbon",1058.13,"microgramsPerLiter","SIRFER_algalPlantChem_isotopes_V1","Revesz & Coplen 2012a","N",,
"3892a4a4-5f5b-4e79-93b7-860458937ab9","D03","SUGG","SUGG.AOS.littoral2","2020-07-15","SUGG.20200715.PHYTOPLANKTON.3.CNSA.1","A00000131473","condition ok","SIRFER Lab at University of Utah","2021-06-21","ElFtGy1kV49xqNP00HfxQA==","CNS","1",300,25,100,,,,,,,,"nitrogen",73.84,"microgramsPerLiter","SIRFER_algalPlantChem_isotopes_V1","Revesz & Coplen 2012a","N",,
"63401bed-0606-47a6-a20b-4c911e3fde54","D03","SUGG","SUGG.AOS.riparian.point.06","2020-07-15","SUGG.20200715.EPIPHYTON.6.CNSA.1","A00000131626","condition ok","SIRFER Lab at University of Utah","2021-06-21","ElFtGy1kV49xqNP00HfxQA==","CNS","1",3,25,100,,,,,,,,"d34S",11.99,"perMill","SIRFER_algalPlantChem_isotopes_V1","Revesz & Coplen 2012b","N",,
"57a82c95-ab1b-4dc8-a63a-6cf5adab1d5a","D03","SUGG","SUGG.AOS.buoy.c1","2020-07-15","SUGG.20200715.PHYTOPLANKTON.1.CNSA.1","A00000131463","condition ok","SIRFER Lab at University of Utah","2021-06-21","ElFtGy1kV49xqNP00HfxQA==","CNS","1",300,25,100,,,,,,,,"nitrogen",69.26,"microgramsPerLiter","SIRFER_algalPlantChem_isotopes_V1","Revesz & Coplen 2012a","N",,
"047b074e-47f9-4a8b-b280-325f4e7f86a9","D03","SUGG","SUGG.AOS.littoral1","2020-07-15","SUGG.20200715.PHYTOPLANKTON.2.CNSA.1","A00000131615","condition ok","SIRFER Lab at University of Utah","2021-06-21","ElFtGy1kV49xqNP00HfxQA==","CNS","1",300,25,100,,,,,,,,"nitrogen",45.56,"microgramsPerLiter","SIRFER_algalPlantChem_isotopes_V1","Revesz & Coplen 2012a","N",,
"799b7d86-0c66-468b-826e-0eda193c8de8","D03","SUGG","SUGG.AOS.littoral2","2020-07-15","SUGG.20200715.PHYTOPLANKTON.3.CNSA.1","A00000131473","condition ok","SIRFER Lab at University of Utah","2021-06-21","ElFtGy1kV49xqNP00HfxQA==","CNS","1",300,25,100,,,,,,,,"d15N",-0.37,"perMill","SIRFER_algalPlantChem_isotopes_V1","Revesz & Coplen 2012a","N",,
"067526e8-4232-4509-877b-2a0b8a0a2ef0","D03","SUGG","SUGG.AOS.riparian.point.06","2020-07-15","SUGG.20200715.EPIPHYTON.6.CNSB.1","A00000131625","condition ok","SIRFER Lab at University of Utah","2021-07-09","ElFtGy1kV49xqNP00HfxQA==","CNS","1",3,25,100,,,,,,,,"carbon",177849.04,"microgramsPerLiter","SIRFER_algalPlantChem_isotopes_V1","Revesz & Coplen 2012a","Y",,
"3c85b87c-5b1c-4c51-a7e6-0a30bd900ce0","D03","SUGG","SUGG.AOS.buoy.c1","2020-07-15","SUGG.20200715.PHYTOPLANKTON.1.CNSB.1","A00000131464","condition ok","SIRFER Lab at University of Utah","2021-07-09","ElFtGy1kV49xqNP00HfxQA==","CNS","1",300,25,100,,,,,,,,"carbon",462.23,"microgramsPerLiter","SIRFER_algalPlantChem_isotopes_V1","Revesz & Coplen 2012a","Y",,
"59bec946-9d9a-4ab9-8978-a3967bc623de","D03","SUGG","SUGG.AOS.littoral2","2020-07-15","SUGG.20200715.PHYTOPLANKTON.3.CNSA.1","A00000131473","condition ok","SIRFER Lab at University of Utah","2021-06-21","ElFtGy1kV49xqNP00HfxQA==","CNS","1",300,25,100,,,,,,,,"d34S",9.40,"perMill","SIRFER_algalPlantChem_isotopes_V1","Revesz & Coplen 2012b","N",,
"9d4f2ae1-375f-40be-9595-3a25e741db9f","D03","SUGG","SUGG.AOS.littoral1","2020-07-15","SUGG.20200715.PHYTOPLANKTON.2.CNSA.1","A00000131615","condition ok","SIRFER Lab at University of Utah","2021-06-21","ElFtGy1kV49xqNP00HfxQA==","CNS","1",300,25,100,,,,,,,,"sulfur",5.20,"microgramsPerLiter","SIRFER_algalPlantChem_isotopes_V1","Revesz & Coplen 2012b","N",,
"9eab81a7-2fb3-4c0c-b518-9718771b1138","D03","SUGG","SUGG.AOS.riparian.point.04","2020-07-15","SUGG.20200715.EPIPHYTON.4.CNSA.1","A00000131475","condition ok","SIRFER Lab at University of Utah","2021-06-21","ElFtGy1kV49xqNP00HfxQA==","CNS","1",3,25,100,,,,,,,,"carbon",222763.56,"microgramsPerLiter","SIRFER_algalPlantChem_isotopes_V1","Revesz & Coplen 2012a","N",,
"8a14577a-a6e1-461c-8ee8-dcc2e73e47aa","D03","SUGG","SUGG.AOS.littoral2","2020-07-15","SUGG.20200715.PHYTOPLANKTON.3.CNSA.1","A00000131473","condition ok","SIRFER Lab at University of Utah","2021-06-21","ElFtGy1kV49xqNP00HfxQA==","CNS","1",300,25,100,,,,,,,,"sulfur",6.21,"microgramsPerLiter","SIRFER_algalPlantChem_isotopes_V1","Revesz & Coplen 2012b","N",,
"f83ed6c0-4e7e-46f7-bb4a-535d39700e15","D03","SUGG","SUGG.AOS.riparian.point.04","2020-07-15","SUGG.20200715.EPIPHYTON.4.CNSA.1","A00000131475","condition ok","SIRFER Lab at University of Utah","2021-06-21","ElFtGy1kV49xqNP00HfxQA==","CNS","1",3,25,100,,,,,,,,"d13C",-30.81,"perMill","SIRFER_algalPlantChem_isotopes_V1","Revesz & Coplen 2012a","N",,
"ee4824aa-19a7-4d95-8014-525d488d5c0b","D03","SUGG","SUGG.AOS.riparian.point.08","2020-07-15","SUGG.20200715.EPIPHYTON.8.CNSA.1","A00000131632","condition ok","SIRFER Lab at University of Utah","2021-06-21","ElFtGy1kV49xqNP00HfxQA==","CNS","1",5,25,100,,,,,,,,"d15N",8.00,"perMill","SIRFER_algalPlantChem_isotopes_V1","Revesz & Coplen 2012a","N",,
"7f41d3d5-b2bd-4cc3-9734-4b6732474522","D03","SUGG","SUGG.AOS.riparian.point.10","2020-07-15","SUGG.20200715.EPIPHYTON.10.CNSB.1","A00000131636","condition ok","SIRFER Lab at University of Utah","2021-07-09","ElFtGy1kV49xqNP00HfxQA==","CNS","1",5,25,100,,,,,,,,"d13C",-31.77,"perMill","SIRFER_algalPlantChem_isotopes_V1","Revesz & Coplen 2012a","Y",,
"3344a427-27b5-4225-93e3-34ca6e5fbcfb","D03","SUGG","SUGG.AOS.littoral1","2020-07-15","SUGG.20200715.PHYTOPLANKTON.2.CNSB.1","A00000131616","condition ok","SIRFER Lab at University of Utah","2021-07-09","ElFtGy1kV49xqNP00HfxQA==","CNS","1",300,25,100,,,,,,,,"carbon",345.80,"microgramsPerLiter","SIRFER_algalPlantChem_isotopes_V1","Revesz & Coplen 2012a","Y",,
"5b0addda-daa5-4511-8322-74e19ce10b56","D03","SUGG","SUGG.AOS.littoral1","2020-07-15","SUGG.20200715.PHYTOPLANKTON.2.CNSB.1","A00000131616","condition ok","SIRFER Lab at University of Utah","2021-07-09","ElFtGy1kV49xqNP00HfxQA==","CNS","1",300,25,100,,,,,,,,"d13C",-31.93,"perMill","SIRFER_algalPlantChem_isotopes_V1","Revesz & Coplen 2012a","Y",,
"eeae8e4a-fad1-4fca-8f26-12a25193dd09","D03","SUGG","SUGG.AOS.buoy.c1","2020-07-15","SUGG.20200715.PHYTOPLANKTON.1.REP2.CNSA.2","A00000131469","condition ok","SIRFER Lab at University of Utah","2021-06-21","ElFtGy1kV49xqNP00HfxQA==","CNS","1",300,25,100,,,,,,,,"d15N",0.64,"perMill","SIRFER_algalPlantChem_isotopes_V1","Revesz & Coplen 2012a","N",,
"9bdc05a8-ce7a-4faf-adf4-148f450e3500","D03","SUGG","SUGG.AOS.buoy.c1","2020-07-15","SUGG.20200715.PHYTOPLANKTON.1.REP2.CNSA.2","A00000131469","condition ok","SIRFER Lab at University of Utah","2021-06-21","ElFtGy1kV49xqNP00HfxQA==","CNS","1",300,25,100,,,,,,,,"d34S",8.03,"perMill","SIRFER_algalPlantChem_isotopes_V1","Revesz & Coplen 2012b","N",,
"13fc8cdf-1c9f-4fb3-9026-9d3582be3310","D03","SUGG","SUGG.AOS.buoy.c1","2020-07-15","SUGG.20200715.PHYTOPLANKTON.1.REP2.CNSA.2","A00000131469","condition ok","SIRFER Lab at University of Utah","2021-06-21","ElFtGy1kV49xqNP00HfxQA==","CNS","1",300,25,100,,,,,,,,"d13C",-30.03,"perMill","SIRFER_algalPlantChem_isotopes_V1","Revesz & Coplen 2012a","N",,
"adcddc4c-a8f5-43b1-8fe0-d7a09307aa31","D03","SUGG","SUGG.AOS.riparian.point.02","2020-07-15","SUGG.20200715.EPIPHYTON.2.CNSA.1","A00000131623","condition ok","SIRFER Lab at University of Utah","2021-06-21","ElFtGy1kV49xqNP00HfxQA==","CNS","1",3,25,100,,,,,,,,"nitrogen",23687.43,"microgramsPerLiter","SIRFER_algalPlantChem_isotopes_V1","Revesz & Coplen 2012a","N",,
"630e9499-be17-49a7-90ac-8fbd62801e92","D03","SUGG","SUGG.AOS.littoral2","2020-07-15","SUGG.20200715.PHYTOPLANKTON.3.CNSB.1","A00000131472","condition ok","SIRFER Lab at University of Utah","2021-07-09","ElFtGy1kV49xqNP00HfxQA==","CNS","1",300,25,100,,,,,,,,"carbon",489.53,"microgramsPerLiter","SIRFER_algalPlantChem_isotopes_V1","Revesz & Coplen 2012a","Y",,
"4cce4567-4dbf-4e7f-b7a7-4da141169a7d","D03","SUGG","SUGG.AOS.riparian.point.06","2020-07-15","SUGG.20200715.EPIPHYTON.6.CNSA.1","A00000131626","condition ok","SIRFER Lab at University of Utah","2021-06-21","ElFtGy1kV49xqNP00HfxQA==","CNS","1",3,25,100,,,,,,,,"d15N",6.59,"perMill","SIRFER_algalPlantChem_isotopes_V1","Revesz & Coplen 2012a","N",,
"d500586d-76cf-4d6d-9936-abe029106ac4","D03","SUGG","SUGG.AOS.littoral2","2020-07-15","SUGG.20200715.PHYTOPLANKTON.3.CNSA.1","A00000131473","condition ok","SIRFER Lab at University of Utah","2021-06-21","ElFtGy1kV49xqNP00HfxQA==","CNS","1",300,25,100,,,,,,,,"d13C",-29.50,"perMill","SIRFER_algalPlantChem_isotopes_V1","Revesz & Coplen 2012a","N",,
"8698c114-7ef1-4d14-80ca-f3fe3a62d151","D03","SUGG","SUGG.AOS.riparian.point.06","2020-07-15","SUGG.20200715.EPIPHYTON.6.CNSA.1","A00000131626","condition ok","SIRFER Lab at University of Utah","2021-06-21","ElFtGy1kV49xqNP00HfxQA==","CNS","1",3,25,100,,,,,,,,"carbon",198964.19,"microgramsPerLiter","SIRFER_algalPlantChem_isotopes_V1","Revesz & Coplen 2012a","N",,
"5cdba365-8ed1-4eae-a1c4-3f99a81b8dfb","D03","SUGG","SUGG.AOS.riparian.point.06","2020-07-15","SUGG.20200715.EPIPHYTON.6.CNSA.1","A00000131626","condition ok","SIRFER Lab at University of Utah","2021-06-21","ElFtGy1kV49xqNP00HfxQA==","CNS","1",3,25,100,,,,,,,,"d13C",-30.04,"perMill","SIRFER_algalPlantChem_isotopes_V1","Revesz & Coplen 2012a","N",,
"8888da92-3cb5-4100-aa5e-cc52b74cd5c5","D03","SUGG","SUGG.AOS.riparian.point.02","2020-07-15","SUGG.20200715.EPIPHYTON.2.CNSA.1","A00000131623","condition ok","SIRFER Lab at University of Utah","2021-06-21","ElFtGy1kV49xqNP00HfxQA==","CNS","1",3,25,100,,,,,,,,"carbon",195705.58,"microgramsPerLiter","SIRFER_algalPlantChem_isotopes_V1","Revesz & Coplen 2012a","N",,
"037315c9-0d9d-42e8-87d2-d31899bdca24","D03","SUGG","SUGG.AOS.buoy.c1","2020-07-15","SUGG.20200715.PHYTOPLANKTON.1.CNSB.1","A00000131464","condition ok","SIRFER Lab at University of Utah","2021-07-09","ElFtGy1kV49xqNP00HfxQA==","CNS","1",300,25,100,,,,,,,,"d13C",-30.26,"perMill","SIRFER_algalPlantChem_isotopes_V1","Revesz & Coplen 2012a","Y",,
"249be61a-6dc5-479e-9a38-d61c9f26054e","D03","SUGG","SUGG.AOS.riparian.point.02","2020-07-15","SUGG.20200715.EPIPHYTON.2.CNSA.1","A00000131623","condition ok","SIRFER Lab at University of Utah","2021-06-21","ElFtGy1kV49xqNP00HfxQA==","CNS","1",3,25,100,,,,,,,,"d13C",-31.34,"perMill","SIRFER_algalPlantChem_isotopes_V1","Revesz & Coplen 2012a","N",,
"2dc19e84-9d87-4740-8fb1-221bb2a1b3a0","D03","SUGG","SUGG.AOS.buoy.c1","2020-07-15","SUGG.20200715.PHYTOPLANKTON.1.REP2.CNSB.2","A00000131462","condition ok","SIRFER Lab at University of Utah","2021-07-09","ElFtGy1kV49xqNP00HfxQA==","CNS","1",300,25,100,,,,,,,,"carbon",282.89,"microgramsPerLiter","SIRFER_algalPlantChem_isotopes_V1","Revesz & Coplen 2012a","Y",,
"56e8293e-0675-4b44-9d47-fdb634ed18d7","D03","SUGG","SUGG.AOS.riparian.point.10","2020-07-15","SUGG.20200715.EPIPHYTON.10.CNSA.1","A00000131635","condition ok","SIRFER Lab at University of Utah","2021-06-21","ElFtGy1kV49xqNP00HfxQA==","CNS","1",5,25,100,,,,,,,,"d15N",6.43,"perMill","SIRFER_algalPlantChem_isotopes_V1","Revesz & Coplen 2012a","N",,
"69cb626c-b137-415d-9cb4-6d3b593be651","D03","SUGG","SUGG.AOS.riparian.point.06","2020-07-15","SUGG.20200715.EPIPHYTON.6.CNSB.1","A00000131625","condition ok","SIRFER Lab at University of Utah","2021-07-09","ElFtGy1kV49xqNP00HfxQA==","CNS","1",3,25,100,,,,,,,,"d13C",-31.01,"perMill","SIRFER_algalPlantChem_isotopes_V1","Revesz & Coplen 2012a","Y",,
"3abcab9c-0304-4a96-9fff-b5c1a7670df3","D03","SUGG","SUGG.AOS.buoy.c1","2020-07-15","SUGG.20200715.PHYTOPLANKTON.1.CNSA.1","A00000131463","condition ok","SIRFER Lab at University of Utah","2021-06-21","ElFtGy1kV49xqNP00HfxQA==","CNS","1",300,25,100,,,,,,,,"d13C",-30.02,"perMill","SIRFER_algalPlantChem_isotopes_V1","Revesz & Coplen 2012a","N",,
"3fd348f4-8677-4569-8eb3-01e921c233ed","D03","SUGG","SUGG.AOS.buoy.c1","2020-07-15","SUGG.20200715.PHYTOPLANKTON.1.CNSA.1","A00000131463","condition ok","SIRFER Lab at University of Utah","2021-06-21","ElFtGy1kV49xqNP00HfxQA==","CNS","1",300,25,100,,,,,,,,"carbon",449.64,"microgramsPerLiter","SIRFER_algalPlantChem_isotopes_V1","Revesz & Coplen 2012a","N",,
"f02e9242-0f52-4f22-8977-16001fb1fc00","D03","SUGG","SUGG.AOS.riparian.point.10","2020-07-15","SUGG.20200715.EPIPHYTON.10.CNSA.1","A00000131635","condition ok","SIRFER Lab at University of Utah","2021-06-21","ElFtGy1kV49xqNP00HfxQA==","CNS","1",5,25,100,,,,,,,,"d34S",8.61,"perMill","SIRFER_algalPlantChem_isotopes_V1","Revesz & Coplen 2012b","N",,
"c7cb63c2-1ab9-4575-bf50-cb1d978fc542","D03","SUGG","SUGG.AOS.buoy.c1","2020-07-15","SUGG.20200715.PHYTOPLANKTON.1.REP2.CNSA.2","A00000131469","condition ok","SIRFER Lab at University of Utah","2021-06-21","ElFtGy1kV49xqNP00HfxQA==","CNS","1",300,25,100,,,,,,,,"carbon",482.39,"microgramsPerLiter","SIRFER_algalPlantChem_isotopes_V1","Revesz & Coplen 2012a","N",,
"292c1cde-4494-4736-950a-0160485f59f5","D03","SUGG","SUGG.AOS.riparian.point.04","2020-07-15","SUGG.20200715.EPIPHYTON.4.CNSA.1","A00000131475","condition ok","SIRFER Lab at University of Utah","2021-06-21","ElFtGy1kV49xqNP00HfxQA==","CNS","1",3,25,100,,,,,,,,"d34S",11.21,"perMill","SIRFER_algalPlantChem_isotopes_V1","Revesz & Coplen 2012b","N",,
"8f119d38-d07e-46ca-a01f-4e4f359e492d","D03","SUGG","SUGG.AOS.littoral2","2020-07-15","SUGG.20200715.PHYTOPLANKTON.3.CNSB.1","A00000131472","condition ok","SIRFER Lab at University of Utah","2021-07-09","ElFtGy1kV49xqNP00HfxQA==","CNS","1",300,25,100,,,,,,,,"d13C",-33.67,"perMill","SIRFER_algalPlantChem_isotopes_V1","Revesz & Coplen 2012a","Y",,
"a446b4a9-ce1b-4ecc-9801-e1716f0c22c6","D03","SUGG","SUGG.AOS.buoy.c1","2020-07-15","SUGG.20200715.PHYTOPLANKTON.1.REP2.CNSB.2","A00000131462","condition ok","SIRFER Lab at University of Utah","2021-07-09","ElFtGy1kV49xqNP00HfxQA==","CNS","1",300,25,100,,,,,,,,"d13C",-29.85,"perMill","SIRFER_algalPlantChem_isotopes_V1","Revesz & Coplen 2012a","Y",,
"e99a0532-055e-4ad9-88ec-4064ecffacbb","D03","SUGG","SUGG.AOS.riparian.point.04","2020-07-15","SUGG.20200715.EPIPHYTON.4.CNSA.1","A00000131475","condition ok","SIRFER Lab at University of Utah","2021-06-21","ElFtGy1kV49xqNP00HfxQA==","CNS","1",3,25,100,,,,,,,,"d15N",8.49,"perMill","SIRFER_algalPlantChem_isotopes_V1","Revesz & Coplen 2012a","N",,
"00bbc2dc-e332-4016-9d0b-1bdfd44d0a45","D03","SUGG","SUGG.AOS.riparian.point.06","2020-07-15","SUGG.20200715.EPIPHYTON.6.CNSA.1","A00000131626","condition ok","SIRFER Lab at University of Utah","2021-06-21","ElFtGy1kV49xqNP00HfxQA==","CNS","1",3,25,100,,,,,,,,"nitrogen",23068.15,"microgramsPerLiter","SIRFER_algalPlantChem_isotopes_V1","Revesz & Coplen 2012a","N",,
"7fbc50d0-37aa-4ea5-9e60-399508aed6db","D03","SUGG","SUGG.AOS.riparian.point.06","2020-07-15","SUGG.20200715.EPIPHYTON.6.CNSA.1","A00000131626","condition ok","SIRFER Lab at University of Utah","2021-06-21","ElFtGy1kV49xqNP00HfxQA==","CNS","1",3,25,100,,,,,,,,"sulfur",2346.09,"microgramsPerLiter","SIRFER_algalPlantChem_isotopes_V1","Revesz & Coplen 2012b","N",,
"417a43ec-ed99-4a56-8f1b-9c86b7a8b382","D03","SUGG","SUGG.AOS.riparian.point.08","2020-07-15","SUGG.20200715.EPIPHYTON.8.CNSB.1","A00000131633","condition ok","SIRFER Lab at University of Utah","2021-07-09","ElFtGy1kV49xqNP00HfxQA==","CNS","1",5,25,100,,,,,,,,"carbon",85657.14,"microgramsPerLiter","SIRFER_algalPlantChem_isotopes_V1","Revesz & Coplen 2012a","Y",,
"c747743d-5466-4392-9541-e0d5fc4d5de9","D03","SUGG","SUGG.AOS.littoral1","2020-07-15","SUGG.20200715.PHYTOPLANKTON.2.CNSA.1","A00000131615","condition ok","SIRFER Lab at University of Utah","2021-06-21","ElFtGy1kV49xqNP00HfxQA==","CNS","1",300,25,100,,,,,,,,"d34S",8.71,"perMill","SIRFER_algalPlantChem_isotopes_V1","Revesz & Coplen 2012b","N",,
"81eff9be-526e-48c6-aead-9a1861b49250","D03","SUGG","SUGG.AOS.buoy.c1","2020-07-15","SUGG.20200715.PHYTOPLANKTON.1.CNSA.1","A00000131463","condition ok","SIRFER Lab at University of Utah","2021-06-21","ElFtGy1kV49xqNP00HfxQA==","CNS","1",300,25,100,,,,,,,,"d34S",8.95,"perMill","SIRFER_algalPlantChem_isotopes_V1","Revesz & Coplen 2012b","N",,
"f4cf5ea5-0047-47a1-8b35-5b93c67458fa","D03","SUGG","SUGG.AOS.riparian.point.02","2020-07-15","SUGG.20200715.EPIPHYTON.2.CNSB.1","A00000131628","condition ok","SIRFER Lab at University of Utah","2021-07-09","ElFtGy1kV49xqNP00HfxQA==","CNS","1",3,25,100,,,,,,,,"d13C",-31.59,"perMill","SIRFER_algalPlantChem_isotopes_V1","Revesz & Coplen 2012a","Y",,
"d0ad8d0c-a952-4328-af37-7abd828e746f","D03","SUGG","SUGG.AOS.buoy.c1","2020-07-15","SUGG.20200715.PHYTOPLANKTON.1.REP2.CNSA.2","A00000131469","condition ok","SIRFER Lab at University of Utah","2021-06-21","ElFtGy1kV49xqNP00HfxQA==","CNS","1",300,25,100,,,,,,,,"nitrogen",68.71,"microgramsPerLiter","SIRFER_algalPlantChem_isotopes_V1","Revesz & Coplen 2012a","N",,
"fe2b3c4a-7255-4560-ab9b-005b900c199a","D03","SUGG","SUGG.AOS.riparian.point.08","2020-07-15","SUGG.20200715.EPIPHYTON.8.CNSA.1","A00000131632","condition ok","SIRFER Lab at University of Utah","2021-06-21","ElFtGy1kV49xqNP00HfxQA==","CNS","1",5,25,100,,,,,,,,"d34S",10.37,"perMill","SIRFER_algalPlantChem_isotopes_V1","Revesz & Coplen 2012b","N",,
"05c1a5d4-346a-4eab-9f59-abb393937e26","D03","SUGG","SUGG.AOS.riparian.point.10","2020-07-15","SUGG.20200715.EPIPHYTON.10.CNSB.1","A00000131636","condition ok","SIRFER Lab at University of Utah","2021-07-09","ElFtGy1kV49xqNP00HfxQA==","CNS","1",5,25,100,,,,,,,,"carbon",31682.34,"microgramsPerLiter","SIRFER_algalPlantChem_isotopes_V1","Revesz & Coplen 2012a","Y",,
"208e8daa-acd7-4fc3-a16a-8db6271e0f56","D03","SUGG","SUGG.AOS.buoy.c1","2020-07-15","SUGG.20200715.PHYTOPLANKTON.1.CHL/PHEO.1","A00000131467",,"Great Lakes Environmental Center, Inc.","2020-07-21","4CajRO/thb0=","chlorophyll/pheophytin","1",300,25,100,1,7,413.4633,,,0.5250,0.1670,"pheophytin",5.37,"microgramsPerLiter","GLEC_algalChlorophyll_V1","APHA 10200H",,,
"50afe86d-d62f-4442-8e41-ee3f37364540","D03","SUGG","SUGG.AOS.riparian.point.08","2020-07-15","SUGG.20200715.EPIPHYTON.8.CHL/PHEO.1","A00000131631",,"Great Lakes Environmental Center, Inc.","2020-07-21","4CajRO/thb0=","chlorophyll/pheophytin","1",5,25,100,10,7,413.4633,,,0.3210,0.1400,"chlorophyll a",1260.90,"microgramsPerLiter","GLEC_algalChlorophyll_V1","APHA 10200H",,,
"d241bc9c-3e4f-40c7-abf1-8153f8a22025","D03","SUGG","SUGG.AOS.riparian.point.08","2020-07-15","SUGG.20200715.EPIPHYTON.8.CHL/PHEO.1","A00000131631",,"Great Lakes Environmental Center, Inc.","2020-07-21","4CajRO/thb0=","chlorophyll/pheophytin","1",5,25,100,10,7,413.4633,,,0.3210,0.1400,"pheophytin",3533.10,"microgramsPerLiter","GLEC_algalChlorophyll_V1","APHA 10200H",,,
"009a5305-ca13-4907-99c2-a3192e73cac4","D03","SUGG","SUGG.AOS.buoy.c1","2020-07-15","SUGG.20200715.PHYTOPLANKTON.1.REP2.CHL/PHEO.2","A00000131466",,"Great Lakes Environmental Center, Inc.","2020-07-21","4CajRO/thb0=","chlorophyll/pheophytin","2",300,25,100,1,7,413.4633,,,0.5190,0.1700,"chlorophyll a",4.05,"microgramsPerLiter","GLEC_algalChlorophyll_V1","APHA 10200H",,,
"40ff0544-a621-4fbd-812f-d2ed821e8120","D03","SUGG","SUGG.AOS.littoral2","2020-07-15","SUGG.20200715.PHYTOPLANKTON.3.CHL/PHEO.1","A00000131470",,"Great Lakes Environmental Center, Inc.","2020-07-21","4CajRO/thb0=","chlorophyll/pheophytin","1",300,25,100,1,7,413.4633,,,0.4360,0.1560,"chlorophyll a",3.25,"microgramsPerLiter","GLEC_algalChlorophyll_V1","APHA 10200H",,,
"444045a6-0b7a-4792-99b6-d14b6e7ae844","D03","SUGG","SUGG.AOS.riparian.point.10","2020-07-15","SUGG.20200715.EPIPHYTON.10.CHL/PHEO.1","A00000131630",,"Great Lakes Environmental Center, Inc.","2020-07-21","4CajRO/thb0=","chlorophyll/pheophytin","1",5,25,100,10,7,413.4633,,,0.5170,0.2140,"pheophytin",5217.20,"microgramsPerLiter","GLEC_algalChlorophyll_V1","APHA 10200H",,,
"cdffa1c5-22ce-4eb8-91c4-94c568252c6c","D03","SUGG","SUGG.AOS.riparian.point.04","2020-07-15","SUGG.20200715.EPIPHYTON.4.CHL/PHEO.1","A00000131474",,"Great Lakes Environmental Center, Inc.","2020-07-21","4CajRO/thb0=","chlorophyll/pheophytin","1",3,25,100,10,7,413.4633,,,1.5190,0.7700,"pheophytin",35249.00,"microgramsPerLiter","GLEC_algalChlorophyll_V1","APHA 10200H",,,
"6774ef24-c019-4f8e-8fd9-99ea92997023","D03","SUGG","SUGG.AOS.littoral1","2020-07-15","SUGG.20200715.PHYTOPLANKTON.2.CHL/PHEO.1","A00000131614",,"Great Lakes Environmental Center, Inc.","2020-07-21","4CajRO/thb0=","chlorophyll/pheophytin","1",300,25,100,1,7,413.4633,,,0.4170,0.1490,"pheophytin",5.39,"microgramsPerLiter","GLEC_algalChlorophyll_V1","APHA 10200H",,,
"f5f2a007-089b-4ed3-b5df-fd97f59e9dc9","D03","SUGG","SUGG.AOS.buoy.c1","2020-07-15","SUGG.20200715.PHYTOPLANKTON.1.CHL/PHEO.1","A00000131467",,"Great Lakes Environmental Center, Inc.","2020-07-21","4CajRO/thb0=","chlorophyll/pheophytin","1",300,25,100,1,7,413.4633,,,0.5250,0.1670,"chlorophyll a",4.16,"microgramsPerLiter","GLEC_algalChlorophyll_V1","APHA 10200H",,,
"4520eef3-7644-4ff6-8ff2-f842c52dcaac","D03","SUGG","SUGG.AOS.riparian.point.06","2020-07-15","SUGG.20200715.EPIPHYTON.6.CHL/PHEO.1","A00000131627",,"Great Lakes Environmental Center, Inc.","2020-07-21","4CajRO/thb0=","chlorophyll/pheophytin","1",3,25,100,1,7,413.4633,,,1.8690,0.7660,"chlorophyll a",1280.60,"microgramsPerLiter","GLEC_algalChlorophyll_V1","APHA 10200H",,,
"7c3e9e5b-b040-483b-8f99-0ab6e3a0f9dd","D03","SUGG","SUGG.AOS.riparian.point.02","2020-07-15","SUGG.20200715.EPIPHYTON.2.CHL/PHEO.1","A00000131622",,"Great Lakes Environmental Center, Inc.","2020-07-21","4CajRO/thb0=","chlorophyll/pheophytin","1",3,25,100,10,7,413.4633,,,0.3930,0.1690,"chlorophyll a",2600.70,"microgramsPerLiter","GLEC_algalChlorophyll_V1","APHA 10200H",,,
"3f01ef1c-4c4a-45fa-a416-6fb189186e19","D03","SUGG","SUGG.AOS.littoral2","2020-07-15","SUGG.20200715.PHYTOPLANKTON.3.CHL/PHEO.1","A00000131470",,"Great Lakes Environmental Center, Inc.","2020-07-21","4CajRO/thb0=","chlorophyll/pheophytin","1",300,25,100,1,7,413.4633,,,0.4360,0.1560,"pheophytin",5.65,"microgramsPerLiter","GLEC_algalChlorophyll_V1","APHA 10200H",,,
"21b943dd-bf0f-4510-91c6-5f0bd3a5498d","D03","SUGG","SUGG.AOS.riparian.point.10","2020-07-15","SUGG.20200715.EPIPHYTON.10.CHL/PHEO.1","A00000131630",,"Great Lakes Environmental Center, Inc.","2020-07-21","4CajRO/thb0=","chlorophyll/pheophytin","1",5,25,100,10,7,413.4633,,,0.5170,0.2140,"chlorophyll a",2110.70,"microgramsPerLiter","GLEC_algalChlorophyll_V1","APHA 10200H",,,
"077181c1-68c5-41e9-a6c1-bdaa5e32856e","D03","SUGG","SUGG.AOS.buoy.c1","2020-07-15","SUGG.20200715.PHYTOPLANKTON.1.REP2.CHL/PHEO.2","A00000131466",,"Great Lakes Environmental Center, Inc.","2020-07-21","4CajRO/thb0=","chlorophyll/pheophytin","2",300,25,100,1,7,413.4633,,,0.5190,0.1700,"pheophytin",5.65,"microgramsPerLiter","GLEC_algalChlorophyll_V1","APHA 10200H",,,
"2b863b4c-adba-4224-83d8-acb8e9a31127","D03","SUGG","SUGG.AOS.littoral1","2020-07-15","SUGG.20200715.PHYTOPLANKTON.2.CHL/PHEO.1","A00000131614",,"Great Lakes Environmental Center, Inc.","2020-07-21","4CajRO/thb0=","chlorophyll/pheophytin","1",300,25,100,1,7,413.4633,,,0.4170,0.1490,"chlorophyll a",3.11,"microgramsPerLiter","GLEC_algalChlorophyll_V1","APHA 10200H",,,
"c6b69727-f8bc-4787-9c4f-d16733b7e5b0","D03","SUGG","SUGG.AOS.riparian.point.02","2020-07-15","SUGG.20200715.EPIPHYTON.2.CHL/PHEO.1","A00000131622",,"Great Lakes Environmental Center, Inc.","2020-07-21","4CajRO/thb0=","chlorophyll/pheophytin","1",3,25,100,10,7,413.4633,,,0.3930,0.1690,"pheophytin",7044.30,"microgramsPerLiter","GLEC_algalChlorophyll_V1","APHA 10200H",,,
"0e94006a-bf01-49cb-918e-c53163a9a69a","D03","SUGG","SUGG.AOS.riparian.point.04","2020-07-15","SUGG.20200715.EPIPHYTON.4.CHL/PHEO.1","A00000131474",,"Great Lakes Environmental Center, Inc.","2020-07-21","4CajRO/thb0=","chlorophyll/pheophytin","1",3,25,100,10,7,413.4633,,,1.5190,0.7700,"chlorophyll a",8696.00,"microgramsPerLiter","GLEC_algalChlorophyll_V1","APHA 10200H",,,
"e02c4f83-bc17-45d0-bfd6-4037ba0f3851","D03","SUGG","SUGG.AOS.riparian.point.06","2020-07-15","SUGG.20200715.EPIPHYTON.6.CHL/PHEO.1","A00000131627",,"Great Lakes Environmental Center, Inc.","2020-07-21","4CajRO/thb0=","chlorophyll/pheophytin","1",3,25,100,1,7,413.4633,,,1.8690,0.7660,"pheophytin",3091.00,"microgramsPerLiter","GLEC_algalChlorophyll_V1","APHA 10200H",,,
