uid,domainID,siteID,namedLocation,aquaticSiteType,decimalLatitude,decimalLongitude,coordinateUncertainty,elevation,elevationUncertainty,geodeticDatum,collectDate,eventID,parentSampleID,parentSampleCode,samplingImpractical,biophysicalCriteria,affectedByWind,habitatType,algalSampleType,benthicArea,samplingProtocolVersion,phytoDepth1,phytoDepth2,phytoDepth3,substratumSizeClass,remarks,recordedBy,collectedBy,dataQF
"ef9b3e8e-48ad-421c-8769-1c10f6a5d3c3","D09","PRLA","PRLA.AOS.riparian.point.05","lake",47.161979,-99.113416,0.1,564.3,0.1,"WGS84","2020-09-29T13:21Z","PRLA.20200929","PRLA.20200929.EPILITHON.5",,,"OK - no known exceptions",,"littoral","epilithon",0.002406,"NEON.DOC.003045vE",,,,,,"0000-0003-4092-4649","0000-0002-1892-7221",
"e0e2d44d-d285-4d2f-ace7-dbee3d400132","D09","PRLA","PRLA.AOS.riparian.point.09","lake",47.158039,-99.119199,0.1,564.7,0.1,"WGS84","2020-09-29T13:21Z","PRLA.20200929","PRLA.20200929.EPILITHON.9",,,"OK - no known exceptions",,"littoral","epilithon",0.002406,"NEON.DOC.003045vE",,,,,,"0000-0003-4092-4649","0000-0002-1892-7221",
"bd06e5ce-4811-4b8b-8c1e-3115d46ed7f0","D09","PRLA","PRLA.AOS.buoy.c0","lake",47.159718,-99.118723,10.0,561.0,10.0,"WGS84","2020-09-29T13:21Z","PRLA.20200929","PRLA.20200929.PHYTOPLANKTON.3",,,"OK - no known exceptions","N","pelagic","phytoplankton",,"NEON.DOC.003045vE",0.5,0.5,,,,"0000-0003-4092-4649","0000-0002-1892-7221",
"ac0b046a-ce3c-4e60-bd92-8a87b74c246b","D09","PRLA","PRLA.AOS.riparian.point.01","lake",47.160410,-99.120862,0.1,564.2,0.1,"WGS84","2020-09-29T13:21Z","PRLA.20200929","PRLA.20200929.EPILITHON.1",,,"OK - no known exceptions",,"littoral","epilithon",0.002406,"NEON.DOC.003045vE",,,,,,"0000-0003-4092-4649","0000-0002-1892-7221",
"20e46085-370c-49ea-bc45-1a9cbc90c05b","D09","PRLA","PRLA.AOS.riparian.point.11","lake",47.157178,-99.123745,0.1,563.9,0.1,"WGS84","2020-09-29T13:21Z","PRLA.20200929","PRLA.20200929.EPILITHON.11",,,"OK - no known exceptions",,"littoral","epilithon",0.002406,"NEON.DOC.003045vE",,,,,,"0000-0003-4092-4649","0000-0002-1892-7221",
"cf8e557e-4db7-40e1-b8f6-a51c4de61489","D09","PRLA","PRLA.AOS.riparian.point.07","lake",47.158533,-99.114713,0.1,564.6,0.1,"WGS84","2020-09-29T13:21Z","PRLA.20200929","PRLA.20200929.EPILITHON.7",,,"OK - no known exceptions",,"littoral","epilithon",0.002406,"NEON.DOC.003045vE",,,,,,"0000-0003-4092-4649","0000-0002-1892-7221",
"2365a800-77b9-4c83-891d-bc3c93ae86b2","D09","PRLA","PRLA.AOS.littoral2","lake",47.160850,-99.120215,1.1,562.3,1.0,"WGS84","2020-09-29T13:21Z","PRLA.20200929","PRLA.20200929.PHYTOPLANKTON.2",,,"OK - no known exceptions","N","pelagic","phytoplankton",,"NEON.DOC.003045vE",0.5,0.5,,,,"0000-0003-4092-4649","0000-0002-1892-7221",
"4c22f704-3dcb-4b99-8f28-56610a885264","D09","PRLA","PRLA.AOS.littoral1","lake",47.159093,-99.114228,1.1,562.4,1.0,"WGS84","2020-09-29T13:21Z","PRLA.20200929","PRLA.20200929.PHYTOPLANKTON.1",,,"OK - no known exceptions","Y","pelagic","phytoplankton",,"NEON.DOC.003045vE",0.5,0.5,,,"Wind upward of 21 mph.","0000-0003-4092-4649","0000-0002-1892-7221",
