uid,domainID,siteID,namedLocation,collectDate,sampleID,sampleCode,sampleCondition,laboratoryName,analysisDate,analyzedBy,sampleType,replicate,sampleVolumeFiltered,filterSize,percentFilterAnalyzed,dilutionFactor,solventVolume,responseFactor,acidificationResponseFactor,fluorometerSensitivitySetting,preAcidificationFluorescence,postAcidificationFluorescence,analyte,analyteConcentration,plantAlgaeLabUnits,testMethod,method,acidTreatment,externalRemarks,externalLabDataQF
"a87b9868-2784-4e27-8433-a321e2104432","D09","PRLA","PRLA.AOS.riparian.point.11","2020-09-29","PRLA.20200929.EPILITHON.11.CNSA.1","A00000238234","condition ok","SIRFER Lab at University of Utah","2021-09-15","ElFtGy1kV49xqNP00HfxQA==","CNS","1",4,25,100,,,,,,,,"d34S",-11.77,"perMill","SIRFER_algalPlantChem_isotopes_V1","Revesz & Coplen 2012b","N",,
"7a25faa0-2026-4bbf-9988-59e69120979b","D09","PRLA","PRLA.AOS.riparian.point.01","2020-09-29","PRLA.20200929.EPILITHON.1.CNSA.1","A00000238227","condition ok","SIRFER Lab at University of Utah","2021-09-15","ElFtGy1kV49xqNP00HfxQA==","CNS","1",4,25,100,,,,,,,,"carbon",150396.36,"microgramsPerLiter","SIRFER_algalPlantChem_isotopes_V1","Revesz & Coplen 2012a","N",,
"d2991dbc-f896-4086-a3cc-3ab03923902a","D09","PRLA","PRLA.AOS.riparian.point.07","2020-09-29","PRLA.20200929.EPILITHON.7.CNSA.1","A00000238220","condition ok","SIRFER Lab at University of Utah","2021-09-17","ElFtGy1kV49xqNP00HfxQA==","CNS","1",3,25,100,,,,,,,,"carbon",224563.62,"microgramsPerLiter","SIRFER_algalPlantChem_isotopes_V1","Revesz & Coplen 2012a","N",,
"6caca6f4-5c9e-42d8-97b7-bc8a7d2580f3","D09","PRLA","PRLA.AOS.riparian.point.05","2020-09-29","PRLA.20200929.EPILITHON.5.CNSA.1","A00000238208","condition ok","SIRFER Lab at University of Utah","2021-09-15","ElFtGy1kV49xqNP00HfxQA==","CNS","1",3,25,100,,,,,,,,"sulfur",6505.17,"microgramsPerLiter","SIRFER_algalPlantChem_isotopes_V1","Revesz & Coplen 2012b","N",,
"906b28cb-945f-49b4-bc14-6d3b860a867b","D09","PRLA","PRLA.AOS.riparian.point.01","2020-09-29","PRLA.20200929.EPILITHON.1.REP2.CNSA.2","A00000238231","condition ok","SIRFER Lab at University of Utah","2021-09-15","ElFtGy1kV49xqNP00HfxQA==","CNS","1",4,25,100,,,,,,,,"d13C",-12.04,"perMill","SIRFER_algalPlantChem_isotopes_V1","Revesz & Coplen 2012a","N",,
"3091cfee-00d5-42e8-9c93-b32c96c13d19","D09","PRLA","PRLA.AOS.riparian.point.11","2020-09-29","PRLA.20200929.EPILITHON.11.CNSA.1","A00000238234","condition ok","SIRFER Lab at University of Utah","2021-09-15","ElFtGy1kV49xqNP00HfxQA==","CNS","1",4,25,100,,,,,,,,"d13C",-13.87,"perMill","SIRFER_algalPlantChem_isotopes_V1","Revesz & Coplen 2012a","N",,
"4f6df079-316d-41f1-8e2f-1969274cbcd7","D09","PRLA","PRLA.AOS.littoral1","2020-09-29","PRLA.20200929.PHYTOPLANKTON.1.CNSA.1","A00000238212","condition ok","SIRFER Lab at University of Utah","2021-09-15","ElFtGy1kV49xqNP00HfxQA==","CNS","1",60,25,100,,,,,,,,"d13C",-18.31,"perMill","SIRFER_algalPlantChem_isotopes_V1","Revesz & Coplen 2012a","N",,
"2de5a2f1-ee7b-43a5-9939-a9d72bbd05d3","D09","PRLA","PRLA.AOS.riparian.point.09","2020-09-29","PRLA.20200929.EPILITHON.9.CNSA.1","A00000238216","condition ok","SIRFER Lab at University of Utah","2021-09-17","ElFtGy1kV49xqNP00HfxQA==","CNS","1",3,25,100,,,,,,,,"nitrogen",32336.00,"microgramsPerLiter","SIRFER_algalPlantChem_isotopes_V1","Revesz & Coplen 2012a","N",,
"42a390a7-6e0c-45b8-ba6a-5b341ef0d239","D09","PRLA","PRLA.AOS.littoral1","2020-09-29","PRLA.20200929.PHYTOPLANKTON.1.CNSA.1","A00000238212","condition ok","SIRFER Lab at University of Utah","2021-09-15","ElFtGy1kV49xqNP00HfxQA==","CNS","1",60,25,100,,,,,,,,"sulfur",119.88,"microgramsPerLiter","SIRFER_algalPlantChem_isotopes_V1","Revesz & Coplen 2012b","N",,
"52242a65-c94a-4223-8943-6c7ae15dcee7","D09","PRLA","PRLA.AOS.buoy.c0","2020-09-29","PRLA.20200929.PHYTOPLANKTON.3.CNSA.1","A00000238204","condition ok","SIRFER Lab at University of Utah","2021-09-15","ElFtGy1kV49xqNP00HfxQA==","CNS","1",50,25,100,,,,,,,,"d15N",6.21,"perMill","SIRFER_algalPlantChem_isotopes_V1","Revesz & Coplen 2012a","N",,
"105daba6-a0ce-4b5f-8768-e6e7d5d20137","D09","PRLA","PRLA.AOS.riparian.point.01","2020-09-29","PRLA.20200929.EPILITHON.1.REP2.CNSB.2","A00000238232","condition ok","SIRFER Lab at University of Utah","2021-09-20","ElFtGy1kV49xqNP00HfxQA==","CNS","1",4,25,100,,,,,,,,"carbon",131368.61,"microgramsPerLiter","SIRFER_algalPlantChem_isotopes_V1","Revesz & Coplen 2012a","Y",,
"83153787-3ff9-444d-8719-9c587673ddcd","D09","PRLA","PRLA.AOS.littoral2","2020-09-29","PRLA.20200929.PHYTOPLANKTON.2.CNSA.1","A00000238223","condition ok","SIRFER Lab at University of Utah","2021-09-15","ElFtGy1kV49xqNP00HfxQA==","CNS","1",70,25,100,,,,,,,,"sulfur",91.98,"microgramsPerLiter","SIRFER_algalPlantChem_isotopes_V1","Revesz & Coplen 2012b","N",,
"9d1e1f75-e16f-4d33-a141-eb42d8825952","D09","PRLA","PRLA.AOS.riparian.point.01","2020-09-29","PRLA.20200929.EPILITHON.1.REP2.CNSA.2","A00000238231","condition ok","SIRFER Lab at University of Utah","2021-09-15","ElFtGy1kV49xqNP00HfxQA==","CNS","1",4,25,100,,,,,,,,"d15N",3.24,"perMill","SIRFER_algalPlantChem_isotopes_V1","Revesz & Coplen 2012a","N",,
"7710438b-ccb5-495c-b622-de2db70e0f5f","D09","PRLA","PRLA.AOS.riparian.point.01","2020-09-29","PRLA.20200929.EPILITHON.1.CNSB.1","A00000238228","condition ok","SIRFER Lab at University of Utah","2021-09-20","ElFtGy1kV49xqNP00HfxQA==","CNS","1",4,25,100,,,,,,,,"carbon",128715.99,"microgramsPerLiter","SIRFER_algalPlantChem_isotopes_V1","Revesz & Coplen 2012a","Y",,
"4d1a87fa-f594-4714-b2df-384a48827e24","D09","PRLA","PRLA.AOS.riparian.point.11","2020-09-29","PRLA.20200929.EPILITHON.11.CNSA.1","A00000238234","condition ok","SIRFER Lab at University of Utah","2021-09-15","ElFtGy1kV49xqNP00HfxQA==","CNS","1",4,25,100,,,,,,,,"carbon",97575.16,"microgramsPerLiter","SIRFER_algalPlantChem_isotopes_V1","Revesz & Coplen 2012a","N",,
"94b38b81-d3c3-4659-aa07-43060fdaa3fe","D09","PRLA","PRLA.AOS.riparian.point.01","2020-09-29","PRLA.20200929.EPILITHON.1.CNSB.1","A00000238228","condition ok","SIRFER Lab at University of Utah","2021-09-20","ElFtGy1kV49xqNP00HfxQA==","CNS","1",4,25,100,,,,,,,,"d13C",-18.75,"perMill","SIRFER_algalPlantChem_isotopes_V1","Revesz & Coplen 2012a","Y",,
"dceae0b3-b2c5-4ed1-90e1-baa976093b4d","D09","PRLA","PRLA.AOS.riparian.point.07","2020-09-29","PRLA.20200929.EPILITHON.7.CNSB.1","A00000238221","condition ok","SIRFER Lab at University of Utah","2021-09-20","ElFtGy1kV49xqNP00HfxQA==","CNS","1",3,25,100,,,,,,,,"d13C",-27.46,"perMill","SIRFER_algalPlantChem_isotopes_V1","Revesz & Coplen 2012a","Y",,
"eb83e1f6-bf60-47cb-b1df-478d0a052875","D09","PRLA","PRLA.AOS.littoral2","2020-09-29","PRLA.20200929.PHYTOPLANKTON.2.CNSA.1","A00000238223","condition ok","SIRFER Lab at University of Utah","2021-09-15","ElFtGy1kV49xqNP00HfxQA==","CNS","1",70,25,100,,,,,,,,"d34S",-3.82,"perMill","SIRFER_algalPlantChem_isotopes_V1","Revesz & Coplen 2012b","N",,
"649f0580-c2db-4e9e-a8a4-5f548a9ba190","D09","PRLA","PRLA.AOS.riparian.point.01","2020-09-29","PRLA.20200929.EPILITHON.1.CNSA.1","A00000238227","condition ok","SIRFER Lab at University of Utah","2021-09-15","ElFtGy1kV49xqNP00HfxQA==","CNS","1",4,25,100,,,,,,,,"sulfur",1372.71,"microgramsPerLiter","SIRFER_algalPlantChem_isotopes_V1","Revesz & Coplen 2012b","N",,
"99b31e73-ffd8-41ce-8e3b-3b7f89036a02","D09","PRLA","PRLA.AOS.littoral2","2020-09-29","PRLA.20200929.PHYTOPLANKTON.2.CNSB.1","A00000238224","condition ok","SIRFER Lab at University of Utah","2021-09-20","ElFtGy1kV49xqNP00HfxQA==","CNS","1",70,25,100,,,,,,,,"d13C",-28.96,"perMill","SIRFER_algalPlantChem_isotopes_V1","Revesz & Coplen 2012a","Y",,
"18531f40-fd27-4bda-b75b-c5ebb81d9eef","D09","PRLA","PRLA.AOS.riparian.point.05","2020-09-29","PRLA.20200929.EPILITHON.5.CNSB.1","A00000238209","condition ok","SIRFER Lab at University of Utah","2021-09-20","ElFtGy1kV49xqNP00HfxQA==","CNS","1",3,25,100,,,,,,,,"d13C",-22.94,"perMill","SIRFER_algalPlantChem_isotopes_V1","Revesz & Coplen 2012a","Y",,
"690bccc9-f768-40eb-841f-3bf499b13982","D09","PRLA","PRLA.AOS.riparian.point.09","2020-09-29","PRLA.20200929.EPILITHON.9.CNSA.1","A00000238216","condition ok","SIRFER Lab at University of Utah","2021-09-17","ElFtGy1kV49xqNP00HfxQA==","CNS","1",3,25,100,,,,,,,,"d34S",-3.77,"perMill","SIRFER_algalPlantChem_isotopes_V1","Revesz & Coplen 2012b","N",,
"8dd54637-7fcd-49e6-a589-40e0c51e21f3","D09","PRLA","PRLA.AOS.littoral2","2020-09-29","PRLA.20200929.PHYTOPLANKTON.2.CNSA.1","A00000238223","condition ok","SIRFER Lab at University of Utah","2021-09-15","ElFtGy1kV49xqNP00HfxQA==","CNS","1",70,25,100,,,,,,,,"d13C",-27.13,"perMill","SIRFER_algalPlantChem_isotopes_V1","Revesz & Coplen 2012a","N",,
"68623eec-696e-42ab-9b28-e8cc27a68d7e","D09","PRLA","PRLA.AOS.littoral2","2020-09-29","PRLA.20200929.PHYTOPLANKTON.2.CNSB.1","A00000238224","condition ok","SIRFER Lab at University of Utah","2021-09-20","ElFtGy1kV49xqNP00HfxQA==","CNS","1",70,25,100,,,,,,,,"carbon",4712.44,"microgramsPerLiter","SIRFER_algalPlantChem_isotopes_V1","Revesz & Coplen 2012a","Y",,
"d8488e0e-3abb-4387-93c4-6504cc11d3c6","D09","PRLA","PRLA.AOS.buoy.c0","2020-09-29","PRLA.20200929.PHYTOPLANKTON.3.CNSA.1","A00000238204","condition ok","SIRFER Lab at University of Utah","2021-09-15","ElFtGy1kV49xqNP00HfxQA==","CNS","1",50,25,100,,,,,,,,"sulfur",223.18,"microgramsPerLiter","SIRFER_algalPlantChem_isotopes_V1","Revesz & Coplen 2012b","N",,
"8c26fe82-bcaf-4357-8f6d-8119bef3e9c8","D09","PRLA","PRLA.AOS.riparian.point.01","2020-09-29","PRLA.20200929.EPILITHON.1.CNSA.1","A00000238227","condition ok","SIRFER Lab at University of Utah","2021-09-15","ElFtGy1kV49xqNP00HfxQA==","CNS","1",4,25,100,,,,,,,,"d13C",-12.56,"perMill","SIRFER_algalPlantChem_isotopes_V1","Revesz & Coplen 2012a","N",,
"1faa34f6-eddf-4351-ae1c-45eebe2973eb","D09","PRLA","PRLA.AOS.riparian.point.11","2020-09-29","PRLA.20200929.EPILITHON.11.CNSA.1","A00000238234","condition ok","SIRFER Lab at University of Utah","2021-09-15","ElFtGy1kV49xqNP00HfxQA==","CNS","1",4,25,100,,,,,,,,"sulfur",2840.92,"microgramsPerLiter","SIRFER_algalPlantChem_isotopes_V1","Revesz & Coplen 2012b","N",,
"cbe593fe-4198-48c4-b248-67ad19f9fb9d","D09","PRLA","PRLA.AOS.riparian.point.07","2020-09-29","PRLA.20200929.EPILITHON.7.CNSA.1","A00000238220","condition ok","SIRFER Lab at University of Utah","2021-09-17","ElFtGy1kV49xqNP00HfxQA==","CNS","1",3,25,100,,,,,,,,"nitrogen",30767.42,"microgramsPerLiter","SIRFER_algalPlantChem_isotopes_V1","Revesz & Coplen 2012a","N",,
"ff829b0a-2bd9-41ca-8287-f2a160d78e0d","D09","PRLA","PRLA.AOS.riparian.point.05","2020-09-29","PRLA.20200929.EPILITHON.5.CNSA.1","A00000238208","condition ok","SIRFER Lab at University of Utah","2021-09-15","ElFtGy1kV49xqNP00HfxQA==","CNS","1",3,25,100,,,,,,,,"carbon",218442.36,"microgramsPerLiter","SIRFER_algalPlantChem_isotopes_V1","Revesz & Coplen 2012a","N",,
"fcd8c9a8-048c-4e7a-aaf1-ae7f7a718691","D09","PRLA","PRLA.AOS.riparian.point.09","2020-09-29","PRLA.20200929.EPILITHON.9.CNSA.1","A00000238216","condition ok","SIRFER Lab at University of Utah","2021-09-17","ElFtGy1kV49xqNP00HfxQA==","CNS","1",3,25,100,,,,,,,,"d13C",-13.38,"perMill","SIRFER_algalPlantChem_isotopes_V1","Revesz & Coplen 2012a","N",,
"043b52f2-8368-414c-8b9c-c26fcf5add94","D09","PRLA","PRLA.AOS.riparian.point.05","2020-09-29","PRLA.20200929.EPILITHON.5.CNSA.1","A00000238208","condition ok","SIRFER Lab at University of Utah","2021-09-15","ElFtGy1kV49xqNP00HfxQA==","CNS","1",3,25,100,,,,,,,,"d34S",-5.10,"perMill","SIRFER_algalPlantChem_isotopes_V1","Revesz & Coplen 2012b","N",,
"27e02bf3-7693-4395-9df5-2645a93f240e","D09","PRLA","PRLA.AOS.riparian.point.07","2020-09-29","PRLA.20200929.EPILITHON.7.CNSA.1","A00000238220","condition ok","SIRFER Lab at University of Utah","2021-09-17","ElFtGy1kV49xqNP00HfxQA==","CNS","1",3,25,100,,,,,,,,"d13C",-11.06,"perMill","SIRFER_algalPlantChem_isotopes_V1","Revesz & Coplen 2012a","N",,
"1bc4dd6e-569c-4b09-9a41-c13c965badee","D09","PRLA","PRLA.AOS.riparian.point.01","2020-09-29","PRLA.20200929.EPILITHON.1.REP2.CNSA.2","A00000238231","condition ok","SIRFER Lab at University of Utah","2021-09-15","ElFtGy1kV49xqNP00HfxQA==","CNS","1",4,25,100,,,,,,,,"carbon",150325.57,"microgramsPerLiter","SIRFER_algalPlantChem_isotopes_V1","Revesz & Coplen 2012a","N",,
"8a01c7b0-fd4c-441b-9ecb-23cb5b4ed58a","D09","PRLA","PRLA.AOS.riparian.point.05","2020-09-29","PRLA.20200929.EPILITHON.5.CNSA.1","A00000238208","condition ok","SIRFER Lab at University of Utah","2021-09-15","ElFtGy1kV49xqNP00HfxQA==","CNS","1",3,25,100,,,,,,,,"nitrogen",16739.77,"microgramsPerLiter","SIRFER_algalPlantChem_isotopes_V1","Revesz & Coplen 2012a","N",,
"1f55a16a-ae8b-46c5-95b4-b6c0a7398b28","D09","PRLA","PRLA.AOS.riparian.point.09","2020-09-29","PRLA.20200929.EPILITHON.9.CNSA.1","A00000238216","condition ok","SIRFER Lab at University of Utah","2021-09-17","ElFtGy1kV49xqNP00HfxQA==","CNS","1",3,25,100,,,,,,,,"carbon",197281.04,"microgramsPerLiter","SIRFER_algalPlantChem_isotopes_V1","Revesz & Coplen 2012a","N",,
"aa8f9ac4-2e14-45dc-bce7-c1113b7a45db","D09","PRLA","PRLA.AOS.riparian.point.07","2020-09-29","PRLA.20200929.EPILITHON.7.CNSA.1","A00000238220","condition ok","SIRFER Lab at University of Utah","2021-09-17","ElFtGy1kV49xqNP00HfxQA==","CNS","1",3,25,100,,,,,,,,"d34S",-4.25,"perMill","SIRFER_algalPlantChem_isotopes_V1","Revesz & Coplen 2012b","N",,
"8cf5f6be-66d4-4c81-9580-d2aae9bd5b98","D09","PRLA","PRLA.AOS.riparian.point.07","2020-09-29","PRLA.20200929.EPILITHON.7.CNSA.1","A00000238220","condition ok","SIRFER Lab at University of Utah","2021-09-17","ElFtGy1kV49xqNP00HfxQA==","CNS","1",3,25,100,,,,,,,,"sulfur",5168.70,"microgramsPerLiter","SIRFER_algalPlantChem_isotopes_V1","Revesz & Coplen 2012b","N",,
"dbc69e5c-8e1b-410c-8dc2-7c9e866d9c47","D09","PRLA","PRLA.AOS.buoy.c0","2020-09-29","PRLA.20200929.PHYTOPLANKTON.3.CNSA.1","A00000238204","condition ok","SIRFER Lab at University of Utah","2021-09-15","ElFtGy1kV49xqNP00HfxQA==","CNS","1",50,25,100,,,,,,,,"carbon",5481.92,"microgramsPerLiter","SIRFER_algalPlantChem_isotopes_V1","Revesz & Coplen 2012a","N",,
"f56a8fa8-e182-4bae-81b2-512a18c66f1b","D09","PRLA","PRLA.AOS.riparian.point.05","2020-09-29","PRLA.20200929.EPILITHON.5.CNSA.1","A00000238208","condition ok","SIRFER Lab at University of Utah","2021-09-15","ElFtGy1kV49xqNP00HfxQA==","CNS","1",3,25,100,,,,,,,,"d13C",-8.09,"perMill","SIRFER_algalPlantChem_isotopes_V1","Revesz & Coplen 2012a","N",,
"99731d52-04f5-4822-a63b-bbbafca72195","D09","PRLA","PRLA.AOS.riparian.point.01","2020-09-29","PRLA.20200929.EPILITHON.1.REP2.CNSA.2","A00000238231","condition ok","SIRFER Lab at University of Utah","2021-09-15","ElFtGy1kV49xqNP00HfxQA==","CNS","1",4,25,100,,,,,,,,"sulfur",1917.69,"microgramsPerLiter","SIRFER_algalPlantChem_isotopes_V1","Revesz & Coplen 2012b","N",,
"c9e42b35-e4b1-41af-8757-d7d29b19d2bf","D09","PRLA","PRLA.AOS.littoral2","2020-09-29","PRLA.20200929.PHYTOPLANKTON.2.CNSA.1","A00000238223","condition ok","SIRFER Lab at University of Utah","2021-09-15","ElFtGy1kV49xqNP00HfxQA==","CNS","1",70,25,100,,,,,,,,"d15N",8.50,"perMill","SIRFER_algalPlantChem_isotopes_V1","Revesz & Coplen 2012a","N",,
"7e9e8a3a-6ed1-4cb2-b293-18e5d2ddd465","D09","PRLA","PRLA.AOS.littoral1","2020-09-29","PRLA.20200929.PHYTOPLANKTON.1.CNSB.1","A00000238213","condition ok","SIRFER Lab at University of Utah","2021-09-20","ElFtGy1kV49xqNP00HfxQA==","CNS","1",60,25,100,,,,,,,,"carbon",8569.22,"microgramsPerLiter","SIRFER_algalPlantChem_isotopes_V1","Revesz & Coplen 2012a","Y",,
"cafcc149-4051-4f1e-a361-f0829c0c9b9a","D09","PRLA","PRLA.AOS.riparian.point.05","2020-09-29","PRLA.20200929.EPILITHON.5.CNSB.1","A00000238209","condition ok","SIRFER Lab at University of Utah","2021-09-20","ElFtGy1kV49xqNP00HfxQA==","CNS","1",3,25,100,,,,,,,,"carbon",151613.02,"microgramsPerLiter","SIRFER_algalPlantChem_isotopes_V1","Revesz & Coplen 2012a","Y",,
"2c11b6e2-9837-4cee-a505-5ffc9fb7423f","D09","PRLA","PRLA.AOS.riparian.point.09","2020-09-29","PRLA.20200929.EPILITHON.9.CNSB.1","A00000238217","condition ok","SIRFER Lab at University of Utah","2021-09-20","ElFtGy1kV49xqNP00HfxQA==","CNS","1",3,25,100,,,,,,,,"d13C",-20.20,"perMill","SIRFER_algalPlantChem_isotopes_V1","Revesz & Coplen 2012a","Y",,
"aeac812e-0ea4-4cc7-a1b0-8118bf8ebe53","D09","PRLA","PRLA.AOS.riparian.point.01","2020-09-29","PRLA.20200929.EPILITHON.1.REP2.CNSA.2","A00000238231","condition ok","SIRFER Lab at University of Utah","2021-09-15","ElFtGy1kV49xqNP00HfxQA==","CNS","1",4,25,100,,,,,,,,"nitrogen",10280.75,"microgramsPerLiter","SIRFER_algalPlantChem_isotopes_V1","Revesz & Coplen 2012a","N",,
"0c5d1778-90e2-448e-90ed-7a4168105761","D09","PRLA","PRLA.AOS.riparian.point.01","2020-09-29","PRLA.20200929.EPILITHON.1.CNSA.1","A00000238227","condition ok","SIRFER Lab at University of Utah","2021-09-15","ElFtGy1kV49xqNP00HfxQA==","CNS","1",4,25,100,,,,,,,,"nitrogen",9225.27,"microgramsPerLiter","SIRFER_algalPlantChem_isotopes_V1","Revesz & Coplen 2012a","N",,
"8e7cbc99-59e9-4700-9804-874d464b260d","D09","PRLA","PRLA.AOS.littoral2","2020-09-29","PRLA.20200929.PHYTOPLANKTON.2.CNSA.1","A00000238223","condition ok","SIRFER Lab at University of Utah","2021-09-15","ElFtGy1kV49xqNP00HfxQA==","CNS","1",70,25,100,,,,,,,,"carbon",6532.98,"microgramsPerLiter","SIRFER_algalPlantChem_isotopes_V1","Revesz & Coplen 2012a","N",,
"925c38ac-c4da-4bb7-bb0d-6dac648a2f87","D09","PRLA","PRLA.AOS.riparian.point.11","2020-09-29","PRLA.20200929.EPILITHON.11.CNSB.1","A00000238235","condition ok","SIRFER Lab at University of Utah","2021-09-20","ElFtGy1kV49xqNP00HfxQA==","CNS","1",4,25,100,,,,,,,,"carbon",66676.88,"microgramsPerLiter","SIRFER_algalPlantChem_isotopes_V1","Revesz & Coplen 2012a","Y",,
"40f40903-8c23-4861-9ff6-f2b091bba1bd","D09","PRLA","PRLA.AOS.riparian.point.09","2020-09-29","PRLA.20200929.EPILITHON.9.CNSA.1","A00000238216","condition ok","SIRFER Lab at University of Utah","2021-09-17","ElFtGy1kV49xqNP00HfxQA==","CNS","1",3,25,100,,,,,,,,"sulfur",4300.82,"microgramsPerLiter","SIRFER_algalPlantChem_isotopes_V1","Revesz & Coplen 2012b","N",,
"8c03fb7c-5ced-4bdf-b175-125f586e1e2d","D09","PRLA","PRLA.AOS.littoral1","2020-09-29","PRLA.20200929.PHYTOPLANKTON.1.CNSA.1","A00000238212","condition ok","SIRFER Lab at University of Utah","2021-09-15","ElFtGy1kV49xqNP00HfxQA==","CNS","1",60,25,100,,,,,,,,"carbon",10074.57,"microgramsPerLiter","SIRFER_algalPlantChem_isotopes_V1","Revesz & Coplen 2012a","N",,
"f670553b-22bb-4dec-8d5d-a4a3c770f8c6","D09","PRLA","PRLA.AOS.riparian.point.07","2020-09-29","PRLA.20200929.EPILITHON.7.CNSA.1","A00000238220","condition ok","SIRFER Lab at University of Utah","2021-09-17","ElFtGy1kV49xqNP00HfxQA==","CNS","1",3,25,100,,,,,,,,"d15N",3.28,"perMill","SIRFER_algalPlantChem_isotopes_V1","Revesz & Coplen 2012a","N",,
"681eeecf-55f6-4f52-bb1c-c1a849da3cbe","D09","PRLA","PRLA.AOS.buoy.c0","2020-09-29","PRLA.20200929.PHYTOPLANKTON.3.CNSA.1","A00000238204","condition ok","SIRFER Lab at University of Utah","2021-09-15","ElFtGy1kV49xqNP00HfxQA==","CNS","1",50,25,100,,,,,,,,"d13C",-27.25,"perMill","SIRFER_algalPlantChem_isotopes_V1","Revesz & Coplen 2012a","N",,
"ef958b3e-e375-4a17-9a98-271ce851118f","D09","PRLA","PRLA.AOS.riparian.point.09","2020-09-29","PRLA.20200929.EPILITHON.9.CNSB.1","A00000238217","condition ok","SIRFER Lab at University of Utah","2021-09-20","ElFtGy1kV49xqNP00HfxQA==","CNS","1",3,25,100,,,,,,,,"carbon",176791.71,"microgramsPerLiter","SIRFER_algalPlantChem_isotopes_V1","Revesz & Coplen 2012a","Y",,
"2e63aa1c-6765-4745-b110-329f771f4f39","D09","PRLA","PRLA.AOS.littoral1","2020-09-29","PRLA.20200929.PHYTOPLANKTON.1.CNSA.1","A00000238212","condition ok","SIRFER Lab at University of Utah","2021-09-15","ElFtGy1kV49xqNP00HfxQA==","CNS","1",60,25,100,,,,,,,,"d15N",8.22,"perMill","SIRFER_algalPlantChem_isotopes_V1","Revesz & Coplen 2012a","N",,
"66024b43-53a9-4894-8fd2-325744caa1af","D09","PRLA","PRLA.AOS.riparian.point.01","2020-09-29","PRLA.20200929.EPILITHON.1.REP2.CNSB.2","A00000238232","condition ok","SIRFER Lab at University of Utah","2021-09-20","ElFtGy1kV49xqNP00HfxQA==","CNS","1",4,25,100,,,,,,,,"d13C",-18.85,"perMill","SIRFER_algalPlantChem_isotopes_V1","Revesz & Coplen 2012a","Y",,
"d2106acc-79a9-4d9c-9a79-b0e530288261","D09","PRLA","PRLA.AOS.riparian.point.11","2020-09-29","PRLA.20200929.EPILITHON.11.CNSA.1","A00000238234","condition ok","SIRFER Lab at University of Utah","2021-09-15","ElFtGy1kV49xqNP00HfxQA==","CNS","1",4,25,100,,,,,,,,"nitrogen",6307.87,"microgramsPerLiter","SIRFER_algalPlantChem_isotopes_V1","Revesz & Coplen 2012a","N",,
"bea05b67-de18-4c14-8b5d-c7b4ecb07540","D09","PRLA","PRLA.AOS.buoy.c0","2020-09-29","PRLA.20200929.PHYTOPLANKTON.3.CNSA.1","A00000238204","condition ok","SIRFER Lab at University of Utah","2021-09-15","ElFtGy1kV49xqNP00HfxQA==","CNS","1",50,25,100,,,,,,,,"d34S",-2.42,"perMill","SIRFER_algalPlantChem_isotopes_V1","Revesz & Coplen 2012b","N",,
"5accbd74-3856-4289-a947-83cb25e1c260","D09","PRLA","PRLA.AOS.riparian.point.01","2020-09-29","PRLA.20200929.EPILITHON.1.REP2.CNSA.2","A00000238231","condition ok","SIRFER Lab at University of Utah","2021-09-15","ElFtGy1kV49xqNP00HfxQA==","CNS","1",4,25,100,,,,,,,,"d34S",-5.59,"perMill","SIRFER_algalPlantChem_isotopes_V1","Revesz & Coplen 2012b","N",,
"70870a80-f1be-4c5a-ae75-2ca773c0f57e","D09","PRLA","PRLA.AOS.littoral2","2020-09-29","PRLA.20200929.PHYTOPLANKTON.2.CNSA.1","A00000238223","condition ok","SIRFER Lab at University of Utah","2021-09-15","ElFtGy1kV49xqNP00HfxQA==","CNS","1",70,25,100,,,,,,,,"nitrogen",1226.30,"microgramsPerLiter","SIRFER_algalPlantChem_isotopes_V1","Revesz & Coplen 2012a","N",,
"e15d70df-cfc3-49b8-967b-25af32183fef","D09","PRLA","PRLA.AOS.riparian.point.01","2020-09-29","PRLA.20200929.EPILITHON.1.CNSA.1","A00000238227","condition ok","SIRFER Lab at University of Utah","2021-09-15","ElFtGy1kV49xqNP00HfxQA==","CNS","1",4,25,100,,,,,,,,"d34S",-5.51,"perMill","SIRFER_algalPlantChem_isotopes_V1","Revesz & Coplen 2012b","N",,
"c7e2f514-8a4a-4d7c-bc81-062324fa468e","D09","PRLA","PRLA.AOS.riparian.point.11","2020-09-29","PRLA.20200929.EPILITHON.11.CNSB.1","A00000238235","condition ok","SIRFER Lab at University of Utah","2021-09-20","ElFtGy1kV49xqNP00HfxQA==","CNS","1",4,25,100,,,,,,,,"d13C",-27.59,"perMill","SIRFER_algalPlantChem_isotopes_V1","Revesz & Coplen 2012a","Y",,
"e2ccc148-3fdb-4c9a-8740-fdcac78973a0","D09","PRLA","PRLA.AOS.riparian.point.09","2020-09-29","PRLA.20200929.EPILITHON.9.CNSA.1","A00000238216","condition ok","SIRFER Lab at University of Utah","2021-09-17","ElFtGy1kV49xqNP00HfxQA==","CNS","1",3,25,100,,,,,,,,"d15N",2.84,"perMill","SIRFER_algalPlantChem_isotopes_V1","Revesz & Coplen 2012a","N",,
"6161c53f-fddd-401f-8d53-14b9ab0ff40c","D09","PRLA","PRLA.AOS.littoral1","2020-09-29","PRLA.20200929.PHYTOPLANKTON.1.CNSB.1","A00000238213","condition ok","SIRFER Lab at University of Utah","2021-09-20","ElFtGy1kV49xqNP00HfxQA==","CNS","1",60,25,100,,,,,,,,"d13C",-27.29,"perMill","SIRFER_algalPlantChem_isotopes_V1","Revesz & Coplen 2012a","Y",,
"dd99609f-10c8-4d4c-bcb0-3b7caf7abd9e","D09","PRLA","PRLA.AOS.riparian.point.11","2020-09-29","PRLA.20200929.EPILITHON.11.CNSA.1","A00000238234","condition ok","SIRFER Lab at University of Utah","2021-09-15","ElFtGy1kV49xqNP00HfxQA==","CNS","1",4,25,100,,,,,,,,"d15N",4.08,"perMill","SIRFER_algalPlantChem_isotopes_V1","Revesz & Coplen 2012a","N",,
"332c6428-cb94-42e9-ace3-dedff0c2b68d","D09","PRLA","PRLA.AOS.buoy.c0","2020-09-29","PRLA.20200929.PHYTOPLANKTON.3.CNSA.1","A00000238204","condition ok","SIRFER Lab at University of Utah","2021-09-15","ElFtGy1kV49xqNP00HfxQA==","CNS","1",50,25,100,,,,,,,,"nitrogen",993.55,"microgramsPerLiter","SIRFER_algalPlantChem_isotopes_V1","Revesz & Coplen 2012a","N",,
"49bb03c3-5962-45a0-be7f-47a6db8ad611","D09","PRLA","PRLA.AOS.littoral1","2020-09-29","PRLA.20200929.PHYTOPLANKTON.1.CNSA.1","A00000238212","condition ok","SIRFER Lab at University of Utah","2021-09-15","ElFtGy1kV49xqNP00HfxQA==","CNS","1",60,25,100,,,,,,,,"nitrogen",1634.67,"microgramsPerLiter","SIRFER_algalPlantChem_isotopes_V1","Revesz & Coplen 2012a","N",,
"cbb851b9-68d9-4e66-a7bd-5a8300d209e1","D09","PRLA","PRLA.AOS.buoy.c0","2020-09-29","PRLA.20200929.PHYTOPLANKTON.3.CNSB.1","A00000238205","condition ok","SIRFER Lab at University of Utah","2021-09-20","ElFtGy1kV49xqNP00HfxQA==","CNS","1",50,25,100,,,,,,,,"d13C",-27.69,"perMill","SIRFER_algalPlantChem_isotopes_V1","Revesz & Coplen 2012a","Y",,
"83397924-eca8-4b88-937d-e9ad1de48271","D09","PRLA","PRLA.AOS.riparian.point.07","2020-09-29","PRLA.20200929.EPILITHON.7.CNSB.1","A00000238221","condition ok","SIRFER Lab at University of Utah","2021-09-20","ElFtGy1kV49xqNP00HfxQA==","CNS","1",3,25,100,,,,,,,,"carbon",133288.23,"microgramsPerLiter","SIRFER_algalPlantChem_isotopes_V1","Revesz & Coplen 2012a","Y",,
"eead2215-85f5-49ee-8ff9-d441ff9e88ca","D09","PRLA","PRLA.AOS.riparian.point.05","2020-09-29","PRLA.20200929.EPILITHON.5.CNSA.1","A00000238208","condition ok","SIRFER Lab at University of Utah","2021-09-15","ElFtGy1kV49xqNP00HfxQA==","CNS","1",3,25,100,,,,,,,,"d15N",5.44,"perMill","SIRFER_algalPlantChem_isotopes_V1","Revesz & Coplen 2012a","N",,
"58056f67-ddac-4712-9ae8-8642338e4420","D09","PRLA","PRLA.AOS.buoy.c0","2020-09-29","PRLA.20200929.PHYTOPLANKTON.3.CNSB.1","A00000238205","condition ok","SIRFER Lab at University of Utah","2021-09-20","ElFtGy1kV49xqNP00HfxQA==","CNS","1",50,25,100,,,,,,,,"carbon",4780.43,"microgramsPerLiter","SIRFER_algalPlantChem_isotopes_V1","Revesz & Coplen 2012a","Y",,
"a826e5f5-c711-44ef-aed2-a76b9dd45ad1","D09","PRLA","PRLA.AOS.riparian.point.01","2020-09-29","PRLA.20200929.EPILITHON.1.CNSA.1","A00000238227","condition ok","SIRFER Lab at University of Utah","2021-09-15","ElFtGy1kV49xqNP00HfxQA==","CNS","1",4,25,100,,,,,,,,"d15N",2.88,"perMill","SIRFER_algalPlantChem_isotopes_V1","Revesz & Coplen 2012a","N",,
"49be68be-1b59-4995-8b0b-a950afa916a1","D09","PRLA","PRLA.AOS.littoral1","2020-09-29","PRLA.20200929.PHYTOPLANKTON.1.CNSA.1","A00000238212","condition ok","SIRFER Lab at University of Utah","2021-09-15","ElFtGy1kV49xqNP00HfxQA==","CNS","1",60,25,100,,,,,,,,"d34S",-3.99,"perMill","SIRFER_algalPlantChem_isotopes_V1","Revesz & Coplen 2012b","N",,
"dace8925-d03f-4a99-9b86-758482de043e","D09","PRLA","PRLA.AOS.littoral1","2020-09-29","PRLA.20200929.PHYTOPLANKTON.1.CHL/PHEO.1","B00000096510","condition ok","Great Lakes Environmental Center, Inc.","2020-10-09","4CajRO/thb0=","chlorophyll/pheophytin","1",60,25,100,10,7,420.2586,,,0.2370,0.0570,"pheophytin",71.55,"microgramsPerLiter","GLEC_algalChlorophyll_V1","APHA 10200H",,,
"eea7171d-b53c-4c2f-839d-dda03fccd760","D09","PRLA","PRLA.AOS.riparian.point.07","2020-09-29","PRLA.20200929.EPILITHON.7.CHL/PHEO.1","B00000096512","condition ok","Great Lakes Environmental Center, Inc.","2020-10-09","4CajRO/thb0=","chlorophyll/pheophytin","1",3,25,100,1,7,420.2586,,,1.3500,0.3860,"chlorophyll a",1123.20,"microgramsPerLiter","GLEC_algalChlorophyll_V1","APHA 10200H",,,
"ee0bdc7c-d079-4776-abbe-90a587e982cd","D09","PRLA","PRLA.AOS.littoral2","2020-09-29","PRLA.20200929.PHYTOPLANKTON.2.CHL/PHEO.1","B00000096513","condition ok","Great Lakes Environmental Center, Inc.","2020-10-09","4CajRO/thb0=","chlorophyll/pheophytin","1",70,25,100,10,7,420.2586,,,0.2410,0.0620,"pheophytin",75.09,"microgramsPerLiter","GLEC_algalChlorophyll_V1","APHA 10200H",,,
"b4747d81-c410-4206-8f02-98cc8ace59dc","D09","PRLA","PRLA.AOS.riparian.point.11","2020-09-29","PRLA.20200929.EPILITHON.11.CHL/PHEO.1","B00000096516","condition ok","Great Lakes Environmental Center, Inc.","2020-10-09","4CajRO/thb0=","chlorophyll/pheophytin","1",4,25,100,1,7,420.2586,,,1.6210,0.4810,"pheophytin",1236.80,"microgramsPerLiter","GLEC_algalChlorophyll_V1","APHA 10200H",,,
"78907c01-fbd9-4b6f-9df4-0a825d4fbc1d","D09","PRLA","PRLA.AOS.riparian.point.05","2020-09-29","PRLA.20200929.EPILITHON.5.CHL/PHEO.1","B00000096509","condition ok","Great Lakes Environmental Center, Inc.","2020-10-09","4CajRO/thb0=","chlorophyll/pheophytin","1",3,25,100,1,7,420.2586,,,1.1710,0.2830,"chlorophyll a",1034.70,"microgramsPerLiter","GLEC_algalChlorophyll_V1","APHA 10200H",,,
"e6cdef42-34cd-4fd0-b746-8d86d6531e5b","D09","PRLA","PRLA.AOS.riparian.point.11","2020-09-29","PRLA.20200929.EPILITHON.11.CHL/PHEO.1","B00000096516","condition ok","Great Lakes Environmental Center, Inc.","2020-10-09","4CajRO/thb0=","chlorophyll/pheophytin","1",4,25,100,1,7,420.2586,,,1.6210,0.4810,"chlorophyll a",996.23,"microgramsPerLiter","GLEC_algalChlorophyll_V1","APHA 10200H",,,
"04bffd79-de93-41ec-a65e-75980c9f504c","D09","PRLA","PRLA.AOS.riparian.point.01","2020-09-29","PRLA.20200929.EPILITHON.1.CHL/PHEO.1","B00000096514","condition ok","Great Lakes Environmental Center, Inc.","2020-10-09","4CajRO/thb0=","chlorophyll/pheophytin","1",4,25,100,1,7,420.2586,,,1.8090,0.4730,"pheophytin",1028.40,"microgramsPerLiter","GLEC_algalChlorophyll_V1","APHA 10200H",,,
"c8b722bb-4dc6-4a77-914c-5d899e89d053","D09","PRLA","PRLA.AOS.riparian.point.07","2020-09-29","PRLA.20200929.EPILITHON.7.CHL/PHEO.1","B00000096512","condition ok","Great Lakes Environmental Center, Inc.","2020-10-09","4CajRO/thb0=","chlorophyll/pheophytin","1",3,25,100,1,7,420.2586,,,1.3500,0.3860,"pheophytin",1266.10,"microgramsPerLiter","GLEC_algalChlorophyll_V1","APHA 10200H",,,
"835e762e-e2d0-4733-a987-cf0cae7cf722","D09","PRLA","PRLA.AOS.riparian.point.05","2020-09-29","PRLA.20200929.EPILITHON.5.CHL/PHEO.1","B00000096509","condition ok","Great Lakes Environmental Center, Inc.","2020-10-09","4CajRO/thb0=","chlorophyll/pheophytin","1",3,25,100,1,7,420.2586,,,1.1710,0.2830,"pheophytin",717.10,"microgramsPerLiter","GLEC_algalChlorophyll_V1","APHA 10200H",,,
"3eab7706-1216-4270-9909-63332e6f6c3b","D09","PRLA","PRLA.AOS.buoy.c0","2020-09-29","PRLA.20200929.PHYTOPLANKTON.3.CHL/PHEO.1","B00000096508","condition ok","Great Lakes Environmental Center, Inc.","2020-10-09","4CajRO/thb0=","chlorophyll/pheophytin","1",50,25,100,10,7,420.2586,,,0.2310,0.0530,"pheophytin",72.40,"microgramsPerLiter","GLEC_algalChlorophyll_V1","APHA 10200H",,,
"41ee5963-3bc4-4afc-9e5c-3966701a0e9d","D09","PRLA","PRLA.AOS.riparian.point.01","2020-09-29","PRLA.20200929.EPILITHON.1.CHL/PHEO.1","B00000096514","condition ok","Great Lakes Environmental Center, Inc.","2020-10-09","4CajRO/thb0=","chlorophyll/pheophytin","1",4,25,100,1,7,420.2586,,,1.8090,0.4730,"chlorophyll a",1167.50,"microgramsPerLiter","GLEC_algalChlorophyll_V1","APHA 10200H",,,
"4250b64f-969f-4b92-87eb-6441f7d7ee89","D09","PRLA","PRLA.AOS.littoral2","2020-09-29","PRLA.20200929.PHYTOPLANKTON.2.CHL/PHEO.1","B00000096513","condition ok","Great Lakes Environmental Center, Inc.","2020-10-09","4CajRO/thb0=","chlorophyll/pheophytin","1",70,25,100,10,7,420.2586,,,0.2410,0.0620,"chlorophyll a",89.39,"microgramsPerLiter","GLEC_algalChlorophyll_V1","APHA 10200H",,,
"1c397945-ffc2-4f8e-bd04-b408defd44f0","D09","PRLA","PRLA.AOS.riparian.point.01","2020-09-29","PRLA.20200929.EPILITHON.1.REP2.CHL/PHEO.2","B00000096515","condition ok","Great Lakes Environmental Center, Inc.","2020-10-09","4CajRO/thb0=","chlorophyll/pheophytin","2",4,25,100,1,7,420.2586,,,1.6900,0.4940,"pheophytin",1248.20,"microgramsPerLiter","GLEC_algalChlorophyll_V1","APHA 10200H",,,
"85cd1c92-32b3-4ff7-9adb-4dd4c676479a","D09","PRLA","PRLA.AOS.buoy.c0","2020-09-29","PRLA.20200929.PHYTOPLANKTON.3.CHL/PHEO.1","B00000096508","condition ok","Great Lakes Environmental Center, Inc.","2020-10-09","4CajRO/thb0=","chlorophyll/pheophytin","1",50,25,100,10,7,420.2586,,,0.2310,0.0530,"chlorophyll a",124.44,"microgramsPerLiter","GLEC_algalChlorophyll_V1","APHA 10200H",,,
"028eabfb-9d08-42ed-a886-d9a08c11ac23","D09","PRLA","PRLA.AOS.littoral1","2020-09-29","PRLA.20200929.PHYTOPLANKTON.1.CHL/PHEO.1","B00000096510","condition ok","Great Lakes Environmental Center, Inc.","2020-10-09","4CajRO/thb0=","chlorophyll/pheophytin","1",60,25,100,10,7,420.2586,,,0.2370,0.0570,"chlorophyll a",104.87,"microgramsPerLiter","GLEC_algalChlorophyll_V1","APHA 10200H",,,
"ac30591d-3b26-4cc3-99fb-4173110a3caf","D09","PRLA","PRLA.AOS.riparian.point.09","2020-09-29","PRLA.20200929.EPILITHON.9.CHL/PHEO.1","B00000096511","condition ok","Great Lakes Environmental Center, Inc.","2020-10-09","4CajRO/thb0=","chlorophyll/pheophytin","1",4,25,100,1,7,420.2586,,,1.9620,0.5640,"chlorophyll a",1221.70,"microgramsPerLiter","GLEC_algalChlorophyll_V1","APHA 10200H",,,
"25ebe4eb-4dee-493e-a854-9bb81a3f96d6","D09","PRLA","PRLA.AOS.riparian.point.09","2020-09-29","PRLA.20200929.EPILITHON.9.CHL/PHEO.1","B00000096511","condition ok","Great Lakes Environmental Center, Inc.","2020-10-09","4CajRO/thb0=","chlorophyll/pheophytin","1",4,25,100,1,7,420.2586,,,1.9620,0.5640,"pheophytin",1396.70,"microgramsPerLiter","GLEC_algalChlorophyll_V1","APHA 10200H",,,
"3f9d019b-5ea9-4222-b513-47d5922a2487","D09","PRLA","PRLA.AOS.riparian.point.01","2020-09-29","PRLA.20200929.EPILITHON.1.REP2.CHL/PHEO.2","B00000096515","condition ok","Great Lakes Environmental Center, Inc.","2020-10-09","4CajRO/thb0=","chlorophyll/pheophytin","2",4,25,100,1,7,420.2586,,,1.6900,0.4940,"chlorophyll a",1045.20,"microgramsPerLiter","GLEC_algalChlorophyll_V1","APHA 10200H",,,
