uid,domainID,siteID,namedLocation,collectDate,parentSampleID,sampleID,sampleCode,filterNumber,analysisType,fieldSampleVolume,domainFilterVolume,storageDays,remarks,measuredBy,recordedBy,sampleCondition,dataQF
"832244d5-d74a-4f66-a410-7f51a2c8938b","D09","PRLA","PRLA.AOS.riparian.point.05","2020-09-29T13:21Z","PRLA.20200929.EPILITHON.5","PRLA.20200929.EPILITHON.5.CNSA.1","A00000238208",1,"CNSa",250.0,3.0,1.0,,"0000-0003-4092-4649","0000-0003-4092-4649","OK",
"59f77f70-ffad-406f-afd7-2a6b805fff5d","D09","PRLA","PRLA.AOS.riparian.point.11","2020-09-29T13:21Z","PRLA.20200929.EPILITHON.11","PRLA.20200929.EPILITHON.11.CNSA.1","A00000238234",1,"CNSa",250.0,4.0,1.2,,"0000-0003-4092-4649","0000-0003-4092-4649","OK",
"be9e6d72-34e5-406d-b5a3-396e2e6efd12","D09","PRLA","PRLA.AOS.riparian.point.01","2020-09-29T13:21Z","PRLA.20200929.EPILITHON.1","PRLA.20200929.EPILITHON.1.P.1","A00000238226",1,"P",250.0,4.0,1.2,,"0000-0003-4092-4649","0000-0003-4092-4649","OK",
"5221d51e-6a76-42b0-84ad-920442d99b1d","D09","PRLA","PRLA.AOS.riparian.point.07","2020-09-29T13:21Z","PRLA.20200929.EPILITHON.7","PRLA.20200929.EPILITHON.7.CNSA.1","A00000238220",1,"CNSa",250.0,3.0,1.1,,"0000-0003-4092-4649","0000-0003-4092-4649","OK",
"fca2b45c-d06a-4276-a97d-d9e7faebece3","D09","PRLA","PRLA.AOS.riparian.point.05","2020-09-29T13:21Z","PRLA.20200929.EPILITHON.5","PRLA.20200929.EPILITHON.5.P.1","A00000238207",1,"P",250.0,3.0,1.0,,"0000-0003-4092-4649","0000-0003-4092-4649","OK",
"13f372e6-fb89-4f07-a470-e91b188ce189","D09","PRLA","PRLA.AOS.littoral1","2020-09-29T13:21Z","PRLA.20200929.PHYTOPLANKTON.1","PRLA.20200929.PHYTOPLANKTON.1.CNSB.1","A00000238213",1,"CNSb",4000.0,60.0,1.0,,"0000-0003-4092-4649","0000-0003-4092-4649","OK",
"5824a120-43b4-4595-be13-c00cbf7c771e","D09","PRLA","PRLA.AOS.riparian.point.09","2020-09-29T13:21Z","PRLA.20200929.EPILITHON.9","PRLA.20200929.EPILITHON.9.CNSB.1","A00000238217",1,"CNSb",250.0,3.0,1.1,,"0000-0003-4092-4649","0000-0003-4092-4649","OK",
"a5df3324-fc19-452f-a19f-de87ebac9d84","D09","PRLA","PRLA.AOS.riparian.point.09","2020-09-29T13:21Z","PRLA.20200929.EPILITHON.9","PRLA.20200929.EPILITHON.9.CHL/PHEO.1","B00000096511",1,"chlorophyll/pheophytin",250.0,4.0,1.1,,"0000-0003-4092-4649","0000-0003-4092-4649","OK",
"e40045bd-88d3-4f32-a67f-1ec02c79fd4a","D09","PRLA","PRLA.AOS.riparian.point.01","2020-09-29T13:21Z","PRLA.20200929.EPILITHON.1","PRLA.20200929.EPILITHON.1.CHL/PHEO.1","B00000096514",1,"chlorophyll/pheophytin",250.0,4.0,1.2,,"0000-0003-4092-4649","0000-0003-4092-4649","OK",
"cea46bca-5b3f-43a1-a244-47d3f68bbda9","D09","PRLA","PRLA.AOS.riparian.point.11","2020-09-29T13:21Z","PRLA.20200929.EPILITHON.11","PRLA.20200929.EPILITHON.11.P.1","A00000238233",1,"P",250.0,4.0,1.2,,"0000-0003-4092-4649","0000-0003-4092-4649","OK",
"b732b7e9-7291-4ce3-981f-54ae8194b391","D09","PRLA","PRLA.AOS.littoral2","2020-09-29T13:21Z","PRLA.20200929.PHYTOPLANKTON.2","PRLA.20200929.PHYTOPLANKTON.2.CHL/PHEO.1","B00000096513",1,"chlorophyll/pheophytin",4000.0,70.0,1.1,,"0000-0003-4092-4649","0000-0003-4092-4649","OK",
"823c74e6-cf72-40d9-8d21-21b6d44120dc","D09","PRLA","PRLA.AOS.riparian.point.07","2020-09-29T13:21Z","PRLA.20200929.EPILITHON.7","PRLA.20200929.EPILITHON.7.CHL/PHEO.1","B00000096512",1,"chlorophyll/pheophytin",250.0,3.0,1.1,,"0000-0003-4092-4649","0000-0003-4092-4649","OK",
"57cda5cf-7415-4b28-ae87-9d8a1ecd840e","D09","PRLA","PRLA.AOS.littoral1","2020-09-29T13:21Z","PRLA.20200929.PHYTOPLANKTON.1","PRLA.20200929.PHYTOPLANKTON.1.CNSA.1","A00000238212",1,"CNSa",4000.0,60.0,1.0,,"0000-0003-4092-4649","0000-0003-4092-4649","OK",
"46a2fe57-0a72-4101-bf0f-7c0c45f32b5d","D09","PRLA","PRLA.AOS.riparian.point.05","2020-09-29T13:21Z","PRLA.20200929.EPILITHON.5","PRLA.20200929.EPILITHON.5.CHL/PHEO.1","B00000096509",1,"chlorophyll/pheophytin",250.0,3.0,1.0,,"0000-0003-4092-4649","0000-0003-4092-4649","OK",
"fcf7708a-747d-4a31-ab96-c5d5287c0fc4","D09","PRLA","PRLA.AOS.riparian.point.11","2020-09-29T13:21Z","PRLA.20200929.EPILITHON.11","PRLA.20200929.EPILITHON.11.CHL/PHEO.1","B00000096516",1,"chlorophyll/pheophytin",250.0,4.0,1.2,,"0000-0003-4092-4649","0000-0003-4092-4649","OK",
"fff239bd-fc97-4a9f-b613-dccbbd93bd0e","D09","PRLA","PRLA.AOS.riparian.point.07","2020-09-29T13:21Z","PRLA.20200929.EPILITHON.7","PRLA.20200929.EPILITHON.7.P.1","A00000238219",1,"P",250.0,3.0,1.1,,"0000-0003-4092-4649","0000-0003-4092-4649","OK",
"31fa3082-7485-4039-9615-3d227e303302","D09","PRLA","PRLA.AOS.buoy.c0","2020-09-29T13:21Z","PRLA.20200929.PHYTOPLANKTON.3","PRLA.20200929.PHYTOPLANKTON.3.CNSB.1","A00000238205",1,"CNSb",4000.0,50.0,1.0,,"0000-0003-4092-4649","0000-0003-4092-4649","OK",
"ec91f85d-c103-458e-ab17-3e04e59489c0","D09","PRLA","PRLA.AOS.littoral1","2020-09-29T13:21Z","PRLA.20200929.PHYTOPLANKTON.1","PRLA.20200929.PHYTOPLANKTON.1.P.1","A00000238211",1,"P",4000.0,60.0,1.0,,"0000-0003-4092-4649","0000-0003-4092-4649","OK",
"f04ecbe0-6228-426d-8bdf-692a28ea87c1","D09","PRLA","PRLA.AOS.buoy.c0","2020-09-29T13:21Z","PRLA.20200929.PHYTOPLANKTON.3","PRLA.20200929.PHYTOPLANKTON.3.P.1","A00000238203",1,"P",4000.0,50.0,1.0,,"0000-0003-4092-4649","0000-0003-4092-4649","OK",
"9ace8f8a-1390-40ef-aa19-7d758dd5f34e","D09","PRLA","PRLA.AOS.riparian.point.01","2020-09-29T13:21Z","PRLA.20200929.EPILITHON.1","PRLA.20200929.EPILITHON.1.CNSB.1","A00000238228",1,"CNSb",250.0,4.0,1.2,,"0000-0003-4092-4649","0000-0003-4092-4649","OK",
"ca442761-9e15-450a-91a7-0c18f78ba2f0","D09","PRLA","PRLA.AOS.buoy.c0","2020-09-29T13:21Z","PRLA.20200929.PHYTOPLANKTON.3","PRLA.20200929.PHYTOPLANKTON.3.CNSA.1","A00000238204",1,"CNSa",4000.0,50.0,1.0,,"0000-0003-4092-4649","0000-0003-4092-4649","OK",
"e04fb422-24f7-4b73-975d-48bce55f40eb","D09","PRLA","PRLA.AOS.buoy.c0","2020-09-29T13:21Z","PRLA.20200929.PHYTOPLANKTON.3","PRLA.20200929.PHYTOPLANKTON.3.CHL/PHEO.1","B00000096508",1,"chlorophyll/pheophytin",4000.0,50.0,1.0,,"0000-0003-4092-4649","0000-0003-4092-4649","OK",
"285e70a0-4309-4b3a-aba8-9acee844771f","D09","PRLA","PRLA.AOS.riparian.point.01","2020-09-29T13:21Z","PRLA.20200929.EPILITHON.1","PRLA.20200929.EPILITHON.1.REP2.CHL/PHEO.2","B00000096515",2,"chlorophyll/pheophytin",250.0,4.0,1.2,,"0000-0003-4092-4649","0000-0003-4092-4649","OK",
"e321e7b9-8a6e-476e-9150-89f7f0b0dedb","D09","PRLA","PRLA.AOS.riparian.point.01","2020-09-29T13:21Z","PRLA.20200929.EPILITHON.1","PRLA.20200929.EPILITHON.1.CNSA.1","A00000238227",1,"CNSa",250.0,4.0,1.2,,"0000-0003-4092-4649","0000-0003-4092-4649","OK",
"6e8c711f-3c34-4801-b527-c0aab1e28574","D09","PRLA","PRLA.AOS.riparian.point.05","2020-09-29T13:21Z","PRLA.20200929.EPILITHON.5","PRLA.20200929.EPILITHON.5.CNSB.1","A00000238209",1,"CNSb",250.0,3.0,1.0,,"0000-0003-4092-4649","0000-0003-4092-4649","OK",
"fb3239da-e8c0-4562-be55-aad52eb936e8","D09","PRLA","PRLA.AOS.riparian.point.01","2020-09-29T13:21Z","PRLA.20200929.EPILITHON.1","PRLA.20200929.EPILITHON.1.REP2.CNSA.2","A00000238231",2,"CNSa",250.0,4.0,1.2,,"0000-0003-4092-4649","0000-0003-4092-4649","OK",
"5077052f-d045-4179-924e-b6220838b9c6","D09","PRLA","PRLA.AOS.riparian.point.09","2020-09-29T13:21Z","PRLA.20200929.EPILITHON.9","PRLA.20200929.EPILITHON.9.P.1","A00000238218",1,"P",250.0,4.0,1.1,,"0000-0003-4092-4649","0000-0003-4092-4649","OK",
"71a51af0-382c-436f-b42f-9749eb47111a","D09","PRLA","PRLA.AOS.riparian.point.11","2020-09-29T13:21Z","PRLA.20200929.EPILITHON.11","PRLA.20200929.EPILITHON.11.CNSB.1","A00000238235",1,"CNSb",250.0,4.0,1.2,,"0000-0003-4092-4649","0000-0003-4092-4649","OK",
"6c5b7c5d-7bcd-4cd2-8e98-739ee611cc72","D09","PRLA","PRLA.AOS.riparian.point.09","2020-09-29T13:21Z","PRLA.20200929.EPILITHON.9","PRLA.20200929.EPILITHON.9.CNSA.1","A00000238216",1,"CNSa",250.0,3.0,1.1,,"0000-0003-4092-4649","0000-0003-4092-4649","OK",
"41402881-3243-4798-acdd-843590825445","D09","PRLA","PRLA.AOS.littoral2","2020-09-29T13:21Z","PRLA.20200929.PHYTOPLANKTON.2","PRLA.20200929.PHYTOPLANKTON.2.P.1","A00000238222",1,"P",4000.0,70.0,1.1,,"0000-0003-4092-4649","0000-0003-4092-4649","OK",
"776681ff-3637-4429-989f-8121c03a76cc","D09","PRLA","PRLA.AOS.riparian.point.07","2020-09-29T13:21Z","PRLA.20200929.EPILITHON.7","PRLA.20200929.EPILITHON.7.CNSB.1","A00000238221",1,"CNSb",250.0,3.0,1.1,,"0000-0003-4092-4649","0000-0003-4092-4649","OK",
"f538c2a2-34b7-4ded-81c2-b9a1c3623079","D09","PRLA","PRLA.AOS.littoral2","2020-09-29T13:21Z","PRLA.20200929.PHYTOPLANKTON.2","PRLA.20200929.PHYTOPLANKTON.2.CNSA.1","A00000238223",1,"CNSa",4000.0,70.0,1.1,,"0000-0003-4092-4649","0000-0003-4092-4649","OK",
"6e1a3419-5d14-4610-ad6d-33a6a85ad225","D09","PRLA","PRLA.AOS.littoral2","2020-09-29T13:21Z","PRLA.20200929.PHYTOPLANKTON.2","PRLA.20200929.PHYTOPLANKTON.2.CNSB.1","A00000238224",1,"CNSb",4000.0,70.0,1.1,,"0000-0003-4092-4649","0000-0003-4092-4649","OK",
"7c33daa6-645c-495e-8c62-4884631519c6","D09","PRLA","PRLA.AOS.littoral1","2020-09-29T13:21Z","PRLA.20200929.PHYTOPLANKTON.1","PRLA.20200929.PHYTOPLANKTON.1.CHL/PHEO.1","B00000096510",1,"chlorophyll/pheophytin",4000.0,60.0,1.0,,"0000-0003-4092-4649","0000-0003-4092-4649","OK",
"18ffb222-140b-4379-a656-50e79465e5cf","D09","PRLA","PRLA.AOS.riparian.point.01","2020-09-29T13:21Z","PRLA.20200929.EPILITHON.1","PRLA.20200929.EPILITHON.1.REP2.CNSB.2","A00000238232",2,"CNSb",250.0,4.0,1.2,,"0000-0003-4092-4649","0000-0003-4092-4649","OK",
"4bf6b474-01d8-4082-8dc4-55cf6d7f49fb","D09","PRLA","PRLA.AOS.riparian.point.01","2020-09-29T13:21Z","PRLA.20200929.EPILITHON.1","PRLA.20200929.EPILITHON.1.REP2.P.2","A00000238230",2,"P",250.0,4.0,1.2,,"0000-0003-4092-4649","0000-0003-4092-4649","OK",
