uid,domainID,siteID,namedLocation,date,eventID,sampleDepth,waterTemp,specificConductance,dissolvedOxygen,dissolvedOxygenSaturation,dataQF
"dd81847e-768f-496a-9e8e-908bee8c045c","D03","SUGG","SUGG.AOS.buoy.c0","2021-02-11T15:21Z","SUGG.c0.20210211",1.5,12.3,71.9,9.2,85.6,
"e3ec2859-cc02-40e7-8352-01e65326aa61","D03","SUGG","SUGG.AOS.buoy.c0","2021-02-11T15:21Z","SUGG.c0.20210211",1.0,13.7,71.5,9.1,86.7,
"8cd7a311-e806-4e09-bf18-9c59b549b216","D03","SUGG","SUGG.AOS.buoy.c0","2021-02-11T15:21Z","SUGG.c0.20210211",0.5,16.3,71.0,9.3,93.7,
"59ce4560-59e2-4379-a48e-16556c3f18fd","D03","SUGG","SUGG.AOS.buoy.c0","2021-02-25T13:36Z","SUGG.c0.20210225",1.0,15.3,70.0,8.1,80.2,
"94c7cece-ad63-42d1-b03f-ad1a353757f2","D03","SUGG","SUGG.AOS.buoy.c0","2021-02-25T13:36Z","SUGG.c0.20210225",1.5,15.2,70.0,8.2,81.1,
"dc656ebf-f7f0-4bff-9937-903a93aa4bb2","D03","SUGG","SUGG.AOS.buoy.c0","2021-02-25T13:36Z","SUGG.c0.20210225",0.5,15.3,70.1,7.9,77.9,
