uid,domainID,siteID,namedLocation,collectDate,sampleID,sampleCode,sampleCondition,laboratoryName,analysisDate,analyzedBy,sampleType,replicate,sampleVolumeFiltered,filterSize,percentFilterAnalyzed,dilutionFactor,solventVolume,responseFactor,acidificationResponseFactor,fluorometerSensitivitySetting,preAcidificationFluorescence,postAcidificationFluorescence,analyte,analyteConcentration,plantAlgaeLabUnits,testMethod,method,acidTreatment,externalRemarks,externalLabDataQF
"acaba13b-d8c1-451c-af67-3dd53f1931b3","D03","BARC","BARC.AOS.littoral1","2017-11-09","BARC.20171109.PHYTOPLANKTON.2",,"condition ok","SIRFER Lab at University of Utah","2018-10-02","ElFtGy1kV49xqNP00HfxQA==","CNS","1",,25,100,,,,,,,,"sulfur",9.57,"microgramsPerLiter","SIRFER_algalPlantChem_isotopes_V1","Revesz & Coplen 2012b",,,
"f38df62c-62b6-4106-a344-8298c1ff04d1","D03","BARC","BARC.AOS.riparian.point.05","2017-11-09","BARC.20171109.EPIPHYTON.5",,"condition ok","SIRFER Lab at University of Utah","2018-10-02","ElFtGy1kV49xqNP00HfxQA==","CNS","1",,25,100,,,,,,,,"d13C",-33.33,"perMill","SIRFER_algalPlantChem_isotopes_V1","Revesz & Coplen 2012a","N",,
"68ec639a-4432-4b62-a0e0-2b685527a274","D03","BARC","BARC.AOS.riparian.point.09","2017-11-09","BARC.20171109.EPIPHYTON.9",,"condition ok","SIRFER Lab at University of Utah","2018-10-02","ElFtGy1kV49xqNP00HfxQA==","CNS","1",,25,100,,,,,,,,"sulfur",3448.39,"microgramsPerLiter","SIRFER_algalPlantChem_isotopes_V1","Revesz & Coplen 2012b",,,
"e53a2a6c-5e37-4f51-ac5b-4b4b018f9dab","D03","BARC","BARC.AOS.riparian.point.07","2017-11-09","BARC.20171109.EPIPHYTON.7",,"condition ok","SIRFER Lab at University of Utah","2018-10-02","ElFtGy1kV49xqNP00HfxQA==","CNS","1",,25,100,,,,,,,,"d13C",-35.78,"perMill","SIRFER_algalPlantChem_isotopes_V1","Revesz & Coplen 2012a","N",,
"89702974-6ba9-485e-bfb3-5aa285d502bc","D03","BARC","BARC.AOS.littoral2","2017-11-09","BARC.20171109.PHYTOPLANKTON.3",,"condition ok","SIRFER Lab at University of Utah","2018-10-02","ElFtGy1kV49xqNP00HfxQA==","CNS","1",,25,100,,,,,,,,"sulfur",13.35,"microgramsPerLiter","SIRFER_algalPlantChem_isotopes_V1","Revesz & Coplen 2012b",,,
"da58f0f6-5d74-43b6-b84d-1a809979be5c","D03","BARC","BARC.AOS.riparian.point.07","2017-11-09","BARC.20171109.EPIPHYTON.7",,"condition ok","SIRFER Lab at University of Utah","2018-10-02","ElFtGy1kV49xqNP00HfxQA==","CNS","1",,25,100,,,,,,,,"carbon",87481.27,"microgramsPerLiter","SIRFER_algalPlantChem_isotopes_V1","Revesz & Coplen 2012a","N",,
"4f2e5612-8e7b-4450-a858-0842c673788b","D03","BARC","BARC.AOS.riparian.point.03","2017-11-09","BARC.20171109.EPIPHYTON.3",,"condition ok","SIRFER Lab at University of Utah","2018-10-02","ElFtGy1kV49xqNP00HfxQA==","CNS","1",,25,100,,,,,,,,"d13C",-33.15,"perMill","SIRFER_algalPlantChem_isotopes_V1","Revesz & Coplen 2012a","N",,
"ee5c4467-78e8-4e11-a4f7-476c622ca2b5","D03","BARC","BARC.AOS.buoy.c0","2017-11-09","BARC.20171109.PHYTOPLANKTON.1",,"condition ok","SIRFER Lab at University of Utah","2018-10-02","ElFtGy1kV49xqNP00HfxQA==","CNS","1",,25,100,,,,,,,,"d13C",-34.29,"perMill","SIRFER_algalPlantChem_isotopes_V1","Revesz & Coplen 2012a","N",,
"fbda435e-677a-4588-b1cb-8cd9be648c83","D03","BARC","BARC.AOS.riparian.point.05","2017-11-09","BARC.20171109.EPIPHYTON.5",,"condition ok","SIRFER Lab at University of Utah","2018-10-02","ElFtGy1kV49xqNP00HfxQA==","CNS","1",,25,100,,,,,,,,"sulfur",647.04,"microgramsPerLiter","SIRFER_algalPlantChem_isotopes_V1","Revesz & Coplen 2012b",,,
"e2913047-ae3e-4b92-a143-77dba8e486cd","D03","BARC","BARC.AOS.littoral2","2017-11-09","BARC.20171109.PHYTOPLANKTON.3",,"condition ok","SIRFER Lab at University of Utah","2018-10-02","ElFtGy1kV49xqNP00HfxQA==","CNS","1",,25,100,,,,,,,,"d15N",-2.27,"perMill","SIRFER_algalPlantChem_isotopes_V1","Revesz & Coplen 2012a",,,
"c914d51e-b0e6-4dd1-a632-372221dcaa27","D03","BARC","BARC.AOS.riparian.point.01","2017-11-09","BARC.20171109.EPIPHYTON.1",,"condition ok","SIRFER Lab at University of Utah","2018-10-02","ElFtGy1kV49xqNP00HfxQA==","CNS","1",,25,100,,,,,,,,"sulfur",648.44,"microgramsPerLiter","SIRFER_algalPlantChem_isotopes_V1","Revesz & Coplen 2012b",,,
"35d8d38d-f276-4635-9430-7fe6b75517c8","D03","BARC","BARC.AOS.riparian.point.01","2017-11-09","BARC.20171109.EPIPHYTON.1",,"condition ok","SIRFER Lab at University of Utah","2018-10-02","ElFtGy1kV49xqNP00HfxQA==","CNS","1",,25,100,,,,,,,,"carbon",65070.45,"microgramsPerLiter","SIRFER_algalPlantChem_isotopes_V1","Revesz & Coplen 2012a","N",,
"4386793f-c5a6-46c4-ac31-8b3e3833d391","D03","BARC","BARC.AOS.littoral2","2017-11-09","BARC.20171109.PHYTOPLANKTON.3",,"condition ok","SIRFER Lab at University of Utah","2018-10-02","ElFtGy1kV49xqNP00HfxQA==","CNS","1",,25,100,,,,,,,,"d34S",13.10,"perMill","SIRFER_algalPlantChem_isotopes_V1","Revesz & Coplen 2012b",,,
"41a4a818-44da-4527-9764-cce4c72176ef","D03","BARC","BARC.AOS.littoral1","2017-11-09","BARC.20171109.PHYTOPLANKTON.2",,"condition ok","SIRFER Lab at University of Utah","2018-10-02","ElFtGy1kV49xqNP00HfxQA==","CNS","1",,25,100,,,,,,,,"nitrogen",63.93,"microgramsPerLiter","SIRFER_algalPlantChem_isotopes_V1","Revesz & Coplen 2012a",,,
"b2dae15f-1754-48af-b4a3-9ffab9bcbabd","D03","BARC","BARC.AOS.riparian.point.09","2017-11-09","BARC.20171109.EPIPHYTON.9",,"condition ok","SIRFER Lab at University of Utah","2018-10-02","ElFtGy1kV49xqNP00HfxQA==","CNS","1",,25,100,,,,,,,,"d15N",2.99,"perMill","SIRFER_algalPlantChem_isotopes_V1","Revesz & Coplen 2012a",,,
"341d7b11-0ae4-48ec-ae27-1da1f9464858","D03","BARC","BARC.AOS.littoral1","2017-11-09","BARC.20171109.PHYTOPLANKTON.2",,"condition ok","SIRFER Lab at University of Utah","2018-10-02","ElFtGy1kV49xqNP00HfxQA==","CNS","1",,25,100,,,,,,,,"d13C",-33.65,"perMill","SIRFER_algalPlantChem_isotopes_V1","Revesz & Coplen 2012a","N",,
"7c270983-1f81-434f-bf95-a1d73ad94659","D03","BARC","BARC.AOS.riparian.point.05","2017-11-09","BARC.20171109.EPIPHYTON.5",,"condition ok","SIRFER Lab at University of Utah","2018-10-02","ElFtGy1kV49xqNP00HfxQA==","CNS","1",,25,100,,,,,,,,"carbon",55422.38,"microgramsPerLiter","SIRFER_algalPlantChem_isotopes_V1","Revesz & Coplen 2012a","N",,
"1729b8f1-60d8-4f61-9f27-3c9b1f44a082","D03","BARC","BARC.AOS.littoral1","2017-11-09","BARC.20171109.PHYTOPLANKTON.2",,"condition ok","SIRFER Lab at University of Utah","2018-10-02","ElFtGy1kV49xqNP00HfxQA==","CNS","1",,25,100,,,,,,,,"d15N",-2.31,"perMill","SIRFER_algalPlantChem_isotopes_V1","Revesz & Coplen 2012a",,,
"74dec48b-e5ee-45e9-9df6-abbb9a29aafa","D03","BARC","BARC.AOS.riparian.point.05","2017-11-09","BARC.20171109.EPIPHYTON.5",,"condition ok","SIRFER Lab at University of Utah","2018-10-02","ElFtGy1kV49xqNP00HfxQA==","CNS","1",,25,100,,,,,,,,"d34S",9.58,"perMill","SIRFER_algalPlantChem_isotopes_V1","Revesz & Coplen 2012b",,,
"e9fa4f4b-0a29-4572-8d25-cc1c815e5b53","D03","BARC","BARC.AOS.littoral1","2017-11-09","BARC.20171109.PHYTOPLANKTON.2",,"condition ok","SIRFER Lab at University of Utah","2018-10-02","ElFtGy1kV49xqNP00HfxQA==","CNS","1",,25,100,,,,,,,,"d34S",9.91,"perMill","SIRFER_algalPlantChem_isotopes_V1","Revesz & Coplen 2012b",,,
"0896c14d-ee80-4a91-a820-dd307496c8a9","D03","BARC","BARC.AOS.riparian.point.01","2017-11-09","BARC.20171109.EPIPHYTON.1",,"condition ok","SIRFER Lab at University of Utah","2018-10-02","ElFtGy1kV49xqNP00HfxQA==","CNS","1",,25,100,,,,,,,,"d34S",9.06,"perMill","SIRFER_algalPlantChem_isotopes_V1","Revesz & Coplen 2012b",,,
"3c517525-8ce9-40e1-be0e-86612da5b1e0","D03","BARC","BARC.AOS.riparian.point.01","2017-11-09","BARC.20171109.EPIPHYTON.1",,"condition ok","SIRFER Lab at University of Utah","2018-10-02","ElFtGy1kV49xqNP00HfxQA==","CNS","1",,25,100,,,,,,,,"d13C",-33.90,"perMill","SIRFER_algalPlantChem_isotopes_V1","Revesz & Coplen 2012a","N",,
"963d269f-20b6-4e51-abec-2693290050d2","D03","BARC","BARC.AOS.riparian.point.07","2017-11-09","BARC.20171109.EPIPHYTON.7",,"condition ok","SIRFER Lab at University of Utah","2018-10-02","ElFtGy1kV49xqNP00HfxQA==","CNS","1",,25,100,,,,,,,,"sulfur",1050.86,"microgramsPerLiter","SIRFER_algalPlantChem_isotopes_V1","Revesz & Coplen 2012b",,,
"acdd17bd-8fe8-47f7-805e-2461cc9a1feb","D03","BARC","BARC.AOS.buoy.c0","2017-11-09","BARC.20171109.PHYTOPLANKTON.1",,"condition ok","SIRFER Lab at University of Utah","2018-10-02","ElFtGy1kV49xqNP00HfxQA==","CNS","1",,25,100,,,,,,,,"d15N",-2.71,"perMill","SIRFER_algalPlantChem_isotopes_V1","Revesz & Coplen 2012a",,,
"eff06d56-3c38-4998-a29b-12bee4742f4f","D03","BARC","BARC.AOS.riparian.point.07","2017-11-09","BARC.20171109.EPIPHYTON.7",,"condition ok","SIRFER Lab at University of Utah","2018-10-02","ElFtGy1kV49xqNP00HfxQA==","CNS","1",,25,100,,,,,,,,"nitrogen",7763.90,"microgramsPerLiter","SIRFER_algalPlantChem_isotopes_V1","Revesz & Coplen 2012a",,,
"694232b0-c647-467a-87e8-043b9b3f1de9","D03","BARC","BARC.AOS.riparian.point.09","2017-11-09","BARC.20171109.EPIPHYTON.9",,"condition ok","SIRFER Lab at University of Utah","2018-10-02","ElFtGy1kV49xqNP00HfxQA==","CNS","1",,25,100,,,,,,,,"d34S",13.02,"perMill","SIRFER_algalPlantChem_isotopes_V1","Revesz & Coplen 2012b",,,
"93edaf05-e9f9-4b11-ad49-1f69a805d3a5","D03","BARC","BARC.AOS.buoy.c0","2017-11-09","BARC.20171109.PHYTOPLANKTON.1",,"condition ok","SIRFER Lab at University of Utah","2018-10-02","ElFtGy1kV49xqNP00HfxQA==","CNS","1",,25,100,,,,,,,,"d34S",10.75,"perMill","SIRFER_algalPlantChem_isotopes_V1","Revesz & Coplen 2012b",,,
"fe3ba808-f4ae-4b04-aa00-e949ed848aee","D03","BARC","BARC.AOS.riparian.point.03","2017-11-09","BARC.20171109.EPIPHYTON.3",,"condition ok","SIRFER Lab at University of Utah","2018-10-02","ElFtGy1kV49xqNP00HfxQA==","CNS","1",,25,100,,,,,,,,"d15N",0.25,"perMill","SIRFER_algalPlantChem_isotopes_V1","Revesz & Coplen 2012a",,,
"1b4b7e51-e794-4a92-b558-7e66b310c820","D03","BARC","BARC.AOS.riparian.point.03","2017-11-09","BARC.20171109.EPIPHYTON.3",,"condition ok","SIRFER Lab at University of Utah","2018-10-02","ElFtGy1kV49xqNP00HfxQA==","CNS","1",,25,100,,,,,,,,"sulfur",563.72,"microgramsPerLiter","SIRFER_algalPlantChem_isotopes_V1","Revesz & Coplen 2012b",,,
"278449f0-a614-478f-bd18-8d8e8b53ac17","D03","BARC","BARC.AOS.riparian.point.09","2017-11-09","BARC.20171109.EPIPHYTON.9",,"condition ok","SIRFER Lab at University of Utah","2018-10-02","ElFtGy1kV49xqNP00HfxQA==","CNS","1",,25,100,,,,,,,,"nitrogen",9931.78,"microgramsPerLiter","SIRFER_algalPlantChem_isotopes_V1","Revesz & Coplen 2012a",,,
"561fe9f6-39d4-4e84-9ca0-cbc79490270a","D03","BARC","BARC.AOS.riparian.point.09","2017-11-09","BARC.20171109.EPIPHYTON.9",,"condition ok","SIRFER Lab at University of Utah","2018-10-02","ElFtGy1kV49xqNP00HfxQA==","CNS","1",,25,100,,,,,,,,"carbon",96334.54,"microgramsPerLiter","SIRFER_algalPlantChem_isotopes_V1","Revesz & Coplen 2012a","N",,
"4b2889b4-7333-47d5-9c67-20ae641162b2","D03","BARC","BARC.AOS.buoy.c0","2017-11-09","BARC.20171109.PHYTOPLANKTON.1",,"condition ok","SIRFER Lab at University of Utah","2018-10-02","ElFtGy1kV49xqNP00HfxQA==","CNS","1",,25,100,,,,,,,,"carbon",284.78,"microgramsPerLiter","SIRFER_algalPlantChem_isotopes_V1","Revesz & Coplen 2012a","N",,
"b1dced06-e3d9-4fa5-9c99-956c5f314104","D03","BARC","BARC.AOS.riparian.point.03","2017-11-09","BARC.20171109.EPIPHYTON.3",,"condition ok","SIRFER Lab at University of Utah","2018-10-02","ElFtGy1kV49xqNP00HfxQA==","CNS","1",,25,100,,,,,,,,"d34S",9.25,"perMill","SIRFER_algalPlantChem_isotopes_V1","Revesz & Coplen 2012b",,,
"f05db47d-d943-4be6-add9-0c2620683c93","D03","BARC","BARC.AOS.riparian.point.07","2017-11-09","BARC.20171109.EPIPHYTON.7",,"condition ok","SIRFER Lab at University of Utah","2018-10-02","ElFtGy1kV49xqNP00HfxQA==","CNS","1",,25,100,,,,,,,,"d34S",9.77,"perMill","SIRFER_algalPlantChem_isotopes_V1","Revesz & Coplen 2012b",,,
"269a05e7-22de-43a2-9bd0-20b9be84f647","D03","BARC","BARC.AOS.littoral1","2017-11-09","BARC.20171109.PHYTOPLANKTON.2",,"condition ok","SIRFER Lab at University of Utah","2018-10-02","ElFtGy1kV49xqNP00HfxQA==","CNS","1",,25,100,,,,,,,,"carbon",302.22,"microgramsPerLiter","SIRFER_algalPlantChem_isotopes_V1","Revesz & Coplen 2012a","N",,
"7af5d2c7-bee2-4f25-b657-690fac220dff","D03","BARC","BARC.AOS.riparian.point.03","2017-11-09","BARC.20171109.EPIPHYTON.3",,"condition ok","SIRFER Lab at University of Utah","2018-10-02","ElFtGy1kV49xqNP00HfxQA==","CNS","1",,25,100,,,,,,,,"nitrogen",5205.56,"microgramsPerLiter","SIRFER_algalPlantChem_isotopes_V1","Revesz & Coplen 2012a",,,
"87e00580-091e-464c-bacd-0185a4432dc6","D03","BARC","BARC.AOS.buoy.c0","2017-11-09","BARC.20171109.PHYTOPLANKTON.1",,"condition ok","SIRFER Lab at University of Utah","2018-10-02","ElFtGy1kV49xqNP00HfxQA==","CNS","1",,25,100,,,,,,,,"nitrogen",61.04,"microgramsPerLiter","SIRFER_algalPlantChem_isotopes_V1","Revesz & Coplen 2012a",,,
"a4b6a32d-29b8-4cc5-b48d-89d7748604d2","D03","BARC","BARC.AOS.littoral2","2017-11-09","BARC.20171109.PHYTOPLANKTON.3",,"condition ok","SIRFER Lab at University of Utah","2018-10-02","ElFtGy1kV49xqNP00HfxQA==","CNS","1",,25,100,,,,,,,,"nitrogen",65.40,"microgramsPerLiter","SIRFER_algalPlantChem_isotopes_V1","Revesz & Coplen 2012a",,,
"e1adb9e1-a883-4689-b0ad-6abb0d6eff35","D03","BARC","BARC.AOS.riparian.point.05","2017-11-09","BARC.20171109.EPIPHYTON.5",,"condition ok","SIRFER Lab at University of Utah","2018-10-02","ElFtGy1kV49xqNP00HfxQA==","CNS","1",,25,100,,,,,,,,"d15N",0.61,"perMill","SIRFER_algalPlantChem_isotopes_V1","Revesz & Coplen 2012a",,,
"5e570179-afde-4f9e-b7bd-41db1a0fc14c","D03","BARC","BARC.AOS.riparian.point.01","2017-11-09","BARC.20171109.EPIPHYTON.1",,"condition ok","SIRFER Lab at University of Utah","2018-10-02","ElFtGy1kV49xqNP00HfxQA==","CNS","1",,25,100,,,,,,,,"d15N",0.91,"perMill","SIRFER_algalPlantChem_isotopes_V1","Revesz & Coplen 2012a",,,
"efadf9aa-2fb4-4004-bbc0-23f2b4b9f995","D03","BARC","BARC.AOS.riparian.point.05","2017-11-09","BARC.20171109.EPIPHYTON.5",,"condition ok","SIRFER Lab at University of Utah","2018-10-02","ElFtGy1kV49xqNP00HfxQA==","CNS","1",,25,100,,,,,,,,"nitrogen",6539.84,"microgramsPerLiter","SIRFER_algalPlantChem_isotopes_V1","Revesz & Coplen 2012a",,,
"f2fcfbd2-9954-49f7-9757-2b55c471eb2a","D03","BARC","BARC.AOS.littoral2","2017-11-09","BARC.20171109.PHYTOPLANKTON.3",,"condition ok","SIRFER Lab at University of Utah","2018-10-02","ElFtGy1kV49xqNP00HfxQA==","CNS","1",,25,100,,,,,,,,"carbon",335.27,"microgramsPerLiter","SIRFER_algalPlantChem_isotopes_V1","Revesz & Coplen 2012a","N",,
"060c04a5-c25e-4e7c-9fef-1dbf6c242887","D03","BARC","BARC.AOS.riparian.point.09","2017-11-09","BARC.20171109.EPIPHYTON.9",,"condition ok","SIRFER Lab at University of Utah","2018-10-02","ElFtGy1kV49xqNP00HfxQA==","CNS","1",,25,100,,,,,,,,"d13C",-31.17,"perMill","SIRFER_algalPlantChem_isotopes_V1","Revesz & Coplen 2012a","N",,
"5f9c7837-a82a-442f-9032-b12d7c408b8b","D03","BARC","BARC.AOS.riparian.point.01","2017-11-09","BARC.20171109.EPIPHYTON.1",,"condition ok","SIRFER Lab at University of Utah","2018-10-02","ElFtGy1kV49xqNP00HfxQA==","CNS","1",,25,100,,,,,,,,"nitrogen",7271.12,"microgramsPerLiter","SIRFER_algalPlantChem_isotopes_V1","Revesz & Coplen 2012a",,,
"5e4b91d2-7373-4a20-8d32-e8d7a1021889","D03","BARC","BARC.AOS.riparian.point.03","2017-11-09","BARC.20171109.EPIPHYTON.3",,"condition ok","SIRFER Lab at University of Utah","2018-10-02","ElFtGy1kV49xqNP00HfxQA==","CNS","1",,25,100,,,,,,,,"carbon",46920.33,"microgramsPerLiter","SIRFER_algalPlantChem_isotopes_V1","Revesz & Coplen 2012a","N",,
"82ea7b3b-bbbe-4a30-a928-72a0151c014f","D03","BARC","BARC.AOS.buoy.c0","2017-11-09","BARC.20171109.PHYTOPLANKTON.1",,"condition ok","SIRFER Lab at University of Utah","2018-10-02","ElFtGy1kV49xqNP00HfxQA==","CNS","1",,25,100,,,,,,,,"sulfur",12.03,"microgramsPerLiter","SIRFER_algalPlantChem_isotopes_V1","Revesz & Coplen 2012b",,,
"cbd2723f-b63b-464f-9c2e-58af7528937c","D03","BARC","BARC.AOS.riparian.point.07","2017-11-09","BARC.20171109.EPIPHYTON.7",,"condition ok","SIRFER Lab at University of Utah","2018-10-02","ElFtGy1kV49xqNP00HfxQA==","CNS","1",,25,100,,,,,,,,"d15N",0.15,"perMill","SIRFER_algalPlantChem_isotopes_V1","Revesz & Coplen 2012a",,,
"e576eb8e-3a0f-4618-ac2e-92ce8db7311b","D03","BARC","BARC.AOS.littoral2","2017-11-09","BARC.20171109.PHYTOPLANKTON.3",,"condition ok","SIRFER Lab at University of Utah","2018-10-02","ElFtGy1kV49xqNP00HfxQA==","CNS","1",,25,100,,,,,,,,"d13C",-32.34,"perMill","SIRFER_algalPlantChem_isotopes_V1","Revesz & Coplen 2012a","N",,
"a7f5e9c4-aa28-43e5-926b-30d6151e720c","D03","BARC","BARC.AOS.buoy.c0","2017-11-09","BARC.20171109.PHYTOPLANKTON.1",,"condition ok","EcoAnalysts Inc.","2017-11-18","b7cSJZGlpwkPwtuYxocQLw==","chlorophyll/pheophytin","1",300,25,100,,,,,,,,"total chlorophyll a",1.61,"microgramsPerLiter","ECOANALYSTS_algalChlorophyll_V2",,,,"legacyData"
"b2f0819e-c8c1-479a-88c7-51ebb3e29930","D03","BARC","BARC.AOS.riparian.point.05","2017-11-09","BARC.20171109.EPIPHYTON.5",,"other","EcoAnalysts Inc.","2017-11-18","b7cSJZGlpwkPwtuYxocQLw==","chlorophyll/pheophytin","1",5,25,100,,,,,,,,"pheophytin",426.22,"microgramsPerLiter","ECOANALYSTS_algalChlorophyll_V2",,,"data suspect - incomplete conversion of chla to pheophytin","legacyData"
"c3c7cb6d-6c56-4df4-b047-a35381294b39","D03","BARC","BARC.AOS.littoral1","2017-11-09","BARC.20171109.PHYTOPLANKTON.2",,"condition ok","EcoAnalysts Inc.","2017-11-18","b7cSJZGlpwkPwtuYxocQLw==","chlorophyll/pheophytin","1",250,25,100,,,,,,,,"total chlorophyll a",3.05,"microgramsPerLiter","ECOANALYSTS_algalChlorophyll_V2",,,,"legacyData"
"f2ac1fed-920f-4436-af2f-ff88e9f9eb17","D03","BARC","BARC.AOS.riparian.point.03","2017-11-09","BARC.20171109.EPIPHYTON.3",,"condition ok","EcoAnalysts Inc.","2017-11-18","b7cSJZGlpwkPwtuYxocQLw==","chlorophyll/pheophytin","1",5,25,100,,,,,,,,"total chlorophyll a",444.52,"microgramsPerLiter","ECOANALYSTS_algalChlorophyll_V2",,,,"legacyData"
"de780f83-417c-40fe-ac4b-8d99a17b4773","D03","BARC","BARC.AOS.buoy.c0","2017-11-09","BARC.20171109.PHYTOPLANKTON.1",,"other","EcoAnalysts Inc.","2017-11-18","b7cSJZGlpwkPwtuYxocQLw==","chlorophyll/pheophytin","1",300,25,100,,,,,,,,"pheophytin",1.15,"microgramsPerLiter","ECOANALYSTS_algalChlorophyll_V2",,,"data suspect - incomplete conversion of chla to pheophytin","legacyData"
"3863c8ee-243d-4eda-bf11-411f7aa49a06","D03","BARC","BARC.AOS.riparian.point.05","2017-11-09","BARC.20171109.EPIPHYTON.5",,"other","EcoAnalysts Inc.","2017-11-18","b7cSJZGlpwkPwtuYxocQLw==","chlorophyll/pheophytin","1",5,25,100,,,,,,,,"chlorophyll a",140.28,"microgramsPerLiter","ECOANALYSTS_algalChlorophyll_V2",,,"data suspect - incomplete conversion of chla to pheophytin","legacyData"
"cebac7aa-998c-4a0d-a53f-9a65df0a98e4","D03","BARC","BARC.AOS.littoral2","2017-11-09","BARC.20171109.PHYTOPLANKTON.3",,"other","EcoAnalysts Inc.","2017-11-18","b7cSJZGlpwkPwtuYxocQLw==","chlorophyll/pheophytin","1",250,25,100,,,,,,,,"pheophytin",1.92,"microgramsPerLiter","ECOANALYSTS_algalChlorophyll_V2",,,"data suspect - incomplete conversion of chla to pheophytin","legacyData"
"03363080-7bc2-4469-bec7-10ced741260f","D03","BARC","BARC.AOS.riparian.point.05","2017-11-09","BARC.20171109.EPIPHYTON.5",,"condition ok","EcoAnalysts Inc.","2017-11-18","b7cSJZGlpwkPwtuYxocQLw==","chlorophyll/pheophytin","1",5,25,100,,,,,,,,"total chlorophyll a",430.34,"microgramsPerLiter","ECOANALYSTS_algalChlorophyll_V2",,,,"legacyData"
"77dfe4ca-f9fa-45fb-a54a-347f33cdd6e2","D03","BARC","BARC.AOS.riparian.point.07","2017-11-09","BARC.20171109.EPIPHYTON.7",,"condition ok","EcoAnalysts Inc.","2017-11-18","b7cSJZGlpwkPwtuYxocQLw==","chlorophyll/pheophytin","1",4,25,100,,,,,,,,"total chlorophyll a",654.80,"microgramsPerLiter","ECOANALYSTS_algalChlorophyll_V2",,,,"legacyData"
"8abc9d83-3165-4d46-8979-68c9be21b50e","D03","BARC","BARC.AOS.littoral1","2017-11-09","BARC.20171109.PHYTOPLANKTON.2",,"other","EcoAnalysts Inc.","2017-11-18","b7cSJZGlpwkPwtuYxocQLw==","chlorophyll/pheophytin","1",250,25,100,,,,,,,,"pheophytin",1.78,"microgramsPerLiter","ECOANALYSTS_algalChlorophyll_V2",,,"data suspect - incomplete conversion of chla to pheophytin","legacyData"
"e3a5b63f-b361-4eb7-9d1c-d04c063d39c1","D03","BARC","BARC.AOS.riparian.point.09","2017-11-09","BARC.20171109.EPIPHYTON.9",,"condition ok","EcoAnalysts Inc.","2017-11-18","b7cSJZGlpwkPwtuYxocQLw==","chlorophyll/pheophytin","1",5,25,100,,,,,,,,"total chlorophyll a",1407.70,"microgramsPerLiter","ECOANALYSTS_algalChlorophyll_V2",,,,"legacyData"
"25b38b29-bd47-4b0b-8f67-c5bc1e713293","D03","BARC","BARC.AOS.riparian.point.01","2017-11-09","BARC.20171109.EPIPHYTON.1",,"condition ok","EcoAnalysts Inc.","2017-11-18","b7cSJZGlpwkPwtuYxocQLw==","chlorophyll/pheophytin","1",5,25,100,,,,,,,,"total chlorophyll a",403.20,"microgramsPerLiter","ECOANALYSTS_algalChlorophyll_V2",,,,"legacyData"
"bf5b4c09-eb9c-44de-a7d9-2bde1688de44","D03","BARC","BARC.AOS.riparian.point.01","2017-11-09","BARC.20171109.EPIPHYTON.1",,"other","EcoAnalysts Inc.","2017-11-18","b7cSJZGlpwkPwtuYxocQLw==","chlorophyll/pheophytin","1",5,25,100,,,,,,,,"pheophytin",294.78,"microgramsPerLiter","ECOANALYSTS_algalChlorophyll_V2",,,"data suspect - incomplete conversion of chla to pheophytin","legacyData"
"50d52ee3-35b5-4fa4-b397-7dc69b0e966e","D03","BARC","BARC.AOS.littoral1","2017-11-09","BARC.20171109.PHYTOPLANKTON.2",,"other","EcoAnalysts Inc.","2017-11-18","b7cSJZGlpwkPwtuYxocQLw==","chlorophyll/pheophytin","1",250,25,100,,,,,,,,"chlorophyll a",1.84,"microgramsPerLiter","ECOANALYSTS_algalChlorophyll_V2",,,"data suspect - incomplete conversion of chla to pheophytin","legacyData"
"fca20215-88c8-4453-9add-af9b703fe568","D03","BARC","BARC.AOS.riparian.point.03","2017-11-09","BARC.20171109.EPIPHYTON.3",,"other","EcoAnalysts Inc.","2017-11-18","b7cSJZGlpwkPwtuYxocQLw==","chlorophyll/pheophytin","1",5,25,100,,,,,,,,"chlorophyll a",128.98,"microgramsPerLiter","ECOANALYSTS_algalChlorophyll_V2",,,"data suspect - incomplete conversion of chla to pheophytin","legacyData"
"becdc28f-c1f8-4f56-8cef-2dc6af5fbfc0","D03","BARC","BARC.AOS.riparian.point.09","2017-11-09","BARC.20171109.EPIPHYTON.9",,"other","EcoAnalysts Inc.","2017-11-18","b7cSJZGlpwkPwtuYxocQLw==","chlorophyll/pheophytin","1",5,25,100,,,,,,,,"pheophytin",1340.14,"microgramsPerLiter","ECOANALYSTS_algalChlorophyll_V2",,,"data suspect - incomplete conversion of chla to pheophytin","legacyData"
"f432e40f-1e9a-4a8c-ab09-4932bd8093a8","D03","BARC","BARC.AOS.littoral2","2017-11-09","BARC.20171109.PHYTOPLANKTON.3",,"condition ok","EcoAnalysts Inc.","2017-11-18","b7cSJZGlpwkPwtuYxocQLw==","chlorophyll/pheophytin","1",250,25,100,,,,,,,,"total chlorophyll a",2.77,"microgramsPerLiter","ECOANALYSTS_algalChlorophyll_V2",,,,"legacyData"
"53bf7bfb-0267-4f13-9aa5-73c92b66ed79","D03","BARC","BARC.AOS.riparian.point.09","2017-11-09","BARC.20171109.EPIPHYTON.9",,"other","EcoAnalysts Inc.","2017-11-18","b7cSJZGlpwkPwtuYxocQLw==","chlorophyll/pheophytin","1",5,25,100,,,,,,,,"chlorophyll a",495.70,"microgramsPerLiter","ECOANALYSTS_algalChlorophyll_V2",,,"data suspect - incomplete conversion of chla to pheophytin","legacyData"
"76cb0b8c-7c49-4c80-b1ac-e5ed11dcf9b6","D03","BARC","BARC.AOS.buoy.c0","2017-11-09","BARC.20171109.PHYTOPLANKTON.1",,"other","EcoAnalysts Inc.","2017-11-18","b7cSJZGlpwkPwtuYxocQLw==","chlorophyll/pheophytin","1",300,25,100,,,,,,,,"chlorophyll a",0.83,"microgramsPerLiter","ECOANALYSTS_algalChlorophyll_V2",,,"data suspect - incomplete conversion of chla to pheophytin","legacyData"
"b7147dcb-2c05-4ab1-bd52-582b9b2b014e","D03","BARC","BARC.AOS.littoral2","2017-11-09","BARC.20171109.PHYTOPLANKTON.3",,"other","EcoAnalysts Inc.","2017-11-18","b7cSJZGlpwkPwtuYxocQLw==","chlorophyll/pheophytin","1",250,25,100,,,,,,,,"chlorophyll a",1.46,"microgramsPerLiter","ECOANALYSTS_algalChlorophyll_V2",,,"data suspect - incomplete conversion of chla to pheophytin","legacyData"
"7e7dad93-66fd-489b-9f16-1bbb5f21e926","D03","BARC","BARC.AOS.riparian.point.07","2017-11-09","BARC.20171109.EPIPHYTON.7",,"other","EcoAnalysts Inc.","2017-11-18","b7cSJZGlpwkPwtuYxocQLw==","chlorophyll/pheophytin","1",4,25,100,,,,,,,,"pheophytin",474.00,"microgramsPerLiter","ECOANALYSTS_algalChlorophyll_V2",,,"data suspect - incomplete conversion of chla to pheophytin","legacyData"
"5bb08f67-b690-470c-9fa7-aa0335db1ed3","D03","BARC","BARC.AOS.riparian.point.03","2017-11-09","BARC.20171109.EPIPHYTON.3",,"other","EcoAnalysts Inc.","2017-11-18","b7cSJZGlpwkPwtuYxocQLw==","chlorophyll/pheophytin","1",5,25,100,,,,,,,,"pheophytin",463.68,"microgramsPerLiter","ECOANALYSTS_algalChlorophyll_V2",,,"data suspect - incomplete conversion of chla to pheophytin","legacyData"
"9d218ffe-4df0-4eee-ac7d-aee62047c983","D03","BARC","BARC.AOS.riparian.point.01","2017-11-09","BARC.20171109.EPIPHYTON.1",,"other","EcoAnalysts Inc.","2017-11-18","b7cSJZGlpwkPwtuYxocQLw==","chlorophyll/pheophytin","1",5,25,100,,,,,,,,"chlorophyll a",202.60,"microgramsPerLiter","ECOANALYSTS_algalChlorophyll_V2",,,"data suspect - incomplete conversion of chla to pheophytin","legacyData"
"1050df39-a6a5-4edf-85e4-2d23c30aa9c7","D03","BARC","BARC.AOS.riparian.point.07","2017-11-09","BARC.20171109.EPIPHYTON.7",,"other","EcoAnalysts Inc.","2017-11-18","b7cSJZGlpwkPwtuYxocQLw==","chlorophyll/pheophytin","1",4,25,100,,,,,,,,"chlorophyll a",332.25,"microgramsPerLiter","ECOANALYSTS_algalChlorophyll_V2",,,"data suspect - incomplete conversion of chla to pheophytin","legacyData"
