uid,domainID,siteID,namedLocation,aquaticSiteType,decimalLatitude,decimalLongitude,coordinateUncertainty,elevation,elevationUncertainty,geodeticDatum,collectDate,eventID,parentSampleID,parentSampleCode,samplingImpractical,biophysicalCriteria,affectedByWind,habitatType,algalSampleType,benthicArea,samplingProtocolVersion,phytoDepth1,phytoDepth2,phytoDepth3,substratumSizeClass,remarks,recordedBy,collectedBy,dataQF
"47efb1e2-4bb0-4a8e-981b-80db55ddfe04","D03","BARC","BARC.AOS.littoral1","lake",29.677479,-82.007710,1.1,26.0,1.0,"WGS84","2017-11-09T14:57Z","BARC.20171109","BARC.20171109.PHYTOPLANKTON.2",,,,,"pelagic","phytoplankton",,"NEON.DOC.003045vB",0.5,1.7,,,,"jcampbell@field-ops.org","jcampbell@field-ops.org",
"1fc242b0-379e-4306-a129-c835471aff0b","D03","BARC","BARC.AOS.riparian.point.01","lake",29.677784,-82.007670,5.0,24.7,5.0,"WGS84","2017-11-09T14:57Z","BARC.20171109","BARC.20171109.EPIPHYTON.1",,,,,"pelagic","epiphyton",0.010000,"NEON.DOC.003045vB",,,,,,"jcampbell@field-ops.org","jcampbell@field-ops.org",
"386301f0-6b39-43d0-be98-478c19ec0b88","D03","BARC","BARC.AOS.riparian.point.03","lake",29.676118,-82.006564,5.0,22.2,5.0,"WGS84","2017-11-09T14:57Z","BARC.20171109","BARC.20171109.EPIPHYTON.3",,,,,"pelagic","epiphyton",0.010000,"NEON.DOC.003045vB",,,,,,"jcampbell@field-ops.org","jcampbell@field-ops.org",
"b8035243-724a-4fd8-88c0-00562a8d22a2","D03","BARC","BARC.AOS.riparian.point.05","lake",29.674476,-82.007454,5.0,25.9,5.0,"WGS84","2017-11-09T14:57Z","BARC.20171109","BARC.20171109.EPIPHYTON.5",,,,,"pelagic","epiphyton",0.010000,"NEON.DOC.003045vB",,,,,,"jcampbell@field-ops.org","jcampbell@field-ops.org",
"605cd040-b703-460a-a4b6-2ab018b9b7f0","D03","BARC","BARC.AOS.littoral2","lake",29.674748,-82.008401,1.1,27.1,1.0,"WGS84","2017-11-09T14:57Z","BARC.20171109","BARC.20171109.PHYTOPLANKTON.3",,,,,"pelagic","phytoplankton",,"NEON.DOC.003045vB",0.5,2.1,,,,"jcampbell@field-ops.org","jcampbell@field-ops.org",
"f0f933f7-debf-4b00-914b-30c91cd5f862","D03","BARC","BARC.AOS.buoy.c0","lake",29.675982,-82.008414,10.0,27.0,10.0,"WGS84","2017-11-09T14:57Z","BARC.20171109","BARC.20171109.PHYTOPLANKTON.1",,,,,"pelagic","phytoplankton",,"NEON.DOC.003045vB",0.5,3.1,5.7,,,"jcampbell@field-ops.org","jcampbell@field-ops.org",
"0ecec364-4de5-4a4a-9dcf-1dbea4a14b74","D03","BARC","BARC.AOS.riparian.point.09","lake",29.676597,-82.009967,5.0,19.5,5.0,"WGS84","2017-11-09T14:57Z","BARC.20171109","BARC.20171109.EPIPHYTON.9",,,,,"pelagic","epiphyton",0.010000,"NEON.DOC.003045vB",,,,,,"jcampbell@field-ops.org","jcampbell@field-ops.org",
"cfd30032-7a2f-4fbc-b90a-131ec36798d7","D03","BARC","BARC.AOS.riparian.point.07","lake",29.674953,-82.009818,5.0,26.4,5.0,"WGS84","2017-11-09T14:57Z","BARC.20171109","BARC.20171109.EPIPHYTON.7",,,,,"pelagic","epiphyton",0.010000,"NEON.DOC.003045vB",,,,,,"jcampbell@field-ops.org","jcampbell@field-ops.org",
