uid,domainID,siteID,namedLocation,collectDate,parentSampleID,sampleID,sampleCode,filterNumber,analysisType,fieldSampleVolume,domainFilterVolume,storageDays,remarks,measuredBy,recordedBy,sampleCondition,dataQF
"658f7b21-f44c-4349-be33-1c1ed341c69c","D03","BARC","BARC.AOS.riparian.point.05","2017-11-09T14:57Z","BARC.20171109.EPIPHYTON.5","BARC.20171109.EPIPHYTON.5",,1,"CNSa",125.0,5.0,1.0,,"kludwig@field-ops.org","kludwig@field-ops.org","OK",
"c6f48979-43f1-4ab0-923e-2c40b725286c","D03","BARC","BARC.AOS.littoral2","2017-11-09T14:57Z","BARC.20171109.PHYTOPLANKTON.3","BARC.20171109.PHYTOPLANKTON.3",,1,"chlorophyll/pheophytin",5000.0,250.0,0.3,,"kludwig@field-ops.org","kludwig@field-ops.org","OK",
"4afd13e5-befb-47f5-b4ef-7a7e5cb9c842","D03","BARC","BARC.AOS.riparian.point.09","2017-11-09T14:57Z","BARC.20171109.EPIPHYTON.9","BARC.20171109.EPIPHYTON.9",,1,"P",125.0,4.0,0.4,,"kludwig@field-ops.org","kludwig@field-ops.org","OK",
"875bfcab-9ebf-4243-9ed0-c22db7907b78","D03","BARC","BARC.AOS.littoral1","2017-11-09T14:57Z","BARC.20171109.PHYTOPLANKTON.2","BARC.20171109.PHYTOPLANKTON.2",,1,"chlorophyll/pheophytin",5000.0,250.0,0.3,,"kludwig@field-ops.org","kludwig@field-ops.org","OK",
"66dc87a0-885c-4dd0-8531-7b467250beac","D03","BARC","BARC.AOS.riparian.point.01","2017-11-09T14:57Z","BARC.20171109.EPIPHYTON.1","BARC.20171109.EPIPHYTON.1",,1,"CNSa",134.0,5.0,0.4,,"kludwig@field-ops.org","kludwig@field-ops.org","OK",
"711350c4-c526-448f-84e0-1420715178a0","D03","BARC","BARC.AOS.riparian.point.07","2017-11-09T14:57Z","BARC.20171109.EPIPHYTON.7","BARC.20171109.EPIPHYTON.7",,1,"chlorophyll/pheophytin",125.0,4.0,0.4,,"kludwig@field-ops.org","kludwig@field-ops.org","OK",
"566fe50c-0652-4199-a4c7-ef8b760139ca","D03","BARC","BARC.AOS.littoral1","2017-11-09T14:57Z","BARC.20171109.PHYTOPLANKTON.2","BARC.20171109.PHYTOPLANKTON.2",,1,"P",5000.0,250.0,0.3,,"kludwig@field-ops.org","kludwig@field-ops.org","OK",
"f368e1b5-d7c0-455a-9380-064ddae07cd9","D03","BARC","BARC.AOS.littoral1","2017-11-09T14:57Z","BARC.20171109.PHYTOPLANKTON.2","BARC.20171109.PHYTOPLANKTON.2",,1,"CNSb",5000.0,250.0,0.3,,"kludwig@field-ops.org","kludwig@field-ops.org","OK",
"fa9c8e8a-964b-4f22-a715-dbb900de14e0","D03","BARC","BARC.AOS.riparian.point.03","2017-11-09T14:57Z","BARC.20171109.EPIPHYTON.3","BARC.20171109.EPIPHYTON.3",,1,"P",125.0,5.0,0.9,,"kludwig@field-ops.org","kludwig@field-ops.org","OK",
"1d98135a-d986-49f2-966e-9936356a00ec","D03","BARC","BARC.AOS.littoral2","2017-11-09T14:57Z","BARC.20171109.PHYTOPLANKTON.3","BARC.20171109.PHYTOPLANKTON.3",,1,"CNSa",5000.0,250.0,0.3,,"kludwig@field-ops.org","kludwig@field-ops.org","OK",
"43dbd0d7-86a2-41bf-a3c5-c68cc04c3ea4","D03","BARC","BARC.AOS.littoral1","2017-11-09T14:57Z","BARC.20171109.PHYTOPLANKTON.2","BARC.20171109.PHYTOPLANKTON.2",,1,"CNSa",5000.0,250.0,0.3,,"kludwig@field-ops.org","kludwig@field-ops.org","OK",
"1d7363d9-585e-44bd-a44f-ff877f3ce256","D03","BARC","BARC.AOS.riparian.point.07","2017-11-09T14:57Z","BARC.20171109.EPIPHYTON.7","BARC.20171109.EPIPHYTON.7",,1,"P",125.0,4.0,0.4,,"kludwig@field-ops.org","kludwig@field-ops.org","OK",
"a0144010-f2c4-41c1-8c48-6856e7370658","D03","BARC","BARC.AOS.riparian.point.01","2017-11-09T14:57Z","BARC.20171109.EPIPHYTON.1","BARC.20171109.EPIPHYTON.1",,1,"chlorophyll/pheophytin",134.0,5.0,0.4,,"kludwig@field-ops.org","kludwig@field-ops.org","OK",
"056af416-3abb-4b58-b5f7-19d8de2d19eb","D03","BARC","BARC.AOS.riparian.point.09","2017-11-09T14:57Z","BARC.20171109.EPIPHYTON.9","BARC.20171109.EPIPHYTON.9",,1,"CNSb",125.0,5.0,0.4,,"kludwig@field-ops.org","kludwig@field-ops.org","OK",
"d3ab2690-7bd0-41f7-804a-6f86e5c175dc","D03","BARC","BARC.AOS.riparian.point.05","2017-11-09T14:57Z","BARC.20171109.EPIPHYTON.5","BARC.20171109.EPIPHYTON.5",,1,"chlorophyll/pheophytin",125.0,5.0,1.0,,"kludwig@field-ops.org","kludwig@field-ops.org","OK",
"820ac307-d718-422a-9160-0d3b11013c34","D03","BARC","BARC.AOS.riparian.point.07","2017-11-09T14:57Z","BARC.20171109.EPIPHYTON.7","BARC.20171109.EPIPHYTON.7",,1,"CNSa",125.0,4.0,0.4,,"kludwig@field-ops.org","kludwig@field-ops.org","OK",
"327f65a1-2a0f-4aa2-83f9-8407b6f369a4","D03","BARC","BARC.AOS.riparian.point.07","2017-11-09T14:57Z","BARC.20171109.EPIPHYTON.7","BARC.20171109.EPIPHYTON.7",,1,"CNSb",125.0,4.0,0.4,,"kludwig@field-ops.org","kludwig@field-ops.org","OK",
"ebb75a14-e62e-4b16-8927-81754f3ed41e","D03","BARC","BARC.AOS.buoy.c0","2017-11-09T14:57Z","BARC.20171109.PHYTOPLANKTON.1","BARC.20171109.PHYTOPLANKTON.1",,1,"CNSb",5000.0,300.0,0.3,,"kludwig@field-ops.org","kludwig@field-ops.org","OK",
"1ab10275-df54-4d5b-a326-30b609020c3d","D03","BARC","BARC.AOS.riparian.point.09","2017-11-09T14:57Z","BARC.20171109.EPIPHYTON.9","BARC.20171109.EPIPHYTON.9",,1,"chlorophyll/pheophytin",125.0,5.0,0.4,,"kludwig@field-ops.org","kludwig@field-ops.org","OK",
"a826b374-4c47-49e9-8b6c-410565ff4c2f","D03","BARC","BARC.AOS.buoy.c0","2017-11-09T14:57Z","BARC.20171109.PHYTOPLANKTON.1","BARC.20171109.PHYTOPLANKTON.1",,1,"chlorophyll/pheophytin",5000.0,300.0,0.3,,"kludwig@field-ops.org","kludwig@field-ops.org","OK",
"5a7ee951-5ff1-4e6c-add3-0762d8c8293f","D03","BARC","BARC.AOS.riparian.point.03","2017-11-09T14:57Z","BARC.20171109.EPIPHYTON.3","BARC.20171109.EPIPHYTON.3",,1,"CNSb",125.0,5.0,0.9,,"kludwig@field-ops.org","kludwig@field-ops.org","OK",
"a5082e17-6e73-4532-862c-a1bb62c15de9","D03","BARC","BARC.AOS.riparian.point.03","2017-11-09T14:57Z","BARC.20171109.EPIPHYTON.3","BARC.20171109.EPIPHYTON.3",,1,"chlorophyll/pheophytin",125.0,5.0,0.9,,"kludwig@field-ops.org","kludwig@field-ops.org","OK",
"69b952c9-0c88-4550-9a93-a514d49e4297","D03","BARC","BARC.AOS.riparian.point.01","2017-11-09T14:57Z","BARC.20171109.EPIPHYTON.1","BARC.20171109.EPIPHYTON.1",,1,"CNSb",134.0,5.0,0.4,,"kludwig@field-ops.org","kludwig@field-ops.org","OK",
"5cd2fbc1-7dda-42a2-96a5-7cde82582a71","D03","BARC","BARC.AOS.buoy.c0","2017-11-09T14:57Z","BARC.20171109.PHYTOPLANKTON.1","BARC.20171109.PHYTOPLANKTON.1",,1,"P",5000.0,300.0,0.3,,"kludwig@field-ops.org","kludwig@field-ops.org","OK",
"1c660001-fae7-4e1e-97c4-88f9baf24bd6","D03","BARC","BARC.AOS.riparian.point.05","2017-11-09T14:57Z","BARC.20171109.EPIPHYTON.5","BARC.20171109.EPIPHYTON.5",,1,"P",125.0,5.0,1.0,,"kludwig@field-ops.org","kludwig@field-ops.org","OK",
"24805610-4daf-48cb-9f39-0aaa1ef59821","D03","BARC","BARC.AOS.riparian.point.09","2017-11-09T14:57Z","BARC.20171109.EPIPHYTON.9","BARC.20171109.EPIPHYTON.9",,1,"CNSa",125.0,5.0,0.4,,"kludwig@field-ops.org","kludwig@field-ops.org","OK",
"ca6095e5-727b-4b1f-88e8-ef07187b08db","D03","BARC","BARC.AOS.riparian.point.01","2017-11-09T14:57Z","BARC.20171109.EPIPHYTON.1","BARC.20171109.EPIPHYTON.1",,1,"P",134.0,5.0,0.4,,"kludwig@field-ops.org","kludwig@field-ops.org","OK",
"0687393d-91de-477d-b27e-6a1bd63382d2","D03","BARC","BARC.AOS.littoral2","2017-11-09T14:57Z","BARC.20171109.PHYTOPLANKTON.3","BARC.20171109.PHYTOPLANKTON.3",,1,"P",5000.0,250.0,0.3,,"kludwig@field-ops.org","kludwig@field-ops.org","OK",
"1caee29e-8b03-4b8f-a35e-08cb58de3ecd","D03","BARC","BARC.AOS.buoy.c0","2017-11-09T14:57Z","BARC.20171109.PHYTOPLANKTON.1","BARC.20171109.PHYTOPLANKTON.1",,1,"CNSa",5000.0,300.0,0.3,,"kludwig@field-ops.org","kludwig@field-ops.org","OK",
"6197afba-51f0-4608-8af8-790edbbcaa56","D03","BARC","BARC.AOS.littoral2","2017-11-09T14:57Z","BARC.20171109.PHYTOPLANKTON.3","BARC.20171109.PHYTOPLANKTON.3",,1,"CNSb",5000.0,250.0,0.3,,"kludwig@field-ops.org","kludwig@field-ops.org","OK",
"9d7c2f5c-ad37-45ac-8204-e0b88b65dbcf","D03","BARC","BARC.AOS.riparian.point.03","2017-11-09T14:57Z","BARC.20171109.EPIPHYTON.3","BARC.20171109.EPIPHYTON.3",,1,"CNSa",125.0,5.0,0.9,,"kludwig@field-ops.org","kludwig@field-ops.org","OK",
"b686571e-6cb4-4aab-bb6b-4000e92c2669","D03","BARC","BARC.AOS.riparian.point.05","2017-11-09T14:57Z","BARC.20171109.EPIPHYTON.5","BARC.20171109.EPIPHYTON.5",,1,"CNSb",125.0,5.0,1.0,,"kludwig@field-ops.org","kludwig@field-ops.org","OK",
