uid,domainID,siteID,namedLocation,collectDate,parentSampleID,sampleID,sampleCode,filterNumber,analysisType,fieldSampleVolume,domainFilterVolume,storageDays,remarks,measuredBy,recordedBy,sampleCondition,dataQF
"2df5fb2f-39f7-4ebc-8897-9c2acd1e1375","D05","CRAM","CRAM.AOS.buoy.c0","2015-05-13T15:40Z","CRAM.20150513.PHYTOPLANKTON.3","CRAM.20150513.PHYTOPLANKTON.3",,1,"chlorophyll/pheophytin",4000.0,200.0,1.1,,,"jhudson@neoninc.org","OK","legacyData"
"c3c82970-a20d-4fbc-b1f6-dd60fbd5f5ee","D05","CRAM","CRAM.AOS.buoy.c0","2015-05-13T15:40Z","CRAM.20150513.PHYTOPLANKTON.3","CRAM.20150513.PHYTOPLANKTON.3",,1,"34S",4000.0,300.0,1.1,,,"jhudson@neoninc.org","OK","legacyData"
"9eae090e-7891-424f-9ab0-14c0b7d4e164","D05","CRAM","CRAM.AOS.buoy.c0","2015-05-13T15:40Z","CRAM.20150513.PHYTOPLANKTON.3","CRAM.20150513.PHYTOPLANKTON.3",,2,"CN",4000.0,100.0,1.1,,,"jhudson@neoninc.org","OK","legacyData"
"a7d7e94d-c789-44c8-8b3b-b8f5fc4beba6","D05","CRAM","CRAM.AOS.buoy.c0","2015-05-13T15:40Z","CRAM.20150513.PHYTOPLANKTON.3","CRAM.20150513.PHYTOPLANKTON.3",,2,"chlorophyll/pheophytin",4000.0,200.0,1.1,,,"jhudson@neoninc.org","OK","legacyData"
"5b60d6bf-9ba0-4e55-bb80-35a75219550f","D05","CRAM","CRAM.AOS.buoy.c0","2015-05-13T15:40Z","CRAM.20150513.PHYTOPLANKTON.3","CRAM.20150513.PHYTOPLANKTON.3",,2,"13C15N",4000.0,300.0,1.1,,,"jhudson@neoninc.org","OK","legacyData"
"53ec11d2-bab0-4973-930f-3138aa6a93ec","D05","CRAM","CRAM.AOS.buoy.c0","2015-05-13T15:40Z","CRAM.20150513.PHYTOPLANKTON.3","CRAM.20150513.PHYTOPLANKTON.3",,1,"CN",4000.0,100.0,1.1,,,"jhudson@neoninc.org","OK","legacyData"
"d86ef822-210d-4a4d-897a-a5735488a296","D05","CRAM","CRAM.AOS.buoy.c0","2015-05-13T15:40Z","CRAM.20150513.PHYTOPLANKTON.3","CRAM.20150513.PHYTOPLANKTON.3",,1,"P",4000.0,150.0,1.1,,,"jhudson@neoninc.org","OK","legacyData"
"223e3f2d-1aa5-49c4-94ff-145fc1072f60","D05","CRAM","CRAM.AOS.buoy.c0","2015-05-13T15:40Z","CRAM.20150513.PHYTOPLANKTON.3","CRAM.20150513.PHYTOPLANKTON.3",,1,"13C15N",4000.0,300.0,1.1,,,"jhudson@neoninc.org","OK","legacyData"
