uid,domainID,siteID,namedLocation,collectDate,sampleID,sampleCode,sampleCondition,laboratoryName,analysisDate,analyzedBy,sampleType,replicate,sampleVolumeFiltered,filterSize,percentFilterAnalyzed,dilutionFactor,solventVolume,responseFactor,acidificationResponseFactor,fluorometerSensitivitySetting,preAcidificationFluorescence,postAcidificationFluorescence,analyte,analyteConcentration,plantAlgaeLabUnits,testMethod,method,acidTreatment,externalRemarks,externalLabDataQF
"ceb101cf-6fee-4b9e-8e55-c1624b0fdf2c","D05","CRAM","CRAM.AOS.buoy.c0","2015-05-13","CRAM.20150513.PHYTOPLANKTON.3",,,"Academy of Natural Sciences of Drexel University","2015-07-10","Txt9C5i/u7k=","chlorophyll/pheophytin","1",,25,100,,,,,,,,"chlorophyll a",,"microgramsPerLiter","ANSP P-16-92 Rev2",,,,"legacyData|Did not meet quality audit requirements for analysis audit"
"329e718b-7e76-4285-a7c2-86b627239481","D05","CRAM","CRAM.AOS.buoy.c0","2015-05-13","CRAM.20150513.PHYTOPLANKTON.3",,,"Academy of Natural Sciences of Drexel University","2015-07-06","x/zakUe9tBo=","CN","2",,25,100,,,,,,,,"nitrogen",24.36,"microgramsPerLiter","ANSP P-16-54 Rev2",,,,"legacyData|Did not meet quality audit requirements for analysis audit"
"3a9682a9-0c13-4c75-a7e1-7a02a9b36000","D05","CRAM","CRAM.AOS.buoy.c0","2015-05-13","CRAM.20150513.PHYTOPLANKTON.3",,,"Academy of Natural Sciences of Drexel University","2015-09-03","OKgcKejxXbI=","13C15N","2",,25,100,,,,,,,,"d15N",,"perMill","ANSP P-16-202 Rev0",,,,"legacyData|Did not meet quality audit requirements for analysis audit"
"c9fb62cc-7c49-4d48-beb1-6048fc19e9be","D05","CRAM","CRAM.AOS.buoy.c0","2015-05-13","CRAM.20150513.PHYTOPLANKTON.3",,,"Academy of Natural Sciences of Drexel University","2015-09-15","+IoRzddUq5A=","P","1",,25,100,,,,,,,,"phosphorus",2.40,"microgramsPerLiter","ANSP P-16-114 Rev2; ANSP P-16_95 Rev3",,,,"legacyData|Did not meet quality audit requirements for analysis audit"
"ad1e43cc-61fb-4329-9750-c1c698d30b22","D05","CRAM","CRAM.AOS.buoy.c0","2015-05-13","CRAM.20150513.PHYTOPLANKTON.3",,,"Academy of Natural Sciences of Drexel University","2015-09-03","OKgcKejxXbI=","13C15N","1",,25,100,,,,,,,,"d13C",,"perMill","ANSP P-16-202 Rev0",,"N",,"legacyData|Did not meet quality audit requirements for analysis audit|acidTreatmentSOPNotFollowed"
"a5e4ad46-6c7e-45fc-aae9-cfe0a58196a6","D05","CRAM","CRAM.AOS.buoy.c0","2015-05-13","CRAM.20150513.PHYTOPLANKTON.3",,,"Academy of Natural Sciences of Drexel University","2015-08-02","P3U2J3I2sLk=","34S","1",,25,100,,,,,,,,"d34S",2.63,"perMill","SO2 EA-combustion-IRMS method",,,,"legacyData|Did not meet quality audit requirements for analysis audit"
"1e477b90-22f4-407f-a09e-437f26d55fe7","D05","CRAM","CRAM.AOS.buoy.c0","2015-05-13","CRAM.20150513.PHYTOPLANKTON.3",,,"Academy of Natural Sciences of Drexel University","2015-09-03","OKgcKejxXbI=","13C15N","1",,25,100,,,,,,,,"d15N",,"perMill","ANSP P-16-202 Rev0",,,,"legacyData|Did not meet quality audit requirements for analysis audit"
"322121ab-1b38-4f07-b66c-e1fbc6ed0ba0","D05","CRAM","CRAM.AOS.buoy.c0","2015-05-13","CRAM.20150513.PHYTOPLANKTON.3",,,"Academy of Natural Sciences of Drexel University","2015-07-10","Txt9C5i/u7k=","chlorophyll/pheophytin","2",,25,100,,,,,,,,"pheophytin",,"microgramsPerLiter","ANSP P-16-92 Rev2",,,,"legacyData|Did not meet quality audit requirements for analysis audit"
"fc1f16e1-6e96-48eb-bb9e-1ac034e9ca63","D05","CRAM","CRAM.AOS.buoy.c0","2015-05-13","CRAM.20150513.PHYTOPLANKTON.3",,,"Academy of Natural Sciences of Drexel University","2015-07-06","x/zakUe9tBo=","CN","1",,25,100,,,,,,,,"carbon",135.55,"microgramsPerLiter","ANSP P-16-54 Rev2",,"N",,"legacyData|Did not meet quality audit requirements for analysis audit|acidTreatmentSOPNotFollowed"
"5957b369-5bc9-42d5-9c0c-9a578eac8764","D05","CRAM","CRAM.AOS.buoy.c0","2015-05-13","CRAM.20150513.PHYTOPLANKTON.3",,,"Academy of Natural Sciences of Drexel University","2015-07-10","Txt9C5i/u7k=","chlorophyll/pheophytin","1",,25,100,,,,,,,,"pheophytin",,"microgramsPerLiter","ANSP P-16-92 Rev2",,,,"legacyData|Did not meet quality audit requirements for analysis audit"
"540f0853-baa2-4f29-bd81-756384fe508d","D05","CRAM","CRAM.AOS.buoy.c0","2015-05-13","CRAM.20150513.PHYTOPLANKTON.3",,,"Academy of Natural Sciences of Drexel University","2015-07-06","x/zakUe9tBo=","CN","2",,25,100,,,,,,,,"carbon",125.63,"microgramsPerLiter","ANSP P-16-54 Rev2",,"N",,"legacyData|Did not meet quality audit requirements for analysis audit|acidTreatmentSOPNotFollowed"
"06674bc6-d054-4d16-8bd5-9302e12f3303","D05","CRAM","CRAM.AOS.buoy.c0","2015-05-13","CRAM.20150513.PHYTOPLANKTON.3",,,"Academy of Natural Sciences of Drexel University","2015-07-10","Txt9C5i/u7k=","chlorophyll/pheophytin","2",,25,100,,,,,,,,"chlorophyll a",,"microgramsPerLiter","ANSP P-16-92 Rev2",,,,"legacyData|Did not meet quality audit requirements for analysis audit"
"0b584e8e-5c00-4643-afcf-404b24b28b00","D05","CRAM","CRAM.AOS.buoy.c0","2015-05-13","CRAM.20150513.PHYTOPLANKTON.3",,,"Academy of Natural Sciences of Drexel University","2015-07-06","x/zakUe9tBo=","CN","1",,25,100,,,,,,,,"nitrogen",31.47,"microgramsPerLiter","ANSP P-16-54 Rev2",,,,"legacyData|Did not meet quality audit requirements for analysis audit"
"38884ac2-5be7-451f-9293-5f82069f1483","D05","CRAM","CRAM.AOS.buoy.c0","2015-05-13","CRAM.20150513.PHYTOPLANKTON.3",,,"Academy of Natural Sciences of Drexel University","2015-09-03","OKgcKejxXbI=","13C15N","2",,25,100,,,,,,,,"d13C",,"perMill","ANSP P-16-202 Rev0",,"N",,"legacyData|Did not meet quality audit requirements for analysis audit|acidTreatmentSOPNotFollowed"
