uid,domainID,siteID,namedLocation,date,eventID,sampleDepth,waterTemp,specificConductance,dissolvedOxygen,dissolvedOxygenSaturation,dataQF
"1e6c7461-331e-4ff3-8a0e-d70c08d37372","D18","TOOK","TOOK.AOS.buoy.c0","2021-02-03T18:02Z","TOOK.c0.20210203",15.0,2.3,123.7,9.1,65.9,
"70b7f24e-352d-4625-bb6e-05897c57e98a","D18","TOOK","TOOK.AOS.buoy.c0","2021-02-03T18:02Z","TOOK.c0.20210203",5.0,1.5,35.9,10.2,74.2,
"7246f21a-77da-40c3-85d6-215d8db1a350","D18","TOOK","TOOK.AOS.buoy.c0","2021-02-03T18:02Z","TOOK.c0.20210203",10.0,2.2,73.8,9.7,70.4,
"68e2f441-fbdd-4969-ae0e-fd6f3a44ae0c","D18","TOOK","TOOK.AOS.buoy.c0","2021-02-03T18:02Z","TOOK.c0.20210203",20.0,2.8,137.8,1.0,7.1,
"19833c9f-c57f-4eca-9b08-e26c21081d78","D18","TOOK","TOOK.AOS.buoy.c0","2021-02-03T18:02Z","TOOK.c0.20210203",0.5,0.0,0.0,4.3,29.2,
