uid,domainID,siteID,namedLocation,aquaticSiteType,decimalLatitude,decimalLongitude,coordinateUncertainty,elevation,elevationUncertainty,geodeticDatum,collectDate,eventID,parentSampleID,parentSampleCode,samplingImpractical,biophysicalCriteria,affectedByWind,habitatType,algalSampleType,benthicArea,samplingProtocolVersion,phytoDepth1,phytoDepth2,phytoDepth3,substratumSizeClass,remarks,recordedBy,collectedBy,dataQF
"5103e06e-9406-4144-9a32-66b25dda0777","D03","BARC","BARC.AOS.riparian.point.10","lake",29.677686,-82.008911,5.0,24.2,5.0,"WGS84","2017-02-22T13:29Z","BARC.20170222","BARC.20170222.EPIPHYTON.10",,,,,"littoral","epiphyton",0.010000,"NEON.DOC.003045vA",,,,,,"ksandusky@neoninc.org","kludwig@field-ops.org",
"9209295a-b3ae-4a9a-b5d1-6a9c2a732fea","D03","BARC","BARC.AOS.buoy.c0","lake",29.675982,-82.008414,10.0,27.0,10.0,"WGS84","2017-02-22T13:29Z","BARC.20170222","BARC.20170222.PHYTOPLANKTON.1",,,,,"pelagic","phytoplankton",,"NEON.DOC.003045vA",0.5,4.2,,,,"ksandusky@neoninc.org","kludwig@field-ops.org",
"64fe3cbe-81e3-4221-888c-b4909929a5a6","D03","BARC","BARC.AOS.riparian.point.06","lake",29.674507,-82.008596,5.0,26.6,5.0,"WGS84","2017-02-22T13:29Z","BARC.20170222","BARC.20170222.EPIPHYTON.6",,,,,"littoral","epiphyton",0.010000,"NEON.DOC.003045vA",,,,,,"ksandusky@neoninc.org","kludwig@field-ops.org",
"dc3da67e-fbc5-4d1d-9c41-35ce7955ca6f","D03","BARC","BARC.AOS.littoral1","lake",29.677479,-82.007710,1.1,26.0,1.0,"WGS84","2017-02-22T13:29Z","BARC.20170222","BARC.20170222.PHYTOPLANKTON.2",,,,,"pelagic","phytoplankton",,"NEON.DOC.003045vA",0.5,0.5,,,"Raining","ksandusky@neoninc.org","kludwig@field-ops.org",
"a8f5dd77-7b81-479a-a2dc-0385130e17c1","D03","BARC","BARC.AOS.riparian.point.02","lake",29.677034,-82.006975,5.0,26.1,5.0,"WGS84","2017-02-22T13:29Z","BARC.20170222","BARC.20170222.EPIPHYTON.2",,,,,"littoral","epiphyton",0.010000,"NEON.DOC.003045vA",,,,,,"ksandusky@neoninc.org","kludwig@field-ops.org",
"1dd4f94d-e649-4dcc-acff-6cf10a3a5d4d","D03","BARC","BARC.AOS.littoral2","lake",29.674748,-82.008401,1.1,27.1,1.0,"WGS84","2017-02-22T13:29Z","BARC.20170222","BARC.20170222.PHYTOPLANKTON.3",,,,,"pelagic","phytoplankton",,"NEON.DOC.003045vA",0.5,0.5,,,"Raining","ksandusky@neoninc.org","kludwig@field-ops.org",
"8d586160-a468-49d4-81d7-1bf08ceeba01","D03","BARC","BARC.AOS.riparian.point.08","lake",29.675584,-82.010729,5.0,25.1,5.0,"WGS84","2017-02-22T13:29Z","BARC.20170222","BARC.20170222.EPIPHYTON.8",,,,,"littoral","epiphyton",0.010000,"NEON.DOC.003045vA",,,,,,"ksandusky@neoninc.org","kludwig@field-ops.org",
"4f7d70d0-adf9-4c1d-8ec7-166a025767a8","D03","BARC","BARC.AOS.riparian.point.04","lake",29.675164,-82.006743,5.0,22.5,5.0,"WGS84","2017-02-22T13:29Z","BARC.20170222","BARC.20170222.EPIPHYTON.4",,,,,"littoral","epiphyton",0.010000,"NEON.DOC.003045vA",,,,,,"ksandusky@neoninc.org","kludwig@field-ops.org",
