uid,domainID,siteID,namedLocation,collectDate,sampleID,sampleCode,sampleCondition,laboratoryName,analysisDate,analyzedBy,sampleType,replicate,sampleVolumeFiltered,filterSize,percentFilterAnalyzed,dilutionFactor,solventVolume,responseFactor,acidificationResponseFactor,fluorometerSensitivitySetting,preAcidificationFluorescence,postAcidificationFluorescence,analyte,analyteConcentration,plantAlgaeLabUnits,testMethod,method,acidTreatment,externalRemarks,externalLabDataQF
"c5f03a20-9095-4fc2-afbc-5bfbb18ffbc6","D03","BARC","BARC.AOS.riparian.point.08","2017-02-22","BARC.20170222.EPIPHYTON.8",,"condition ok","SIRFER Lab at University of Utah","2018-10-10","a1rVWpE0V4zMCUk591/P0Q==","P","1",,25,100,,,,,,,,"phosphorus",-0.43,"microgramsPerLiter","ICPMetalsLab_P_V1.2","Ivanov et al 2012",,,"legacyData"
"5fdec4fc-b688-4f26-a603-77b149567a34","D03","BARC","BARC.AOS.riparian.point.04","2017-02-22","BARC.20170222.EPIPHYTON.4",,"condition ok","SIRFER Lab at University of Utah","2018-10-10","a1rVWpE0V4zMCUk591/P0Q==","P","1",,25,100,,,,,,,,"phosphorus",53.55,"microgramsPerLiter","ICPMetalsLab_P_V1.2","Ivanov et al 2012",,,"legacyData"
"4dbcf29f-6919-4cf4-9c49-15a965c2a9dd","D03","BARC","BARC.AOS.riparian.point.02","2017-02-22","BARC.20170222.EPIPHYTON.2",,"condition ok","SIRFER Lab at University of Utah","2018-10-10","a1rVWpE0V4zMCUk591/P0Q==","P","1",,25,100,,,,,,,,"phosphorus",-1.21,"microgramsPerLiter","ICPMetalsLab_P_V1.2","Ivanov et al 2012",,,"legacyData"
"9678f1f4-6293-44da-9eea-29dc893898e1","D03","BARC","BARC.AOS.riparian.point.10","2017-02-22","BARC.20170222.EPIPHYTON.10",,"condition ok","SIRFER Lab at University of Utah","2018-10-10","a1rVWpE0V4zMCUk591/P0Q==","P","1",,25,100,,,,,,,,"phosphorus",7.50,"microgramsPerLiter","ICPMetalsLab_P_V1.2","Ivanov et al 2012",,,"legacyData"
"088d6fc3-3fad-4778-923d-b99594092431","D03","BARC","BARC.AOS.riparian.point.06","2017-02-22","BARC.20170222.EPIPHYTON.6",,"condition ok","SIRFER Lab at University of Utah","2018-10-10","a1rVWpE0V4zMCUk591/P0Q==","P","1",,25,100,,,,,,,,"phosphorus",-0.70,"microgramsPerLiter","ICPMetalsLab_P_V1.2","Ivanov et al 2012",,,"legacyData"
"4f225f2e-c880-4d5e-9841-ebc9998b655e","D03","BARC","BARC.AOS.littoral2","2017-02-22","BARC.20170222.PHYTOPLANKTON.3",,"condition ok","SIRFER Lab at University of Utah","2018-10-10","a1rVWpE0V4zMCUk591/P0Q==","P","1",,25,100,,,,,,,,"phosphorus",0.34,"microgramsPerLiter","ICPMetalsLab_P_V1.2","Ivanov et al 2012",,,"legacyData"
"ed5b15a8-9c7c-4f8c-a3a6-caf2612d2db4","D03","BARC","BARC.AOS.buoy.c0","2017-02-22","BARC.20170222.PHYTOPLANKTON.1",,"condition ok","SIRFER Lab at University of Utah","2018-10-10","a1rVWpE0V4zMCUk591/P0Q==","P","1",,25,100,,,,,,,,"phosphorus",0.14,"microgramsPerLiter","ICPMetalsLab_P_V1.2","Ivanov et al 2012",,,"legacyData"
"5a7648bd-fdc4-4b88-ad93-7a3ce7efa71e","D03","BARC","BARC.AOS.littoral1","2017-02-22","BARC.20170222.PHYTOPLANKTON.2",,"condition ok","SIRFER Lab at University of Utah","2018-10-10","a1rVWpE0V4zMCUk591/P0Q==","P","1",,25,100,,,,,,,,"phosphorus",0.37,"microgramsPerLiter","ICPMetalsLab_P_V1.2","Ivanov et al 2012",,,"legacyData"
"047448c7-f64b-40b3-89a7-d83d37f1e1f1","D03","BARC","BARC.AOS.riparian.point.02","2017-02-22","BARC.20170222.EPIPHYTON.2",,"condition ok","SIRFER Lab at University of Utah","2018-09-20","ElFtGy1kV49xqNP00HfxQA==","CNS","1",,25,100,,,,,,,,"sulfur",289.31,"microgramsPerLiter","SIRFER_algalPlantChem_isotopes_V1","Revesz & Coplen 2012b",,,"legacyData"
"172e354b-c397-495d-ba27-1be9f61ae45d","D03","BARC","BARC.AOS.riparian.point.06","2017-02-22","BARC.20170222.EPIPHYTON.6",,"condition ok","SIRFER Lab at University of Utah","2018-09-24","ElFtGy1kV49xqNP00HfxQA==","CNS","1",,25,100,,,,,,,,"sulfur",350.94,"microgramsPerLiter","SIRFER_algalPlantChem_isotopes_V1","Revesz & Coplen 2012b",,,"legacyData"
"13ad93c4-e265-4d75-9b4d-0d0fa93fa91d","D03","BARC","BARC.AOS.littoral2","2017-02-22","BARC.20170222.PHYTOPLANKTON.3",,"condition ok","SIRFER Lab at University of Utah","2018-09-24","ElFtGy1kV49xqNP00HfxQA==","CNS","1",,25,100,,,,,,,,"d15N",-5.14,"perMill","SIRFER_algalPlantChem_isotopes_V1","Revesz & Coplen 2012a",,,"legacyData"
"a9327306-f437-4fc0-b45c-1c8118b298b0","D03","BARC","BARC.AOS.littoral2","2017-02-22","BARC.20170222.PHYTOPLANKTON.3",,"condition ok","SIRFER Lab at University of Utah","2018-09-24","ElFtGy1kV49xqNP00HfxQA==","CNS","1",,25,100,,,,,,,,"d13C",-29.64,"perMill","SIRFER_algalPlantChem_isotopes_V1","Revesz & Coplen 2012a","N",,"legacyData"
"c4ccf64c-e1df-4b0b-aaca-b820e8c26bdd","D03","BARC","BARC.AOS.littoral1","2017-02-22","BARC.20170222.PHYTOPLANKTON.2",,"condition ok","SIRFER Lab at University of Utah","2018-09-24","ElFtGy1kV49xqNP00HfxQA==","CNS","1",,25,100,,,,,,,,"nitrogen",70.38,"microgramsPerLiter","SIRFER_algalPlantChem_isotopes_V1","Revesz & Coplen 2012a",,,"legacyData"
"10b92fc0-8e9c-4ca6-8089-f32c5ab951ce","D03","BARC","BARC.AOS.riparian.point.02","2017-02-22","BARC.20170222.EPIPHYTON.2",,"condition ok","SIRFER Lab at University of Utah","2018-09-20","ElFtGy1kV49xqNP00HfxQA==","CNS","1",,25,100,,,,,,,,"d34S",16.69,"perMill","SIRFER_algalPlantChem_isotopes_V1","Revesz & Coplen 2012b",,,"legacyData"
"bc4c1052-3043-4736-9320-ae97a46e08d0","D03","BARC","BARC.AOS.littoral1","2017-02-22","BARC.20170222.PHYTOPLANKTON.2",,"condition ok","SIRFER Lab at University of Utah","2018-09-24","ElFtGy1kV49xqNP00HfxQA==","CNS","1",,25,100,,,,,,,,"d15N",-3.90,"perMill","SIRFER_algalPlantChem_isotopes_V1","Revesz & Coplen 2012a",,,"legacyData"
"1c2b8ef8-8a55-4fa8-bdb5-5d5e0ad59110","D03","BARC","BARC.AOS.riparian.point.02","2017-02-22","BARC.20170222.EPIPHYTON.2",,"condition ok","SIRFER Lab at University of Utah","2018-09-20","ElFtGy1kV49xqNP00HfxQA==","CNS","1",,25,100,,,,,,,,"nitrogen",1408.43,"microgramsPerLiter","SIRFER_algalPlantChem_isotopes_V1","Revesz & Coplen 2012a",,,"legacyData"
"6d59c8eb-5d86-4cb6-af52-269658723a0d","D03","BARC","BARC.AOS.buoy.c0","2017-02-22","BARC.20170222.PHYTOPLANKTON.1",,"condition ok","SIRFER Lab at University of Utah","2018-09-20","ElFtGy1kV49xqNP00HfxQA==","CNS","1",,25,100,,,,,,,,"nitrogen",39.81,"microgramsPerLiter","SIRFER_algalPlantChem_isotopes_V1","Revesz & Coplen 2012a",,,"legacyData"
"5cc73ac8-69ff-46a1-b0ec-795024796c16","D03","BARC","BARC.AOS.buoy.c0","2017-02-22","BARC.20170222.PHYTOPLANKTON.1",,"condition ok","SIRFER Lab at University of Utah","2018-09-20","ElFtGy1kV49xqNP00HfxQA==","CNS","1",,25,100,,,,,,,,"carbon",253.71,"microgramsPerLiter","SIRFER_algalPlantChem_isotopes_V1","Revesz & Coplen 2012a","N",,"legacyData"
"1eb870e8-892c-4776-a453-fd7f9fc8930e","D03","BARC","BARC.AOS.littoral1","2017-02-22","BARC.20170222.PHYTOPLANKTON.2",,"condition ok","SIRFER Lab at University of Utah","2018-09-24","ElFtGy1kV49xqNP00HfxQA==","CNS","1",,25,100,,,,,,,,"d13C",-28.47,"perMill","SIRFER_algalPlantChem_isotopes_V1","Revesz & Coplen 2012a","N",,"legacyData"
"bfa77363-3da3-4ffb-a2e4-1b3036040a59","D03","BARC","BARC.AOS.riparian.point.02","2017-02-22","BARC.20170222.EPIPHYTON.2",,"condition ok","SIRFER Lab at University of Utah","2018-09-20","ElFtGy1kV49xqNP00HfxQA==","CNS","1",,25,100,,,,,,,,"d13C",-28.89,"perMill","SIRFER_algalPlantChem_isotopes_V1","Revesz & Coplen 2012a","N",,"legacyData"
"8bd50017-753c-4a87-9821-873353f95a46","D03","BARC","BARC.AOS.riparian.point.04","2017-02-22","BARC.20170222.EPIPHYTON.4",,"condition ok","SIRFER Lab at University of Utah","2018-09-24","ElFtGy1kV49xqNP00HfxQA==","CNS","1",,25,100,,,,,,,,"d13C",-28.51,"perMill","SIRFER_algalPlantChem_isotopes_V1","Revesz & Coplen 2012a","N",,"legacyData"
"9d7727de-02dd-47a5-ae7d-84c9b59e7e07","D03","BARC","BARC.AOS.littoral1","2017-02-22","BARC.20170222.PHYTOPLANKTON.2",,"condition ok","SIRFER Lab at University of Utah","2018-09-24","ElFtGy1kV49xqNP00HfxQA==","CNS","1",,25,100,,,,,,,,"carbon",420.31,"microgramsPerLiter","SIRFER_algalPlantChem_isotopes_V1","Revesz & Coplen 2012a","N",,"legacyData"
"1d5a74f3-135f-43b4-a2bf-26221de2a81f","D03","BARC","BARC.AOS.riparian.point.08","2017-02-22","BARC.20170222.EPIPHYTON.8",,"condition ok","SIRFER Lab at University of Utah","2018-09-25","ElFtGy1kV49xqNP00HfxQA==","CNS","1",,25,100,,,,,,,,"nitrogen",3537.13,"microgramsPerLiter","SIRFER_algalPlantChem_isotopes_V1","Revesz & Coplen 2012a",,,"legacyData"
"4efdc942-0018-4864-bae0-5d5ae888c289","D03","BARC","BARC.AOS.littoral2","2017-02-22","BARC.20170222.PHYTOPLANKTON.3",,"condition ok","SIRFER Lab at University of Utah","2018-09-24","ElFtGy1kV49xqNP00HfxQA==","CNS","1",,25,100,,,,,,,,"sulfur",5.94,"microgramsPerLiter","SIRFER_algalPlantChem_isotopes_V1","Revesz & Coplen 2012b",,,"legacyData"
"63349c37-4a78-479c-aed7-37050401d19f","D03","BARC","BARC.AOS.riparian.point.02","2017-02-22","BARC.20170222.EPIPHYTON.2",,"condition ok","SIRFER Lab at University of Utah","2018-09-20","ElFtGy1kV49xqNP00HfxQA==","CNS","1",,25,100,,,,,,,,"d15N",-8.25,"perMill","SIRFER_algalPlantChem_isotopes_V1","Revesz & Coplen 2012a",,,"legacyData"
"eb362a81-be6c-4a14-8f22-5baf3621830f","D03","BARC","BARC.AOS.riparian.point.10","2017-02-22","BARC.20170222.EPIPHYTON.10",,"condition ok","SIRFER Lab at University of Utah","2018-09-24","ElFtGy1kV49xqNP00HfxQA==","CNS","1",,25,100,,,,,,,,"carbon",25381.88,"microgramsPerLiter","SIRFER_algalPlantChem_isotopes_V1","Revesz & Coplen 2012a","N",,"legacyData"
"882375ab-5a0d-48d2-b5a4-662cf3cb16c3","D03","BARC","BARC.AOS.riparian.point.06","2017-02-22","BARC.20170222.EPIPHYTON.6",,"condition ok","SIRFER Lab at University of Utah","2018-09-24","ElFtGy1kV49xqNP00HfxQA==","CNS","1",,25,100,,,,,,,,"nitrogen",2477.12,"microgramsPerLiter","SIRFER_algalPlantChem_isotopes_V1","Revesz & Coplen 2012a",,,"legacyData"
"4c22e25f-204f-4c01-a0da-4749f62be328","D03","BARC","BARC.AOS.buoy.c0","2017-02-22","BARC.20170222.PHYTOPLANKTON.1",,"condition ok","SIRFER Lab at University of Utah","2018-09-20","ElFtGy1kV49xqNP00HfxQA==","CNS","1",,25,100,,,,,,,,"d15N",-3.79,"perMill","SIRFER_algalPlantChem_isotopes_V1","Revesz & Coplen 2012a",,,"legacyData"
"8f49af85-326e-41e6-b6b1-9ff194592c21","D03","BARC","BARC.AOS.riparian.point.06","2017-02-22","BARC.20170222.EPIPHYTON.6",,"condition ok","SIRFER Lab at University of Utah","2018-09-24","ElFtGy1kV49xqNP00HfxQA==","CNS","1",,25,100,,,,,,,,"d15N",-3.93,"perMill","SIRFER_algalPlantChem_isotopes_V1","Revesz & Coplen 2012a",,,"legacyData"
"be4c04ab-1358-46d8-ba81-35807d9f5b1c","D03","BARC","BARC.AOS.riparian.point.04","2017-02-22","BARC.20170222.EPIPHYTON.4",,"condition ok","SIRFER Lab at University of Utah","2018-09-24","ElFtGy1kV49xqNP00HfxQA==","CNS","1",,25,100,,,,,,,,"carbon",64023.01,"microgramsPerLiter","SIRFER_algalPlantChem_isotopes_V1","Revesz & Coplen 2012a","N",,"legacyData"
"c6955e3e-a784-4520-b8d5-a69e62b13dc0","D03","BARC","BARC.AOS.riparian.point.04","2017-02-22","BARC.20170222.EPIPHYTON.4",,"condition ok","SIRFER Lab at University of Utah","2018-09-24","ElFtGy1kV49xqNP00HfxQA==","CNS","1",,25,100,,,,,,,,"d34S",1.27,"perMill","SIRFER_algalPlantChem_isotopes_V1","Revesz & Coplen 2012b",,,"legacyData"
"18f0f3f7-eee4-4817-ab04-277e5008bab6","D03","BARC","BARC.AOS.buoy.c0","2017-02-22","BARC.20170222.PHYTOPLANKTON.1",,"condition ok","SIRFER Lab at University of Utah","2018-09-20","ElFtGy1kV49xqNP00HfxQA==","CNS","1",,25,100,,,,,,,,"sulfur",15.99,"microgramsPerLiter","SIRFER_algalPlantChem_isotopes_V1","Revesz & Coplen 2012b",,,"legacyData"
"f48fa0d1-1fbf-43e3-8225-89942ebf9996","D03","BARC","BARC.AOS.riparian.point.10","2017-02-22","BARC.20170222.EPIPHYTON.10",,"condition ok","SIRFER Lab at University of Utah","2018-09-24","ElFtGy1kV49xqNP00HfxQA==","CNS","1",,25,100,,,,,,,,"d34S",9.16,"perMill","SIRFER_algalPlantChem_isotopes_V1","Revesz & Coplen 2012b",,,"legacyData"
"540d9f26-4f5a-4ecb-b39f-a4de2c8691e2","D03","BARC","BARC.AOS.riparian.point.10","2017-02-22","BARC.20170222.EPIPHYTON.10",,"condition ok","SIRFER Lab at University of Utah","2018-09-24","ElFtGy1kV49xqNP00HfxQA==","CNS","1",,25,100,,,,,,,,"d13C",-26.28,"perMill","SIRFER_algalPlantChem_isotopes_V1","Revesz & Coplen 2012a","N",,"legacyData"
"972f2a7a-4e6b-4a85-91f2-14c3e79404f0","D03","BARC","BARC.AOS.buoy.c0","2017-02-22","BARC.20170222.PHYTOPLANKTON.1",,"condition ok","SIRFER Lab at University of Utah","2018-09-20","ElFtGy1kV49xqNP00HfxQA==","CNS","1",,25,100,,,,,,,,"d34S",16.60,"perMill","SIRFER_algalPlantChem_isotopes_V1","Revesz & Coplen 2012b",,,"legacyData"
"266a6954-ab3c-4c96-94ef-6962b9440261","D03","BARC","BARC.AOS.buoy.c0","2017-02-22","BARC.20170222.PHYTOPLANKTON.1",,"condition ok","SIRFER Lab at University of Utah","2018-09-20","ElFtGy1kV49xqNP00HfxQA==","CNS","1",,25,100,,,,,,,,"d13C",-29.11,"perMill","SIRFER_algalPlantChem_isotopes_V1","Revesz & Coplen 2012a","N",,"legacyData"
"9fff7d61-bf6f-4f8f-a097-8602ebe7d603","D03","BARC","BARC.AOS.riparian.point.08","2017-02-22","BARC.20170222.EPIPHYTON.8",,"condition ok","SIRFER Lab at University of Utah","2018-09-25","ElFtGy1kV49xqNP00HfxQA==","CNS","1",,25,100,,,,,,,,"d13C",-28.27,"perMill","SIRFER_algalPlantChem_isotopes_V1","Revesz & Coplen 2012a","N",,"legacyData"
"5b9267a4-de0a-4f5d-8ac6-77d118d2b164","D03","BARC","BARC.AOS.riparian.point.04","2017-02-22","BARC.20170222.EPIPHYTON.4",,"condition ok","SIRFER Lab at University of Utah","2018-09-24","ElFtGy1kV49xqNP00HfxQA==","CNS","1",,25,100,,,,,,,,"sulfur",197.86,"microgramsPerLiter","SIRFER_algalPlantChem_isotopes_V1","Revesz & Coplen 2012b",,,"legacyData"
"b7e1f9ca-dea1-4267-bd1d-171b9f346b8a","D03","BARC","BARC.AOS.riparian.point.10","2017-02-22","BARC.20170222.EPIPHYTON.10",,"condition ok","SIRFER Lab at University of Utah","2018-09-24","ElFtGy1kV49xqNP00HfxQA==","CNS","1",,25,100,,,,,,,,"sulfur",394.99,"microgramsPerLiter","SIRFER_algalPlantChem_isotopes_V1","Revesz & Coplen 2012b",,,"legacyData"
"c31f6a8e-8c9a-4c24-b01a-2443536bfba9","D03","BARC","BARC.AOS.riparian.point.08","2017-02-22","BARC.20170222.EPIPHYTON.8",,"condition ok","SIRFER Lab at University of Utah","2018-09-25","ElFtGy1kV49xqNP00HfxQA==","CNS","1",,25,100,,,,,,,,"d15N",-2.66,"perMill","SIRFER_algalPlantChem_isotopes_V1","Revesz & Coplen 2012a",,,"legacyData"
"5d4b98c3-f03e-4c6d-810e-f622d2126e5a","D03","BARC","BARC.AOS.littoral2","2017-02-22","BARC.20170222.PHYTOPLANKTON.3",,"condition ok","SIRFER Lab at University of Utah","2018-09-24","ElFtGy1kV49xqNP00HfxQA==","CNS","1",,25,100,,,,,,,,"nitrogen",92.75,"microgramsPerLiter","SIRFER_algalPlantChem_isotopes_V1","Revesz & Coplen 2012a",,,"legacyData"
"d570835b-7083-4417-a48d-5f865438f020","D03","BARC","BARC.AOS.riparian.point.06","2017-02-22","BARC.20170222.EPIPHYTON.6",,"condition ok","SIRFER Lab at University of Utah","2018-09-24","ElFtGy1kV49xqNP00HfxQA==","CNS","1",,25,100,,,,,,,,"carbon",10666.99,"microgramsPerLiter","SIRFER_algalPlantChem_isotopes_V1","Revesz & Coplen 2012a","N",,"legacyData"
"d1ceb39e-f397-4465-8831-48bc572402e2","D03","BARC","BARC.AOS.riparian.point.02","2017-02-22","BARC.20170222.EPIPHYTON.2",,"condition ok","SIRFER Lab at University of Utah","2018-09-20","ElFtGy1kV49xqNP00HfxQA==","CNS","1",,25,100,,,,,,,,"carbon",7305.72,"microgramsPerLiter","SIRFER_algalPlantChem_isotopes_V1","Revesz & Coplen 2012a","N",,"legacyData"
"141bd9ac-1c53-4e37-afbc-121423186f68","D03","BARC","BARC.AOS.riparian.point.08","2017-02-22","BARC.20170222.EPIPHYTON.8",,"condition ok","SIRFER Lab at University of Utah","2018-09-25","ElFtGy1kV49xqNP00HfxQA==","CNS","1",,25,100,,,,,,,,"sulfur",217.73,"microgramsPerLiter","SIRFER_algalPlantChem_isotopes_V1","Revesz & Coplen 2012b",,,"legacyData"
"c71f8066-e283-4dd0-ad41-8d318b677f80","D03","BARC","BARC.AOS.riparian.point.08","2017-02-22","BARC.20170222.EPIPHYTON.8",,"condition ok","SIRFER Lab at University of Utah","2018-09-25","ElFtGy1kV49xqNP00HfxQA==","CNS","1",,25,100,,,,,,,,"d34S",11.97,"perMill","SIRFER_algalPlantChem_isotopes_V1","Revesz & Coplen 2012b",,,"legacyData"
"4fbe30a1-7222-40e6-88f1-0cd570c62d84","D03","BARC","BARC.AOS.littoral2","2017-02-22","BARC.20170222.PHYTOPLANKTON.3",,"condition ok","SIRFER Lab at University of Utah","2018-09-24","ElFtGy1kV49xqNP00HfxQA==","CNS","1",,25,100,,,,,,,,"carbon",493.36,"microgramsPerLiter","SIRFER_algalPlantChem_isotopes_V1","Revesz & Coplen 2012a","N",,"legacyData"
"f29b89eb-e71c-44fb-8a29-634da5fda580","D03","BARC","BARC.AOS.littoral1","2017-02-22","BARC.20170222.PHYTOPLANKTON.2",,"condition ok","SIRFER Lab at University of Utah","2018-09-24","ElFtGy1kV49xqNP00HfxQA==","CNS","1",,25,100,,,,,,,,"sulfur",4.49,"microgramsPerLiter","SIRFER_algalPlantChem_isotopes_V1","Revesz & Coplen 2012b",,,"legacyData"
"cd0efc91-4733-408e-8d32-f573929dadad","D03","BARC","BARC.AOS.riparian.point.04","2017-02-22","BARC.20170222.EPIPHYTON.4",,"condition ok","SIRFER Lab at University of Utah","2018-09-24","ElFtGy1kV49xqNP00HfxQA==","CNS","1",,25,100,,,,,,,,"d15N",2.59,"perMill","SIRFER_algalPlantChem_isotopes_V1","Revesz & Coplen 2012a",,,"legacyData"
"f593053b-e2c6-45b6-83ad-189c88559aac","D03","BARC","BARC.AOS.littoral2","2017-02-22","BARC.20170222.PHYTOPLANKTON.3",,"condition ok","SIRFER Lab at University of Utah","2018-09-24","ElFtGy1kV49xqNP00HfxQA==","CNS","1",,25,100,,,,,,,,"d34S",6.44,"perMill","SIRFER_algalPlantChem_isotopes_V1","Revesz & Coplen 2012b",,,"legacyData"
"6bcb3aad-0012-4168-b992-1b00e5f42000","D03","BARC","BARC.AOS.riparian.point.04","2017-02-22","BARC.20170222.EPIPHYTON.4",,"condition ok","SIRFER Lab at University of Utah","2018-09-24","ElFtGy1kV49xqNP00HfxQA==","CNS","1",,25,100,,,,,,,,"nitrogen",8226.98,"microgramsPerLiter","SIRFER_algalPlantChem_isotopes_V1","Revesz & Coplen 2012a",,,"legacyData"
"2aaa5ea4-1281-4013-b7b4-e819e32916a2","D03","BARC","BARC.AOS.littoral1","2017-02-22","BARC.20170222.PHYTOPLANKTON.2",,"condition ok","SIRFER Lab at University of Utah","2018-09-24","ElFtGy1kV49xqNP00HfxQA==","CNS","1",,25,100,,,,,,,,"d34S",12.05,"perMill","SIRFER_algalPlantChem_isotopes_V1","Revesz & Coplen 2012b",,,"legacyData"
"f6062fd7-47d1-4243-9b58-a642e30093a1","D03","BARC","BARC.AOS.riparian.point.10","2017-02-22","BARC.20170222.EPIPHYTON.10",,"condition ok","SIRFER Lab at University of Utah","2018-09-24","ElFtGy1kV49xqNP00HfxQA==","CNS","1",,25,100,,,,,,,,"nitrogen",3417.40,"microgramsPerLiter","SIRFER_algalPlantChem_isotopes_V1","Revesz & Coplen 2012a",,,"legacyData"
"2545e3c0-dd7b-47f0-bf32-a12917ed8928","D03","BARC","BARC.AOS.riparian.point.08","2017-02-22","BARC.20170222.EPIPHYTON.8",,"condition ok","SIRFER Lab at University of Utah","2018-09-25","ElFtGy1kV49xqNP00HfxQA==","CNS","1",,25,100,,,,,,,,"carbon",30312.31,"microgramsPerLiter","SIRFER_algalPlantChem_isotopes_V1","Revesz & Coplen 2012a","N",,"legacyData"
"8a1410d7-5fe2-4142-9c40-36bd8a366341","D03","BARC","BARC.AOS.riparian.point.06","2017-02-22","BARC.20170222.EPIPHYTON.6",,"condition ok","SIRFER Lab at University of Utah","2018-09-24","ElFtGy1kV49xqNP00HfxQA==","CNS","1",,25,100,,,,,,,,"d13C",-27.27,"perMill","SIRFER_algalPlantChem_isotopes_V1","Revesz & Coplen 2012a","N",,"legacyData"
"e6a58272-6731-40b4-94ca-d073ea743b2a","D03","BARC","BARC.AOS.riparian.point.10","2017-02-22","BARC.20170222.EPIPHYTON.10",,"condition ok","SIRFER Lab at University of Utah","2018-09-24","ElFtGy1kV49xqNP00HfxQA==","CNS","1",,25,100,,,,,,,,"d15N",-3.51,"perMill","SIRFER_algalPlantChem_isotopes_V1","Revesz & Coplen 2012a",,,"legacyData"
"7a57be94-1c1e-4969-a87b-c2890f8bae0a","D03","BARC","BARC.AOS.riparian.point.06","2017-02-22","BARC.20170222.EPIPHYTON.6",,"condition ok","SIRFER Lab at University of Utah","2018-09-24","ElFtGy1kV49xqNP00HfxQA==","CNS","1",,25,100,,,,,,,,"d34S",7.86,"perMill","SIRFER_algalPlantChem_isotopes_V1","Revesz & Coplen 2012b",,,"legacyData"
