uid,domainID,siteID,namedLocation,collectDate,parentSampleID,sampleID,sampleCode,filterNumber,analysisType,fieldSampleVolume,domainFilterVolume,storageDays,remarks,measuredBy,recordedBy,sampleCondition,dataQF
"ce632749-c07c-4726-bb70-026dd185489e","D03","BARC","BARC.AOS.riparian.point.06","2017-02-22T13:29Z","BARC.20170222.EPIPHYTON.6","BARC.20170222.EPIPHYTON.6",,2,"CN",124.0,6.0,1.1,"filter warmed","kludwig@field-ops.org","kludwig@field-ops.org","other (specify in remarks)",
"1eda074b-b77f-41ff-be21-0f12e74cdd3e","D03","BARC","BARC.AOS.riparian.point.08","2017-02-22T13:29Z","BARC.20170222.EPIPHYTON.8","BARC.20170222.EPIPHYTON.8",,1,"P",117.0,6.0,1.2,"filter warmed","kludwig@field-ops.org","kludwig@field-ops.org","other (specify in remarks)",
"4880227a-4a64-4d4e-8911-6c066b315694","D03","BARC","BARC.AOS.riparian.point.08","2017-02-22T13:29Z","BARC.20170222.EPIPHYTON.8","BARC.20170222.EPIPHYTON.8",,1,"chlorophyll/pheophytin",117.0,6.0,1.2,"filter warmed","kludwig@field-ops.org","kludwig@field-ops.org","other (specify in remarks)",
"81548f8b-b8e1-4acf-a059-02936907c132","D03","BARC","BARC.AOS.riparian.point.06","2017-02-22T13:29Z","BARC.20170222.EPIPHYTON.6","BARC.20170222.EPIPHYTON.6",,1,"CN",124.0,6.0,1.1,"filter warmed","kludwig@field-ops.org","kludwig@field-ops.org","other (specify in remarks)",
"472ce2fc-69c7-4641-9162-c9012f6d35fd","D03","BARC","BARC.AOS.riparian.point.08","2017-02-22T13:29Z","BARC.20170222.EPIPHYTON.8","BARC.20170222.EPIPHYTON.8",,2,"chlorophyll/pheophytin",117.0,6.0,1.2,"filter warmed","kludwig@field-ops.org","kludwig@field-ops.org","other (specify in remarks)",
"a32af2b4-21de-4112-b4b7-75a4b686cf67","D03","BARC","BARC.AOS.riparian.point.08","2017-02-22T13:29Z","BARC.20170222.EPIPHYTON.8","BARC.20170222.EPIPHYTON.8",,2,"CN",117.0,6.0,1.2,"filter warmed","kludwig@field-ops.org","kludwig@field-ops.org","other (specify in remarks)",
"aebbd66c-4db4-40c8-a2be-d6906ed237ce","D03","BARC","BARC.AOS.riparian.point.08","2017-02-22T13:29Z","BARC.20170222.EPIPHYTON.8","BARC.20170222.EPIPHYTON.8",,2,"CNS",117.0,6.0,1.2,"filter warmed","kludwig@field-ops.org","kludwig@field-ops.org","other (specify in remarks)",
"1e775780-330b-43d1-9c59-22de70f68c04","D03","BARC","BARC.AOS.riparian.point.08","2017-02-22T13:29Z","BARC.20170222.EPIPHYTON.8","BARC.20170222.EPIPHYTON.8",,1,"CNS",117.0,6.0,1.2,"filter warmed","kludwig@field-ops.org","kludwig@field-ops.org","other (specify in remarks)",
"c15eab4b-e061-40bf-8a47-0914110a791c","D03","BARC","BARC.AOS.riparian.point.06","2017-02-22T13:29Z","BARC.20170222.EPIPHYTON.6","BARC.20170222.EPIPHYTON.6",,2,"CNS",124.0,6.0,1.1,"filter warmed","kludwig@field-ops.org","kludwig@field-ops.org","other (specify in remarks)",
"04ff62aa-5ae8-4b58-a36b-8445a269542d","D03","BARC","BARC.AOS.riparian.point.06","2017-02-22T13:29Z","BARC.20170222.EPIPHYTON.6","BARC.20170222.EPIPHYTON.6",,1,"chlorophyll/pheophytin",124.0,6.0,1.1,"filter warmed","kludwig@field-ops.org","kludwig@field-ops.org","other (specify in remarks)",
"b54330e5-6963-4845-95d6-70d95ff0b806","D03","BARC","BARC.AOS.riparian.point.06","2017-02-22T13:29Z","BARC.20170222.EPIPHYTON.6","BARC.20170222.EPIPHYTON.6",,1,"CNS",124.0,6.0,1.1,"filter warmed","kludwig@field-ops.org","kludwig@field-ops.org","other (specify in remarks)",
"edd598db-5a58-431a-8794-6f967b6c39fc","D03","BARC","BARC.AOS.riparian.point.06","2017-02-22T13:29Z","BARC.20170222.EPIPHYTON.6","BARC.20170222.EPIPHYTON.6",,1,"P",124.0,6.0,1.1,"filter warmed","kludwig@field-ops.org","kludwig@field-ops.org","other (specify in remarks)",
"fac10c37-01e5-4395-9e6b-105f6ba5c977","D03","BARC","BARC.AOS.riparian.point.06","2017-02-22T13:29Z","BARC.20170222.EPIPHYTON.6","BARC.20170222.EPIPHYTON.6",,2,"chlorophyll/pheophytin",124.0,6.0,1.1,"filter warmed","kludwig@field-ops.org","kludwig@field-ops.org","other (specify in remarks)",
"aad8c558-442d-4421-a545-27bebc28aabf","D03","BARC","BARC.AOS.riparian.point.08","2017-02-22T13:29Z","BARC.20170222.EPIPHYTON.8","BARC.20170222.EPIPHYTON.8",,1,"CN",117.0,6.0,1.2,"filter warmed","kludwig@field-ops.org","kludwig@field-ops.org","other (specify in remarks)",
"d8458c75-da3a-42a5-be7b-444edac58e34","D03","BARC","BARC.AOS.littoral1","2017-02-22T13:29Z","BARC.20170222.PHYTOPLANKTON.2","BARC.20170222.PHYTOPLANKTON.2",,2,"CNS",5000.0,250.0,0.3,"filter warmed","kludwig@field-ops.org","ksandusky@neoninc.org","other (specify in remarks)",
"292ba214-fa15-4326-8ba4-c213459c8583","D03","BARC","BARC.AOS.littoral1","2017-02-22T13:29Z","BARC.20170222.PHYTOPLANKTON.2","BARC.20170222.PHYTOPLANKTON.2",,1,"CN",5000.0,300.0,0.3,"filter warmed","kludwig@field-ops.org","ksandusky@neoninc.org","other (specify in remarks)",
"7c3fd929-5ecc-4e33-a103-1e70b4ba455f","D03","BARC","BARC.AOS.riparian.point.02","2017-02-22T13:29Z","BARC.20170222.EPIPHYTON.2","BARC.20170222.EPIPHYTON.2",,2,"CNS",123.0,9.0,1.0,"filter warmed","jcampbell@field-ops.org","jcampbell@field-ops.org","other (specify in remarks)",
"07445fd8-3357-4117-ae4f-2286f842179b","D03","BARC","BARC.AOS.littoral2","2017-02-22T13:29Z","BARC.20170222.PHYTOPLANKTON.3","BARC.20170222.PHYTOPLANKTON.3",,1,"CNS",5000.0,250.0,1.0,"filter warmed","ksandusky@neoninc.org","ksandusky@neoninc.org","other (specify in remarks)",
"c638125d-4370-4e05-9769-c84cb86a9e74","D03","BARC","BARC.AOS.riparian.point.04","2017-02-22T13:29Z","BARC.20170222.EPIPHYTON.4","BARC.20170222.EPIPHYTON.4",,2,"CNS",121.0,6.0,1.1,"filter warmed","jcampbell@field-ops.org","jcampbell@field-ops.org","other (specify in remarks)",
"c1b2e847-3ebc-4302-8d7b-04c94ff450a7","D03","BARC","BARC.AOS.riparian.point.04","2017-02-22T13:29Z","BARC.20170222.EPIPHYTON.4","BARC.20170222.EPIPHYTON.4",,2,"chlorophyll/pheophytin",121.0,9.0,1.1,"filter warmed","jcampbell@field-ops.org","jcampbell@field-ops.org","other (specify in remarks)",
"d0d0e788-8b35-4107-bfa1-6225b338b8b4","D03","BARC","BARC.AOS.riparian.point.10","2017-02-22T13:29Z","BARC.20170222.EPIPHYTON.10","BARC.20170222.EPIPHYTON.10",,2,"CN",119.0,6.0,1.0,"filter warmed","jcampbell@field-ops.org","jcampbell@field-ops.org","other (specify in remarks)",
"7cb1954d-f849-4bbb-b16a-3d343fd2daab","D03","BARC","BARC.AOS.littoral2","2017-02-22T13:29Z","BARC.20170222.PHYTOPLANKTON.3","BARC.20170222.PHYTOPLANKTON.3",,2,"chlorophyll/pheophytin",5000.0,250.0,1.0,"filter warmed","ksandusky@neoninc.org","ksandusky@neoninc.org","other (specify in remarks)",
"04998702-cef7-4f0f-9688-d98b5ead6883","D03","BARC","BARC.AOS.riparian.point.04","2017-02-22T13:29Z","BARC.20170222.EPIPHYTON.4","BARC.20170222.EPIPHYTON.4",,1,"chlorophyll/pheophytin",121.0,9.0,1.1,"filter warmed","jcampbell@field-ops.org","jcampbell@field-ops.org","other (specify in remarks)",
"c89e51bc-c349-424c-8d25-b94b41bc035d","D03","BARC","BARC.AOS.riparian.point.04","2017-02-22T13:29Z","BARC.20170222.EPIPHYTON.4","BARC.20170222.EPIPHYTON.4",,1,"P",121.0,9.0,1.1,"filter warmed","jcampbell@field-ops.org","jcampbell@field-ops.org","other (specify in remarks)",
"0e1dee93-2885-4729-8ea8-1b139a522663","D03","BARC","BARC.AOS.riparian.point.02","2017-02-22T13:29Z","BARC.20170222.EPIPHYTON.2","BARC.20170222.EPIPHYTON.2",,1,"CN",123.0,6.0,1.0,"filter warmed","jcampbell@field-ops.org","jcampbell@field-ops.org","other (specify in remarks)",
"d121d5da-d035-41db-95c3-4cde7018ced6","D03","BARC","BARC.AOS.riparian.point.02","2017-02-22T13:29Z","BARC.20170222.EPIPHYTON.2","BARC.20170222.EPIPHYTON.2",,2,"chlorophyll/pheophytin",123.0,9.0,1.0,"filter warmed","jcampbell@field-ops.org","jcampbell@field-ops.org","other (specify in remarks)",
"971903f9-8a98-4b43-b93b-f255e564d1dc","D03","BARC","BARC.AOS.littoral2","2017-02-22T13:29Z","BARC.20170222.PHYTOPLANKTON.3","BARC.20170222.PHYTOPLANKTON.3",,1,"chlorophyll/pheophytin",5000.0,250.0,1.0,"filter warmed","ksandusky@neoninc.org","ksandusky@neoninc.org","other (specify in remarks)",
"ebdf65b5-3808-4940-88a3-acd0b09dca53","D03","BARC","BARC.AOS.buoy.c0","2017-02-22T13:29Z","BARC.20170222.PHYTOPLANKTON.1","BARC.20170222.PHYTOPLANKTON.1",,1,"P",5000.0,450.0,0.3,"filter warmed","ksandusky@neoninc.org","kludwig@field-ops.org","other (specify in remarks)",
"03c6e6e2-019f-462d-891d-53ce7361cdff","D03","BARC","BARC.AOS.littoral2","2017-02-22T13:29Z","BARC.20170222.PHYTOPLANKTON.3","BARC.20170222.PHYTOPLANKTON.3",,1,"CN",5000.0,250.0,1.0,"filter warmed","ksandusky@neoninc.org","ksandusky@neoninc.org","other (specify in remarks)",
"3f8fbd7c-4b5c-4f3b-99a3-23761f1f9d4a","D03","BARC","BARC.AOS.littoral1","2017-02-22T13:29Z","BARC.20170222.PHYTOPLANKTON.2","BARC.20170222.PHYTOPLANKTON.2",,1,"CNS",5000.0,250.0,0.3,"filter warmed","kludwig@field-ops.org","ksandusky@neoninc.org","other (specify in remarks)",
"472c2288-90ae-4832-97dc-cadd5644a89e","D03","BARC","BARC.AOS.riparian.point.10","2017-02-22T13:29Z","BARC.20170222.EPIPHYTON.10","BARC.20170222.EPIPHYTON.10",,2,"CNS",119.0,6.0,1.0,"filter warmed","jcampbell@field-ops.org","jcampbell@field-ops.org","other (specify in remarks)",
"b70c5987-b083-404a-a8a3-d74cf01677e4","D03","BARC","BARC.AOS.riparian.point.10","2017-02-22T13:29Z","BARC.20170222.EPIPHYTON.10","BARC.20170222.EPIPHYTON.10",,1,"chlorophyll/pheophytin",119.0,6.0,1.0,"filter warmed","jcampbell@field-ops.org","jcampbell@field-ops.org","other (specify in remarks)",
"4326ba7d-dd91-4d95-9a2f-f6613b32f0c6","D03","BARC","BARC.AOS.littoral2","2017-02-22T13:29Z","BARC.20170222.PHYTOPLANKTON.3","BARC.20170222.PHYTOPLANKTON.3",,2,"CN",5000.0,250.0,1.0,"filter warmed","ksandusky@neoninc.org","ksandusky@neoninc.org","other (specify in remarks)",
"d8e33c4d-c04d-4b6e-8154-b11c2fccee05","D03","BARC","BARC.AOS.littoral1","2017-02-22T13:29Z","BARC.20170222.PHYTOPLANKTON.2","BARC.20170222.PHYTOPLANKTON.2",,2,"CN",5000.0,250.0,0.3,"filter warmed","kludwig@field-ops.org","ksandusky@neoninc.org","other (specify in remarks)",
"b46cc962-e9c2-4cec-b1c9-1dadd71e7997","D03","BARC","BARC.AOS.riparian.point.02","2017-02-22T13:29Z","BARC.20170222.EPIPHYTON.2","BARC.20170222.EPIPHYTON.2",,1,"P",123.0,6.0,1.0,"filter warmed","jcampbell@field-ops.org","jcampbell@field-ops.org","other (specify in remarks)",
"395bd59b-e343-406f-a8e9-2622409c95e9","D03","BARC","BARC.AOS.littoral1","2017-02-22T13:29Z","BARC.20170222.PHYTOPLANKTON.2","BARC.20170222.PHYTOPLANKTON.2",,1,"P",5000.0,250.0,0.3,"filter warmed","kludwig@field-ops.org","ksandusky@neoninc.org","other (specify in remarks)",
"adca29d1-7ac0-452c-80b7-4180b00d897d","D03","BARC","BARC.AOS.riparian.point.04","2017-02-22T13:29Z","BARC.20170222.EPIPHYTON.4","BARC.20170222.EPIPHYTON.4",,2,"CN",121.0,6.0,1.1,"filter warmed","jcampbell@field-ops.org","jcampbell@field-ops.org","other (specify in remarks)",
"d9051182-3d8e-4a75-97ad-6943542f6f4a","D03","BARC","BARC.AOS.riparian.point.02","2017-02-22T13:29Z","BARC.20170222.EPIPHYTON.2","BARC.20170222.EPIPHYTON.2",,2,"CN",123.0,6.0,1.0,"filter warmed","jcampbell@field-ops.org","jcampbell@field-ops.org","other (specify in remarks)",
"6b08d84e-c535-43b2-b28b-3e472d91fff7","D03","BARC","BARC.AOS.riparian.point.04","2017-02-22T13:29Z","BARC.20170222.EPIPHYTON.4","BARC.20170222.EPIPHYTON.4",,1,"CNS",121.0,6.0,1.1,"filter warmed","jcampbell@field-ops.org","jcampbell@field-ops.org","other (specify in remarks)",
"95bacb96-21ed-46b9-985f-182c86f88fbd","D03","BARC","BARC.AOS.riparian.point.10","2017-02-22T13:29Z","BARC.20170222.EPIPHYTON.10","BARC.20170222.EPIPHYTON.10",,1,"P",119.0,6.0,1.0,"filter warmed","jcampbell@field-ops.org","jcampbell@field-ops.org","other (specify in remarks)",
"b01abc3a-d7e0-4678-9905-cbcfd30c56a9","D03","BARC","BARC.AOS.buoy.c0","2017-02-22T13:29Z","BARC.20170222.PHYTOPLANKTON.1","BARC.20170222.PHYTOPLANKTON.1",,2,"CN",5000.0,450.0,0.3,"filter warmed","ksandusky@neoninc.org","kludwig@field-ops.org","other (specify in remarks)",
"29ca6525-7dfa-4dea-80ff-490934499b5e","D03","BARC","BARC.AOS.littoral1","2017-02-22T13:29Z","BARC.20170222.PHYTOPLANKTON.2","BARC.20170222.PHYTOPLANKTON.2",,1,"chlorophyll/pheophytin",5000.0,300.0,0.3,"filter warmed","kludwig@field-ops.org","ksandusky@neoninc.org","other (specify in remarks)",
"7c038585-1527-4bf1-9ed9-0177211f0a2e","D03","BARC","BARC.AOS.riparian.point.10","2017-02-22T13:29Z","BARC.20170222.EPIPHYTON.10","BARC.20170222.EPIPHYTON.10",,1,"CN",119.0,6.0,1.0,"filter warmed","jcampbell@field-ops.org","jcampbell@field-ops.org","other (specify in remarks)",
"eef5a60e-f42a-4e7b-8a32-241b477ad552","D03","BARC","BARC.AOS.riparian.point.02","2017-02-22T13:29Z","BARC.20170222.EPIPHYTON.2","BARC.20170222.EPIPHYTON.2",,1,"CNS",123.0,6.0,1.0,"filter warmed","jcampbell@field-ops.org","jcampbell@field-ops.org","other (specify in remarks)",
"8439e159-64b8-4122-af61-240d687e38b7","D03","BARC","BARC.AOS.riparian.point.10","2017-02-22T13:29Z","BARC.20170222.EPIPHYTON.10","BARC.20170222.EPIPHYTON.10",,2,"chlorophyll/pheophytin",119.0,6.0,1.0,"filter warmed","jcampbell@field-ops.org","jcampbell@field-ops.org","other (specify in remarks)",
"de5f5de5-26eb-4d33-90a6-f0705225de9b","D03","BARC","BARC.AOS.littoral2","2017-02-22T13:29Z","BARC.20170222.PHYTOPLANKTON.3","BARC.20170222.PHYTOPLANKTON.3",,1,"P",5000.0,250.0,1.0,"filter warmed","ksandusky@neoninc.org","ksandusky@neoninc.org","other (specify in remarks)",
"f4810ee6-d0b8-4dd6-b5b9-382c3074efd1","D03","BARC","BARC.AOS.riparian.point.10","2017-02-22T13:29Z","BARC.20170222.EPIPHYTON.10","BARC.20170222.EPIPHYTON.10",,1,"CNS",119.0,6.0,1.0,"filter warmed","jcampbell@field-ops.org","jcampbell@field-ops.org","other (specify in remarks)",
"821b45ba-ee9e-4234-9c2f-bdce4d28d33e","D03","BARC","BARC.AOS.riparian.point.02","2017-02-22T13:29Z","BARC.20170222.EPIPHYTON.2","BARC.20170222.EPIPHYTON.2",,1,"chlorophyll/pheophytin",123.0,9.0,1.0,"filter warmed","jcampbell@field-ops.org","jcampbell@field-ops.org","other (specify in remarks)",
"2198e291-ca72-4a39-9119-973cf8949d35","D03","BARC","BARC.AOS.buoy.c0","2017-02-22T13:29Z","BARC.20170222.PHYTOPLANKTON.1","BARC.20170222.PHYTOPLANKTON.1",,1,"CNS",5000.0,450.0,0.3,"filter warmed","ksandusky@neoninc.org","kludwig@field-ops.org","other (specify in remarks)",
"0705c30f-b3d1-40ae-bc66-5bac61a4421d","D03","BARC","BARC.AOS.riparian.point.04","2017-02-22T13:29Z","BARC.20170222.EPIPHYTON.4","BARC.20170222.EPIPHYTON.4",,1,"CN",121.0,6.0,1.1,"filter warmed","jcampbell@field-ops.org","jcampbell@field-ops.org","other (specify in remarks)",
"9694e830-111e-4f4f-9f73-91bf9c884373","D03","BARC","BARC.AOS.littoral1","2017-02-22T13:29Z","BARC.20170222.PHYTOPLANKTON.2","BARC.20170222.PHYTOPLANKTON.2",,2,"chlorophyll/pheophytin",5000.0,300.0,0.3,"filter warmed","kludwig@field-ops.org","ksandusky@neoninc.org","other (specify in remarks)",
"3b6fbc65-b7dc-4712-8afe-a0a276a8e6d0","D03","BARC","BARC.AOS.buoy.c0","2017-02-22T13:29Z","BARC.20170222.PHYTOPLANKTON.1","BARC.20170222.PHYTOPLANKTON.1",,2,"CNS",5000.0,450.0,0.3,"filter warmed","ksandusky@neoninc.org","kludwig@field-ops.org","other (specify in remarks)",
"2572ccb5-419d-4f71-a972-cb59dce28465","D03","BARC","BARC.AOS.buoy.c0","2017-02-22T13:29Z","BARC.20170222.PHYTOPLANKTON.1","BARC.20170222.PHYTOPLANKTON.1",,1,"CN",5000.0,450.0,0.3,"filter warmed","ksandusky@neoninc.org","kludwig@field-ops.org","other (specify in remarks)",
"f7ad6ca8-2385-413e-b098-d937ed712b6e","D03","BARC","BARC.AOS.littoral2","2017-02-22T13:29Z","BARC.20170222.PHYTOPLANKTON.3","BARC.20170222.PHYTOPLANKTON.3",,2,"CNS",5000.0,250.0,1.0,"filter warmed","ksandusky@neoninc.org","ksandusky@neoninc.org","other (specify in remarks)",
"d903b189-e92e-44fc-a372-e4e8065582be","D03","BARC","BARC.AOS.buoy.c0","2017-02-22T13:29Z","BARC.20170222.PHYTOPLANKTON.1","BARC.20170222.PHYTOPLANKTON.1",,1,"chlorophyll/pheophytin",5000.0,450.0,0.3,"filter warmed","ksandusky@neoninc.org","kludwig@field-ops.org","other (specify in remarks)",
"77139b5b-39c5-4d34-b365-bf1b19068e1e","D03","BARC","BARC.AOS.buoy.c0","2017-02-22T13:29Z","BARC.20170222.PHYTOPLANKTON.1","BARC.20170222.PHYTOPLANKTON.1",,2,"chlorophyll/pheophytin",5000.0,450.0,0.3,"filter warmed","ksandusky@neoninc.org","kludwig@field-ops.org","other (specify in remarks)",
