uid,domainID,siteID,namedLocation,collectDate,parentSampleID,sampleID,sampleCode,filterNumber,analysisType,fieldSampleVolume,domainFilterVolume,storageDays,remarks,measuredBy,recordedBy,sampleCondition,dataQF
"97a6bc97-453f-46c7-b01c-7f2a4301266a","D18","TOOK","TOOK.AOS.riparian.point.04","2021-07-08T18:08Z","TOOK.20210708.EPILITHON.4","TOOK.20210708.EPILITHON.4.CNSA.1","A00000305417",1,"CNSa",125.0,5.0,0.2,,"0000-0001-5131-1181","0000-0003-4502-2505","OK",
"022de307-4d76-40a9-bcb9-f0cae93df388","D18","TOOK","TOOK.AOS.littoral1","2021-07-08T18:08Z","TOOK.20210708.PHYTOPLANKTON.2","TOOK.20210708.PHYTOPLANKTON.2.P.1","A00000305201",1,"P",4000.0,500.0,0.2,,"0000-0001-5131-1181","0000-0003-4502-2505","OK",
"5dded361-7212-4c26-a64f-4b39a55367b7","D18","TOOK","TOOK.AOS.riparian.point.06","2021-07-08T18:08Z","TOOK.20210708.EPILITHON.6","TOOK.20210708.EPILITHON.6.REP2.CNSB.2","A00000305399",2,"CNSb",125.0,5.0,0.3,,"0000-0001-5131-1181","0000-0003-4502-2505","OK",
"319ca230-365c-432c-bbc3-c3126f352214","D18","TOOK","TOOK.AOS.riparian.point.10","2021-07-08T18:08Z","TOOK.20210708.EPILITHON.10","TOOK.20210708.EPILITHON.10.CNSA.1","A00000305428",1,"CNSa",125.0,5.0,0.3,,"0000-0001-5131-1181","0000-0003-4502-2505","OK",
"176ce34a-83e4-4c9c-aab8-18d7c1da935b","D18","TOOK","TOOK.AOS.riparian.point.02","2021-07-08T18:08Z","TOOK.20210708.EPILITHON.2","TOOK.20210708.EPILITHON.2.P.1","A00000305205",1,"P",125.0,5.0,0.2,,"0000-0001-5131-1181","0000-0003-4502-2505","OK",
"4fd8b5f3-185f-4f19-8326-b33f4f97a581","D18","TOOK","TOOK.AOS.riparian.point.10","2021-07-08T18:08Z","TOOK.20210708.EPILITHON.10","TOOK.20210708.EPILITHON.10.P.1","A00000305430",1,"P",125.0,5.0,0.3,,"0000-0001-5131-1181","0000-0003-4502-2505","OK",
"b9be37f7-4003-4305-bc78-fc7c92628504","D18","TOOK","TOOK.AOS.littoral1","2021-07-08T18:08Z","TOOK.20210708.PHYTOPLANKTON.2","TOOK.20210708.PHYTOPLANKTON.2.CNSA.1","A00000305185",1,"CNSa",4000.0,500.0,0.2,,"0000-0001-5131-1181","0000-0003-4502-2505","OK",
"1758f910-dacb-4f83-8611-55b1b454850d","D18","TOOK","TOOK.AOS.riparian.point.04","2021-07-08T18:08Z","TOOK.20210708.EPILITHON.4","TOOK.20210708.EPILITHON.4.P.1","A00000305432",1,"P",125.0,5.0,0.2,,"0000-0001-5131-1181","0000-0003-4502-2505","OK",
"439e6fc4-f516-45f7-a8e3-6ae7fd603dc3","D18","TOOK","TOOK.AOS.riparian.point.06","2021-07-08T18:08Z","TOOK.20210708.EPILITHON.6","TOOK.20210708.EPILITHON.6.REP2.CNSA.2","A00000305415",2,"CNSa",125.0,5.0,0.3,,"0000-0001-5131-1181","0000-0003-4502-2505","OK",
"af2b8200-1505-4889-be08-6ccd9a6b2a7c","D18","TOOK","TOOK.AOS.littoral2","2021-07-08T18:08Z","TOOK.20210708.PHYTOPLANKTON.3","TOOK.20210708.PHYTOPLANKTON.3.CHL/PHEO.1","B00000127085",1,"chlorophyll/pheophytin",4000.0,250.0,0.2,,"0000-0001-5131-1181","0000-0003-4502-2505","OK",
"ec26e527-f585-4f04-a2b2-d7dec16ab90d","D18","TOOK","TOOK.AOS.littoral1","2021-07-08T18:08Z","TOOK.20210708.PHYTOPLANKTON.2","TOOK.20210708.PHYTOPLANKTON.2.CNSB.1","A00000305186",1,"CNSb",4000.0,500.0,0.2,,"0000-0001-5131-1181","0000-0003-4502-2505","OK",
"f69fad32-1103-4c67-9417-8ef3d6b29150","D18","TOOK","TOOK.AOS.riparian.point.10","2021-07-08T18:08Z","TOOK.20210708.EPILITHON.10","TOOK.20210708.EPILITHON.10.CHL/PHEO.1","B00000127091",1,"chlorophyll/pheophytin",125.0,5.0,0.3,,"0000-0001-5131-1181","0000-0003-4502-2505","OK",
"b16478e2-2fd3-4d4e-88b2-af9eae00b011","D18","TOOK","TOOK.AOS.buoy.c1","2021-07-08T18:08Z","TOOK.20210708.PHYTOPLANKTON.1","TOOK.20210708.PHYTOPLANKTON.1.CNSB.1","A00000305172",1,"CNSb",4000.0,500.0,0.2,,"0000-0001-5131-1181","0000-0003-4502-2505","OK",
"3c98eed7-b48e-42a9-b781-1a9f3aa206b8","D18","TOOK","TOOK.AOS.riparian.point.02","2021-07-08T18:08Z","TOOK.20210708.EPILITHON.2","TOOK.20210708.EPILITHON.2.CNSB.1","A00000305204",1,"CNSb",125.0,5.0,0.2,,"0000-0001-5131-1181","0000-0003-4502-2505","OK",
"1996962d-85e7-475f-8b65-4e28d1fc6dba","D18","TOOK","TOOK.AOS.riparian.point.08","2021-07-08T18:08Z","TOOK.20210708.EPILITHON.8","TOOK.20210708.EPILITHON.8.CHL/PHEO.1","B00000127090",1,"chlorophyll/pheophytin",125.0,5.0,0.3,,"0000-0001-5131-1181","0000-0003-4502-2505","OK",
"13ab7c2b-e13b-4a83-a57c-15755493b88f","D18","TOOK","TOOK.AOS.riparian.point.06","2021-07-08T18:08Z","TOOK.20210708.EPILITHON.6","TOOK.20210708.EPILITHON.6.CNSB.1","A00000305352",1,"CNSb",125.0,5.0,0.3,,"0000-0001-5131-1181","0000-0003-4502-2505","OK",
"be860d28-6f1a-40d8-abe1-03b3ae003c05","D18","TOOK","TOOK.AOS.littoral1","2021-07-08T18:08Z","TOOK.20210708.PHYTOPLANKTON.2","TOOK.20210708.PHYTOPLANKTON.2.CHL/PHEO.1","B00000127083",1,"chlorophyll/pheophytin",4000.0,250.0,0.2,,"0000-0001-5131-1181","0000-0003-4502-2505","OK",
"cef53970-3e39-42a8-a8a6-f3fe2ef55102","D18","TOOK","TOOK.AOS.littoral2","2021-07-08T18:08Z","TOOK.20210708.PHYTOPLANKTON.3","TOOK.20210708.PHYTOPLANKTON.3.CNSB.1","A00000305188",1,"CNSb",4000.0,500.0,0.2,,"0000-0001-5131-1181","0000-0003-4502-2505","OK",
"e7508766-ed14-452d-aa3d-399e3f7b287c","D18","TOOK","TOOK.AOS.littoral2","2021-07-08T18:08Z","TOOK.20210708.PHYTOPLANKTON.3","TOOK.20210708.PHYTOPLANKTON.3.P.1","A00000305189",1,"P",4000.0,500.0,0.2,,"0000-0001-5131-1181","0000-0003-4502-2505","OK",
"0d4077d2-6d6e-4427-9251-fcc3a19f69a3","D18","TOOK","TOOK.AOS.buoy.c1","2021-07-08T18:08Z","TOOK.20210708.PHYTOPLANKTON.1","TOOK.20210708.PHYTOPLANKTON.1.P.1","A00000305157",1,"P",4000.0,500.0,0.2,,"0000-0001-5131-1181","0000-0003-4502-2505","OK",
"92a8f0b6-a3f1-4e65-ac2a-cc0babd4027d","D18","TOOK","TOOK.AOS.riparian.point.08","2021-07-08T18:08Z","TOOK.20210708.EPILITHON.8","TOOK.20210708.EPILITHON.8.CNSB.1","A00000305351",1,"CNSb",125.0,5.0,0.3,,"0000-0001-5131-1181","0000-0003-4502-2505","OK",
"78fcd20f-7612-4246-a274-09d183895093","D18","TOOK","TOOK.AOS.buoy.c1","2021-07-08T18:08Z","TOOK.20210708.PHYTOPLANKTON.1","TOOK.20210708.PHYTOPLANKTON.1.CHL/PHEO.1","B00000127086",1,"chlorophyll/pheophytin",4000.0,500.0,0.2,,"0000-0001-5131-1181","0000-0003-4502-2505","OK",
"c165248c-9ca3-4b5c-a7b9-fa74be926382","D18","TOOK","TOOK.AOS.buoy.c1","2021-07-08T18:08Z","TOOK.20210708.PHYTOPLANKTON.1","TOOK.20210708.PHYTOPLANKTON.1.CNSA.1","A00000305156",1,"CNSa",4000.0,500.0,0.2,,"0000-0001-5131-1181","0000-0003-4502-2505","OK",
"959cd2f2-7b95-48d3-8308-884c015e8c7a","D18","TOOK","TOOK.AOS.littoral2","2021-07-08T18:08Z","TOOK.20210708.PHYTOPLANKTON.3","TOOK.20210708.PHYTOPLANKTON.3.CNSA.1","A00000305187",1,"CNSa",4000.0,500.0,0.2,,"0000-0001-5131-1181","0000-0003-4502-2505","OK",
"1d0fdb3c-eaca-4ca4-be16-0d9304d43faa","D18","TOOK","TOOK.AOS.riparian.point.10","2021-07-08T18:08Z","TOOK.20210708.EPILITHON.10","TOOK.20210708.EPILITHON.10.CNSB.1","A00000305429",1,"CNSb",125.0,5.0,0.3,,"0000-0001-5131-1181","0000-0003-4502-2505","OK",
"65c243d3-8852-436a-988a-b564b8d04024","D18","TOOK","TOOK.AOS.riparian.point.04","2021-07-08T18:08Z","TOOK.20210708.EPILITHON.4","TOOK.20210708.EPILITHON.4.CHL/PHEO.1","B00000127087",1,"chlorophyll/pheophytin",125.0,5.0,0.2,,"0000-0001-5131-1181","0000-0003-4502-2505","OK",
"263a958c-f330-4646-8c51-b69730d310a1","D18","TOOK","TOOK.AOS.riparian.point.06","2021-07-08T18:08Z","TOOK.20210708.EPILITHON.6","TOOK.20210708.EPILITHON.6.CHL/PHEO.1","B00000127089",1,"chlorophyll/pheophytin",125.0,2.0,0.3,,"0000-0001-5131-1181","0000-0003-4502-2505","OK",
"f632a7b9-a018-4d6d-b8da-3328f19b64a8","D18","TOOK","TOOK.AOS.riparian.point.02","2021-07-08T18:08Z","TOOK.20210708.EPILITHON.2","TOOK.20210708.EPILITHON.2.CNSA.1","A00000305206",1,"CNSa",125.0,5.0,0.2,,"0000-0001-5131-1181","0000-0003-4502-2505","OK",
"a9ef2cf9-feef-47d3-b8cd-d1c90e23f732","D18","TOOK","TOOK.AOS.riparian.point.08","2021-07-08T18:08Z","TOOK.20210708.EPILITHON.8","TOOK.20210708.EPILITHON.8.CNSA.1","A00000305367",1,"CNSa",125.0,5.0,0.3,,"0000-0001-5131-1181","0000-0003-4502-2505","OK",
"cfda0a5a-871f-40bd-b5e5-77278e96fd8c","D18","TOOK","TOOK.AOS.riparian.point.06","2021-07-08T18:08Z","TOOK.20210708.EPILITHON.6","TOOK.20210708.EPILITHON.6.REP2.P.2","A00000305383",2,"P",125.0,5.0,0.3,,"0000-0001-5131-1181","0000-0003-4502-2505","OK",
"da6374f7-c5eb-4bed-9a99-a1e066518160","D18","TOOK","TOOK.AOS.riparian.point.04","2021-07-08T18:08Z","TOOK.20210708.EPILITHON.4","TOOK.20210708.EPILITHON.4.CNSB.1","A00000305433",1,"CNSb",125.0,5.0,0.2,,"0000-0001-5131-1181","0000-0003-4502-2505","OK",
"ff0beb92-9730-4b21-a502-99c726778a74","D18","TOOK","TOOK.AOS.riparian.point.06","2021-07-08T18:08Z","TOOK.20210708.EPILITHON.6","TOOK.20210708.EPILITHON.6.REP2.CHL/PHEO.2","B00000127088",2,"chlorophyll/pheophytin",125.0,2.0,0.3,,"0000-0001-5131-1181","0000-0003-4502-2505","OK",
"8b5a8e2c-6a3e-4f36-b4f8-d8c684841cf4","D18","TOOK","TOOK.AOS.riparian.point.02","2021-07-08T18:08Z","TOOK.20210708.EPILITHON.2","TOOK.20210708.EPILITHON.2.CHL/PHEO.1","B00000127084",1,"chlorophyll/pheophytin",125.0,5.0,0.2,,"0000-0001-5131-1181","0000-0003-4502-2505","OK",
"64215e16-2df2-4869-a6ac-c9e5b07fbc08","D18","TOOK","TOOK.AOS.riparian.point.06","2021-07-08T18:08Z","TOOK.20210708.EPILITHON.6","TOOK.20210708.EPILITHON.6.CNSA.1","A00000305368",1,"CNSa",125.0,5.0,0.3,,"0000-0001-5131-1181","0000-0003-4502-2505","OK",
"00700bb6-776f-47e2-be21-7ada87cc5689","D18","TOOK","TOOK.AOS.riparian.point.06","2021-07-08T18:08Z","TOOK.20210708.EPILITHON.6","TOOK.20210708.EPILITHON.6.P.1","A00000305431",1,"P",125.0,5.0,0.3,,"0000-0001-5131-1181","0000-0003-4502-2505","OK",
"5fa90a16-b8b6-4fd4-9657-8bdc61100151","D18","TOOK","TOOK.AOS.riparian.point.08","2021-07-08T18:08Z","TOOK.20210708.EPILITHON.8","TOOK.20210708.EPILITHON.8.P.1","A00000305350",1,"P",125.0,5.0,0.3,,"0000-0001-5131-1181","0000-0003-4502-2505","OK",
"de3d5c8a-a36c-4968-bdb4-4b066c40fa57","D18","TOOK","TOOK.AOS.littoral1","2021-07-29T17:45Z","TOOK.20210729.PHYTOPLANKTON.2","TOOK.20210729.PHYTOPLANKTON.2.CHL/PHEO.1","B00000127102",1,"chlorophyll/pheophytin",4000.0,500.0,0.2,,"0000-0001-5131-1181","0000-0003-4502-2505","OK",
"6c1294ad-3f98-4ae4-a8fc-1b57c92d3cc5","D18","TOOK","TOOK.AOS.riparian.point.07","2021-07-29T17:45Z","TOOK.20210729.EPILITHON.8","TOOK.20210729.EPILITHON.8.CNSB.1","A00000305471",1,"CNSb",125.0,5.0,0.2,,"0000-0001-5131-1181","0000-0003-4502-2505","OK",
"884453ad-f4aa-4d71-af53-ef61ab79e54c","D18","TOOK","TOOK.AOS.riparian.point.05","2021-07-29T17:45Z","TOOK.20210729.EPILITHON.6","TOOK.20210729.EPILITHON.6.CNSB.1","A00000305456",1,"CNSb",125.0,5.0,0.2,,"0000-0001-5131-1181","0000-0003-4502-2505","OK",
"0aead604-6e65-4aeb-89e1-2046cd9a8091","D18","TOOK","TOOK.AOS.riparian.point.09","2021-07-29T17:45Z","TOOK.20210729.EPILITHON.10","TOOK.20210729.EPILITHON.10.CHL/PHEO.1","B00000127109",1,"chlorophyll/pheophytin",125.0,5.0,0.2,,"0000-0001-5131-1181","0000-0003-4502-2505","OK",
"2730add4-7a13-4a6b-b4d7-48381960acde","D18","TOOK","TOOK.AOS.riparian.point.09","2021-07-29T17:45Z","TOOK.20210729.EPILITHON.10","TOOK.20210729.EPILITHON.10.P.1","A00000305488",1,"P",125.0,5.0,0.2,,"0000-0001-5131-1181","0000-0003-4502-2505","OK",
"0b4691f9-1405-4011-9569-fa1f7ff8343c","D18","TOOK","TOOK.AOS.littoral1","2021-07-29T17:45Z","TOOK.20210729.PHYTOPLANKTON.2","TOOK.20210729.PHYTOPLANKTON.2.P.1","A00000305461",1,"P",4000.0,500.0,0.2,,"0000-0001-5131-1181","0000-0003-4502-2505","OK",
"2c4d0585-c0f5-49c0-a862-c0fe32de83c3","D18","TOOK","TOOK.AOS.riparian.point.03","2021-07-29T17:45Z","TOOK.20210729.EPILITHON.4","TOOK.20210729.EPILITHON.4.REP2.P.2","A00000305485",2,"P",125.0,5.0,0.2,,"0000-0001-5131-1181","0000-0003-4502-2505","OK",
"f7639590-b141-441f-8c35-77ddb3689daa","D18","TOOK","TOOK.AOS.riparian.point.03","2021-07-29T17:45Z","TOOK.20210729.EPILITHON.4","TOOK.20210729.EPILITHON.4.REP2.CHL/PHEO.2","B00000127106",2,"chlorophyll/pheophytin",125.0,5.0,0.2,,"0000-0001-5131-1181","0000-0003-4502-2505","OK",
"c68fb44a-0783-410d-8c6b-cce96272947e","D18","TOOK","TOOK.AOS.littoral2","2021-07-29T17:45Z","TOOK.20210729.PHYTOPLANKTON.3","TOOK.20210729.PHYTOPLANKTON.3.CHL/PHEO.1","B00000127103",1,"chlorophyll/pheophytin",4000.0,500.0,0.2,,"0000-0001-5131-1181","0000-0003-4502-2505","OK",
"d90007b1-e18a-4a94-addd-9ba2adeadedc","D18","TOOK","TOOK.AOS.riparian.point.03","2021-07-29T17:45Z","TOOK.20210729.EPILITHON.4","TOOK.20210729.EPILITHON.4.CNSA.1","A00000305453",1,"CNSa",125.0,5.0,0.2,,"0000-0001-5131-1181","0000-0003-4502-2505","OK",
"97c2cbb9-8c48-4236-a39d-2293f23b9978","D18","TOOK","TOOK.AOS.riparian.point.05","2021-07-29T17:45Z","TOOK.20210729.EPILITHON.6","TOOK.20210729.EPILITHON.6.CHL/PHEO.1","B00000127107",1,"chlorophyll/pheophytin",125.0,5.0,0.2,,"0000-0001-5131-1181","0000-0003-4502-2505","OK",
"5e96c889-eb39-4b85-a134-4e74aa497cdb","D18","TOOK","TOOK.AOS.riparian.point.03","2021-07-29T17:45Z","TOOK.20210729.EPILITHON.4","TOOK.20210729.EPILITHON.4.CNSB.1","A00000305454",1,"CNSb",125.0,5.0,0.2,,"0000-0001-5131-1181","0000-0003-4502-2505","OK",
"975ed051-0f17-4d1b-ba92-1d10bf6e23d6","D18","TOOK","TOOK.AOS.riparian.point.07","2021-07-29T17:45Z","TOOK.20210729.EPILITHON.8","TOOK.20210729.EPILITHON.8.CHL/PHEO.1","B00000127108",1,"chlorophyll/pheophytin",125.0,5.0,0.2,,"0000-0001-5131-1181","0000-0003-4502-2505","OK",
"630f4af0-c5e7-4862-9946-07f9bfb28cd9","D18","TOOK","TOOK.AOS.riparian.point.03","2021-07-29T17:45Z","TOOK.20210729.EPILITHON.4","TOOK.20210729.EPILITHON.4.CHL/PHEO.1","B00000127105",1,"chlorophyll/pheophytin",125.0,5.0,0.2,,"0000-0001-5131-1181","0000-0003-4502-2505","OK",
"96a21381-f82e-422e-a31c-cc27a7a57ebd","D18","TOOK","TOOK.AOS.riparian.point.07","2021-07-29T17:45Z","TOOK.20210729.EPILITHON.8","TOOK.20210729.EPILITHON.8.CNSA.1","A00000305486",1,"CNSa",125.0,5.0,0.2,,"0000-0001-5131-1181","0000-0003-4502-2505","OK",
"86f8fe16-2a08-404e-8c9e-5b9696054e07","D18","TOOK","TOOK.AOS.littoral1","2021-07-29T17:45Z","TOOK.20210729.PHYTOPLANKTON.2","TOOK.20210729.PHYTOPLANKTON.2.CNSB.1","A00000305493",1,"CNSb",4000.0,500.0,0.2,,"0000-0001-5131-1181","0000-0003-4502-2505","OK",
"d3a20691-32ba-4a3e-a235-00c28505636f","D18","TOOK","TOOK.AOS.buoy.c1","2021-07-29T17:45Z","TOOK.20210729.PHYTOPLANKTON.1","TOOK.20210729.PHYTOPLANKTON.1.CNSA.1","A00000305445",1,"CNSa",4000.0,500.0,0.2,,"0000-0001-5131-1181","0000-0003-4502-2505","OK",
"a8d56e93-adf9-4cb8-89d2-b2b1b4457211","D18","TOOK","TOOK.AOS.riparian.point.01","2021-07-29T17:45Z","TOOK.20210729.EPILITHON.2","TOOK.20210729.EPILITHON.2.CHL/PHEO.1","B00000127104",1,"chlorophyll/pheophytin",125.0,5.0,0.2,,"0000-0001-5131-1181","0000-0003-4502-2505","OK",
"70e5a16d-c926-4412-b586-d46dd9c2c685","D18","TOOK","TOOK.AOS.riparian.point.03","2021-07-29T17:45Z","TOOK.20210729.EPILITHON.4","TOOK.20210729.EPILITHON.4.REP2.CNSB.2","A00000305470",2,"CNSb",125.0,5.0,0.2,,"0000-0001-5131-1181","0000-0003-4502-2505","OK",
"1536a052-93a8-4a73-aa0a-3b0f4f2cc6e8","D18","TOOK","TOOK.AOS.littoral1","2021-07-29T17:45Z","TOOK.20210729.PHYTOPLANKTON.2","TOOK.20210729.PHYTOPLANKTON.2.CNSA.1","A00000305444",1,"CNSa",4000.0,500.0,0.2,,"0000-0001-5131-1181","0000-0003-4502-2505","OK",
"304bdf0b-d488-4ec8-bdc2-1fc69248b15f","D18","TOOK","TOOK.AOS.riparian.point.05","2021-07-29T17:45Z","TOOK.20210729.EPILITHON.6","TOOK.20210729.EPILITHON.6.CNSA.1","A00000305455",1,"CNSa",125.0,5.0,0.2,,"0000-0001-5131-1181","0000-0003-4502-2505","OK",
"3aedcf5d-0de0-4ddb-9d7e-f270d6358b28","D18","TOOK","TOOK.AOS.littoral2","2021-07-29T17:45Z","TOOK.20210729.PHYTOPLANKTON.3","TOOK.20210729.PHYTOPLANKTON.3.CNSA.1","A00000305459",1,"CNSa",4000.0,500.0,0.2,,"0000-0001-5131-1181","0000-0003-4502-2505","OK",
"a31db31a-4392-4402-8505-edf54dde0fa6","D18","TOOK","TOOK.AOS.buoy.c1","2021-07-29T17:45Z","TOOK.20210729.PHYTOPLANKTON.1","TOOK.20210729.PHYTOPLANKTON.1.CNSB.1","A00000305462",1,"CNSb",4000.0,500.0,0.2,,"0000-0001-5131-1181","0000-0003-4502-2505","OK",
"16562fde-9aa6-44ac-9ba7-421b29c4208d","D18","TOOK","TOOK.AOS.riparian.point.01","2021-07-29T17:45Z","TOOK.20210729.EPILITHON.2","TOOK.20210729.EPILITHON.2.CNSA.1","A00000305437",1,"CNSa",125.0,5.0,0.2,,"0000-0001-5131-1181","0000-0003-4502-2505","OK",
"2c78d6ce-bb33-41f1-b020-232901661a0b","D18","TOOK","TOOK.AOS.buoy.c1","2021-07-29T17:45Z","TOOK.20210729.PHYTOPLANKTON.1","TOOK.20210729.PHYTOPLANKTON.1.P.1","A00000305446",1,"P",4000.0,500.0,0.2,,"0000-0001-5131-1181","0000-0003-4502-2505","OK",
"a35ed93b-99fa-4304-af0f-25e4e673ddf2","D18","TOOK","TOOK.AOS.littoral2","2021-07-29T17:45Z","TOOK.20210729.PHYTOPLANKTON.3","TOOK.20210729.PHYTOPLANKTON.3.CNSB.1","A00000305443",1,"CNSb",4000.0,500.0,0.2,,"0000-0001-5131-1181","0000-0003-4502-2505","OK",
"e7085524-fc65-4a54-a9e9-ce7b741fc3f3","D18","TOOK","TOOK.AOS.buoy.c1","2021-07-29T17:45Z","TOOK.20210729.PHYTOPLANKTON.1","TOOK.20210729.PHYTOPLANKTON.1.CHL/PHEO.1","B00000127101",1,"chlorophyll/pheophytin",4000.0,500.0,0.2,,"0000-0001-5131-1181","0000-0003-4502-2505","OK",
"9972df63-67d1-45f6-a3f2-874d607aba69","D18","TOOK","TOOK.AOS.riparian.point.09","2021-07-29T17:45Z","TOOK.20210729.EPILITHON.10","TOOK.20210729.EPILITHON.10.CNSA.1","A00000305502",1,"CNSa",125.0,5.0,0.2,,"0000-0001-5131-1181","0000-0003-4502-2505","OK",
"a3b15658-60ed-4244-a8ea-5fffb84a65a9","D18","TOOK","TOOK.AOS.riparian.point.09","2021-07-29T17:45Z","TOOK.20210729.EPILITHON.10","TOOK.20210729.EPILITHON.10.CNSB.1","A00000305472",1,"CNSb",125.0,5.0,0.2,,"0000-0001-5131-1181","0000-0003-4502-2505","OK",
"55fdd35d-5d6a-46f5-8f8b-d036291f82cc","D18","TOOK","TOOK.AOS.riparian.point.01","2021-07-29T17:45Z","TOOK.20210729.EPILITHON.2","TOOK.20210729.EPILITHON.2.CNSB.1","A00000305457",1,"CNSb",125.0,5.0,0.2,,"0000-0001-5131-1181","0000-0003-4502-2505","OK",
"66f2c2b7-bd96-4626-bfeb-65de1d8a6b9a","D18","TOOK","TOOK.AOS.littoral2","2021-07-29T17:45Z","TOOK.20210729.PHYTOPLANKTON.3","TOOK.20210729.PHYTOPLANKTON.3.P.1","A00000305460",1,"P",4000.0,500.0,0.2,,"0000-0001-5131-1181","0000-0003-4502-2505","OK",
"7e8132e3-e6ae-450f-9568-f6be4b318b49","D18","TOOK","TOOK.AOS.riparian.point.03","2021-07-29T17:45Z","TOOK.20210729.EPILITHON.4","TOOK.20210729.EPILITHON.4.P.1","A00000305517",1,"P",125.0,5.0,0.2,,"0000-0001-5131-1181","0000-0003-4502-2505","OK",
"9752dcd1-9efc-4b7d-a92a-1070fbbe3f15","D18","TOOK","TOOK.AOS.riparian.point.01","2021-07-29T17:45Z","TOOK.20210729.EPILITHON.2","TOOK.20210729.EPILITHON.2.P.1","A00000305438",1,"P",125.0,5.0,0.2,,"0000-0001-5131-1181","0000-0003-4502-2505","OK",
"d5e20219-81d2-432d-89cd-4c98c8a18dfa","D18","TOOK","TOOK.AOS.riparian.point.05","2021-07-29T17:45Z","TOOK.20210729.EPILITHON.6","TOOK.20210729.EPILITHON.6.P.1","A00000305501",1,"P",125.0,5.0,0.2,,"0000-0001-5131-1181","0000-0003-4502-2505","OK",
"2de63d6e-ceae-4c3a-9ebe-be5ea2a7852c","D18","TOOK","TOOK.AOS.riparian.point.07","2021-07-29T17:45Z","TOOK.20210729.EPILITHON.8","TOOK.20210729.EPILITHON.8.P.1","A00000305487",1,"P",125.0,5.0,0.2,,"0000-0001-5131-1181","0000-0003-4502-2505","OK",
"8c31c9f3-9def-44df-93ba-698ba97857de","D18","TOOK","TOOK.AOS.riparian.point.03","2021-07-29T17:45Z","TOOK.20210729.EPILITHON.4","TOOK.20210729.EPILITHON.4.REP2.CNSA.2","A00000305469",2,"CNSa",125.0,5.0,0.2,,"0000-0001-5131-1181","0000-0003-4502-2505","OK",
