uid,domainID,siteID,namedLocation,collectDate,sampleID,sampleCode,sampleCondition,laboratoryName,analysisDate,analyzedBy,sampleType,replicate,sampleVolumeFiltered,filterSize,percentFilterAnalyzed,dilutionFactor,solventVolume,responseFactor,acidificationResponseFactor,fluorometerSensitivitySetting,preAcidificationFluorescence,postAcidificationFluorescence,analyte,analyteConcentration,plantAlgaeLabUnits,testMethod,method,acidTreatment,externalRemarks,externalLabDataQF
"3218cd93-2bd7-4b45-a9ac-e903c9952fc3","D18","TOOK","TOOK.AOS.riparian.point.04","2021-07-08","TOOK.20210708.EPILITHON.4.CHL/PHEO.1","B00000127087","condition ok","Great Lakes Environmental Center, Inc.","2021-07-20","4CajRO/thb0=","chlorophyll/pheophytin","1",5,25,100,1,7,448.5290,,,0.0870,0.0420,"pheophytin",125.71,"microgramsPerLiter","GLEC_algalChlorophyll_V1","APHA 10200H",,,
"6a28fecf-b5b8-48cc-9f7c-5a07bcfcd7f2","D18","TOOK","TOOK.AOS.riparian.point.10","2021-07-08","TOOK.20210708.EPILITHON.10.CHL/PHEO.1","B00000127091","condition ok","Great Lakes Environmental Center, Inc.","2021-07-20","4CajRO/thb0=","chlorophyll/pheophytin","1",5,25,100,1,7,448.5290,,,0.1010,0.0290,"chlorophyll a",54.17,"microgramsPerLiter","GLEC_algalChlorophyll_V1","APHA 10200H",,,
"b8d8ef45-8e3e-4f65-9479-e9b0c6b9424a","D18","TOOK","TOOK.AOS.littoral2","2021-07-08","TOOK.20210708.PHYTOPLANKTON.3.CHL/PHEO.1","B00000127085","condition ok","Great Lakes Environmental Center, Inc.","2021-07-20","4CajRO/thb0=","chlorophyll/pheophytin","1",250,25,100,1,7,448.5290,,,0.0870,0.0240,"pheophytin",0.88,"microgramsPerLiter","GLEC_algalChlorophyll_V1","APHA 10200H",,,
"e906ac5e-4ade-4afe-a8de-025ab549d2ab","D18","TOOK","TOOK.AOS.littoral2","2021-07-08","TOOK.20210708.PHYTOPLANKTON.3.CHL/PHEO.1","B00000127085","condition ok","Great Lakes Environmental Center, Inc.","2021-07-20","4CajRO/thb0=","chlorophyll/pheophytin","1",250,25,100,1,7,448.5290,,,0.0870,0.0240,"chlorophyll a",0.95,"microgramsPerLiter","GLEC_algalChlorophyll_V1","APHA 10200H",,,
"d496aa01-46e0-456d-8631-1191c05d7be2","D18","TOOK","TOOK.AOS.riparian.point.08","2021-07-08","TOOK.20210708.EPILITHON.8.CHL/PHEO.1","B00000127090","condition ok","Great Lakes Environmental Center, Inc.","2021-07-20","4CajRO/thb0=","chlorophyll/pheophytin","1",5,25,100,1,7,448.5290,,,0.0660,0.0290,"chlorophyll a",27.84,"microgramsPerLiter","GLEC_algalChlorophyll_V1","APHA 10200H",,,
"bbb212d8-c736-4e7a-99fd-52b58c3344da","D18","TOOK","TOOK.AOS.riparian.point.08","2021-07-08","TOOK.20210708.EPILITHON.8.CHL/PHEO.1","B00000127090","condition ok","Great Lakes Environmental Center, Inc.","2021-07-20","4CajRO/thb0=","chlorophyll/pheophytin","1",5,25,100,1,7,448.5290,,,0.0660,0.0290,"pheophytin",82.34,"microgramsPerLiter","GLEC_algalChlorophyll_V1","APHA 10200H",,,
"ea887d8e-56e3-417d-b6b6-2d90b424d476","D18","TOOK","TOOK.AOS.riparian.point.06","2021-07-08","TOOK.20210708.EPILITHON.6.CHL/PHEO.1","B00000127089","condition ok","Great Lakes Environmental Center, Inc.","2021-07-20","4CajRO/thb0=","chlorophyll/pheophytin","1",2,25,100,1,7,448.5290,,,0.0870,0.0230,"chlorophyll a",120.37,"microgramsPerLiter","GLEC_algalChlorophyll_V1","APHA 10200H",,,
"bf8bbf80-134f-4924-b867-9f5cb2d15055","D18","TOOK","TOOK.AOS.riparian.point.06","2021-07-08","TOOK.20210708.EPILITHON.6.REP2.CHL/PHEO.2","B00000127088","condition ok","Great Lakes Environmental Center, Inc.","2021-07-20","4CajRO/thb0=","chlorophyll/pheophytin","2",2,25,100,1,7,448.5290,,,0.0850,0.0220,"chlorophyll a",118.48,"microgramsPerLiter","GLEC_algalChlorophyll_V1","APHA 10200H",,,
"e507c262-a541-442a-b81c-2efc21f58063","D18","TOOK","TOOK.AOS.riparian.point.06","2021-07-08","TOOK.20210708.EPILITHON.6.REP2.CHL/PHEO.2","B00000127088","condition ok","Great Lakes Environmental Center, Inc.","2021-07-20","4CajRO/thb0=","chlorophyll/pheophytin","2",2,25,100,1,7,448.5290,,,0.0850,0.0220,"pheophytin",90.46,"microgramsPerLiter","GLEC_algalChlorophyll_V1","APHA 10200H",,,
"0725f69d-ce87-4e52-b66b-b49d98fcf1ad","D18","TOOK","TOOK.AOS.littoral1","2021-07-08","TOOK.20210708.PHYTOPLANKTON.2.CHL/PHEO.1","B00000127083","condition ok","Great Lakes Environmental Center, Inc.","2021-07-20","4CajRO/thb0=","chlorophyll/pheophytin","1",250,25,100,1,7,448.5290,,,0.1550,0.0420,"chlorophyll a",1.70,"microgramsPerLiter","GLEC_algalChlorophyll_V1","APHA 10200H",,,
"08d3aae2-efe6-42d1-9730-6eddbe59b86a","D18","TOOK","TOOK.AOS.riparian.point.10","2021-07-08","TOOK.20210708.EPILITHON.10.CHL/PHEO.1","B00000127091","condition ok","Great Lakes Environmental Center, Inc.","2021-07-20","4CajRO/thb0=","chlorophyll/pheophytin","1",5,25,100,1,7,448.5290,,,0.1010,0.0290,"pheophytin",56.01,"microgramsPerLiter","GLEC_algalChlorophyll_V1","APHA 10200H",,,
"7a7acd12-01b9-4992-9807-25cac75d7e19","D18","TOOK","TOOK.AOS.riparian.point.04","2021-07-08","TOOK.20210708.EPILITHON.4.CHL/PHEO.1","B00000127087","condition ok","Great Lakes Environmental Center, Inc.","2021-07-20","4CajRO/thb0=","chlorophyll/pheophytin","1",5,25,100,1,7,448.5290,,,0.0870,0.0420,"chlorophyll a",33.85,"microgramsPerLiter","GLEC_algalChlorophyll_V1","APHA 10200H",,,
"b50395c0-8273-40bb-849b-92c63508a7b5","D18","TOOK","TOOK.AOS.buoy.c1","2021-07-08","TOOK.20210708.PHYTOPLANKTON.1.CHL/PHEO.1","B00000127086","condition ok","Great Lakes Environmental Center, Inc.","2021-07-20","4CajRO/thb0=","chlorophyll/pheophytin","1",500,25,100,1,7,448.5290,,,0.1340,0.0520,"chlorophyll a",0.62,"microgramsPerLiter","GLEC_algalChlorophyll_V1","APHA 10200H",,,
"20bb73bc-3a2e-4ca4-9f77-86de42fc0d1d","D18","TOOK","TOOK.AOS.riparian.point.06","2021-07-08","TOOK.20210708.EPILITHON.6.CHL/PHEO.1","B00000127089","condition ok","Great Lakes Environmental Center, Inc.","2021-07-20","4CajRO/thb0=","chlorophyll/pheophytin","1",2,25,100,1,7,448.5290,,,0.0870,0.0230,"pheophytin",98.08,"microgramsPerLiter","GLEC_algalChlorophyll_V1","APHA 10200H",,,
"db2efe0d-83f0-49f6-8056-015a37933911","D18","TOOK","TOOK.AOS.littoral1","2021-07-08","TOOK.20210708.PHYTOPLANKTON.2.CHL/PHEO.1","B00000127083","condition ok","Great Lakes Environmental Center, Inc.","2021-07-20","4CajRO/thb0=","chlorophyll/pheophytin","1",250,25,100,1,7,448.5290,,,0.1550,0.0420,"pheophytin",1.49,"microgramsPerLiter","GLEC_algalChlorophyll_V1","APHA 10200H",,,
"0e002a96-25eb-4638-bbca-e492301d717e","D18","TOOK","TOOK.AOS.buoy.c1","2021-07-08","TOOK.20210708.PHYTOPLANKTON.1.CHL/PHEO.1","B00000127086","condition ok","Great Lakes Environmental Center, Inc.","2021-07-20","4CajRO/thb0=","chlorophyll/pheophytin","1",500,25,100,1,7,448.5290,,,0.1340,0.0520,"pheophytin",1.36,"microgramsPerLiter","GLEC_algalChlorophyll_V1","APHA 10200H",,,
"a9969809-4ce8-4d52-8312-7995fe64135b","D18","TOOK","TOOK.AOS.riparian.point.02","2021-07-08","TOOK.20210708.EPILITHON.2.CHL/PHEO.1","B00000127084","condition ok","Great Lakes Environmental Center, Inc.","2021-07-20","4CajRO/thb0=","chlorophyll/pheophytin","1",5,25,100,1,7,448.5290,,,0.1070,0.0300,"pheophytin",56.05,"microgramsPerLiter","GLEC_algalChlorophyll_V1","APHA 10200H",,,
"9df9d3a9-8b7e-403f-9cf8-9e1cfc13b344","D18","TOOK","TOOK.AOS.riparian.point.02","2021-07-08","TOOK.20210708.EPILITHON.2.CHL/PHEO.1","B00000127084","condition ok","Great Lakes Environmental Center, Inc.","2021-07-20","4CajRO/thb0=","chlorophyll/pheophytin","1",5,25,100,1,7,448.5290,,,0.1070,0.0300,"chlorophyll a",57.93,"microgramsPerLiter","GLEC_algalChlorophyll_V1","APHA 10200H",,,
