uid,domainID,siteID,namedLocation,aquaticSiteType,decimalLatitude,decimalLongitude,coordinateUncertainty,elevation,elevationUncertainty,geodeticDatum,collectDate,eventID,parentSampleID,parentSampleCode,samplingImpractical,biophysicalCriteria,affectedByWind,habitatType,algalSampleType,benthicArea,samplingProtocolVersion,phytoDepth1,phytoDepth2,phytoDepth3,substratumSizeClass,remarks,recordedBy,collectedBy,dataQF
"bda4a531-8cd8-4730-9017-7963553c3bcf","D18","TOOK","TOOK.AOS.riparian.point.04","lake",68.633829,-149.630783,0.3,716.7,0.5,"WGS84","2021-07-08T18:08Z","TOOK.20210708","TOOK.20210708.EPILITHON.4",,,"OK - no known exceptions",,"littoral","epilithon",0.002406,"NEON.DOC.003045vE",,,,,,"0000-0001-5131-1181","0000-0003-4502-2505",
"50cc3842-6a44-4bda-bc1c-a6566ed53c4a","D18","TOOK","TOOK.AOS.littoral1","lake",68.625566,-149.595360,1.0,717.3,1.0,"WGS84","2021-07-08T18:08Z","TOOK.20210708","TOOK.20210708.PHYTOPLANKTON.2",,,"OK - no known exceptions","Y","littoral","phytoplankton",,"NEON.DOC.003045vE",0.5,2.5,4.5,,,"0000-0001-5131-1181","0000-0003-4502-2505",
"fef373c1-fea3-497e-9170-0fb09fae5419","D18","TOOK","TOOK.AOS.buoy.c1","lake",68.630699,-149.611405,10.0,715.0,10.0,"WGS84","2021-07-08T18:08Z","TOOK.20210708","TOOK.20210708.PHYTOPLANKTON.1",,,"OK - no known exceptions","N","pelagic","phytoplankton",,"NEON.DOC.003045vE",0.5,7.5,9.2,,,"0000-0001-5131-1181","0000-0003-4502-2505",
"4e3b5223-af68-4c8b-86bd-5558f11a7dda","D18","TOOK","TOOK.AOS.littoral2","lake",68.640502,-149.596089,1.0,717.0,1.0,"WGS84","2021-07-08T18:08Z","TOOK.20210708","TOOK.20210708.PHYTOPLANKTON.3",,,"OK - no known exceptions","Y","pelagic","phytoplankton",,"NEON.DOC.003045vE",0.5,2.3,4.0,,,"0000-0001-5131-1181","0000-0003-4502-2505",
"6b78d208-8ea1-4315-8b5d-50f7c953f80d","D18","TOOK","TOOK.AOS.riparian.point.02","lake",68.627870,-149.612396,0.1,715.7,0.1,"WGS84","2021-07-08T18:08Z","TOOK.20210708","TOOK.20210708.EPILITHON.2",,,"OK - no known exceptions",,"littoral","epilithon",0.002406,"NEON.DOC.003045vE",,,,,,"0000-0001-5131-1181","0000-0003-4502-2505",
"93c825ed-71a1-4b11-a554-a8b742e1569f","D18","TOOK","TOOK.AOS.riparian.point.10","lake",68.629073,-149.592146,0.6,715.2,0.8,"WGS84","2021-07-08T18:08Z","TOOK.20210708","TOOK.20210708.EPILITHON.10",,,"OK - no known exceptions",,"littoral","epilithon",0.002406,"NEON.DOC.003045vE",,,,,,"0000-0001-5131-1181","0000-0003-4502-2505",
"74fe1424-9d68-4fec-a631-0d9818d0d6f0","D18","TOOK","TOOK.AOS.riparian.point.06","lake",68.637315,-149.606243,0.4,717.1,0.5,"WGS84","2021-07-08T18:08Z","TOOK.20210708","TOOK.20210708.EPILITHON.6",,,"OK - no known exceptions",,"littoral","epilithon",0.002406,"NEON.DOC.003045vE",,,,,,"0000-0001-5131-1181","0000-0003-4502-2505",
"01762759-cb66-46aa-b813-db55d0f863cf","D18","TOOK","TOOK.AOS.riparian.point.08","lake",68.636829,-149.591496,0.4,716.2,0.5,"WGS84","2021-07-08T18:08Z","TOOK.20210708","TOOK.20210708.EPILITHON.8",,,"OK - no known exceptions",,"littoral","epilithon",0.002406,"NEON.DOC.003045vE",,,,,,"0000-0001-5131-1181","0000-0003-4502-2505",
"5a901d64-64cc-4f1a-874a-1836cbdb209a","D18","TOOK","TOOK.AOS.riparian.point.03","lake",68.631898,-149.622142,0.3,716.3,0.4,"WGS84","2021-07-29T17:45Z","TOOK.20210729","TOOK.20210729.EPILITHON.4",,,"OK - no known exceptions",,"littoral","epilithon",0.002406,"NEON.DOC.003045vE",,,,,,"0000-0001-5131-1181","0000-0003-4502-2505",
"01644a50-a015-4350-a777-c80239c80508","D18","TOOK","TOOK.AOS.littoral2","lake",68.640502,-149.596089,1.0,717.0,1.0,"WGS84","2021-07-29T17:45Z","TOOK.20210729","TOOK.20210729.PHYTOPLANKTON.3",,,"OK - no known exceptions","N","littoral","phytoplankton",,"NEON.DOC.003045vE",0.5,1.9,,,,"0000-0001-5131-1181","0000-0003-4502-2505",
"fe86c86d-8da5-4f71-a3d5-f5dd1e139874","D18","TOOK","TOOK.AOS.buoy.c1","lake",68.630699,-149.611405,10.0,715.0,10.0,"WGS84","2021-07-29T17:45Z","TOOK.20210729","TOOK.20210729.PHYTOPLANKTON.1",,,"OK - no known exceptions","N","littoral","phytoplankton",,"NEON.DOC.003045vE",0.5,8.0,9.1,,,"0000-0001-5131-1181","0000-0003-4502-2505",
"b538770e-98b4-4dbd-84b2-7002afac7e56","D18","TOOK","TOOK.AOS.littoral1","lake",68.625566,-149.595360,1.0,717.3,1.0,"WGS84","2021-07-29T17:45Z","TOOK.20210729","TOOK.20210729.PHYTOPLANKTON.2",,,"OK - no known exceptions","N","littoral","phytoplankton",,"NEON.DOC.003045vE",0.5,2.1,3.8,,,"0000-0001-5131-1181","0000-0003-4502-2505",
"f28527d6-893b-4068-b666-25517e3d3a37","D18","TOOK","TOOK.AOS.riparian.point.07","lake",68.640063,-149.597864,0.1,716.2,0.1,"WGS84","2021-07-29T17:45Z","TOOK.20210729","TOOK.20210729.EPILITHON.8",,,"OK - no known exceptions",,"littoral","epilithon",0.002406,"NEON.DOC.003045vE",,,,,,"0000-0001-5131-1181","0000-0003-4502-2505",
"de04fffa-ad1b-4f5b-95c2-e735be779f73","D18","TOOK","TOOK.AOS.riparian.point.05","lake",68.635208,-149.614970,0.1,716.6,0.1,"WGS84","2021-07-29T17:45Z","TOOK.20210729","TOOK.20210729.EPILITHON.6",,,"OK - no known exceptions",,"littoral","epilithon",0.002406,"NEON.DOC.003045vE",,,,,,"0000-0001-5131-1181","0000-0003-4502-2505",
"059ea225-2880-4a7b-93e1-563730ae9aa2","D18","TOOK","TOOK.AOS.riparian.point.09","lake",68.633035,-149.589626,0.4,715.5,0.6,"WGS84","2021-07-29T17:45Z","TOOK.20210729","TOOK.20210729.EPILITHON.10",,,"OK - no known exceptions",,"littoral","epilithon",0.002406,"NEON.DOC.003045vE",,,,,,"0000-0001-5131-1181","0000-0003-4502-2505",
"4d9a9cbc-0a00-4107-95de-1332c8323683","D18","TOOK","TOOK.AOS.riparian.point.01","lake",68.625357,-149.599723,0.1,715.3,0.1,"WGS84","2021-07-29T17:45Z","TOOK.20210729","TOOK.20210729.EPILITHON.2",,,"OK - no known exceptions",,"littoral","epilithon",0.002406,"NEON.DOC.003045vE",,,,,,"0000-0001-5131-1181","0000-0003-4502-2505",
