uid,domainID,siteID,namedLocation,collectDate,titrationDate,parentSampleID,domainSampleID,domainSampleCode,titrationLocation,sampleType,initialSamplepH,initialSampleTemp,normality,sampleVolume,methodType,remarks,measuredBy,alkMeqPerL,alkMgPerL,ancMeqPerL,ancMgPerL,dataQF
"c5e83538-a6f5-4902-ab11-c17c8117f824","D03","BARC","BARC.AOS.buoy.c0","2021-01-05T15:07Z","2021-01-05T20:30Z","BARC.C0.20210105","BARC.C0.20210105.ALK",,"support facility","ALK",5.28,18.6,"0.16",150.0,"Gran",,"dorosheff@battelleecology.org",0.000,0.100,,,
"6dc3cf8d-c767-4b30-84d7-873c3c8ba8a0","D03","BARC","BARC.AOS.buoy.c0","2021-01-05T15:07Z","2021-01-05T19:30Z","BARC.C0.20210105","BARC.C0.20210105.ANC",,"support facility","ANC",5.40,18.5,"0.16",150.0,"Gran",,"dorosheff@battelleecology.org",,,0.000,0.180,
"24428c25-6b00-4cbc-a089-bcc9a62210b4","D03","BARC","BARC.AOS.buoy.c0","2021-01-26T13:58Z","2021-01-27T12:45Z","BARC.C0.20210126","BARC.C0.20210126.ALK.REP2",,"support facility","ALK",5.42,15.0,"0.16",150.0,"Gran","different pH meter","dorosheff@battelleecology.org",0.000,-0.160,,,
"372908be-7056-4bf6-8993-360d4f86a6db","D03","BARC","BARC.AOS.buoy.c0","2021-01-26T13:58Z","2021-01-27T12:00Z","BARC.C0.20210126","BARC.C0.20210126.ANC",,"support facility","ANC",5.43,15.1,"0.16",150.0,"Gran","different pH meter used","dorosheff@battelleecology.org",,,0.000,-0.130,
"40ffa66a-8a2e-4550-9ae2-5b6123cf4aa8","D03","BARC","BARC.AOS.buoy.c0","2021-01-26T13:58Z","2021-01-27T13:10Z","BARC.C0.20210126","BARC.C0.20210126.ALK",,"support facility","ALK",4.56,20.1,"0.16",150.0,"Gran","different pH meter","dorosheff@battelleecology.org",-0.010,-0.320,,,
