uid,domainID,siteID,namedLocation,collectDate,parentSampleID,sampleCondition,sampleID,replicateNumber,processedDate,processedDateFilters,sampleVolumeFiltered,shipmentTimeRange,filtSampleCond,filtSampleID,filtSampleCode,filtNutSampleCond,filtNutSampleID,filtNutSampleBarcode,rawSampleCond,rawSampleID,rawSampleCode,rawNutSampleCond,rawNutSampleID,rawNutSampleBarcode,pcnSampleCond,pcnSampleID,pcnSampleCode,fieldDataQF
"81eeb792-bcc5-47cd-9c8f-e714511dc30f","D03","BARC","BARC.AOS.buoy.c0","2021-01-05T15:07Z","BARC.C0.20210105","Sample condition ok","BARC.C0.20210105",1,"2021-01-05T16:58Z","2021-01-05T16:58Z",300.0,"within 24 hours of collection","Sample condition ok","BARC.C0.20210105.FIL","A00000132143","Sample condition ok","BARC.C0.20210105.FIL.NUT","A00000132144","Sample condition ok","BARC.C0.20210105.RAW","A00000132145","Sample condition ok","BARC.C0.20210105.RAW.NUT","A00000132146",,,,
"166d15e2-6e91-4d22-97fd-15d013dd367d","D03","BARC","BARC.AOS.buoy.c0","2021-01-26T13:58Z","BARC.C0.20210126","Sample condition ok","BARC.C0.20210126.3",3,"2021-01-26T17:18Z","2021-01-26T17:18Z",300.0,"within 24 hours of collection","Sample condition ok","BARC.C0.20210126.FIL.3","A00000132180","Sample condition ok","BARC.C0.20210126.FIL.NUT.3","A00000132181","Sample condition ok","BARC.C0.20210126.RAW.3","A00000132182","Sample condition ok","BARC.C0.20210126.RAW.NUT.3","A00000132183",,,,
"ea609798-109d-4431-85f3-109dff70dcc3","D03","BARC","BARC.AOS.buoy.c0","2021-01-26T13:58Z","BARC.C0.20210126","Sample condition ok","BARC.C0.20210126",1,"2021-01-26T13:58Z","2021-01-26T13:58Z",300.0,"within 24 hours of collection","Sample condition ok","BARC.C0.20210126.FIL","A00000132170","Sample condition ok","BARC.C0.20210126.FIL.NUT","A00000132171","Sample condition ok","BARC.C0.20210126.RAW","A00000132172","Sample condition ok","BARC.C0.20210126.RAW.NUT","A00000132173",,,,
"8b4fb99d-df6c-44c3-a052-94c4ee419825","D03","BARC","BARC.AOS.buoy.c0","2021-01-26T13:58Z","BARC.C0.20210126","Sample condition ok","BARC.C0.20210126.2",2,"2021-01-26T17:08Z","2021-01-26T17:08Z",300.0,"within 24 hours of collection","Sample condition ok","BARC.C0.20210126.FIL.2","A00000132176","Sample condition ok","BARC.C0.20210126.FIL.NUT.2","A00000132177","Sample condition ok","BARC.C0.20210126.RAW.2","A00000132179","Sample condition ok","BARC.C0.20210126.RAW.NUT.2","A00000132178",,,,
