uid,domainID,siteID,namedLocation,sampleID,sampleCode,startDate,collectDate,laboratoryName,analyte,analyteConcentration,analyteUnits,coolerTemp,remarks,shipmentWarmQF,externalLabDataQF,sampleCondition
"5530070d-869f-4f77-8b69-ccd087b5bf21","D03","BARC","BARC.AOS.buoy.c0","BARC.C0.20210105.FIL","A00000132143","2021-01-05T15:07Z","2021-01-05T15:07Z","EcoCore_CSU","K",0.1910,"milligramsPerLiter",1.6,,0,,"OK"
"77e1a034-41d6-4308-8c9c-1980e6743086","D03","BARC","BARC.AOS.buoy.c0","BARC.C0.20210105.FIL","A00000132143","2021-01-05T15:07Z","2021-01-05T15:07Z","EcoCore_CSU","Si",0.0610,"milligramsPerLiter",1.6,,0,,"OK"
"b905852a-24c5-42dc-98a3-91fd11cc41fa","D03","BARC","BARC.AOS.buoy.c0","BARC.C0.20210105.FIL","A00000132143","2021-01-05T15:07Z","2021-01-05T15:07Z","EcoCore_CSU","Ca",0.0310,"milligramsPerLiter",1.6,,0,,"OK"
"0ff03bb1-1eee-4c5f-ac2e-a6c37aeeb109","D03","BARC","BARC.AOS.buoy.c0","BARC.C0.20210105.FIL","A00000132143","2021-01-05T15:07Z","2021-01-05T15:07Z","EcoCore_CSU","Fe",0.0060,"milligramsPerLiter",1.6,,0,,"OK"
"a53a755b-d33b-4a88-9bfd-a9294cc6da65","D03","BARC","BARC.AOS.buoy.c0","BARC.C0.20210105.FIL","A00000132143","2021-01-05T15:07Z","2021-01-05T15:07Z","EcoCore_CSU","Mn",0.0110,"milligramsPerLiter",1.6,,0,,"OK"
"28716186-4ba9-48c8-94f1-5126e8703d4b","D03","BARC","BARC.AOS.buoy.c0","BARC.C0.20210105.FIL","A00000132143","2021-01-05T15:07Z","2021-01-05T15:07Z","EcoCore_CSU","Mg",0.6510,"milligramsPerLiter",1.6,,0,,"OK"
"195acd8e-826b-4caa-b15b-233ad23cdf9d","D03","BARC","BARC.AOS.buoy.c0","BARC.C0.20210105.FIL","A00000132143","2021-01-05T15:07Z","2021-01-05T15:07Z","EcoCore_CSU","Na",0.2440,"milligramsPerLiter",1.6,,0,,"OK"
"b0ff2d42-f465-4063-8d44-2d44b7e63b8b","D03","BARC","BARC.AOS.buoy.c0","BARC.C0.20210105.FIL.NUT","A00000132144","2021-01-05T15:07Z","2021-01-05T15:07Z","Florida International University","NH4 - N",0.0042,"milligramsPerLiter",-1.0,,0,,"OK"
"48d8ea56-56ba-40c9-87b8-eb24f25cc1db","D03","BARC","BARC.AOS.buoy.c0","BARC.C0.20210105.RAW.NUT","A00000132146","2021-01-05T15:07Z","2021-01-05T15:07Z","Florida International University","TP",0.0075,"milligramsPerLiter",-1.0,,0,,"OK"
"69d69149-350e-4a81-9aa1-a90725f6fd6a","D03","BARC","BARC.AOS.buoy.c0","BARC.C0.20210105.FIL.NUT","A00000132144","2021-01-05T15:07Z","2021-01-05T15:07Z","Florida International University","NO2 - N",0.0001,"milligramsPerLiter",-1.0,,0,,"OK"
"ea35ba21-73df-4f3d-8cc6-e9591688261c","D03","BARC","BARC.AOS.buoy.c0","BARC.C0.20210105.FIL.NUT","A00000132144","2021-01-05T15:07Z","2021-01-05T15:07Z","Florida International University","NO3+NO2 - N",0.0097,"milligramsPerLiter",-1.0,,0,,"OK"
"072c4a73-739d-4cd2-9f3d-7267ce139c16","D03","BARC","BARC.AOS.buoy.c0","BARC.C0.20210105.FIL.NUT","A00000132144","2021-01-05T15:07Z","2021-01-05T15:07Z","Florida International University","Ortho - P",0.0000,"milligramsPerLiter",-1.0,,0,,"OK"
"1c70ee44-ebcc-4963-a43f-b9c3fb4e45c4","D03","BARC","BARC.AOS.buoy.c0","BARC.C0.20210105.FIL.NUT","A00000132144","2021-01-05T15:07Z","2021-01-05T15:07Z","Florida International University","TDP",0.0051,"milligramsPerLiter",-1.0,,0,,"OK"
"255aff0f-b819-42d0-8e94-b15eef4f27e8","D03","BARC","BARC.AOS.buoy.c0","BARC.C0.20210105.FIL","A00000132143","2021-01-05T15:07Z","2021-01-05T15:07Z","EcoCore_CSU","HCO3",4.0040,"milligramsPerLiter",1.6,,0,,"OK"
"6d376cd1-b31f-40cd-8fa4-42a8aa89981b","D03","BARC","BARC.AOS.buoy.c0","BARC.C0.20210105.FIL","A00000132143","2021-01-05T15:07Z","2021-01-05T15:07Z","EcoCore_CSU","CO3",0.0050,"milligramsPerLiter",1.6,,0,,"OK"
"431ff655-da22-42c2-937c-153e338630b1","D03","BARC","BARC.AOS.buoy.c0","BARC.C0.20210105.FIL","A00000132143","2021-01-05T15:07Z","2021-01-05T15:07Z","EcoCore_CSU","Cl",5.6370,"milligramsPerLiter",1.6,,0,,"OK"
"07b12db6-fbb1-40e8-bbaf-99f309627e3d","D03","BARC","BARC.AOS.buoy.c0","BARC.C0.20210105.FIL","A00000132143","2021-01-05T15:07Z","2021-01-05T15:07Z","EcoCore_CSU","F",0.0617,"milligramsPerLiter",1.6,,0,,"OK"
"52cdd39f-2c2a-4f7a-b504-cdfb3a2270a2","D03","BARC","BARC.AOS.buoy.c0","BARC.C0.20210105.FIL","A00000132143","2021-01-05T15:07Z","2021-01-05T15:07Z","EcoCore_CSU","SO4",2.5252,"milligramsPerLiter",1.6,,0,,"OK"
"7e919c4c-5557-4165-82c6-f5a751dbcf4c","D03","BARC","BARC.AOS.buoy.c0","BARC.C0.20210105.FIL","A00000132143","2021-01-05T15:07Z","2021-01-05T15:07Z","EcoCore_CSU","Br",0.0050,"milligramsPerLiter",1.6,,0,,"OK"
"8c355a66-e37a-46f0-a91d-e5bf637726c3","D03","BARC","BARC.AOS.buoy.c0","BARC.C0.20210105.FIL","A00000132143","2021-01-05T15:07Z","2021-01-05T15:07Z","EcoCore_CSU","Si",0.0700,"milligramsPerLiter",1.6,,0,,"OK"
"f5f2683c-0b95-4b34-8a17-d9439e358d60","D03","BARC","BARC.AOS.buoy.c0","BARC.C0.20210105.FIL","A00000132143","2021-01-05T15:07Z","2021-01-05T15:07Z","EcoCore_CSU","Mg",0.8730,"milligramsPerLiter",1.6,,0,,"OK"
"56950f7c-164d-4328-a6b1-7382c61aab78","D03","BARC","BARC.AOS.buoy.c0","BARC.C0.20210105.FIL","A00000132143","2021-01-05T15:07Z","2021-01-05T15:07Z","EcoCore_CSU","K",0.3310,"milligramsPerLiter",1.6,,0,,"OK"
"970ffa49-fcd0-47bd-9dde-2d4c5ae015f1","D03","BARC","BARC.AOS.buoy.c0","BARC.C0.20210105.FIL","A00000132143","2021-01-05T15:07Z","2021-01-05T15:07Z","EcoCore_CSU","Ca",0.4400,"milligramsPerLiter",1.6,,0,,"OK"
"f5822244-22b5-4d3c-8790-6ffdd5f1c3df","D03","BARC","BARC.AOS.buoy.c0","BARC.C0.20210105.FIL","A00000132143","2021-01-05T15:07Z","2021-01-05T15:07Z","EcoCore_CSU","Fe",0.0040,"milligramsPerLiter",1.6,,0,,"OK"
"d946e47c-9a6d-4826-b5a0-524925f16da7","D03","BARC","BARC.AOS.buoy.c0","BARC.C0.20210105.FIL","A00000132143","2021-01-05T15:07Z","2021-01-05T15:07Z","EcoCore_CSU","Mn",0.0090,"milligramsPerLiter",1.6,,0,,"OK"
"12a946b5-9165-42f4-a870-a0c792bb27fd","D03","BARC","BARC.AOS.buoy.c0","BARC.C0.20210105.FIL","A00000132143","2021-01-05T15:07Z","2021-01-05T15:07Z","EcoCore_CSU","Na",4.6280,"milligramsPerLiter",1.6,,0,,"OK"
"197d371a-a0fb-40f9-be7b-6aee36a8d47c","D03","BARC","BARC.AOS.buoy.c0","BARC.C0.20210105.RAW","A00000132145","2021-01-05T15:07Z","2021-01-05T15:07Z","EcoCore_CSU","pH",6.6800,"pH",1.6,,0,,"OK"
"691e654f-9098-40fc-97bf-8fe2a0b37c33","D03","BARC","BARC.AOS.buoy.c0","BARC.C0.20210105.RAW","A00000132145","2021-01-05T15:07Z","2021-01-05T15:07Z","EcoCore_CSU","TSS",0.0000,"milligramsPerLiter",1.6,"TSS vol in ml = 10",0,,"OK"
"77addf97-6f7f-404c-b85b-9bf737583170","D03","BARC","BARC.AOS.buoy.c0","BARC.C0.20210105.FIL","A00000132143","2021-01-05T15:07Z","2021-01-05T15:07Z","EcoCore_CSU","DIC",0.5692,"milligramsPerLiter",1.6,,0,,"OK"
"0e84fdf0-c6c0-4d9b-be04-3b067ce611a8","D03","BARC","BARC.AOS.buoy.c0","BARC.C0.20210105.FIL","A00000132143","2021-01-05T15:07Z","2021-01-05T15:07Z","EcoCore_CSU","DOC",2.4520,"milligramsPerLiter",1.6,,0,,"OK"
"8cdcf772-965d-45a5-af39-7385a27c8d32","D03","BARC","BARC.AOS.buoy.c0","BARC.C0.20210105.FIL","A00000132143","2021-01-05T15:07Z","2021-01-05T15:07Z","EcoCore_CSU","TDN",0.2846,"milligramsPerLiter",1.6,,0,,"OK"
"8c401750-224b-4ee7-b632-f9915db7daa9","D03","BARC","BARC.AOS.buoy.c0","BARC.C0.20210105.FIL","A00000132143","2021-01-05T15:07Z","2021-01-05T15:07Z","EcoCore_CSU","UV Absorbance (254 nm)",0.0224,,1.6,,0,,"OK"
"866ae272-42f9-4185-b87e-8195e54aa16e","D03","BARC","BARC.AOS.buoy.c0","BARC.C0.20210105.FIL","A00000132143","2021-01-05T15:07Z","2021-01-05T15:07Z","EcoCore_CSU","UV Absorbance (280 nm)",0.0194,,1.6,,0,,"OK"
"74ad97c7-e67f-4789-aa90-6bc0cec6fd7f","D03","BARC","BARC.AOS.buoy.c0","BARC.C0.20210105.RAW","A00000132145","2021-01-05T15:07Z","2021-01-05T15:07Z","EcoCore_CSU","TN",0.2964,"milligramsPerLiter",1.6,,0,,"OK"
"5d180433-cd0c-4365-b386-d270636a15aa","D03","BARC","BARC.AOS.buoy.c0","BARC.C0.20210105.RAW","A00000132145","2021-01-05T15:07Z","2021-01-05T15:07Z","EcoCore_CSU","TOC",2.1550,"milligramsPerLiter",1.6,,0,,"OK"
"0e6f4d15-9ea0-4938-b83c-698909b677e6","D03","BARC","BARC.AOS.buoy.c0","BARC.C0.20210126.FIL","A00000132170","2021-01-26T13:58Z","2021-01-26T13:58Z","EcoCore_CSU","Mg",0.4830,"milligramsPerLiter",1.9,,0,,"OK"
"57fcceaf-5245-4f23-8540-9c2cb42ba7c1","D03","BARC","BARC.AOS.buoy.c0","BARC.C0.20210126.FIL.2","A00000132176","2021-01-26T13:58Z","2021-01-26T13:58Z","EcoCore_CSU","Si",0.1000,"milligramsPerLiter",1.9,,0,,"OK"
"5ff0292e-3960-487b-a574-eb705cd4b997","D03","BARC","BARC.AOS.buoy.c0","BARC.C0.20210126.FIL","A00000132170","2021-01-26T13:58Z","2021-01-26T13:58Z","EcoCore_CSU","Si",0.1500,"milligramsPerLiter",1.9,,0,,"OK"
"b067a9bf-89e7-43c1-b6c4-3c362e5f483f","D03","BARC","BARC.AOS.buoy.c0","BARC.C0.20210126.FIL.3","A00000132180","2021-01-26T13:58Z","2021-01-26T13:58Z","EcoCore_CSU","Mg",0.5010,"milligramsPerLiter",2.4,,0,,"OK"
"0cce09a7-3b09-4134-ac3c-980cd1178591","D03","BARC","BARC.AOS.buoy.c0","BARC.C0.20210126.FIL.3","A00000132180","2021-01-26T13:58Z","2021-01-26T13:58Z","EcoCore_CSU","Na",0.2410,"milligramsPerLiter",2.4,,0,,"OK"
"bf28807b-0be6-408a-9c20-c7ec63e0edfb","D03","BARC","BARC.AOS.buoy.c0","BARC.C0.20210126.FIL.3","A00000132180","2021-01-26T13:58Z","2021-01-26T13:58Z","EcoCore_CSU","Si",0.0760,"milligramsPerLiter",2.4,,0,,"OK"
"0748b914-57ca-4289-9146-31e0bad6e3ee","D03","BARC","BARC.AOS.buoy.c0","BARC.C0.20210126.FIL.3","A00000132180","2021-01-26T13:58Z","2021-01-26T13:58Z","EcoCore_CSU","Mn",0.0120,"milligramsPerLiter",2.4,,0,,"OK"
"ba078e3b-28de-40bf-92a9-1e2d93ab531d","D03","BARC","BARC.AOS.buoy.c0","BARC.C0.20210126.FIL.2","A00000132176","2021-01-26T13:58Z","2021-01-26T13:58Z","EcoCore_CSU","Fe",0.0050,"milligramsPerLiter",1.9,,0,,"OK"
"35b0719c-f3cc-4d27-95a6-b3abdb584093","D03","BARC","BARC.AOS.buoy.c0","BARC.C0.20210126.FIL.3","A00000132180","2021-01-26T13:58Z","2021-01-26T13:58Z","EcoCore_CSU","Ca",0.0200,"milligramsPerLiter",2.4,,0,,"OK"
"57951cf3-8427-4c9e-b6ac-11fd59896acd","D03","BARC","BARC.AOS.buoy.c0","BARC.C0.20210126.FIL","A00000132170","2021-01-26T13:58Z","2021-01-26T13:58Z","EcoCore_CSU","Ca",0.0200,"milligramsPerLiter",1.9,,0,,"OK"
"7fce91d3-6f23-40b7-8ed4-a3304cf3fbf0","D03","BARC","BARC.AOS.buoy.c0","BARC.C0.20210126.FIL.2","A00000132176","2021-01-26T13:58Z","2021-01-26T13:58Z","EcoCore_CSU","Na",0.2420,"milligramsPerLiter",1.9,,0,,"OK"
"55bb55f1-a1e6-43d1-890f-1e46a6f709c6","D03","BARC","BARC.AOS.buoy.c0","BARC.C0.20210126.FIL.2","A00000132176","2021-01-26T13:58Z","2021-01-26T13:58Z","EcoCore_CSU","Ca",0.0220,"milligramsPerLiter",1.9,,0,,"OK"
"b87ddd10-6b87-4983-952b-bb3791089e1d","D03","BARC","BARC.AOS.buoy.c0","BARC.C0.20210126.FIL","A00000132170","2021-01-26T13:58Z","2021-01-26T13:58Z","EcoCore_CSU","Na",0.2310,"milligramsPerLiter",1.9,,0,,"OK"
"a4b893fb-0238-44e8-bd8d-b509e9a02080","D03","BARC","BARC.AOS.buoy.c0","BARC.C0.20210126.FIL.2","A00000132176","2021-01-26T13:58Z","2021-01-26T13:58Z","EcoCore_CSU","Mn",0.0130,"milligramsPerLiter",1.9,,0,,"OK"
"8b103824-2b4a-4295-8fbc-764e1308fd84","D03","BARC","BARC.AOS.buoy.c0","BARC.C0.20210126.FIL.2","A00000132176","2021-01-26T13:58Z","2021-01-26T13:58Z","EcoCore_CSU","K",0.1330,"milligramsPerLiter",1.9,,0,,"OK"
"89ceb86e-6c1f-45d8-bca7-80f5a9c0c0e8","D03","BARC","BARC.AOS.buoy.c0","BARC.C0.20210126.FIL.2","A00000132176","2021-01-26T13:58Z","2021-01-26T13:58Z","EcoCore_CSU","Mg",0.5040,"milligramsPerLiter",1.9,,0,,"OK"
"e80fbccf-201b-4d7d-88eb-6fec615915d5","D03","BARC","BARC.AOS.buoy.c0","BARC.C0.20210126.FIL","A00000132170","2021-01-26T13:58Z","2021-01-26T13:58Z","EcoCore_CSU","Mn",0.0120,"milligramsPerLiter",1.9,,0,,"OK"
"acf0b28c-8716-4e79-ac52-d1cc89cb1495","D03","BARC","BARC.AOS.buoy.c0","BARC.C0.20210126.FIL","A00000132170","2021-01-26T13:58Z","2021-01-26T13:58Z","EcoCore_CSU","K",0.1190,"milligramsPerLiter",1.9,,0,,"OK"
"2ef4b5f2-1b08-4e86-b1f0-ec9cdc6f3f7c","D03","BARC","BARC.AOS.buoy.c0","BARC.C0.20210126.FIL.3","A00000132180","2021-01-26T13:58Z","2021-01-26T13:58Z","EcoCore_CSU","K",0.1400,"milligramsPerLiter",2.4,,0,,"OK"
"f484bca5-1713-4496-8d21-b65212c0f4fd","D03","BARC","BARC.AOS.buoy.c0","BARC.C0.20210126.FIL.3","A00000132180","2021-01-26T13:58Z","2021-01-26T13:58Z","EcoCore_CSU","Fe",0.0060,"milligramsPerLiter",2.4,,0,,"OK"
"f4febe47-730a-4d83-a7c6-80d670a16cc1","D03","BARC","BARC.AOS.buoy.c0","BARC.C0.20210126.FIL","A00000132170","2021-01-26T13:58Z","2021-01-26T13:58Z","EcoCore_CSU","Fe",0.0070,"milligramsPerLiter",1.9,,0,,"OK"
"94c14c06-9176-483a-b78e-69d22eb9fd37","D03","BARC","BARC.AOS.buoy.c0","BARC.C0.20210126.FIL.NUT.3","A00000132181","2021-01-26T13:58Z","2021-01-26T13:58Z","Florida International University","TDP",0.0036,"milligramsPerLiter",-1.0,,0,,"OK"
"8a99e1ba-aff0-481f-bd1d-fefd6e6e2484","D03","BARC","BARC.AOS.buoy.c0","BARC.C0.20210126.FIL.NUT.2","A00000132177","2021-01-26T13:58Z","2021-01-26T13:58Z","Florida International University","Ortho - P",0.0000,"milligramsPerLiter",-1.0,,0,,"OK"
"d02731d0-d6c0-4f1b-a722-103adf343bc1","D03","BARC","BARC.AOS.buoy.c0","BARC.C0.20210126.FIL.NUT.2","A00000132177","2021-01-26T13:58Z","2021-01-26T13:58Z","Florida International University","NO3+NO2 - N",0.0043,"milligramsPerLiter",-1.0,,0,,"OK"
"5fb540ca-56ef-43aa-bcc7-5e5f042642e8","D03","BARC","BARC.AOS.buoy.c0","BARC.C0.20210126.RAW.NUT","A00000132173","2021-01-26T13:58Z","2021-01-26T13:58Z","Florida International University","TP",0.0057,"milligramsPerLiter",-1.0,,0,,"OK"
"f59c9663-8ee1-4c60-8d60-ee4495e11a4d","D03","BARC","BARC.AOS.buoy.c0","BARC.C0.20210126.FIL.NUT.3","A00000132181","2021-01-26T13:58Z","2021-01-26T13:58Z","Florida International University","Ortho - P",0.0000,"milligramsPerLiter",-1.0,,0,,"OK"
"9f14b8a3-3e2d-49a1-aafd-fa7096c39f42","D03","BARC","BARC.AOS.buoy.c0","BARC.C0.20210126.FIL.NUT.2","A00000132177","2021-01-26T13:58Z","2021-01-26T13:58Z","Florida International University","NO2 - N",0.0000,"milligramsPerLiter",-1.0,,0,,"OK"
"95c27d3c-1f6e-46d5-a52e-e68ad9d1805d","D03","BARC","BARC.AOS.buoy.c0","BARC.C0.20210126.FIL.NUT.3","A00000132181","2021-01-26T13:58Z","2021-01-26T13:58Z","Florida International University","NH4 - N",0.0046,"milligramsPerLiter",-1.0,,0,,"OK"
"008912e5-7b8e-4f23-aded-06a89eb058b1","D03","BARC","BARC.AOS.buoy.c0","BARC.C0.20210126.FIL.NUT.2","A00000132177","2021-01-26T13:58Z","2021-01-26T13:58Z","Florida International University","TDP",0.0030,"milligramsPerLiter",-1.0,,0,,"OK"
"4e0f7fe7-d736-4b9e-aae7-3293e53dd40c","D03","BARC","BARC.AOS.buoy.c0","BARC.C0.20210126.FIL.NUT","A00000132171","2021-01-26T13:58Z","2021-01-26T13:58Z","Florida International University","NO3+NO2 - N",0.0046,"milligramsPerLiter",-1.0,,0,,"OK"
"36e3503f-7012-4b6c-9b05-e58502719b04","D03","BARC","BARC.AOS.buoy.c0","BARC.C0.20210126.FIL.NUT.3","A00000132181","2021-01-26T13:58Z","2021-01-26T13:58Z","Florida International University","NO2 - N",0.0000,"milligramsPerLiter",-1.0,,0,,"OK"
"c36e9fe8-7269-4347-b0e2-f94b75d761d2","D03","BARC","BARC.AOS.buoy.c0","BARC.C0.20210126.FIL.NUT","A00000132171","2021-01-26T13:58Z","2021-01-26T13:58Z","Florida International University","Ortho - P",0.0000,"milligramsPerLiter",-1.0,,0,,"OK"
"38fb4dfc-4ed3-41db-957d-afe0e03bd136","D03","BARC","BARC.AOS.buoy.c0","BARC.C0.20210126.FIL.NUT.2","A00000132177","2021-01-26T13:58Z","2021-01-26T13:58Z","Florida International University","NH4 - N",0.0054,"milligramsPerLiter",-1.0,,0,,"OK"
"602149c0-b094-421f-af01-8787bfb36986","D03","BARC","BARC.AOS.buoy.c0","BARC.C0.20210126.FIL.NUT","A00000132171","2021-01-26T13:58Z","2021-01-26T13:58Z","Florida International University","NO2 - N",0.0000,"milligramsPerLiter",-1.0,,0,,"OK"
"0dbf4382-a442-458b-92d7-aaf54c2331ef","D03","BARC","BARC.AOS.buoy.c0","BARC.C0.20210126.RAW.NUT.2","A00000132178","2021-01-26T13:58Z","2021-01-26T13:58Z","Florida International University","TP",0.0054,"milligramsPerLiter",-1.0,,0,,"OK"
"6b12be7f-8638-4d5e-a0a3-4778fb386bbe","D03","BARC","BARC.AOS.buoy.c0","BARC.C0.20210126.FIL.NUT","A00000132171","2021-01-26T13:58Z","2021-01-26T13:58Z","Florida International University","NH4 - N",0.0050,"milligramsPerLiter",-1.0,,0,,"OK"
"cdc226e5-0267-4245-bc1f-4e53b4a910c1","D03","BARC","BARC.AOS.buoy.c0","BARC.C0.20210126.RAW.NUT.3","A00000132183","2021-01-26T13:58Z","2021-01-26T13:58Z","Florida International University","TP",0.0066,"milligramsPerLiter",-1.0,,0,,"OK"
"d47d05d1-174b-426a-8dc8-aea546f070e8","D03","BARC","BARC.AOS.buoy.c0","BARC.C0.20210126.FIL.NUT","A00000132171","2021-01-26T13:58Z","2021-01-26T13:58Z","Florida International University","TDP",0.0037,"milligramsPerLiter",-1.0,,0,,"OK"
"e9a3493e-4e27-4ebd-a523-8ac6c24cd461","D03","BARC","BARC.AOS.buoy.c0","BARC.C0.20210126.FIL.NUT.3","A00000132181","2021-01-26T13:58Z","2021-01-26T13:58Z","Florida International University","NO3+NO2 - N",0.0044,"milligramsPerLiter",-1.0,,0,,"OK"
"6ecea1f0-cd6a-4137-be5f-648eedd9680a","D03","BARC","BARC.AOS.buoy.c0","BARC.C0.20210126.FIL","A00000132170","2021-01-26T13:58Z","2021-01-26T13:58Z","EcoCore_CSU","CO3",0.0050,"milligramsPerLiter",1.9,,0,,"OK"
"4aae8ea3-7d44-436f-99f8-62edfcbb2f1f","D03","BARC","BARC.AOS.buoy.c0","BARC.C0.20210126.FIL.3","A00000132180","2021-01-26T13:58Z","2021-01-26T13:58Z","EcoCore_CSU","HCO3",1.6016,"milligramsPerLiter",2.4,,0,,"OK"
"ac74962b-1ed5-43c2-a405-f045ecb7b09c","D03","BARC","BARC.AOS.buoy.c0","BARC.C0.20210126.FIL.2","A00000132176","2021-01-26T13:58Z","2021-01-26T13:58Z","EcoCore_CSU","CO3",0.0050,"milligramsPerLiter",1.9,,0,,"OK"
"e1c8b9b5-16ad-46a8-8ab0-f3d4e6e9118f","D03","BARC","BARC.AOS.buoy.c0","BARC.C0.20210126.FIL.3","A00000132180","2021-01-26T13:58Z","2021-01-26T13:58Z","EcoCore_CSU","CO3",0.0050,"milligramsPerLiter",2.4,,0,,"OK"
"f1b49b56-bd75-4c04-aee5-69a8f2e6e7da","D03","BARC","BARC.AOS.buoy.c0","BARC.C0.20210126.FIL.2","A00000132176","2021-01-26T13:58Z","2021-01-26T13:58Z","EcoCore_CSU","HCO3",3.2032,"milligramsPerLiter",1.9,,0,,"OK"
"3754b5d3-46bf-48e8-81da-35ef87d19c41","D03","BARC","BARC.AOS.buoy.c0","BARC.C0.20210126.FIL","A00000132170","2021-01-26T13:58Z","2021-01-26T13:58Z","EcoCore_CSU","HCO3",2.4024,"milligramsPerLiter",1.9,,0,,"OK"
"88d9e5c8-1e4d-49f9-ad32-4961aaac5141","D03","BARC","BARC.AOS.buoy.c0","BARC.C0.20210126.FIL","A00000132170","2021-01-26T13:58Z","2021-01-26T13:58Z","EcoCore_CSU","SO4",2.5127,"milligramsPerLiter",1.9,,0,,"OK"
"e59fa20d-9a07-4195-90b3-39a3aafd09ab","D03","BARC","BARC.AOS.buoy.c0","BARC.C0.20210126.FIL.2","A00000132176","2021-01-26T13:58Z","2021-01-26T13:58Z","EcoCore_CSU","Br",0.0050,"milligramsPerLiter",1.9,,0,,"OK"
"3043025d-ce47-40db-b5b2-aa1ec7358d0a","D03","BARC","BARC.AOS.buoy.c0","BARC.C0.20210126.FIL.2","A00000132176","2021-01-26T13:58Z","2021-01-26T13:58Z","EcoCore_CSU","SO4",2.5097,"milligramsPerLiter",1.9,,0,,"OK"
"5c430383-2f8f-4a0c-944c-3678c606feae","D03","BARC","BARC.AOS.buoy.c0","BARC.C0.20210126.FIL","A00000132170","2021-01-26T13:58Z","2021-01-26T13:58Z","EcoCore_CSU","Br",0.0050,"milligramsPerLiter",1.9,,0,,"OK"
"3540ff25-6f24-4401-bbbe-66e9adddab13","D03","BARC","BARC.AOS.buoy.c0","BARC.C0.20210126.FIL.3","A00000132180","2021-01-26T13:58Z","2021-01-26T13:58Z","EcoCore_CSU","Cl",5.6018,"milligramsPerLiter",2.4,,0,,"OK"
"aa487683-32a2-41c3-a6eb-051b2b93d350","D03","BARC","BARC.AOS.buoy.c0","BARC.C0.20210126.FIL.3","A00000132180","2021-01-26T13:58Z","2021-01-26T13:58Z","EcoCore_CSU","SO4",2.4968,"milligramsPerLiter",2.4,,0,,"OK"
"bb47ca9c-b1d5-4695-a84f-9828394115f5","D03","BARC","BARC.AOS.buoy.c0","BARC.C0.20210126.FIL.3","A00000132180","2021-01-26T13:58Z","2021-01-26T13:58Z","EcoCore_CSU","Br",0.0050,"milligramsPerLiter",2.4,,0,,"OK"
"46a7e87a-f318-46bb-a843-ac6f8e118c82","D03","BARC","BARC.AOS.buoy.c0","BARC.C0.20210126.FIL.3","A00000132180","2021-01-26T13:58Z","2021-01-26T13:58Z","EcoCore_CSU","F",0.0050,"milligramsPerLiter",2.4,,0,,"OK"
"5e858569-43eb-422d-ac18-6739db5c6929","D03","BARC","BARC.AOS.buoy.c0","BARC.C0.20210126.FIL","A00000132170","2021-01-26T13:58Z","2021-01-26T13:58Z","EcoCore_CSU","F",0.0736,"milligramsPerLiter",1.9,,0,,"OK"
"ec76d6b7-e970-43dc-ba48-4fd5d1c4def0","D03","BARC","BARC.AOS.buoy.c0","BARC.C0.20210126.FIL.2","A00000132176","2021-01-26T13:58Z","2021-01-26T13:58Z","EcoCore_CSU","Cl",5.6513,"milligramsPerLiter",1.9,,0,,"OK"
"5dccbf83-40cc-49ae-8632-1abc28f86529","D03","BARC","BARC.AOS.buoy.c0","BARC.C0.20210126.FIL.2","A00000132176","2021-01-26T13:58Z","2021-01-26T13:58Z","EcoCore_CSU","F",0.0612,"milligramsPerLiter",1.9,,0,,"OK"
"16fd7f92-7725-4c3a-a5c5-44f94f8e599f","D03","BARC","BARC.AOS.buoy.c0","BARC.C0.20210126.FIL","A00000132170","2021-01-26T13:58Z","2021-01-26T13:58Z","EcoCore_CSU","Cl",5.6480,"milligramsPerLiter",1.9,,0,,"OK"
"20a30ba8-2635-4566-9a85-093ae36b96af","D03","BARC","BARC.AOS.buoy.c0","BARC.C0.20210126.RAW.2","A00000132179","2021-01-26T13:58Z","2021-01-26T13:58Z","EcoCore_CSU","pH",5.3200,"pH",1.9,,0,,"OK"
"0c8dfadd-116a-4ebb-bbbb-5f08d118732b","D03","BARC","BARC.AOS.buoy.c0","BARC.C0.20210126.RAW","A00000132172","2021-01-26T13:58Z","2021-01-26T13:58Z","EcoCore_CSU","TSS",10.0000,"milligramsPerLiter",1.9,"TSS vol in ml = 10",0,,"OK"
"f50e0e8f-c699-4f86-b61f-94dcc8e79d2a","D03","BARC","BARC.AOS.buoy.c0","BARC.C0.20210126.RAW","A00000132172","2021-01-26T13:58Z","2021-01-26T13:58Z","EcoCore_CSU","pH",5.2800,"pH",1.9,,0,,"OK"
"42617e7d-63f9-4a5d-83fc-6410c3405127","D03","BARC","BARC.AOS.buoy.c0","BARC.C0.20210126.RAW.3","A00000132182","2021-01-26T13:58Z","2021-01-26T13:58Z","EcoCore_CSU","TSS",10.0000,"milligramsPerLiter",2.4,"TSS vol in ml = 10",0,,"OK"
"093bd987-1935-4d4d-bade-9bbb0755b438","D03","BARC","BARC.AOS.buoy.c0","BARC.C0.20210126.RAW.2","A00000132179","2021-01-26T13:58Z","2021-01-26T13:58Z","EcoCore_CSU","TSS",0.0000,"milligramsPerLiter",1.9,"TSS vol in ml = 10",0,,"OK"
"2574d5fa-f98a-4ba5-afca-a04458d64836","D03","BARC","BARC.AOS.buoy.c0","BARC.C0.20210126.RAW.3","A00000132182","2021-01-26T13:58Z","2021-01-26T13:58Z","EcoCore_CSU","pH",5.3600,"pH",2.4,,0,,"OK"
"3428d78f-f548-49e4-b38a-f63da6ed565b","D03","BARC","BARC.AOS.buoy.c0","BARC.C0.20210126.RAW","A00000132172","2021-01-26T13:58Z","2021-01-26T13:58Z","EcoCore_CSU","TOC",2.2130,"milligramsPerLiter",1.9,,0,,"OK"
"3f2a6466-d805-48e1-8b4d-8877fff95653","D03","BARC","BARC.AOS.buoy.c0","BARC.C0.20210126.RAW.3","A00000132182","2021-01-26T13:58Z","2021-01-26T13:58Z","EcoCore_CSU","TN",0.1697,"milligramsPerLiter",2.4,,0,,"OK"
"361cae94-8cb9-48ef-a3f6-c4a7c4ba5281","D03","BARC","BARC.AOS.buoy.c0","BARC.C0.20210126.RAW.3","A00000132182","2021-01-26T13:58Z","2021-01-26T13:58Z","EcoCore_CSU","TOC",2.1680,"milligramsPerLiter",2.4,,0,,"OK"
"16aa2f9e-1fae-42c7-b64e-2dff0532362e","D03","BARC","BARC.AOS.buoy.c0","BARC.C0.20210126.RAW.2","A00000132179","2021-01-26T13:58Z","2021-01-26T13:58Z","EcoCore_CSU","TN",0.1815,"milligramsPerLiter",1.9,,0,,"OK"
"3d4a6d09-87fd-4e62-94d9-5eac072cf2ca","D03","BARC","BARC.AOS.buoy.c0","BARC.C0.20210126.RAW","A00000132172","2021-01-26T13:58Z","2021-01-26T13:58Z","EcoCore_CSU","TN",0.1861,"milligramsPerLiter",1.9,,0,,"OK"
"1dd0efda-83cc-493f-afc1-ebcfe360fb43","D03","BARC","BARC.AOS.buoy.c0","BARC.C0.20210126.RAW.2","A00000132179","2021-01-26T13:58Z","2021-01-26T13:58Z","EcoCore_CSU","TOC",2.1420,"milligramsPerLiter",1.9,,0,,"OK"
"4f7b60f5-0a3f-4fd7-bbb0-0eca61c3dd10","D03","BARC","BARC.AOS.buoy.c0","BARC.C0.20210126.FIL","A00000132170","2021-01-26T13:58Z","2021-01-26T13:58Z","EcoCore_CSU","UV Absorbance (280 nm)",0.9309,,1.9,,0,,"OK"
"2ac3e5f6-0c73-4e15-a158-5c557bc4f93f","D03","BARC","BARC.AOS.buoy.c0","BARC.C0.20210126.FIL.3","A00000132180","2021-01-26T13:58Z","2021-01-26T13:58Z","EcoCore_CSU","UV Absorbance (280 nm)",0.9777,,2.4,,0,,"OK"
"7f72f7c7-63f0-4528-be86-0d13fa964233","D03","BARC","BARC.AOS.buoy.c0","BARC.C0.20210126.FIL","A00000132170","2021-01-26T13:58Z","2021-01-26T13:58Z","EcoCore_CSU","UV Absorbance (254 nm)",1.2854,,1.9,,0,,"OK"
"497f1ef1-6d9c-496c-b8fd-a438e0a43109","D03","BARC","BARC.AOS.buoy.c0","BARC.C0.20210126.FIL.3","A00000132180","2021-01-26T13:58Z","2021-01-26T13:58Z","EcoCore_CSU","UV Absorbance (254 nm)",1.3495,,2.4,,0,,"OK"
"17a8f249-3508-4957-bb66-c08f8e1d2761","D03","BARC","BARC.AOS.buoy.c0","BARC.C0.20210126.FIL.2","A00000132176","2021-01-26T13:58Z","2021-01-26T13:58Z","EcoCore_CSU","UV Absorbance (280 nm)",0.9323,,1.9,,0,,"OK"
"c111473c-7af8-4abe-ac89-dcd684d216c1","D03","BARC","BARC.AOS.buoy.c0","BARC.C0.20210126.FIL.2","A00000132176","2021-01-26T13:58Z","2021-01-26T13:58Z","EcoCore_CSU","UV Absorbance (254 nm)",1.2837,,1.9,,0,,"OK"
