uid,domainID,siteID,namedLocation,collectDate,titrationDate,parentSampleID,domainSampleID,domainSampleCode,titrationLocation,sampleType,initialSamplepH,initialSampleTemp,normality,sampleVolume,methodType,remarks,measuredBy,alkMeqPerL,alkMgPerL,ancMeqPerL,ancMgPerL,dataQF
"c87ef89c-3474-4461-b0af-fce6444236d1","D05","CRAM","CRAM.AOS.buoy.c1","2021-06-01T15:48Z","2021-06-01T19:22Z","CRAM.C1.20210601","CRAM.C1.20210601.ALK",,"support facility","ALK",6.22,21.9,"0.16",150.0,"Gran",,"stewartk@battelleecology.org",0.040,2.130,,,
"3d4f8a1f-6a5e-4c53-9346-d42b8f6a2887","D05","CRAM","CRAM.AOS.buoy.c1","2021-06-01T15:48Z","2021-06-01T19:57Z","CRAM.C1.20210601","CRAM.C1.20210601.ANC",,"support facility","ANC",6.00,21.4,"0.16",150.0,"Gran",,"stewartk@battelleecology.org",,,0.040,1.870,
"7de9fe79-c170-4fee-b0bd-b067e6f901df","D05","CRAM","CRAM.AOS.buoy.c2","2021-06-01T16:02Z","2021-06-01T20:31Z","CRAM.C2.20210601","CRAM.C2.20210601.ANC",,"support facility","ANC",5.73,20.4,"0.16",150.0,"Gran",,"stewartk@battelleecology.org",,,0.050,2.310,
"04379ed6-2353-4809-a42e-e4f7a04549b6","D05","CRAM","CRAM.AOS.buoy.c2","2021-06-01T16:02Z","2021-06-01T20:15Z","CRAM.C2.20210601","CRAM.C2.20210601.ALK",,"support facility","ALK",5.70,20.0,"0.16",150.0,"Gran",,"stewartk@battelleecology.org",0.050,2.560,,,
