uid,domainID,siteID,namedLocation,sampleID,sampleCode,startDate,collectDate,laboratoryName,analyte,analyteConcentration,analyteUnits,coolerTemp,remarks,shipmentWarmQF,externalLabDataQF,sampleCondition
"c07dbc59-582a-44f0-b662-54d36acb7f77","D05","CRAM","CRAM.AOS.buoy.c1","CRAM.C1.20210601.RAW","A00000205499","2021-06-01T15:48Z","2021-06-01T15:48Z","EcoCore_CSU","TN",0.2801,"milligramsPerLiter",2.4,,0,,"OK"
"4eb06679-f5e7-4203-bcaf-cfde702efe71","D05","CRAM","CRAM.AOS.buoy.c1","CRAM.C1.20210601.FIL","A00000205497","2021-06-01T15:48Z","2021-06-01T15:48Z","EcoCore_CSU","DIC",1.3510,"milligramsPerLiter",2.4,,0,,"OK"
"f6f7bc27-534d-4d62-8e8e-c79320a6eac4","D05","CRAM","CRAM.AOS.buoy.c1","CRAM.C1.20210601.FIL","A00000205497","2021-06-01T15:48Z","2021-06-01T15:48Z","EcoCore_CSU","DOC",4.3070,"milligramsPerLiter",2.4,,0,,"OK"
"b30242d1-d073-4e43-8d36-5da40c8bf98a","D05","CRAM","CRAM.AOS.buoy.c1","CRAM.C1.20210601.FIL","A00000205497","2021-06-01T15:48Z","2021-06-01T15:48Z","EcoCore_CSU","UV Absorbance (280 nm)",0.0864,,2.4,,0,,"OK"
"1b9485e1-4c44-471a-92f5-1d3115695d1b","D05","CRAM","CRAM.AOS.buoy.c1","CRAM.C1.20210601.FIL","A00000205497","2021-06-01T15:48Z","2021-06-01T15:48Z","EcoCore_CSU","TDN",0.2271,"milligramsPerLiter",2.4,,0,,"OK"
"00b60e4e-b4ef-479a-bbae-3f5f9b19bd4d","D05","CRAM","CRAM.AOS.buoy.c1","CRAM.C1.20210601.RAW","A00000205499","2021-06-01T15:48Z","2021-06-01T15:48Z","EcoCore_CSU","TOC",4.9750,"milligramsPerLiter",2.4,,0,,"OK"
"7b3ca91d-1c0a-4daa-b7ec-91571814de3a","D05","CRAM","CRAM.AOS.buoy.c1","CRAM.C1.20210601.FIL","A00000205497","2021-06-01T15:48Z","2021-06-01T15:48Z","EcoCore_CSU","UV Absorbance (254 nm)",0.1158,,2.4,,0,,"OK"
"b0806e5b-ecd3-461f-b58a-f1ae673e5849","D05","CRAM","CRAM.AOS.buoy.c2","CRAM.C2.20210601.FIL","A00000205986","2021-06-01T16:02Z","2021-06-01T16:02Z","EcoCore_CSU","TDN",0.3053,"milligramsPerLiter",2.4,,0,,"OK"
"582d8bfa-fb9e-47b7-9b54-e63e59926dab","D05","CRAM","CRAM.AOS.buoy.c2","CRAM.C2.20210601.FIL","A00000205986","2021-06-01T16:02Z","2021-06-01T16:02Z","EcoCore_CSU","UV Absorbance (254 nm)",0.1144,,2.4,,0,,"OK"
"3b55281c-94dc-4edb-85a2-897086a44412","D05","CRAM","CRAM.AOS.buoy.c2","CRAM.C2.20210601.FIL","A00000205986","2021-06-01T16:02Z","2021-06-01T16:02Z","EcoCore_CSU","UV Absorbance (280 nm)",0.0845,,2.4,,0,,"OK"
"c72a0dcd-a92d-4436-af3a-fb3acbbd05ab","D05","CRAM","CRAM.AOS.buoy.c2","CRAM.C2.20210601.RAW","A00000205500","2021-06-01T16:02Z","2021-06-01T16:02Z","EcoCore_CSU","TN",0.3726,"milligramsPerLiter",2.4,,0,,"OK"
"d9467400-8198-4ad6-86f8-1d09d62626ee","D05","CRAM","CRAM.AOS.buoy.c2","CRAM.C2.20210601.FIL","A00000205986","2021-06-01T16:02Z","2021-06-01T16:02Z","EcoCore_CSU","DIC",2.3680,"milligramsPerLiter",2.4,,0,,"OK"
"222e97e8-ba3b-4f9e-ab22-a5156b92f0ba","D05","CRAM","CRAM.AOS.buoy.c2","CRAM.C2.20210601.FIL","A00000205986","2021-06-01T16:02Z","2021-06-01T16:02Z","EcoCore_CSU","DOC",3.8980,"milligramsPerLiter",2.4,,0,,"OK"
"43d142a0-3b9a-4ccd-89ca-bef2a6cdd82c","D05","CRAM","CRAM.AOS.buoy.c2","CRAM.C2.20210601.RAW","A00000205500","2021-06-01T16:02Z","2021-06-01T16:02Z","EcoCore_CSU","TOC",4.6400,"milligramsPerLiter",2.4,,0,,"OK"
