uid,domainID,siteID,namedLocation,date,eventID,sampleDepth,waterTemp,specificConductance,dissolvedOxygen,dissolvedOxygenSaturation,dataQF
"458f5046-9884-4642-8ade-3fee5db887bc","D09","PRLA","PRLA.AOS.buoy.c0","2021-07-12T15:06Z","PRLA.c0.20210712",2.5,22.0,1350.0,7.1,86.7,
"4596f195-2758-481e-8952-23bd69e8f5be","D09","PRLA","PRLA.AOS.buoy.c0","2021-07-12T15:06Z","PRLA.c0.20210712",0.5,22.1,1348.0,7.4,90.5,
"d47635aa-4d58-4b13-a044-eefeab65b14f","D09","PRLA","PRLA.AOS.buoy.c0","2021-07-12T15:06Z","PRLA.c0.20210712",2.0,22.1,1349.0,7.2,88.2,
"04d68b45-94dd-440e-a351-10d53ece167f","D09","PRLA","PRLA.AOS.buoy.c0","2021-07-12T15:06Z","PRLA.c0.20210712",1.0,22.1,1347.0,7.4,90.7,
"7455514d-a892-4250-98d7-e5761b4aa375","D09","PRLA","PRLA.AOS.buoy.c0","2021-07-12T15:06Z","PRLA.c0.20210712",1.5,22.1,1346.0,7.4,91.0,
"0fa51cdc-2395-4d0d-99eb-f5bcdacd57fd","D09","PRLA","PRLA.AOS.buoy.c0","2021-07-13T13:41Z","PRLA.c0.20210713",2.5,22.5,1357.0,5.1,62.7,
"fecd57e9-ad14-4479-bf25-168918b65bd3","D09","PRLA","PRLA.AOS.buoy.c0","2021-07-13T13:41Z","PRLA.c0.20210713",1.0,22.6,1356.0,6.7,82.4,
"515744ed-ea3b-46b4-a6fc-4a71b41c0a9e","D09","PRLA","PRLA.AOS.buoy.c0","2021-07-13T13:41Z","PRLA.c0.20210713",0.5,22.6,1350.0,7.1,87.6,
"e40e3302-b140-448b-8be1-7703b886cb0b","D09","PRLA","PRLA.AOS.buoy.c0","2021-07-13T13:41Z","PRLA.c0.20210713",1.5,22.6,1355.0,6.6,81.8,
"535862c1-f48e-4742-b264-eecd0afa1ac1","D09","PRLA","PRLA.AOS.buoy.c0","2021-07-13T13:41Z","PRLA.c0.20210713",2.0,22.6,1356.0,6.6,81.5,
