uid,domainID,siteID,namedLocation,aquaticSiteType,decimalLatitude,decimalLongitude,coordinateUncertainty,elevation,elevationUncertainty,geodeticDatum,collectDate,eventID,parentSampleID,parentSampleCode,samplingImpractical,biophysicalCriteria,affectedByWind,habitatType,algalSampleType,benthicArea,samplingProtocolVersion,phytoDepth1,phytoDepth2,phytoDepth3,substratumSizeClass,remarks,recordedBy,collectedBy,dataQF
"585fdeba-990e-4589-aadd-efb02a04a6ee","D05","CRAM","CRAM.AOS.riparian.point.06","lake",46.209007,-89.472853,0.4,512.7,0.3,"WGS84","2020-06-08T16:19Z","CRAM.20200608","CRAM.20200608.EPIXYLON.4",,,"OK - no known exceptions",,"littoral","epixylon",0.002406,"NEON.DOC.003045vE",,,,,,"0000-0003-1075-1249","0000-0001-6438-3109",
"074a60be-4a3d-4996-a204-9fb88053a61e","D05","CRAM","CRAM.AOS.riparian.point.04","lake",46.209689,-89.468752,0.2,512.4,0.3,"WGS84","2020-06-08T16:19Z","CRAM.20200608","CRAM.20200608.EPIXYLON.5",,,"OK - no known exceptions",,"littoral","epixylon",0.002406,"NEON.DOC.003045vE",,,,,,"0000-0003-1075-1249","0000-0001-6438-3109",
"106d7ce8-2146-4968-a2d3-619942be3a6f","D05","CRAM","CRAM.AOS.littoral1","lake",46.207952,-89.476193,1.1,512.5,1.0,"WGS84","2020-06-08T16:19Z","CRAM.20200608","CRAM.20200608.PHYTOPLANKTON.2",,,"OK - no known exceptions","N","littoral","phytoplankton",,"NEON.DOC.003045vE",0.5,1.0,,,,"0000-0003-1075-1249","0000-0001-6438-3109",
"c5f238eb-2fda-4e2a-93b7-0e24be0aa8e4","D05","CRAM","CRAM.AOS.riparian.point.02","lake",46.211930,-89.475007,0.1,508.4,0.2,"WGS84","2020-06-08T16:19Z","CRAM.20200608","CRAM.20200608.EPIXYLON.6",,,"OK - no known exceptions",,"littoral","epixylon",0.002406,"NEON.DOC.003045vE",,,,,,"0000-0003-1075-1249","0000-0001-6438-3109",
"715d910a-f710-4893-b54e-7349a7b67ca4","D05","CRAM","CRAM.AOS.riparian.point.10","lake",46.209167,-89.477353,0.3,509.7,0.7,"WGS84","2020-06-08T16:19Z","CRAM.20200608","CRAM.20200608.EPIXYLON.8",,,"OK - no known exceptions",,"littoral","epixylon",0.002406,"NEON.DOC.003045vE",,,,,,"0000-0003-1075-1249","0000-0001-6438-3109",
"205373e9-70e1-4119-9b33-aff75e57f4d5","D05","CRAM","CRAM.AOS.riparian.point.08","lake",46.205971,-89.472702,0.1,510.8,0.1,"WGS84","2020-06-08T16:19Z","CRAM.20200608","CRAM.20200608.EPIXYLON.3",,,"OK - no known exceptions",,"littoral","epixylon",0.002406,"NEON.DOC.003045vE",,,,,,"0000-0003-1075-1249","0000-0001-6438-3109",
"f6bb85c3-822f-4320-bcd0-6a4cd1c2c4fc","D05","CRAM","CRAM.AOS.buoy.c1","lake",46.210592,-89.476861,10.0,509.0,10.0,"WGS84","2020-06-08T16:19Z","CRAM.20200608","CRAM.20200608.PHYTOPLANKTON.1",,,"OK - no known exceptions","N","littoral","phytoplankton",,"NEON.DOC.003045vE",0.5,10.0,,,,"0000-0003-1075-1249","0000-0001-6438-3109",
"fa0ba18a-4d53-4157-a1e5-99dbd7e71101","D05","CRAM","CRAM.AOS.littoral2","lake",46.211995,-89.474460,1.1,512.5,1.0,"WGS84","2020-06-08T16:19Z","CRAM.20200608","CRAM.20200608.PHYTOPLANKTON.7",,,"OK - no known exceptions","N","littoral","phytoplankton",,"NEON.DOC.003045vE",0.5,1.1,,,,"0000-0003-1075-1249","0000-0001-6438-3109",
