uid,domainID,siteID,namedLocation,collectDate,parentSampleID,sampleID,sampleCode,filterNumber,analysisType,fieldSampleVolume,domainFilterVolume,storageDays,remarks,measuredBy,recordedBy,sampleCondition,dataQF
"319cb4c7-b3f0-402e-8e99-c2043d033c94","D05","CRAM","CRAM.AOS.riparian.point.06","2020-06-08T16:19Z","CRAM.20200608.EPIXYLON.4","CRAM.20200608.EPIXYLON.4.CNSB.1","A00000202920",1,"CNSb",125.0,4.0,1.1,,"0000-0003-1075-1249","0000-0003-1075-1249","OK",
"8ec86e70-fd3a-4a73-97ac-14c0d1070ce4","D05","CRAM","CRAM.AOS.buoy.c1","2020-06-08T16:19Z","CRAM.20200608.PHYTOPLANKTON.1","CRAM.20200608.PHYTOPLANKTON.1.REP2.CNSA.2","A00000202913",2,"CNSa",4000.0,200.0,0.9,,"0000-0003-1075-1249","0000-0003-1075-1249","OK",
"17b6d8e0-69fc-4abf-b849-a38cc05b1c1c","D05","CRAM","CRAM.AOS.riparian.point.08","2020-06-08T16:19Z","CRAM.20200608.EPIXYLON.3","CRAM.20200608.EPIXYLON.3.CHL/PHEO.1","B00000062255",1,"chlorophyll/pheophytin",125.0,4.0,1.1,,"0000-0003-1075-1249","0000-0003-1075-1249","OK",
"593c6824-2c1c-418c-947d-46634febfac3","D05","CRAM","CRAM.AOS.riparian.point.02","2020-06-08T16:19Z","CRAM.20200608.EPIXYLON.6","CRAM.20200608.EPIXYLON.6.CHL/PHEO.1","B00000062258",1,"chlorophyll/pheophytin",125.0,4.0,1.1,,"0000-0003-1075-1249","0000-0003-1075-1249","OK",
"eccd3000-0bc8-49de-bc23-f008776a657e","D05","CRAM","CRAM.AOS.littoral2","2020-06-08T16:19Z","CRAM.20200608.PHYTOPLANKTON.7","CRAM.20200608.PHYTOPLANKTON.7.CNSB.1","A00000202930",1,"CNSb",4000.0,200.0,1.0,,"0000-0003-1075-1249","0000-0003-1075-1249","OK",
"b73c9132-d253-4a74-8009-3fe5dccf4594","D05","CRAM","CRAM.AOS.littoral2","2020-06-08T16:19Z","CRAM.20200608.PHYTOPLANKTON.7","CRAM.20200608.PHYTOPLANKTON.7.P.1","A00000202946",1,"P",4000.0,200.0,1.0,,"0000-0003-1075-1249","0000-0003-1075-1249","OK",
"fe0a185e-550d-4bd3-a570-1b80edc7ac00","D05","CRAM","CRAM.AOS.littoral1","2020-06-08T16:19Z","CRAM.20200608.PHYTOPLANKTON.2","CRAM.20200608.PHYTOPLANKTON.2.CHL/PHEO.1","B00000062253",1,"chlorophyll/pheophytin",4000.0,200.0,1.0,,"0000-0003-1075-1249","0000-0003-1075-1249","OK",
"36263e36-ba1f-4a04-a4d3-71f56b5b1b23","D05","CRAM","CRAM.AOS.riparian.point.10","2020-06-08T16:19Z","CRAM.20200608.EPIXYLON.8","CRAM.20200608.EPIXYLON.8.CHL/PHEO.1","B00000062259",1,"chlorophyll/pheophytin",125.0,4.0,1.1,,"0000-0003-1075-1249","0000-0003-1075-1249","OK",
"692eed94-33df-401b-8cc7-99e90327811e","D05","CRAM","CRAM.AOS.riparian.point.02","2020-06-08T16:19Z","CRAM.20200608.EPIXYLON.6","CRAM.20200608.EPIXYLON.6.P.1","A00000202933",1,"P",125.0,4.0,1.1,,"0000-0003-1075-1249","0000-0003-1075-1249","OK",
"c75fbc8d-ab80-4018-8b9d-b9da30602447","D05","CRAM","CRAM.AOS.riparian.point.10","2020-06-08T16:19Z","CRAM.20200608.EPIXYLON.8","CRAM.20200608.EPIXYLON.8.P.1","A00000202936",1,"P",125.0,4.0,1.1,,"0000-0003-1075-1249","0000-0003-1075-1249","OK",
"8d1654f8-38c8-4a6b-adee-94e71f7d3292","D05","CRAM","CRAM.AOS.buoy.c1","2020-06-08T16:19Z","CRAM.20200608.PHYTOPLANKTON.1","CRAM.20200608.PHYTOPLANKTON.1.P.1","A00000202960",1,"P",4000.0,200.0,0.9,,"0000-0003-1075-1249","0000-0003-1075-1249","OK",
"1475c36b-13f4-4128-bc30-b86b418d65c7","D05","CRAM","CRAM.AOS.riparian.point.02","2020-06-08T16:19Z","CRAM.20200608.EPIXYLON.6","CRAM.20200608.EPIXYLON.6.CNSB.1","A00000202932",1,"CNSb",125.0,4.0,1.1,,"0000-0003-1075-1249","0000-0003-1075-1249","OK",
"fff90486-2f62-493a-96bc-d0099d9dd196","D05","CRAM","CRAM.AOS.littoral1","2020-06-08T16:19Z","CRAM.20200608.PHYTOPLANKTON.2","CRAM.20200608.PHYTOPLANKTON.2.CNSB.1","A00000202961",1,"CNSb",4000.0,200.0,1.0,,"0000-0003-1075-1249","0000-0003-1075-1249","OK",
"e63e6072-709c-4c6f-840d-18bb94ccf4c2","D05","CRAM","CRAM.AOS.riparian.point.04","2020-06-08T16:19Z","CRAM.20200608.EPIXYLON.5","CRAM.20200608.EPIXYLON.5.CNSA.1","A00000202922",1,"CNSa",125.0,4.0,1.1,,"0000-0003-1075-1249","0000-0003-1075-1249","OK",
"a9c5c69f-0c91-4ce0-95f4-2d4642364085","D05","CRAM","CRAM.AOS.buoy.c1","2020-06-08T16:19Z","CRAM.20200608.PHYTOPLANKTON.1","CRAM.20200608.PHYTOPLANKTON.1.CNSB.1","A00000202944",1,"CNSb",4000.0,200.0,0.9,,"0000-0003-1075-1249","0000-0003-1075-1249","OK",
"5fddd2e8-e3d5-4620-ab53-92f1dc3414bd","D05","CRAM","CRAM.AOS.riparian.point.08","2020-06-08T16:19Z","CRAM.20200608.EPIXYLON.3","CRAM.20200608.EPIXYLON.3.CNSB.1","A00000202978",1,"CNSb",125.0,4.0,1.1,,"0000-0003-1075-1249","0000-0003-1075-1249","OK",
"d2d32a4f-dd69-4936-8c18-3fa87de6a034","D05","CRAM","CRAM.AOS.littoral2","2020-06-08T16:19Z","CRAM.20200608.PHYTOPLANKTON.7","CRAM.20200608.PHYTOPLANKTON.7.CHL/PHEO.1","B00000062254",1,"chlorophyll/pheophytin",4000.0,200.0,1.0,,"0000-0003-1075-1249","0000-0003-1075-1249","OK",
"73930bf2-2aa6-4275-a226-486e9b9518be","D05","CRAM","CRAM.AOS.buoy.c1","2020-06-08T16:19Z","CRAM.20200608.PHYTOPLANKTON.1","CRAM.20200608.PHYTOPLANKTON.1.REP2.CHL/PHEO.2","B00000062252",2,"chlorophyll/pheophytin",4000.0,200.0,0.9,,"0000-0003-1075-1249","0000-0003-1075-1249","OK",
"fca1b55e-35d8-42e8-8c91-b5823775fd6e","D05","CRAM","CRAM.AOS.riparian.point.04","2020-06-08T16:19Z","CRAM.20200608.EPIXYLON.5","CRAM.20200608.EPIXYLON.5.CHL/PHEO.1","B00000062257",1,"chlorophyll/pheophytin",125.0,4.0,1.1,,"0000-0003-1075-1249","0000-0003-1075-1249","OK",
"4a2955a9-b592-48fe-9523-95c14b433e58","D05","CRAM","CRAM.AOS.riparian.point.06","2020-06-08T16:19Z","CRAM.20200608.EPIXYLON.4","CRAM.20200608.EPIXYLON.4.CHL/PHEO.1","B00000062256",1,"chlorophyll/pheophytin",125.0,4.0,1.1,,"0000-0003-1075-1249","0000-0003-1075-1249","OK",
"194494f2-e8f7-4ab8-93c0-048f97a45a15","D05","CRAM","CRAM.AOS.littoral1","2020-06-08T16:19Z","CRAM.20200608.PHYTOPLANKTON.2","CRAM.20200608.PHYTOPLANKTON.2.P.1","A00000202993",1,"P",4000.0,200.0,1.0,,"0000-0003-1075-1249","0000-0003-1075-1249","OK",
"d5429403-7277-4507-82ce-b4ab2bf40296","D05","CRAM","CRAM.AOS.buoy.c1","2020-06-08T16:19Z","CRAM.20200608.PHYTOPLANKTON.1","CRAM.20200608.PHYTOPLANKTON.1.REP2.CNSB.2","A00000202976",2,"CNSb",4000.0,200.0,0.9,,"0000-0003-1075-1249","0000-0003-1075-1249","OK",
"be9e427a-4da0-4dc3-bcb0-bbd70ffbd950","D05","CRAM","CRAM.AOS.riparian.point.02","2020-06-08T16:19Z","CRAM.20200608.EPIXYLON.6","CRAM.20200608.EPIXYLON.6.CNSA.1","A00000202931",1,"CNSa",125.0,4.0,1.1,,"0000-0003-1075-1249","0000-0003-1075-1249","OK",
"4b67cb2a-837b-40ec-9cc1-8647938503ba","D05","CRAM","CRAM.AOS.riparian.point.10","2020-06-08T16:19Z","CRAM.20200608.EPIXYLON.8","CRAM.20200608.EPIXYLON.8.CNSB.1","A00000202935",1,"CNSb",125.0,4.0,1.1,,"0000-0003-1075-1249","0000-0003-1075-1249","OK",
"6a71f389-ad79-47a2-9b17-97b51ca97654","D05","CRAM","CRAM.AOS.littoral1","2020-06-08T16:19Z","CRAM.20200608.PHYTOPLANKTON.2","CRAM.20200608.PHYTOPLANKTON.2.CNSA.1","A00000202945",1,"CNSa",4000.0,200.0,1.0,,"0000-0003-1075-1249","0000-0003-1075-1249","OK",
"b1c2d8f2-5303-4025-8b80-c392d42e24c4","D05","CRAM","CRAM.AOS.buoy.c1","2020-06-08T16:19Z","CRAM.20200608.PHYTOPLANKTON.1","CRAM.20200608.PHYTOPLANKTON.1.REP2.P.2","A00000202992",2,"P",4000.0,200.0,0.9,,"0000-0003-1075-1249","0000-0003-1075-1249","OK",
"c1903df6-a8a2-4966-8d11-b49ff71e7e83","D05","CRAM","CRAM.AOS.riparian.point.08","2020-06-08T16:19Z","CRAM.20200608.EPIXYLON.3","CRAM.20200608.EPIXYLON.3.CNSA.1","A00000202994",1,"CNSa",125.0,4.0,1.1,,"0000-0003-1075-1249","0000-0003-1075-1249","OK",
"1bdb16d3-ed15-473f-94e3-8de561a5447c","D05","CRAM","CRAM.AOS.riparian.point.06","2020-06-08T16:19Z","CRAM.20200608.EPIXYLON.4","CRAM.20200608.EPIXYLON.4.CNSA.1","A00000202919",1,"CNSa",125.0,4.0,1.1,,"0000-0003-1075-1249","0000-0003-1075-1249","OK",
"34954479-0a6f-4299-81f7-3137daee02a7","D05","CRAM","CRAM.AOS.buoy.c1","2020-06-08T16:19Z","CRAM.20200608.PHYTOPLANKTON.1","CRAM.20200608.PHYTOPLANKTON.1.CHL/PHEO.1","B00000062251",1,"chlorophyll/pheophytin",4000.0,200.0,0.9,,"0000-0003-1075-1249","0000-0003-1075-1249","OK",
"dffebf33-e33c-41cc-8ef6-851c95a36a08","D05","CRAM","CRAM.AOS.riparian.point.04","2020-06-08T16:19Z","CRAM.20200608.EPIXYLON.5","CRAM.20200608.EPIXYLON.5.P.1","A00000202924",1,"P",125.0,4.0,1.1,,"0000-0003-1075-1249","0000-0003-1075-1249","OK",
"b8c91a37-2779-4b71-a652-e4960e5f28a1","D05","CRAM","CRAM.AOS.riparian.point.06","2020-06-08T16:19Z","CRAM.20200608.EPIXYLON.4","CRAM.20200608.EPIXYLON.4.P.1","A00000202921",1,"P",125.0,4.0,1.1,,"0000-0003-1075-1249","0000-0003-1075-1249","OK",
"690c5f33-7864-40f0-b36d-450269db28fc","D05","CRAM","CRAM.AOS.riparian.point.08","2020-06-08T16:19Z","CRAM.20200608.EPIXYLON.3","CRAM.20200608.EPIXYLON.3.P.1","A00000202915",1,"P",125.0,4.0,1.1,,"0000-0003-1075-1249","0000-0003-1075-1249","OK",
"5fb34dd2-93ba-497b-b3ae-94271a22bb13","D05","CRAM","CRAM.AOS.littoral2","2020-06-08T16:19Z","CRAM.20200608.PHYTOPLANKTON.7","CRAM.20200608.PHYTOPLANKTON.7.CNSA.1","A00000202914",1,"CNSa",4000.0,200.0,1.0,,"0000-0003-1075-1249","0000-0003-1075-1249","OK",
"9a2181a5-53cb-4bdd-8c4b-52eae8560d23","D05","CRAM","CRAM.AOS.riparian.point.04","2020-06-08T16:19Z","CRAM.20200608.EPIXYLON.5","CRAM.20200608.EPIXYLON.5.CNSB.1","A00000202923",1,"CNSb",125.0,4.0,1.1,,"0000-0003-1075-1249","0000-0003-1075-1249","OK",
"d7c7c1da-e629-42f5-966e-2564d913bf03","D05","CRAM","CRAM.AOS.riparian.point.10","2020-06-08T16:19Z","CRAM.20200608.EPIXYLON.8","CRAM.20200608.EPIXYLON.8.CNSA.1","A00000202934",1,"CNSa",125.0,4.0,1.1,,"0000-0003-1075-1249","0000-0003-1075-1249","OK",
"9357d75b-6eff-4424-8d46-179e59198575","D05","CRAM","CRAM.AOS.buoy.c1","2020-06-08T16:19Z","CRAM.20200608.PHYTOPLANKTON.1","CRAM.20200608.PHYTOPLANKTON.1.CNSA.1","A00000202928",1,"CNSa",4000.0,200.0,0.9,,"0000-0003-1075-1249","0000-0003-1075-1249","OK",
