uid,domainID,siteID,namedLocation,collectDate,sampleID,sampleCode,sampleCondition,laboratoryName,analysisDate,analyzedBy,sampleType,replicate,sampleVolumeFiltered,filterSize,percentFilterAnalyzed,dilutionFactor,solventVolume,responseFactor,acidificationResponseFactor,fluorometerSensitivitySetting,preAcidificationFluorescence,postAcidificationFluorescence,analyte,analyteConcentration,plantAlgaeLabUnits,testMethod,method,acidTreatment,externalRemarks,externalLabDataQF
"e0640c1d-39fd-4a46-899d-aa5dae0320f3","D05","CRAM","CRAM.AOS.buoy.c1","2020-06-08","CRAM.20200608.PHYTOPLANKTON.1.REP2.CNSA.2","A00000202913","condition ok","SIRFER Lab at University of Utah","2021-07-19","ElFtGy1kV49xqNP00HfxQA==","CNS","1",200,25,100,,,,,,,,"d13C",-32.96,"perMill","SIRFER_algalPlantChem_isotopes_V1","Revesz & Coplen 2012a","N",,
"301e124c-3968-4e5f-88be-30e8936130b1","D05","CRAM","CRAM.AOS.buoy.c1","2020-06-08","CRAM.20200608.PHYTOPLANKTON.1.REP2.CNSA.2","A00000202913","condition ok","SIRFER Lab at University of Utah","2021-07-19","ElFtGy1kV49xqNP00HfxQA==","CNS","1",200,25,100,,,,,,,,"carbon",600.39,"microgramsPerLiter","SIRFER_algalPlantChem_isotopes_V1","Revesz & Coplen 2012a","N",,
"682533bb-5e33-4b05-954e-54c1c12a39f4","D05","CRAM","CRAM.AOS.buoy.c1","2020-06-08","CRAM.20200608.PHYTOPLANKTON.1.REP2.CNSA.2","A00000202913","condition ok","SIRFER Lab at University of Utah","2021-07-19","ElFtGy1kV49xqNP00HfxQA==","CNS","1",200,25,100,,,,,,,,"nitrogen",114.64,"microgramsPerLiter","SIRFER_algalPlantChem_isotopes_V1","Revesz & Coplen 2012a","N",,
"6f32dafc-55c5-4661-b966-9e005c753922","D05","CRAM","CRAM.AOS.buoy.c1","2020-06-08","CRAM.20200608.PHYTOPLANKTON.1.REP2.CNSB.2","A00000202976","condition ok","SIRFER Lab at University of Utah","2021-07-29","ElFtGy1kV49xqNP00HfxQA==","CNS","1",200,25,100,,,,,,,,"carbon",639.47,"microgramsPerLiter","SIRFER_algalPlantChem_isotopes_V1","Revesz & Coplen 2012a","Y",,
"af814010-1971-4e2f-8f0b-c0bc7b87dd5b","D05","CRAM","CRAM.AOS.buoy.c1","2020-06-08","CRAM.20200608.PHYTOPLANKTON.1.REP2.CNSB.2","A00000202976","condition ok","SIRFER Lab at University of Utah","2021-07-29","ElFtGy1kV49xqNP00HfxQA==","CNS","1",200,25,100,,,,,,,,"d13C",-32.59,"perMill","SIRFER_algalPlantChem_isotopes_V1","Revesz & Coplen 2012a","Y",,
"a7729909-b64c-4348-957d-182633601f4f","D05","CRAM","CRAM.AOS.buoy.c1","2020-06-08","CRAM.20200608.PHYTOPLANKTON.1.REP2.CNSA.2","A00000202913","condition ok","SIRFER Lab at University of Utah","2021-07-19","ElFtGy1kV49xqNP00HfxQA==","CNS","1",200,25,100,,,,,,,,"d15N",5.24,"perMill","SIRFER_algalPlantChem_isotopes_V1","Revesz & Coplen 2012a","N",,
"8850973b-2f9d-4ce4-89ac-dcc40084016e","D05","CRAM","CRAM.AOS.buoy.c1","2020-06-08","CRAM.20200608.PHYTOPLANKTON.1.REP2.CNSA.2","A00000202913","condition ok","SIRFER Lab at University of Utah","2021-07-19","ElFtGy1kV49xqNP00HfxQA==","CNS","1",200,25,100,,,,,,,,"d34S",6.58,"perMill","SIRFER_algalPlantChem_isotopes_V1","Revesz & Coplen 2012b","N",,
"1f87ba94-08af-45b7-8bcd-4f81c1492b98","D05","CRAM","CRAM.AOS.buoy.c1","2020-06-08","CRAM.20200608.PHYTOPLANKTON.1.REP2.CNSA.2","A00000202913","condition ok","SIRFER Lab at University of Utah","2021-07-19","ElFtGy1kV49xqNP00HfxQA==","CNS","1",200,25,100,,,,,,,,"sulfur",16.64,"microgramsPerLiter","SIRFER_algalPlantChem_isotopes_V1","Revesz & Coplen 2012b","N",,
"e6c9e821-fc6a-42b2-a9f1-e5cfaeb7aa51","D05","CRAM","CRAM.AOS.riparian.point.02","2020-06-08","CRAM.20200608.EPIXYLON.6.P.1","A00000202933","condition ok","SIRFER Lab at University of Utah","2020-11-12","a1rVWpE0V4zMCUk591/P0Q==","P","1",4,25,100,,,,,,,,"phosphorus",491.49,"microgramsPerLiter","ICPMetalsLab_P_V2.0","Ivanov et al 2012","N",,
"d31d3f70-c9c3-49b2-bdc2-8333efda1cd8","D05","CRAM","CRAM.AOS.riparian.point.04","2020-06-08","CRAM.20200608.EPIXYLON.5.P.1","A00000202924","condition ok","SIRFER Lab at University of Utah","2020-11-12","a1rVWpE0V4zMCUk591/P0Q==","P","1",4,25,100,,,,,,,,"phosphorus",294.30,"microgramsPerLiter","ICPMetalsLab_P_V2.0","Ivanov et al 2012","N",,
"7c072fe9-030b-497b-95cb-a1ebcfe1069a","D05","CRAM","CRAM.AOS.littoral1","2020-06-08","CRAM.20200608.PHYTOPLANKTON.2.P.1","A00000202993","condition ok","SIRFER Lab at University of Utah","2020-11-12","a1rVWpE0V4zMCUk591/P0Q==","P","1",200,25,100,,,,,,,,"phosphorus",3.98,"microgramsPerLiter","ICPMetalsLab_P_V2.0","Ivanov et al 2012","N",,
"1ae43523-36f8-4cb1-bb4a-9a1ffd793125","D05","CRAM","CRAM.AOS.buoy.c1","2020-06-08","CRAM.20200608.PHYTOPLANKTON.1.P.1","A00000202960","condition ok","SIRFER Lab at University of Utah","2020-11-12","a1rVWpE0V4zMCUk591/P0Q==","P","1",200,25,100,,,,,,,,"phosphorus",7.63,"microgramsPerLiter","ICPMetalsLab_P_V2.0","Ivanov et al 2012","N",,
"c6da5bda-11a8-4563-9048-b577efe6c277","D05","CRAM","CRAM.AOS.riparian.point.06","2020-06-08","CRAM.20200608.EPIXYLON.4.P.1","A00000202921","condition ok","SIRFER Lab at University of Utah","2020-11-12","a1rVWpE0V4zMCUk591/P0Q==","P","1",4,25,100,,,,,,,,"phosphorus",802.60,"microgramsPerLiter","ICPMetalsLab_P_V2.0","Ivanov et al 2012","N",,
"3e62b427-d0de-4f1d-8cc1-12137427ab71","D05","CRAM","CRAM.AOS.littoral2","2020-06-08","CRAM.20200608.PHYTOPLANKTON.7.P.1","A00000202946","condition ok","SIRFER Lab at University of Utah","2020-11-12","a1rVWpE0V4zMCUk591/P0Q==","P","1",200,25,100,,,,,,,,"phosphorus",4.69,"microgramsPerLiter","ICPMetalsLab_P_V2.0","Ivanov et al 2012","N",,
"2b9f67e4-3a49-4955-8f51-535110bd7c5b","D05","CRAM","CRAM.AOS.riparian.point.08","2020-06-08","CRAM.20200608.EPIXYLON.3.P.1","A00000202915","condition ok","SIRFER Lab at University of Utah","2020-11-12","a1rVWpE0V4zMCUk591/P0Q==","P","1",4,25,100,,,,,,,,"phosphorus",631.83,"microgramsPerLiter","ICPMetalsLab_P_V2.0","Ivanov et al 2012","N",,
"304bd3c9-6cd6-4fcc-bf9e-0d53240316fe","D05","CRAM","CRAM.AOS.riparian.point.10","2020-06-08","CRAM.20200608.EPIXYLON.8.P.1","A00000202936","condition ok","SIRFER Lab at University of Utah","2020-11-12","a1rVWpE0V4zMCUk591/P0Q==","P","1",4,25,100,,,,,,,,"phosphorus",774.80,"microgramsPerLiter","ICPMetalsLab_P_V2.0","Ivanov et al 2012","N",,
"e0ab2079-5db3-4a52-8813-c588349d64b0","D05","CRAM","CRAM.AOS.buoy.c1","2020-06-08","CRAM.20200608.PHYTOPLANKTON.1.CNSA.1","A00000202928","condition ok","SIRFER Lab at University of Utah","2020-07-02","ElFtGy1kV49xqNP00HfxQA==","CNS","1",200,25,100,,,,,,,,"nitrogen",125.64,"microgramsPerLiter","SIRFER_algalPlantChem_isotopes_V1","Revesz & Coplen 2012a",,,
"1ca76690-ccf9-4c12-af64-3f91ba6f840f","D05","CRAM","CRAM.AOS.buoy.c1","2020-06-08","CRAM.20200608.PHYTOPLANKTON.1.CNSA.1","A00000202928","condition ok","SIRFER Lab at University of Utah","2020-07-02","ElFtGy1kV49xqNP00HfxQA==","CNS","1",200,25,100,,,,,,,,"d34S",6.73,"perMill","SIRFER_algalPlantChem_isotopes_V1","Revesz & Coplen 2012b",,,
"31733509-82df-42c5-bf00-3720b671c7b2","D05","CRAM","CRAM.AOS.littoral2","2020-06-08","CRAM.20200608.PHYTOPLANKTON.7.CNSA.1","A00000202914","condition ok","SIRFER Lab at University of Utah","2020-07-02","ElFtGy1kV49xqNP00HfxQA==","CNS","1",200,25,100,,,,,,,,"sulfur",20.98,"microgramsPerLiter","SIRFER_algalPlantChem_isotopes_V1","Revesz & Coplen 2012b",,,
"f288633f-1c04-41b5-9fb0-145905b76b01","D05","CRAM","CRAM.AOS.riparian.point.06","2020-06-08","CRAM.20200608.EPIXYLON.4.CNSA.1","A00000202919","condition ok","SIRFER Lab at University of Utah","2020-07-02","ElFtGy1kV49xqNP00HfxQA==","CNS","1",4,25,100,,,,,,,,"d15N",3.77,"perMill","SIRFER_algalPlantChem_isotopes_V1","Revesz & Coplen 2012a",,,
"0c45ef1b-3598-448b-a8fc-945a158f6c67","D05","CRAM","CRAM.AOS.riparian.point.06","2020-06-08","CRAM.20200608.EPIXYLON.4.CNSA.1","A00000202919","condition ok","SIRFER Lab at University of Utah","2020-07-02","ElFtGy1kV49xqNP00HfxQA==","CNS","1",4,25,100,,,,,,,,"sulfur",3236.44,"microgramsPerLiter","SIRFER_algalPlantChem_isotopes_V1","Revesz & Coplen 2012b",,,
"43ad0498-d1f3-4ba6-84e8-4112e194d254","D05","CRAM","CRAM.AOS.buoy.c1","2020-06-08","CRAM.20200608.PHYTOPLANKTON.1.CNSA.1","A00000202928","condition ok","SIRFER Lab at University of Utah","2020-07-02","ElFtGy1kV49xqNP00HfxQA==","CNS","1",200,25,100,,,,,,,,"carbon",593.06,"microgramsPerLiter","SIRFER_algalPlantChem_isotopes_V1","Revesz & Coplen 2012a","N",,
"c184a828-d722-4872-b8e9-9ca9dea2dfc5","D05","CRAM","CRAM.AOS.riparian.point.06","2020-06-08","CRAM.20200608.EPIXYLON.4.CNSA.1","A00000202919","condition ok","SIRFER Lab at University of Utah","2020-07-02","ElFtGy1kV49xqNP00HfxQA==","CNS","1",4,25,100,,,,,,,,"d34S",3.49,"perMill","SIRFER_algalPlantChem_isotopes_V1","Revesz & Coplen 2012b",,,
"1feac05c-f0bc-4e5b-974c-9ec025b34281","D05","CRAM","CRAM.AOS.riparian.point.04","2020-06-08","CRAM.20200608.EPIXYLON.5.CNSA.1","A00000202922","condition ok","SIRFER Lab at University of Utah","2020-07-02","ElFtGy1kV49xqNP00HfxQA==","CNS","1",4,25,100,,,,,,,,"carbon",138416.79,"microgramsPerLiter","SIRFER_algalPlantChem_isotopes_V1","Revesz & Coplen 2012a","N",,
"d6913054-95df-478c-872a-a4bbe0f84a14","D05","CRAM","CRAM.AOS.riparian.point.06","2020-06-08","CRAM.20200608.EPIXYLON.4.CNSA.1","A00000202919","condition ok","SIRFER Lab at University of Utah","2020-07-02","ElFtGy1kV49xqNP00HfxQA==","CNS","1",4,25,100,,,,,,,,"carbon",149397.12,"microgramsPerLiter","SIRFER_algalPlantChem_isotopes_V1","Revesz & Coplen 2012a","N",,
"bb9934f1-19a6-4e83-94d8-a885fb1c6f4b","D05","CRAM","CRAM.AOS.littoral1","2020-06-08","CRAM.20200608.PHYTOPLANKTON.2.CNSA.1","A00000202945","condition ok","SIRFER Lab at University of Utah","2020-07-02","ElFtGy1kV49xqNP00HfxQA==","CNS","1",200,25,100,,,,,,,,"sulfur",94.05,"microgramsPerLiter","SIRFER_algalPlantChem_isotopes_V1","Revesz & Coplen 2012b",,,
"a764a8bf-7ed9-4c13-b407-373cbce9f14b","D05","CRAM","CRAM.AOS.riparian.point.10","2020-06-08","CRAM.20200608.EPIXYLON.8.CNSA.1","A00000202934","condition ok","SIRFER Lab at University of Utah","2020-07-02","ElFtGy1kV49xqNP00HfxQA==","CNS","1",4,25,100,,,,,,,,"d15N",0.86,"perMill","SIRFER_algalPlantChem_isotopes_V1","Revesz & Coplen 2012a",,,
"3269f1b0-72ac-4e12-b701-9635909321d2","D05","CRAM","CRAM.AOS.riparian.point.08","2020-06-08","CRAM.20200608.EPIXYLON.3.CNSA.1","A00000202994","condition ok","SIRFER Lab at University of Utah","2020-07-02","ElFtGy1kV49xqNP00HfxQA==","CNS","1",4,25,100,,,,,,,,"d15N",4.37,"perMill","SIRFER_algalPlantChem_isotopes_V1","Revesz & Coplen 2012a",,,
"66cef6f8-5d95-4c5a-b56b-f63d2c10626a","D05","CRAM","CRAM.AOS.riparian.point.08","2020-06-08","CRAM.20200608.EPIXYLON.3.CNSA.1","A00000202994","condition ok","SIRFER Lab at University of Utah","2020-07-02","ElFtGy1kV49xqNP00HfxQA==","CNS","1",4,25,100,,,,,,,,"d34S",6.78,"perMill","SIRFER_algalPlantChem_isotopes_V1","Revesz & Coplen 2012b",,,
"faacfa5d-9a4f-4edd-be9b-6c9266f013d3","D05","CRAM","CRAM.AOS.riparian.point.02","2020-06-08","CRAM.20200608.EPIXYLON.6.CNSA.1","A00000202931","condition ok","SIRFER Lab at University of Utah","2020-07-02","ElFtGy1kV49xqNP00HfxQA==","CNS","1",4,25,100,,,,,,,,"nitrogen",12306.60,"microgramsPerLiter","SIRFER_algalPlantChem_isotopes_V1","Revesz & Coplen 2012a",,,
"f5c63e1d-6012-4426-8fc3-c114e67b9967","D05","CRAM","CRAM.AOS.riparian.point.04","2020-06-08","CRAM.20200608.EPIXYLON.5.CNSA.1","A00000202922","condition ok","SIRFER Lab at University of Utah","2020-07-02","ElFtGy1kV49xqNP00HfxQA==","CNS","1",4,25,100,,,,,,,,"sulfur",906.67,"microgramsPerLiter","SIRFER_algalPlantChem_isotopes_V1","Revesz & Coplen 2012b",,,
"6ce69550-fde1-46f7-b097-66d744c27473","D05","CRAM","CRAM.AOS.riparian.point.02","2020-06-08","CRAM.20200608.EPIXYLON.6.CNSA.1","A00000202931","condition ok","SIRFER Lab at University of Utah","2020-07-02","ElFtGy1kV49xqNP00HfxQA==","CNS","1",4,25,100,,,,,,,,"d34S",6.93,"perMill","SIRFER_algalPlantChem_isotopes_V1","Revesz & Coplen 2012b",,,
"16cf85ff-41b0-4cfb-9fd2-ed664e27f1a1","D05","CRAM","CRAM.AOS.littoral2","2020-06-08","CRAM.20200608.PHYTOPLANKTON.7.CNSA.1","A00000202914","condition ok","SIRFER Lab at University of Utah","2020-07-02","ElFtGy1kV49xqNP00HfxQA==","CNS","1",200,25,100,,,,,,,,"d15N",-4.19,"perMill","SIRFER_algalPlantChem_isotopes_V1","Revesz & Coplen 2012a",,,
"8a7a0c1f-afe1-4949-ba3e-c79beb46c9ea","D05","CRAM","CRAM.AOS.littoral2","2020-06-08","CRAM.20200608.PHYTOPLANKTON.7.CNSA.1","A00000202914","condition ok","SIRFER Lab at University of Utah","2020-07-02","ElFtGy1kV49xqNP00HfxQA==","CNS","1",200,25,100,,,,,,,,"nitrogen",107.21,"microgramsPerLiter","SIRFER_algalPlantChem_isotopes_V1","Revesz & Coplen 2012a",,,
"d269d8f5-bd01-4a33-b5f1-7967e4da4474","D05","CRAM","CRAM.AOS.riparian.point.02","2020-06-08","CRAM.20200608.EPIXYLON.6.CNSA.1","A00000202931","condition ok","SIRFER Lab at University of Utah","2020-07-02","ElFtGy1kV49xqNP00HfxQA==","CNS","1",4,25,100,,,,,,,,"carbon",171077.41,"microgramsPerLiter","SIRFER_algalPlantChem_isotopes_V1","Revesz & Coplen 2012a","N",,
"6a6ef907-7e4d-44d9-b207-5e44738936a6","D05","CRAM","CRAM.AOS.littoral1","2020-06-08","CRAM.20200608.PHYTOPLANKTON.2.CNSA.1","A00000202945","condition ok","SIRFER Lab at University of Utah","2020-07-02","ElFtGy1kV49xqNP00HfxQA==","CNS","1",200,25,100,,,,,,,,"d15N",-4.23,"perMill","SIRFER_algalPlantChem_isotopes_V1","Revesz & Coplen 2012a",,,
"fae04f69-9929-4141-93a8-0a84fbf4e831","D05","CRAM","CRAM.AOS.riparian.point.10","2020-06-08","CRAM.20200608.EPIXYLON.8.CNSA.1","A00000202934","condition ok","SIRFER Lab at University of Utah","2020-07-02","ElFtGy1kV49xqNP00HfxQA==","CNS","1",4,25,100,,,,,,,,"nitrogen",5902.64,"microgramsPerLiter","SIRFER_algalPlantChem_isotopes_V1","Revesz & Coplen 2012a",,,
"db9158e6-5ea5-465c-80d1-75e91560a3b7","D05","CRAM","CRAM.AOS.riparian.point.04","2020-06-08","CRAM.20200608.EPIXYLON.5.CNSA.1","A00000202922","condition ok","SIRFER Lab at University of Utah","2020-07-02","ElFtGy1kV49xqNP00HfxQA==","CNS","1",4,25,100,,,,,,,,"d13C",-25.32,"perMill","SIRFER_algalPlantChem_isotopes_V1","Revesz & Coplen 2012a","N",,
"38551dab-24d1-4fc3-9ba6-afd53c7f5fe8","D05","CRAM","CRAM.AOS.riparian.point.10","2020-06-08","CRAM.20200608.EPIXYLON.8.CNSA.1","A00000202934","condition ok","SIRFER Lab at University of Utah","2020-07-02","ElFtGy1kV49xqNP00HfxQA==","CNS","1",4,25,100,,,,,,,,"carbon",154536.10,"microgramsPerLiter","SIRFER_algalPlantChem_isotopes_V1","Revesz & Coplen 2012a","N",,
"6a366dcf-7aa0-4e85-9618-91183bce3616","D05","CRAM","CRAM.AOS.riparian.point.04","2020-06-08","CRAM.20200608.EPIXYLON.5.CNSA.1","A00000202922","condition ok","SIRFER Lab at University of Utah","2020-07-02","ElFtGy1kV49xqNP00HfxQA==","CNS","1",4,25,100,,,,,,,,"d15N",-5.30,"perMill","SIRFER_algalPlantChem_isotopes_V1","Revesz & Coplen 2012a",,,
"f8e984cd-8929-46c2-bb55-2868699fbbe2","D05","CRAM","CRAM.AOS.riparian.point.10","2020-06-08","CRAM.20200608.EPIXYLON.8.CNSA.1","A00000202934","condition ok","SIRFER Lab at University of Utah","2020-07-02","ElFtGy1kV49xqNP00HfxQA==","CNS","1",4,25,100,,,,,,,,"d13C",-25.83,"perMill","SIRFER_algalPlantChem_isotopes_V1","Revesz & Coplen 2012a","N",,
"75d7b61b-005d-452b-88df-0010cf335e90","D05","CRAM","CRAM.AOS.littoral1","2020-06-08","CRAM.20200608.PHYTOPLANKTON.2.CNSA.1","A00000202945","condition ok","SIRFER Lab at University of Utah","2020-07-02","ElFtGy1kV49xqNP00HfxQA==","CNS","1",200,25,100,,,,,,,,"d13C",-31.25,"perMill","SIRFER_algalPlantChem_isotopes_V1","Revesz & Coplen 2012a","N",,
"b5542eac-8908-4e61-8637-0a3b01e34e75","D05","CRAM","CRAM.AOS.littoral1","2020-06-08","CRAM.20200608.PHYTOPLANKTON.2.CNSA.1","A00000202945","condition ok","SIRFER Lab at University of Utah","2020-07-02","ElFtGy1kV49xqNP00HfxQA==","CNS","1",200,25,100,,,,,,,,"nitrogen",112.72,"microgramsPerLiter","SIRFER_algalPlantChem_isotopes_V1","Revesz & Coplen 2012a",,,
"4b502c76-331a-40c5-9497-516a37af695a","D05","CRAM","CRAM.AOS.riparian.point.08","2020-06-08","CRAM.20200608.EPIXYLON.3.CNSA.1","A00000202994","condition ok","SIRFER Lab at University of Utah","2020-07-02","ElFtGy1kV49xqNP00HfxQA==","CNS","1",4,25,100,,,,,,,,"carbon",143762.51,"microgramsPerLiter","SIRFER_algalPlantChem_isotopes_V1","Revesz & Coplen 2012a","N",,
"1227ea40-b6ac-4073-a75d-d4d4fc9f8e84","D05","CRAM","CRAM.AOS.riparian.point.08","2020-06-08","CRAM.20200608.EPIXYLON.3.CNSA.1","A00000202994","condition ok","SIRFER Lab at University of Utah","2020-07-02","ElFtGy1kV49xqNP00HfxQA==","CNS","1",4,25,100,,,,,,,,"sulfur",2548.73,"microgramsPerLiter","SIRFER_algalPlantChem_isotopes_V1","Revesz & Coplen 2012b",,,
"703dca6a-d8ca-43eb-8af5-2de67b809239","D05","CRAM","CRAM.AOS.riparian.point.02","2020-06-08","CRAM.20200608.EPIXYLON.6.CNSA.1","A00000202931","condition ok","SIRFER Lab at University of Utah","2020-07-02","ElFtGy1kV49xqNP00HfxQA==","CNS","1",4,25,100,,,,,,,,"d15N",-1.26,"perMill","SIRFER_algalPlantChem_isotopes_V1","Revesz & Coplen 2012a",,,
"a3ed1087-10f3-4f8f-a0a5-b89b5fee5635","D05","CRAM","CRAM.AOS.riparian.point.06","2020-06-08","CRAM.20200608.EPIXYLON.4.CNSA.1","A00000202919","condition ok","SIRFER Lab at University of Utah","2020-07-02","ElFtGy1kV49xqNP00HfxQA==","CNS","1",4,25,100,,,,,,,,"nitrogen",8925.18,"microgramsPerLiter","SIRFER_algalPlantChem_isotopes_V1","Revesz & Coplen 2012a",,,
"702512af-cee5-4063-96e7-78b1137d047b","D05","CRAM","CRAM.AOS.riparian.point.06","2020-06-08","CRAM.20200608.EPIXYLON.4.CNSA.1","A00000202919","condition ok","SIRFER Lab at University of Utah","2020-07-02","ElFtGy1kV49xqNP00HfxQA==","CNS","1",4,25,100,,,,,,,,"d13C",-27.03,"perMill","SIRFER_algalPlantChem_isotopes_V1","Revesz & Coplen 2012a","N",,
"28095c44-70cf-4f4d-a6ca-4328cf734208","D05","CRAM","CRAM.AOS.buoy.c1","2020-06-08","CRAM.20200608.PHYTOPLANKTON.1.CNSA.1","A00000202928","condition ok","SIRFER Lab at University of Utah","2020-07-02","ElFtGy1kV49xqNP00HfxQA==","CNS","1",200,25,100,,,,,,,,"d15N",5.00,"perMill","SIRFER_algalPlantChem_isotopes_V1","Revesz & Coplen 2012a",,,
"e3e6e38a-ce89-4b69-8f9d-27f584276ce1","D05","CRAM","CRAM.AOS.riparian.point.10","2020-06-08","CRAM.20200608.EPIXYLON.8.CNSA.1","A00000202934","condition ok","SIRFER Lab at University of Utah","2020-07-02","ElFtGy1kV49xqNP00HfxQA==","CNS","1",4,25,100,,,,,,,,"d34S",4.62,"perMill","SIRFER_algalPlantChem_isotopes_V1","Revesz & Coplen 2012b",,,
"6394dd12-4f20-411c-865f-fe04bcde3091","D05","CRAM","CRAM.AOS.littoral1","2020-06-08","CRAM.20200608.PHYTOPLANKTON.2.CNSA.1","A00000202945","condition ok","SIRFER Lab at University of Utah","2020-07-02","ElFtGy1kV49xqNP00HfxQA==","CNS","1",200,25,100,,,,,,,,"carbon",493.39,"microgramsPerLiter","SIRFER_algalPlantChem_isotopes_V1","Revesz & Coplen 2012a","N",,
"8e394fd7-ef0f-4c22-8ce3-4b9677d9fc5b","D05","CRAM","CRAM.AOS.littoral2","2020-06-08","CRAM.20200608.PHYTOPLANKTON.7.CNSA.1","A00000202914","condition ok","SIRFER Lab at University of Utah","2020-07-02","ElFtGy1kV49xqNP00HfxQA==","CNS","1",200,25,100,,,,,,,,"carbon",500.70,"microgramsPerLiter","SIRFER_algalPlantChem_isotopes_V1","Revesz & Coplen 2012a","N",,
"721dde7f-3b96-4d7c-8685-95c2a779a71d","D05","CRAM","CRAM.AOS.littoral2","2020-06-08","CRAM.20200608.PHYTOPLANKTON.7.CNSA.1","A00000202914","condition ok","SIRFER Lab at University of Utah","2020-07-02","ElFtGy1kV49xqNP00HfxQA==","CNS","1",200,25,100,,,,,,,,"d13C",-31.47,"perMill","SIRFER_algalPlantChem_isotopes_V1","Revesz & Coplen 2012a","N",,
"61ac090d-a250-424e-ba2f-035f05bc5445","D05","CRAM","CRAM.AOS.riparian.point.08","2020-06-08","CRAM.20200608.EPIXYLON.3.CNSA.1","A00000202994","condition ok","SIRFER Lab at University of Utah","2020-07-02","ElFtGy1kV49xqNP00HfxQA==","CNS","1",4,25,100,,,,,,,,"nitrogen",9836.11,"microgramsPerLiter","SIRFER_algalPlantChem_isotopes_V1","Revesz & Coplen 2012a",,,
"fe448878-08ed-446c-8c47-a91a0d0d6e31","D05","CRAM","CRAM.AOS.littoral2","2020-06-08","CRAM.20200608.PHYTOPLANKTON.7.CNSA.1","A00000202914","condition ok","SIRFER Lab at University of Utah","2020-07-02","ElFtGy1kV49xqNP00HfxQA==","CNS","1",200,25,100,,,,,,,,"d34S",7.15,"perMill","SIRFER_algalPlantChem_isotopes_V1","Revesz & Coplen 2012b",,,
"dbce8571-fa46-4256-bf62-a2813674ecfb","D05","CRAM","CRAM.AOS.riparian.point.02","2020-06-08","CRAM.20200608.EPIXYLON.6.CNSA.1","A00000202931","condition ok","SIRFER Lab at University of Utah","2020-07-02","ElFtGy1kV49xqNP00HfxQA==","CNS","1",4,25,100,,,,,,,,"d13C",-26.27,"perMill","SIRFER_algalPlantChem_isotopes_V1","Revesz & Coplen 2012a","N",,
"702253ae-aef0-4d30-b38d-d66f796c84d5","D05","CRAM","CRAM.AOS.littoral1","2020-06-08","CRAM.20200608.PHYTOPLANKTON.2.CNSA.1","A00000202945","condition ok","SIRFER Lab at University of Utah","2020-07-02","ElFtGy1kV49xqNP00HfxQA==","CNS","1",200,25,100,,,,,,,,"d34S",6.77,"perMill","SIRFER_algalPlantChem_isotopes_V1","Revesz & Coplen 2012b",,,
"69aafe4b-e56b-4216-9159-ad48264e0c4a","D05","CRAM","CRAM.AOS.riparian.point.04","2020-06-08","CRAM.20200608.EPIXYLON.5.CNSA.1","A00000202922","condition ok","SIRFER Lab at University of Utah","2020-07-02","ElFtGy1kV49xqNP00HfxQA==","CNS","1",4,25,100,,,,,,,,"nitrogen",13346.05,"microgramsPerLiter","SIRFER_algalPlantChem_isotopes_V1","Revesz & Coplen 2012a",,,
"8aee0088-c7ca-4ea0-90c6-89a5154b0aa4","D05","CRAM","CRAM.AOS.buoy.c1","2020-06-08","CRAM.20200608.PHYTOPLANKTON.1.CNSA.1","A00000202928","condition ok","SIRFER Lab at University of Utah","2020-07-02","ElFtGy1kV49xqNP00HfxQA==","CNS","1",200,25,100,,,,,,,,"d13C",-33.57,"perMill","SIRFER_algalPlantChem_isotopes_V1","Revesz & Coplen 2012a","N",,
"85fc54ac-eb6d-4723-b062-b97ac14642b2","D05","CRAM","CRAM.AOS.buoy.c1","2020-06-08","CRAM.20200608.PHYTOPLANKTON.1.CNSA.1","A00000202928","condition ok","SIRFER Lab at University of Utah","2020-07-02","ElFtGy1kV49xqNP00HfxQA==","CNS","1",200,25,100,,,,,,,,"sulfur",12.56,"microgramsPerLiter","SIRFER_algalPlantChem_isotopes_V1","Revesz & Coplen 2012b",,,
"0128553c-52a4-402a-81f3-57103a1bca42","D05","CRAM","CRAM.AOS.riparian.point.04","2020-06-08","CRAM.20200608.EPIXYLON.5.CNSA.1","A00000202922","condition ok","SIRFER Lab at University of Utah","2020-07-02","ElFtGy1kV49xqNP00HfxQA==","CNS","1",4,25,100,,,,,,,,"d34S",5.17,"perMill","SIRFER_algalPlantChem_isotopes_V1","Revesz & Coplen 2012b",,,
"9faf7493-e678-4ee2-971c-743f5c23656c","D05","CRAM","CRAM.AOS.riparian.point.02","2020-06-08","CRAM.20200608.EPIXYLON.6.CNSA.1","A00000202931","condition ok","SIRFER Lab at University of Utah","2020-07-02","ElFtGy1kV49xqNP00HfxQA==","CNS","1",4,25,100,,,,,,,,"sulfur",1792.09,"microgramsPerLiter","SIRFER_algalPlantChem_isotopes_V1","Revesz & Coplen 2012b",,,
"86d385a2-58f0-4c4f-bebc-0e72bd1abdda","D05","CRAM","CRAM.AOS.riparian.point.08","2020-06-08","CRAM.20200608.EPIXYLON.3.CNSA.1","A00000202994","condition ok","SIRFER Lab at University of Utah","2020-07-02","ElFtGy1kV49xqNP00HfxQA==","CNS","1",4,25,100,,,,,,,,"d13C",-27.96,"perMill","SIRFER_algalPlantChem_isotopes_V1","Revesz & Coplen 2012a","N",,
"90922726-7b5f-44e2-b16a-7f1bc9905832","D05","CRAM","CRAM.AOS.riparian.point.10","2020-06-08","CRAM.20200608.EPIXYLON.8.CNSA.1","A00000202934","condition ok","SIRFER Lab at University of Utah","2020-07-02","ElFtGy1kV49xqNP00HfxQA==","CNS","1",4,25,100,,,,,,,,"sulfur",2431.09,"microgramsPerLiter","SIRFER_algalPlantChem_isotopes_V1","Revesz & Coplen 2012b",,,
"69ee84bd-2a47-425a-880a-24d7b2f7cc6c","D05","CRAM","CRAM.AOS.buoy.c1","2020-06-08","CRAM.20200608.PHYTOPLANKTON.1.REP2.CHL/PHEO.2","B00000062252","condition ok","Great Lakes Environmental Center, Inc.","2020-06-18","4CajRO/thb0=","chlorophyll/pheophytin","2",200,25,100,1,7,416.0920,,,0.1870,0.0920,"pheophytin",6.90,"microgramsPerLiter","GLEC_algalChlorophyll_V1","APHA 10200H",,"Samples exceeded 7-day hold time at Domain5 by 2 days but are within 14 day hold time for anaylsis.",
"a19befe5-e242-4aa1-8aa2-dfbfe61e6827","D05","CRAM","CRAM.AOS.riparian.point.08","2020-06-08","CRAM.20200608.EPIXYLON.3.CHL/PHEO.1","B00000062255","condition ok","Great Lakes Environmental Center, Inc.","2020-06-18","4CajRO/thb0=","chlorophyll/pheophytin","1",4,25,100,1,7,416.0920,,,0.3120,0.1100,"chlorophyll a",174.45,"microgramsPerLiter","GLEC_algalChlorophyll_V1","APHA 10200H",,"Samples exceeded 7-day hold time at Domain5 by 2 days but are within 14 day hold time for anaylsis.",
"fc772378-7353-48f5-943d-54c8354ba35a","D05","CRAM","CRAM.AOS.buoy.c1","2020-06-08","CRAM.20200608.PHYTOPLANKTON.1.REP2.CHL/PHEO.2","B00000062252","condition ok","Great Lakes Environmental Center, Inc.","2020-06-18","4CajRO/thb0=","chlorophyll/pheophytin","2",200,25,100,1,7,416.0920,,,0.1870,0.0920,"chlorophyll a",1.64,"microgramsPerLiter","GLEC_algalChlorophyll_V1","APHA 10200H",,"Samples exceeded 7-day hold time at Domain5 by 2 days but are within 14 day hold time for anaylsis.",
"63166fd4-0593-41f4-8110-c8198e93175b","D05","CRAM","CRAM.AOS.riparian.point.04","2020-06-08","CRAM.20200608.EPIXYLON.5.CHL/PHEO.1","B00000062257","condition ok","Great Lakes Environmental Center, Inc.","2020-06-18","4CajRO/thb0=","chlorophyll/pheophytin","1",4,25,100,1,7,416.0920,,,0.5270,0.1260,"pheophytin",238.58,"microgramsPerLiter","GLEC_algalChlorophyll_V1","APHA 10200H",,"Samples exceeded 7-day hold time at Domain5 by 2 days but are within 14 day hold time for anaylsis.",
"69c600af-ef5f-45be-b969-45535a00656e","D05","CRAM","CRAM.AOS.buoy.c1","2020-06-08","CRAM.20200608.PHYTOPLANKTON.1.CHL/PHEO.1","B00000062251","condition ok","Great Lakes Environmental Center, Inc.","2020-06-18","4CajRO/thb0=","chlorophyll/pheophytin","1",200,25,100,1,7,416.0920,,,0.3500,0.1140,"chlorophyll a",4.08,"microgramsPerLiter","GLEC_algalChlorophyll_V1","APHA 10200H",,"Samples exceeded 7-day hold time at Domain5 by 2 days but are within 14 day hold time for anaylsis.",
"59b14b85-efbe-420b-9061-e92f68710eb3","D05","CRAM","CRAM.AOS.riparian.point.10","2020-06-08","CRAM.20200608.EPIXYLON.8.CHL/PHEO.1","B00000062259","condition ok","Great Lakes Environmental Center, Inc.","2020-06-18","4CajRO/thb0=","chlorophyll/pheophytin","1",4,25,100,1,7,416.0920,,,0.4900,0.1590,"chlorophyll a",285.86,"microgramsPerLiter","GLEC_algalChlorophyll_V1","APHA 10200H",,"Samples exceeded 7-day hold time at Domain5 by 2 days but are within 14 day hold time for anaylsis.",
"81ead24a-2033-4813-bbd8-13de8b70819b","D05","CRAM","CRAM.AOS.littoral1","2020-06-08","CRAM.20200608.PHYTOPLANKTON.2.CHL/PHEO.1","B00000062253","condition ok","Great Lakes Environmental Center, Inc.","2020-06-18","4CajRO/thb0=","chlorophyll/pheophytin","1",200,25,100,1,7,416.0920,,,0.1550,0.0540,"chlorophyll a",1.74,"microgramsPerLiter","GLEC_algalChlorophyll_V1","APHA 10200H",,"Samples exceeded 7-day hold time at Domain5 by 2 days but are within 14 day hold time for anaylsis.",
"cc173576-58df-40d9-a69d-f7fb7c836034","D05","CRAM","CRAM.AOS.riparian.point.06","2020-06-08","CRAM.20200608.EPIXYLON.4.CHL/PHEO.1","B00000062256","condition ok","Great Lakes Environmental Center, Inc.","2020-06-18","4CajRO/thb0=","chlorophyll/pheophytin","1",4,25,100,1,7,416.0920,,,0.8190,0.2250,"chlorophyll a",513.00,"microgramsPerLiter","GLEC_algalChlorophyll_V1","APHA 10200H",,"Samples exceeded 7-day hold time at Domain5 by 2 days but are within 14 day hold time for anaylsis.",
"6cbcc469-e596-4a29-984e-d44dfa30f516","D05","CRAM","CRAM.AOS.littoral2","2020-06-08","CRAM.20200608.PHYTOPLANKTON.7.CHL/PHEO.1","B00000062254","condition ok","Great Lakes Environmental Center, Inc.","2020-06-18","4CajRO/thb0=","chlorophyll/pheophytin","1",200,25,100,1,7,416.0920,,,0.1390,0.0500,"pheophytin",3.10,"microgramsPerLiter","GLEC_algalChlorophyll_V1","APHA 10200H",,,
"b44c4716-a849-48fc-aaf4-17b8a0c7e5d0","D05","CRAM","CRAM.AOS.littoral1","2020-06-08","CRAM.20200608.PHYTOPLANKTON.2.CHL/PHEO.1","B00000062253","condition ok","Great Lakes Environmental Center, Inc.","2020-06-18","4CajRO/thb0=","chlorophyll/pheophytin","1",200,25,100,1,7,416.0920,,,0.1550,0.0540,"pheophytin",3.27,"microgramsPerLiter","GLEC_algalChlorophyll_V1","APHA 10200H",,"Samples exceeded 7-day hold time at Domain5 by 2 days but are within 14 day hold time for anaylsis.",
"ec614cdd-ddd5-45db-bcda-2b856914250c","D05","CRAM","CRAM.AOS.riparian.point.04","2020-06-08","CRAM.20200608.EPIXYLON.5.CHL/PHEO.1","B00000062257","condition ok","Great Lakes Environmental Center, Inc.","2020-06-18","4CajRO/thb0=","chlorophyll/pheophytin","1",4,25,100,1,7,416.0920,,,0.5270,0.1260,"chlorophyll a",346.32,"microgramsPerLiter","GLEC_algalChlorophyll_V1","APHA 10200H",,"Samples exceeded 7-day hold time at Domain5 by 2 days but are within 14 day hold time for anaylsis.",
"cab2e049-32ec-49f6-8f91-ee5f17c302a9","D05","CRAM","CRAM.AOS.riparian.point.02","2020-06-08","CRAM.20200608.EPIXYLON.6.CHL/PHEO.1","B00000062258","condition ok","Great Lakes Environmental Center, Inc.","2020-06-18","4CajRO/thb0=","chlorophyll/pheophytin","1",4,25,100,1,7,416.0920,,,0.4630,0.1290,"chlorophyll a",288.45,"microgramsPerLiter","GLEC_algalChlorophyll_V1","APHA 10200H",,"Samples exceeded 7-day hold time at Domain5 by 2 days but are within 14 day hold time for anaylsis.",
"3f3407d0-17b4-4764-a357-65617772a3d3","D05","CRAM","CRAM.AOS.riparian.point.06","2020-06-08","CRAM.20200608.EPIXYLON.4.CHL/PHEO.1","B00000062256","condition ok","Great Lakes Environmental Center, Inc.","2020-06-18","4CajRO/thb0=","chlorophyll/pheophytin","1",4,25,100,1,7,416.0920,,,0.8190,0.2250,"pheophytin",531.46,"microgramsPerLiter","GLEC_algalChlorophyll_V1","APHA 10200H",,"Samples exceeded 7-day hold time at Domain5 by 2 days but are within 14 day hold time for anaylsis.",
"93d88f68-fda2-4090-9337-4f7c14525d0f","D05","CRAM","CRAM.AOS.littoral2","2020-06-08","CRAM.20200608.PHYTOPLANKTON.7.CHL/PHEO.1","B00000062254","condition ok","Great Lakes Environmental Center, Inc.","2020-06-18","4CajRO/thb0=","chlorophyll/pheophytin","1",200,25,100,1,7,416.0920,,,0.1390,0.0500,"chlorophyll a",1.54,"microgramsPerLiter","GLEC_algalChlorophyll_V1","APHA 10200H",,,
"a1e9cd15-27cf-4033-9b4a-ad699d15c586","D05","CRAM","CRAM.AOS.riparian.point.02","2020-06-08","CRAM.20200608.EPIXYLON.6.CHL/PHEO.1","B00000062258","condition ok","Great Lakes Environmental Center, Inc.","2020-06-18","4CajRO/thb0=","chlorophyll/pheophytin","1",4,25,100,1,7,416.0920,,,0.4630,0.1290,"pheophytin",310.37,"microgramsPerLiter","GLEC_algalChlorophyll_V1","APHA 10200H",,"Samples exceeded 7-day hold time at Domain5 by 2 days but are within 14 day hold time for anaylsis.",
"dd8f53de-b080-4b2a-a469-5396850279de","D05","CRAM","CRAM.AOS.buoy.c1","2020-06-08","CRAM.20200608.PHYTOPLANKTON.1.CHL/PHEO.1","B00000062251","condition ok","Great Lakes Environmental Center, Inc.","2020-06-18","4CajRO/thb0=","chlorophyll/pheophytin","1",200,25,100,1,7,416.0920,,,0.3500,0.1140,"pheophytin",6.51,"microgramsPerLiter","GLEC_algalChlorophyll_V1","APHA 10200H",,"Samples exceeded 7-day hold time at Domain5 by 2 days but are within 14 day hold time for anaylsis.",
"67b0ec5c-4a48-4d3f-8b71-e52cf4609640","D05","CRAM","CRAM.AOS.riparian.point.10","2020-06-08","CRAM.20200608.EPIXYLON.8.CHL/PHEO.1","B00000062259","condition ok","Great Lakes Environmental Center, Inc.","2020-06-18","4CajRO/thb0=","chlorophyll/pheophytin","1",4,25,100,1,7,416.0920,,,0.4900,0.1590,"pheophytin",452.22,"microgramsPerLiter","GLEC_algalChlorophyll_V1","APHA 10200H",,"Samples exceeded 7-day hold time at Domain5 by 2 days but are within 14 day hold time for anaylsis.",
"370aa3bf-351d-4be5-b929-69e000a96b3f","D05","CRAM","CRAM.AOS.riparian.point.08","2020-06-08","CRAM.20200608.EPIXYLON.3.CHL/PHEO.1","B00000062255","condition ok","Great Lakes Environmental Center, Inc.","2020-06-18","4CajRO/thb0=","chlorophyll/pheophytin","1",4,25,100,1,7,416.0920,,,0.3120,0.1100,"pheophytin",336.17,"microgramsPerLiter","GLEC_algalChlorophyll_V1","APHA 10200H",,"Samples exceeded 7-day hold time at Domain5 by 2 days but are within 14 day hold time for anaylsis.",
