uid,domainID,siteID,namedLocation,sampleID,sampleCode,startDate,collectDate,laboratoryName,analyte,analyteConcentration,analyteUnits,coolerTemp,remarks,shipmentWarmQF,externalLabDataQF,sampleCondition
"f8505e23-a7ab-4739-afa5-1cf5d400d349","D03","BARC","BARC.AOS.buoy.c0","BARC.C0.20210407.FIL.NUT","A00000132620","2021-04-07T14:55Z","2021-04-07T14:55Z","Florida International University","NO2 - N",0.0006,"milligramsPerLiter",-1.0,,0,,"OK"
"5b831057-1959-4744-9b31-da8ba215b637","D03","BARC","BARC.AOS.buoy.c0","BARC.C0.20210407.FIL.NUT","A00000132620","2021-04-07T14:55Z","2021-04-07T14:55Z","Florida International University","NH4 - N",0.0033,"milligramsPerLiter",-1.0,,0,,"OK"
"9864ef57-6742-4e95-966e-1469254f92ce","D03","BARC","BARC.AOS.buoy.c0","BARC.C0.20210407.FIL.NUT","A00000132620","2021-04-07T14:55Z","2021-04-07T14:55Z","Florida International University","TDP",0.0089,"milligramsPerLiter",-1.0,,0,,"OK"
"9ce89288-f55c-4f9c-a0a7-0c9d8f8a7f88","D03","BARC","BARC.AOS.buoy.c0","BARC.C0.20210407.FIL.NUT","A00000132620","2021-04-07T14:55Z","2021-04-07T14:55Z","Florida International University","Ortho - P",0.0008,"milligramsPerLiter",-1.0,,0,,"OK"
"26aaa9ac-173d-4060-922c-6f631d6051f8","D03","BARC","BARC.AOS.buoy.c0","BARC.C0.20210407.RAW.NUT","A00000132622","2021-04-07T14:55Z","2021-04-07T14:55Z","Florida International University","TP",0.0089,"milligramsPerLiter",-1.0,,0,,"OK"
"20b391bf-8ffe-41cf-b5bf-8b1378b6a3a9","D03","BARC","BARC.AOS.buoy.c0","BARC.C0.20210407.FIL.NUT","A00000132620","2021-04-07T14:55Z","2021-04-07T14:55Z","Florida International University","NO3+NO2 - N",0.0059,"milligramsPerLiter",-1.0,,0,,"OK"
"c3448d3e-7449-45d5-b2e9-dd354dcc28c6","D03","BARC","BARC.AOS.buoy.c0","BARC.C0.20210407.FIL","A00000132619","2021-04-07T14:55Z","2021-04-07T14:55Z","EcoCore_CSU","HCO3",2.0020,"milligramsPerLiter",-0.4,,0,,"OK"
"227d046d-3d04-47cb-ba23-a6b18098abdb","D03","BARC","BARC.AOS.buoy.c0","BARC.C0.20210407.FIL","A00000132619","2021-04-07T14:55Z","2021-04-07T14:55Z","EcoCore_CSU","CO3",0.0050,"milligramsPerLiter",-0.4,,0,,"OK"
"f3ba9d5e-917f-487f-a904-12e3018be5de","D03","BARC","BARC.AOS.buoy.c0","BARC.C0.20210407.FIL","A00000132619","2021-04-07T14:55Z","2021-04-07T14:55Z","EcoCore_CSU","SO4",2.4052,"milligramsPerLiter",-0.4,,0,,"OK"
"535c727d-62fc-4483-ab41-96e275ea49ab","D03","BARC","BARC.AOS.buoy.c0","BARC.C0.20210407.FIL","A00000132619","2021-04-07T14:55Z","2021-04-07T14:55Z","EcoCore_CSU","Br",0.0813,"milligramsPerLiter",-0.4,,0,,"OK"
"628ba82c-9ceb-4b1d-b212-cbded263bc92","D03","BARC","BARC.AOS.buoy.c0","BARC.C0.20210407.FIL","A00000132619","2021-04-07T14:55Z","2021-04-07T14:55Z","EcoCore_CSU","F",0.0396,"milligramsPerLiter",-0.4,,0,,"OK"
"8e28f488-f861-4601-8c79-968660f58d73","D03","BARC","BARC.AOS.buoy.c0","BARC.C0.20210407.FIL","A00000132619","2021-04-07T14:55Z","2021-04-07T14:55Z","EcoCore_CSU","Cl",5.6970,"milligramsPerLiter",-0.4,,0,,"OK"
"ac93fb4f-5cc7-49d5-aca2-a5426a869469","D03","BARC","BARC.AOS.buoy.c0","BARC.C0.20210407.FIL","A00000132619","2021-04-07T14:55Z","2021-04-07T14:55Z","EcoCore_CSU","Ca",0.0370,"milligramsPerLiter",-0.4,,0,,"OK"
"f9717e94-6b9d-440a-b80d-5155a2845372","D03","BARC","BARC.AOS.buoy.c0","BARC.C0.20210407.FIL","A00000132619","2021-04-07T14:55Z","2021-04-07T14:55Z","EcoCore_CSU","Fe",0.0650,"milligramsPerLiter",-0.4,,0,,"OK"
"24909c39-8449-4e43-aa8d-366d3f6cbb24","D03","BARC","BARC.AOS.buoy.c0","BARC.C0.20210407.FIL","A00000132619","2021-04-07T14:55Z","2021-04-07T14:55Z","EcoCore_CSU","Si",1.2610,"milligramsPerLiter",-0.4,,0,,"OK"
"d8f2b7bc-5591-4807-b2a4-5187a2ea82aa","D03","BARC","BARC.AOS.buoy.c0","BARC.C0.20210407.FIL","A00000132619","2021-04-07T14:55Z","2021-04-07T14:55Z","EcoCore_CSU","Mg",0.5840,"milligramsPerLiter",-0.4,,0,,"OK"
"9e50a1f2-934d-4146-9738-cbc9793eb6a4","D03","BARC","BARC.AOS.buoy.c0","BARC.C0.20210407.FIL","A00000132619","2021-04-07T14:55Z","2021-04-07T14:55Z","EcoCore_CSU","K",0.2460,"milligramsPerLiter",-0.4,,0,,"OK"
"8373027a-838d-452d-8fbe-110ecff290f2","D03","BARC","BARC.AOS.buoy.c0","BARC.C0.20210407.FIL","A00000132619","2021-04-07T14:55Z","2021-04-07T14:55Z","EcoCore_CSU","Mn",0.0310,"milligramsPerLiter",-0.4,,0,,"OK"
"c42317c2-59fd-4d74-93a3-4097e242a7ac","D03","BARC","BARC.AOS.buoy.c0","BARC.C0.20210407.FIL","A00000132619","2021-04-07T14:55Z","2021-04-07T14:55Z","EcoCore_CSU","Na",0.2690,"milligramsPerLiter",-0.4,,0,,"OK"
"e53fbe66-dfd6-44ee-af7d-5c01204c81d5","D03","BARC","BARC.AOS.buoy.c0","BARC.C0.20210407.RAW","A00000132621","2021-04-07T14:55Z","2021-04-07T14:55Z","EcoCore_CSU","TSS",6.0000,"milligramsPerLiter",-0.4,"TSS vol in ml = 100",0,,"OK"
"68223510-2976-4669-9854-5bd5d18fd1c4","D03","BARC","BARC.AOS.buoy.c0","BARC.C0.20210407.FIL","A00000132619","2021-04-07T14:55Z","2021-04-07T14:55Z","EcoCore_CSU","UV Absorbance (280 nm)",0.0179,,-0.4,,0,,"OK"
"892c4819-f155-418a-b00b-763355a96ed5","D03","BARC","BARC.AOS.buoy.c0","BARC.C0.20210407.FIL","A00000132619","2021-04-07T14:55Z","2021-04-07T14:55Z","EcoCore_CSU","UV Absorbance (254 nm)",0.0253,,-0.4,,0,,"OK"
"8cf46ee4-c71c-42b8-9c64-63e256a46541","D03","BARC","BARC.AOS.buoy.c0","BARC.C0.20210407.RAW","A00000132621","2021-04-07T14:55Z","2021-04-07T14:55Z","EcoCore_CSU","TN",0.2621,"milligramsPerLiter",-0.4,,0,,"OK"
"038bff7f-2f09-4281-9513-9857f68191fe","D03","BARC","BARC.AOS.buoy.c0","BARC.C0.20210407.FIL","A00000132619","2021-04-07T14:55Z","2021-04-07T14:55Z","EcoCore_CSU","DIC",0.8454,"milligramsPerLiter",-0.4,,0,,"OK"
"6b3e7331-04ba-4efc-bbe1-01334800ae6c","D03","BARC","BARC.AOS.buoy.c0","BARC.C0.20210407.FIL","A00000132619","2021-04-07T14:55Z","2021-04-07T14:55Z","EcoCore_CSU","DOC",2.5000,"milligramsPerLiter",-0.4,,0,,"OK"
"87c7d8f5-d708-406c-8d71-049ea1d32cc4","D03","BARC","BARC.AOS.buoy.c0","BARC.C0.20210407.FIL","A00000132619","2021-04-07T14:55Z","2021-04-07T14:55Z","EcoCore_CSU","TDN",0.2147,"milligramsPerLiter",-0.4,,0,,"OK"
"92cba531-129a-402c-afe7-b8770d1800b1","D03","BARC","BARC.AOS.buoy.c0","BARC.C0.20210407.RAW","A00000132621","2021-04-07T14:55Z","2021-04-07T14:55Z","EcoCore_CSU","TOC",2.7370,"milligramsPerLiter",-0.4,,0,,"OK"
