uid,domainID,siteID,namedLocation,collectDate,parentSampleID,sampleID,sampleCode,filterNumber,analysisType,fieldSampleVolume,domainFilterVolume,storageDays,remarks,measuredBy,recordedBy,sampleCondition,dataQF
"8b4cc5f8-f285-4b12-8c1f-4b94bc42b0f9","D09","PRLA","PRLA.AOS.riparian.point.08","2021-04-20T14:40Z","PRLA.20210420.EPILITHON.8","PRLA.20210420.EPILITHON.8.REP2.CNSB.2","A00000242365",2,"CNSb",250.0,4.0,1.0,,"0000-0002-1892-7221","0000-0002-1892-7221","OK",
"214c23c4-f83e-462c-89aa-069933987158","D09","PRLA","PRLA.AOS.littoral1","2021-04-20T14:40Z","PRLA.20210420.PHYTOPLANKTON.1","PRLA.20210420.PHYTOPLANKTON.1.P.1","A00000240992",1,"P",4000.0,100.0,0.9,,"0000-0002-1892-7221","0000-0002-1892-7221","OK",
"83b9bb5c-d45e-4450-902e-ef58122f7624","D09","PRLA","PRLA.AOS.riparian.point.02","2021-04-20T14:40Z","PRLA.20210420.EPILITHON.2","PRLA.20210420.EPILITHON.2.CHL/PHEO.1","B00000096793",1,"chlorophyll/pheophytin",250.0,8.0,1.0,,"0000-0002-1892-7221","0000-0002-1892-7221","OK",
"909587d2-a42f-4897-967f-fa716274e159","D09","PRLA","PRLA.AOS.riparian.point.06","2021-04-20T14:40Z","PRLA.20210420.EPILITHON.6","PRLA.20210420.EPILITHON.6.CHL/PHEO.1","B00000096799",1,"chlorophyll/pheophytin",250.0,6.0,0.9,,"0000-0002-1892-7221","0000-0002-1892-7221","OK",
"77e7abfe-9812-4977-8ffd-d96cfeee2d32","D09","PRLA","PRLA.AOS.littoral1","2021-04-20T14:40Z","PRLA.20210420.PHYTOPLANKTON.1","PRLA.20210420.PHYTOPLANKTON.1.CHL/PHEO.1","B00000096798",1,"chlorophyll/pheophytin",4000.0,100.0,0.9,,"0000-0002-1892-7221","0000-0002-1892-7221","OK",
"0c3c781b-d00f-4774-b085-1fb7d9f7607b","D09","PRLA","PRLA.AOS.riparian.point.08","2021-04-20T14:40Z","PRLA.20210420.EPILITHON.8","PRLA.20210420.EPILITHON.8.CNSB.1","A00000242367",1,"CNSb",250.0,4.0,1.0,,"0000-0002-1892-7221","0000-0002-1892-7221","OK",
"c3d57e95-6621-408c-a869-1b1d46c27119","D09","PRLA","PRLA.AOS.riparian.point.02","2021-04-20T14:40Z","PRLA.20210420.EPILITHON.2","PRLA.20210420.EPILITHON.2.CNSB.1","A00000241016",1,"CNSb",250.0,10.0,1.0,,"0000-0002-1892-7221","0000-0002-1892-7221","OK",
"0b8ae89d-abd4-4073-afb7-3984bca4623d","D09","PRLA","PRLA.AOS.riparian.point.06","2021-04-20T14:40Z","PRLA.20210420.EPILITHON.6","PRLA.20210420.EPILITHON.6.P.1","A00000240991",1,"P",250.0,6.0,0.9,,"0000-0002-1892-7221","0000-0002-1892-7221","OK",
"a7cfbffb-31ab-4495-b219-e0c081711427","D09","PRLA","PRLA.AOS.buoy.c0","2021-04-20T14:40Z","PRLA.20210420.PHYTOPLANKTON.3","PRLA.20210420.PHYTOPLANKTON.3.CHL/PHEO.1","B00000096800",1,"chlorophyll/pheophytin",4000.0,100.0,0.9,,"0000-0002-1892-7221","0000-0002-1892-7221","OK",
"5bf774c9-3e01-4499-9606-73e7731f4b14","D09","PRLA","PRLA.AOS.riparian.point.02","2021-04-20T14:40Z","PRLA.20210420.EPILITHON.2","PRLA.20210420.EPILITHON.2.CNSA.1","A00000241015",1,"CNSa",250.0,10.0,1.0,,"0000-0002-1892-7221","0000-0002-1892-7221","OK",
"de8f8e60-8e36-4862-a368-e08a3feb61d3","D09","PRLA","PRLA.AOS.riparian.point.08","2021-04-20T14:40Z","PRLA.20210420.EPILITHON.8","PRLA.20210420.EPILITHON.8.REP2.CHL/PHEO.2","B00000096796",2,"chlorophyll/pheophytin",250.0,4.0,1.0,,"0000-0002-1892-7221","0000-0002-1892-7221","OK",
"b9247509-92af-46b6-a668-a61f4a9ddbf2","D09","PRLA","PRLA.AOS.littoral1","2021-04-20T14:40Z","PRLA.20210420.PHYTOPLANKTON.1","PRLA.20210420.PHYTOPLANKTON.1.CNSA.1","A00000241013",1,"CNSa",4000.0,100.0,0.9,,"0000-0002-1892-7221","0000-0002-1892-7221","OK",
"b34979d2-e62c-46b4-90fa-e6688a5c8c39","D09","PRLA","PRLA.AOS.riparian.point.08","2021-04-20T14:40Z","PRLA.20210420.EPILITHON.8","PRLA.20210420.EPILITHON.8.P.1","A00000240994",1,"P",250.0,4.0,1.0,,"0000-0002-1892-7221","0000-0002-1892-7221","OK",
"a3cb6207-e6a3-48c0-a3a0-32272bba2305","D09","PRLA","PRLA.AOS.riparian.point.06","2021-04-20T14:40Z","PRLA.20210420.EPILITHON.6","PRLA.20210420.EPILITHON.6.CNSB.1","A00000241010",1,"CNSb",250.0,6.0,0.9,,"0000-0002-1892-7221","0000-0002-1892-7221","OK",
"1a19f576-f265-49bc-94b7-7ac678fb6d26","D09","PRLA","PRLA.AOS.riparian.point.06","2021-04-20T14:40Z","PRLA.20210420.EPILITHON.6","PRLA.20210420.EPILITHON.6.CNSA.1","A00000241012",1,"CNSa",250.0,6.0,0.9,,"0000-0002-1892-7221","0000-0002-1892-7221","OK",
"3c36a4a0-9550-4dad-9e60-dfc500d2963f","D09","PRLA","PRLA.AOS.riparian.point.12","2021-04-20T14:40Z","PRLA.20210420.EPILITHON.12","PRLA.20210420.EPILITHON.12.CNSB.1","A00000241006",1,"CNSb",250.0,10.0,1.0,,"0000-0002-1892-7221","0000-0002-1892-7221","OK",
"55d16774-a93a-481b-ab83-044765b06d63","D09","PRLA","PRLA.AOS.riparian.point.10","2021-04-20T14:40Z","PRLA.20210420.EPILITHON.10","PRLA.20210420.EPILITHON.10.P.1","A00000240997",1,"P",250.0,10.0,1.0,,"0000-0002-1892-7221","0000-0002-1892-7221","OK",
"0dc439d0-81c7-46f5-b8ab-9454b311de4b","D09","PRLA","PRLA.AOS.littoral2","2021-04-20T14:40Z","PRLA.20210420.PHYTOPLANKTON.2","PRLA.20210420.PHYTOPLANKTON.2.CHL/PHEO.1","B00000096801",1,"chlorophyll/pheophytin",4000.0,100.0,1.0,,"0000-0002-1892-7221","0000-0002-1892-7221","OK",
"e29fb9b0-ea5d-4d51-a054-1a97e50c99b5","D09","PRLA","PRLA.AOS.riparian.point.12","2021-04-20T14:40Z","PRLA.20210420.EPILITHON.12","PRLA.20210420.EPILITHON.12.CNSA.1","A00000241007",1,"CNSa",250.0,10.0,1.0,,"0000-0002-1892-7221","0000-0002-1892-7221","OK",
"bfb6faee-a8f0-490b-91be-0082a4d63e8d","D09","PRLA","PRLA.AOS.riparian.point.12","2021-04-20T14:40Z","PRLA.20210420.EPILITHON.12","PRLA.20210420.EPILITHON.12.CHL/PHEO.1","B00000096794",1,"chlorophyll/pheophytin",250.0,10.0,1.0,,"0000-0002-1892-7221","0000-0002-1892-7221","OK",
"64757ba2-1c18-4fa4-bb57-62a9827dc71d","D09","PRLA","PRLA.AOS.buoy.c0","2021-04-20T14:40Z","PRLA.20210420.PHYTOPLANKTON.3","PRLA.20210420.PHYTOPLANKTON.3.CNSB.1","A00000241009",1,"CNSb",4000.0,100.0,0.9,,"0000-0002-1892-7221","0000-0002-1892-7221","OK",
"47a2891c-00e9-4206-9f7d-bd859d5b66ce","D09","PRLA","PRLA.AOS.riparian.point.10","2021-04-20T14:40Z","PRLA.20210420.EPILITHON.10","PRLA.20210420.EPILITHON.10.CNSA.1","A00000241005",1,"CNSa",250.0,10.0,1.0,,"0000-0002-1892-7221","0000-0002-1892-7221","OK",
"d7804ca4-ff9b-4f15-ac62-69b41fe2b8d6","D09","PRLA","PRLA.AOS.riparian.point.12","2021-04-20T14:40Z","PRLA.20210420.EPILITHON.12","PRLA.20210420.EPILITHON.12.P.1","A00000240998",1,"P",250.0,10.0,1.0,,"0000-0002-1892-7221","0000-0002-1892-7221","OK",
"d89f293e-7e76-4cdf-9057-0efd894ae387","D09","PRLA","PRLA.AOS.riparian.point.08","2021-04-20T14:40Z","PRLA.20210420.EPILITHON.8","PRLA.20210420.EPILITHON.8.CHL/PHEO.1","B00000096797",1,"chlorophyll/pheophytin",250.0,4.0,1.0,,"0000-0002-1892-7221","0000-0002-1892-7221","OK",
"8914909b-d4a8-444b-9f3c-7d41593a6132","D09","PRLA","PRLA.AOS.riparian.point.10","2021-04-20T14:40Z","PRLA.20210420.EPILITHON.10","PRLA.20210420.EPILITHON.10.CHL/PHEO.1","B00000096795",1,"chlorophyll/pheophytin",250.0,10.0,1.0,,"0000-0002-1892-7221","0000-0002-1892-7221","OK",
"26ae44da-536e-4056-83db-0097e5c06690","D09","PRLA","PRLA.AOS.riparian.point.08","2021-04-20T14:40Z","PRLA.20210420.EPILITHON.8","PRLA.20210420.EPILITHON.8.REP2.P.2","A00000240995",2,"P",250.0,4.0,1.0,,"0000-0002-1892-7221","0000-0002-1892-7221","OK",
"520ec17c-552e-48b9-bbbc-2199be6eba6f","D09","PRLA","PRLA.AOS.littoral2","2021-04-20T14:40Z","PRLA.20210420.PHYTOPLANKTON.2","PRLA.20210420.PHYTOPLANKTON.2.CNSA.1","A00000241017",1,"CNSa",4000.0,100.0,1.0,,"0000-0002-1892-7221","0000-0002-1892-7221","OK",
"7da6a6f2-cb9c-491f-9c82-a4d3f7d6dcce","D09","PRLA","PRLA.AOS.littoral2","2021-04-20T14:40Z","PRLA.20210420.PHYTOPLANKTON.2","PRLA.20210420.PHYTOPLANKTON.2.P.1","A00000241002",1,"P",4000.0,100.0,1.0,,"0000-0002-1892-7221","0000-0002-1892-7221","OK",
"64910e58-255b-415e-9614-914ec4798a6b","D09","PRLA","PRLA.AOS.riparian.point.02","2021-04-20T14:40Z","PRLA.20210420.EPILITHON.2","PRLA.20210420.EPILITHON.2.P.1","A00000241000",1,"P",250.0,8.0,1.0,,"0000-0002-1892-7221","0000-0002-1892-7221","OK",
"03e789b0-1750-484b-966a-272c38834564","D09","PRLA","PRLA.AOS.buoy.c0","2021-04-20T14:40Z","PRLA.20210420.PHYTOPLANKTON.3","PRLA.20210420.PHYTOPLANKTON.3.P.1","A00000240989",1,"P",4000.0,100.0,0.9,,"0000-0002-1892-7221","0000-0002-1892-7221","OK",
"c6d3a0cb-3fc3-4231-bb8a-9bfeafecfcec","D09","PRLA","PRLA.AOS.riparian.point.10","2021-04-20T14:40Z","PRLA.20210420.EPILITHON.10","PRLA.20210420.EPILITHON.10.CNSB.1","A00000241008",1,"CNSb",250.0,10.0,1.0,,"0000-0002-1892-7221","0000-0002-1892-7221","OK",
"ded65925-a780-4c74-8bd4-8072746c7456","D09","PRLA","PRLA.AOS.littoral1","2021-04-20T14:40Z","PRLA.20210420.PHYTOPLANKTON.1","PRLA.20210420.PHYTOPLANKTON.1.CNSB.1","A00000241014",1,"CNSb",4000.0,100.0,0.9,,"0000-0002-1892-7221","0000-0002-1892-7221","OK",
"9d21cb54-b55c-4eba-b2a8-0b0626732e29","D09","PRLA","PRLA.AOS.riparian.point.08","2021-04-20T14:40Z","PRLA.20210420.EPILITHON.8","PRLA.20210420.EPILITHON.8.CNSA.1","A00000242368",1,"CNSa",250.0,4.0,1.0,,"0000-0002-1892-7221","0000-0002-1892-7221","OK",
"88d56085-3b38-418a-a220-104fdffa3152","D09","PRLA","PRLA.AOS.riparian.point.08","2021-04-20T14:40Z","PRLA.20210420.EPILITHON.8","PRLA.20210420.EPILITHON.8.REP2.CNSA.2","A00000242366",2,"CNSa",250.0,4.0,1.0,,"0000-0002-1892-7221","0000-0002-1892-7221","OK",
"c10841b5-7f1a-4262-a7ea-77757bd05501","D09","PRLA","PRLA.AOS.littoral2","2021-04-20T14:40Z","PRLA.20210420.PHYTOPLANKTON.2","PRLA.20210420.PHYTOPLANKTON.2.CNSB.1","A00000241018",1,"CNSb",4000.0,100.0,1.0,,"0000-0002-1892-7221","0000-0002-1892-7221","OK",
"d5907306-7e3b-4a0a-8ec2-3ae1f7c2b4eb","D09","PRLA","PRLA.AOS.buoy.c0","2021-04-20T14:40Z","PRLA.20210420.PHYTOPLANKTON.3","PRLA.20210420.PHYTOPLANKTON.3.CNSA.1","A00000241011",1,"CNSa",4000.0,100.0,0.9,,"0000-0002-1892-7221","0000-0002-1892-7221","OK",
