uid,domainID,siteID,namedLocation,collectDate,sampleID,sampleCode,sampleCondition,laboratoryName,analysisDate,analyzedBy,sampleType,replicate,sampleVolumeFiltered,filterSize,percentFilterAnalyzed,dilutionFactor,solventVolume,responseFactor,acidificationResponseFactor,fluorometerSensitivitySetting,preAcidificationFluorescence,postAcidificationFluorescence,analyte,analyteConcentration,plantAlgaeLabUnits,testMethod,method,acidTreatment,externalRemarks,externalLabDataQF
"370c2f44-7947-413e-8f62-b125e9525248","D09","PRLA","PRLA.AOS.riparian.point.08","2021-04-20","PRLA.20210420.EPILITHON.8.CHL/PHEO.1","B00000096797","condition ok","Great Lakes Environmental Center, Inc.","2021-05-03","4CajRO/thb0=","chlorophyll/pheophytin","1",4,25,100,1,7,420.2586,,,0.4400,0.1820,"chlorophyll a",225.46,"microgramsPerLiter","GLEC_algalChlorophyll_V1","APHA 10200H",,"Samples not in order as shown on manifest. Corrected by TW 4/27/21.",
"473d027b-3fae-4a38-af0b-0581b3341211","D09","PRLA","PRLA.AOS.riparian.point.08","2021-04-20","PRLA.20210420.EPILITHON.8.CHL/PHEO.1","B00000096797","condition ok","Great Lakes Environmental Center, Inc.","2021-05-03","4CajRO/thb0=","chlorophyll/pheophytin","1",4,25,100,1,7,420.2586,,,0.4400,0.1820,"pheophytin",619.48,"microgramsPerLiter","GLEC_algalChlorophyll_V1","APHA 10200H",,"Samples not in order as shown on manifest. Corrected by TW 4/27/21.",
"5938b0b9-5ec6-4708-a80f-6bdedce8fdf2","D09","PRLA","PRLA.AOS.buoy.c0","2021-04-20","PRLA.20210420.PHYTOPLANKTON.3.CHL/PHEO.1","B00000096800","condition ok","Great Lakes Environmental Center, Inc.","2021-05-03","4CajRO/thb0=","chlorophyll/pheophytin","1",100,25,100,1,7,420.2586,,,0.7960,0.2230,"pheophytin",21.38,"microgramsPerLiter","GLEC_algalChlorophyll_V1","APHA 10200H",,"Samples not in order as shown on manifest. Corrected by TW 4/27/21.",
"0321da20-29e4-4290-8927-f3af371fe94c","D09","PRLA","PRLA.AOS.riparian.point.02","2021-04-20","PRLA.20210420.EPILITHON.2.CHL/PHEO.1","B00000096793","condition ok","Great Lakes Environmental Center, Inc.","2021-05-03","4CajRO/thb0=","chlorophyll/pheophytin","1",8,25,100,1,7,420.2586,,,0.5040,0.1580,"chlorophyll a",151.18,"microgramsPerLiter","GLEC_algalChlorophyll_V1","APHA 10200H",,"Samples not in order as shown on manifest. Corrected by TW 4/27/21.",
"3ddad431-dcd1-4f97-b028-3b066fd92056","D09","PRLA","PRLA.AOS.riparian.point.08","2021-04-20","PRLA.20210420.EPILITHON.8.REP2.CHL/PHEO.2","B00000096796","condition ok","Great Lakes Environmental Center, Inc.","2021-05-03","4CajRO/thb0=","chlorophyll/pheophytin","2",4,25,100,1,7,420.2586,,,0.4290,0.1790,"pheophytin",612.54,"microgramsPerLiter","GLEC_algalChlorophyll_V1","APHA 10200H",,"Samples not in order as shown on manifest. Corrected by TW 4/27/21.",
"4db8de96-6f72-4ce1-87f6-d40e2bb4349f","D09","PRLA","PRLA.AOS.littoral1","2021-04-20","PRLA.20210420.PHYTOPLANKTON.1.CHL/PHEO.1","B00000096798","condition ok","Great Lakes Environmental Center, Inc.","2021-05-03","4CajRO/thb0=","chlorophyll/pheophytin","1",100,25,100,1,7,420.2586,,,0.7490,0.2060,"pheophytin",19.27,"microgramsPerLiter","GLEC_algalChlorophyll_V1","APHA 10200H",,"Samples not in order as shown on manifest. Corrected by TW 4/27/21.",
"0d65b04e-45cc-4bf3-a12a-7f5618344184","D09","PRLA","PRLA.AOS.riparian.point.06","2021-04-20","PRLA.20210420.EPILITHON.6.CHL/PHEO.1","B00000096799","condition ok","Great Lakes Environmental Center, Inc.","2021-05-03","4CajRO/thb0=","chlorophyll/pheophytin","1",6,25,100,1,7,420.2586,,,0.5990,0.3470,"pheophytin",927.16,"microgramsPerLiter","GLEC_algalChlorophyll_V1","APHA 10200H",,"Samples not in order as shown on manifest. Corrected by TW 4/27/21.",
"24717bf2-4fde-493a-8ae7-71bb36a84216","D09","PRLA","PRLA.AOS.littoral1","2021-04-20","PRLA.20210420.PHYTOPLANKTON.1.CHL/PHEO.1","B00000096798","condition ok","Great Lakes Environmental Center, Inc.","2021-05-03","4CajRO/thb0=","chlorophyll/pheophytin","1",100,25,100,1,7,420.2586,,,0.7490,0.2060,"chlorophyll a",18.98,"microgramsPerLiter","GLEC_algalChlorophyll_V1","APHA 10200H",,"Samples not in order as shown on manifest. Corrected by TW 4/27/21.",
"4d8b7509-8ae4-40aa-b177-3316ce9983e4","D09","PRLA","PRLA.AOS.riparian.point.06","2021-04-20","PRLA.20210420.EPILITHON.6.CHL/PHEO.1","B00000096799","condition ok","Great Lakes Environmental Center, Inc.","2021-05-03","4CajRO/thb0=","chlorophyll/pheophytin","1",6,25,100,1,7,420.2586,,,0.5990,0.3470,"chlorophyll a",146.81,"microgramsPerLiter","GLEC_algalChlorophyll_V1","APHA 10200H",,"Samples not in order as shown on manifest. Corrected by TW 4/27/21.",
"7357273f-2138-4d6f-a92d-74f63bdf8021","D09","PRLA","PRLA.AOS.riparian.point.10","2021-04-20","PRLA.20210420.EPILITHON.10.CHL/PHEO.1","B00000096795","condition ok","Great Lakes Environmental Center, Inc.","2021-05-03","4CajRO/thb0=","chlorophyll/pheophytin","1",10,25,100,1,7,420.2586,,,0.2010,0.0650,"pheophytin",73.17,"microgramsPerLiter","GLEC_algalChlorophyll_V1","APHA 10200H",,"Samples not in order as shown on manifest. Corrected by TW 4/27/21.",
"535309c9-fc4a-4ab0-a92d-2dadc2eecd5f","D09","PRLA","PRLA.AOS.riparian.point.02","2021-04-20","PRLA.20210420.EPILITHON.2.CHL/PHEO.1","B00000096793","condition ok","Great Lakes Environmental Center, Inc.","2021-05-03","4CajRO/thb0=","chlorophyll/pheophytin","1",8,25,100,1,7,420.2586,,,0.5040,0.1580,"pheophytin",215.58,"microgramsPerLiter","GLEC_algalChlorophyll_V1","APHA 10200H",,"Samples not in order as shown on manifest. Corrected by TW 4/27/21.",
"bfd892fb-edde-4874-b12a-26f3e0317822","D09","PRLA","PRLA.AOS.riparian.point.10","2021-04-20","PRLA.20210420.EPILITHON.10.CHL/PHEO.1","B00000096795","condition ok","Great Lakes Environmental Center, Inc.","2021-05-03","4CajRO/thb0=","chlorophyll/pheophytin","1",10,25,100,1,7,420.2586,,,0.2010,0.0650,"chlorophyll a",47.54,"microgramsPerLiter","GLEC_algalChlorophyll_V1","APHA 10200H",,"Samples not in order as shown on manifest. Corrected by TW 4/27/21.",
"40169f2a-4259-4b7c-8caf-e9c528c3e0ee","D09","PRLA","PRLA.AOS.buoy.c0","2021-04-20","PRLA.20210420.PHYTOPLANKTON.3.CHL/PHEO.1","B00000096800","condition ok","Great Lakes Environmental Center, Inc.","2021-05-03","4CajRO/thb0=","chlorophyll/pheophytin","1",100,25,100,1,7,420.2586,,,0.7960,0.2230,"chlorophyll a",20.03,"microgramsPerLiter","GLEC_algalChlorophyll_V1","APHA 10200H",,"Samples not in order as shown on manifest. Corrected by TW 4/27/21.",
"d7f1ee7f-1344-4d78-ad58-6ecd6b77effc","D09","PRLA","PRLA.AOS.riparian.point.12","2021-04-20","PRLA.20210420.EPILITHON.12.CHL/PHEO.1","B00000096794","condition ok","Great Lakes Environmental Center, Inc.","2021-05-03","4CajRO/thb0=","chlorophyll/pheophytin","1",10,25,100,1,7,420.2586,,,0.3830,0.1610,"pheophytin",221.38,"microgramsPerLiter","GLEC_algalChlorophyll_V1","APHA 10200H",,"Samples not in order as shown on manifest. Corrected by TW 4/27/21.",
"ceb226f2-fdad-404e-a718-c45b35966750","D09","PRLA","PRLA.AOS.riparian.point.12","2021-04-20","PRLA.20210420.EPILITHON.12.CHL/PHEO.1","B00000096794","condition ok","Great Lakes Environmental Center, Inc.","2021-05-03","4CajRO/thb0=","chlorophyll/pheophytin","1",10,25,100,1,7,420.2586,,,0.3830,0.1610,"chlorophyll a",77.60,"microgramsPerLiter","GLEC_algalChlorophyll_V1","APHA 10200H",,"Samples not in order as shown on manifest. Corrected by TW 4/27/21.",
"ca962365-6496-4a9a-bfde-82ac05ac1d42","D09","PRLA","PRLA.AOS.littoral2","2021-04-20","PRLA.20210420.PHYTOPLANKTON.2.CHL/PHEO.1","B00000096801","condition ok","Great Lakes Environmental Center, Inc.","2021-05-03","4CajRO/thb0=","chlorophyll/pheophytin","1",100,25,100,1,7,420.2586,,,0.7760,0.2350,"chlorophyll a",18.91,"microgramsPerLiter","GLEC_algalChlorophyll_V1","APHA 10200H",,"Samples not in order as shown on manifest. Corrected by TW 4/27/21.",
"72bb3833-d035-4b1b-b644-d7576aa22fa7","D09","PRLA","PRLA.AOS.riparian.point.08","2021-04-20","PRLA.20210420.EPILITHON.8.REP2.CHL/PHEO.2","B00000096796","condition ok","Great Lakes Environmental Center, Inc.","2021-05-03","4CajRO/thb0=","chlorophyll/pheophytin","2",4,25,100,1,7,420.2586,,,0.4290,0.1790,"chlorophyll a",218.47,"microgramsPerLiter","GLEC_algalChlorophyll_V1","APHA 10200H",,"Samples not in order as shown on manifest. Corrected by TW 4/27/21.",
"80c6927e-bfd7-43bc-89fa-0524c077f2ca","D09","PRLA","PRLA.AOS.littoral2","2021-04-20","PRLA.20210420.PHYTOPLANKTON.2.CHL/PHEO.1","B00000096801","condition ok","Great Lakes Environmental Center, Inc.","2021-05-03","4CajRO/thb0=","chlorophyll/pheophytin","1",100,25,100,1,7,420.2586,,,0.7760,0.2350,"pheophytin",24.73,"microgramsPerLiter","GLEC_algalChlorophyll_V1","APHA 10200H",,"Samples not in order as shown on manifest. Corrected by TW 4/27/21.",
