uid,domainID,siteID,namedLocation,aquaticSiteType,decimalLatitude,decimalLongitude,coordinateUncertainty,elevation,elevationUncertainty,geodeticDatum,collectDate,eventID,parentSampleID,parentSampleCode,samplingImpractical,biophysicalCriteria,affectedByWind,habitatType,algalSampleType,benthicArea,samplingProtocolVersion,phytoDepth1,phytoDepth2,phytoDepth3,substratumSizeClass,remarks,recordedBy,collectedBy,dataQF
"28c2156d-8bc1-4ec4-a2fc-6395f2e4436d","D09","PRLA","PRLA.AOS.riparian.point.02","lake",47.161496,-99.118068,0.1,564.5,0.1,"WGS84","2021-04-20T14:40Z","PRLA.20210420","PRLA.20210420.EPILITHON.2",,,"OK - no known exceptions",,"littoral","epilithon",0.002406,"NEON.DOC.003045vE",,,,,,"0000-0002-1892-7221","0000-0003-4092-4649",
"6a8c2025-e272-425f-a98e-6048ea45dc5f","D09","PRLA","PRLA.AOS.riparian.point.06","lake",47.160532,-99.113847,0.1,563.9,0.1,"WGS84","2021-04-20T14:40Z","PRLA.20210420","PRLA.20210420.EPILITHON.6",,,"OK - no known exceptions",,"littoral","epilithon",0.002406,"NEON.DOC.003045vE",,,,,,"0000-0002-1892-7221","0000-0003-4092-4649",
"5b311c64-11ff-4b2e-a869-8be218f12f1b","D09","PRLA","PRLA.AOS.riparian.point.12","lake",47.159164,-99.124312,0.1,563.8,0.1,"WGS84","2021-04-20T14:40Z","PRLA.20210420","PRLA.20210420.EPILITHON.12",,,"OK - no known exceptions",,"littoral","epilithon",0.002406,"NEON.DOC.003045vE",,,,,,"0000-0002-1892-7221","0000-0003-4092-4649",
"cf41b379-cdc1-4a84-b38e-9a4fa09d3dd1","D09","PRLA","PRLA.AOS.riparian.point.10","lake",47.158420,-99.121143,0.1,564.3,0.1,"WGS84","2021-04-20T14:40Z","PRLA.20210420","PRLA.20210420.EPILITHON.10",,,"OK - no known exceptions",,"littoral","epilithon",0.002406,"NEON.DOC.003045vE",,,,,,"0000-0002-1892-7221","0000-0003-4092-4649",
"4cb29a77-5304-46c5-a442-c5481552daa4","D09","PRLA","PRLA.AOS.littoral1","lake",47.159093,-99.114228,1.1,562.4,1.0,"WGS84","2021-04-20T14:40Z","PRLA.20210420","PRLA.20210420.PHYTOPLANKTON.1",,,"OK - no known exceptions","N","pelagic","phytoplankton",,"NEON.DOC.003045vE",0.5,0.5,,,,"0000-0002-1892-7221","0000-0003-4092-4649",
"34fb165f-7f8c-41f0-a682-664d46c3a562","D09","PRLA","PRLA.AOS.riparian.point.08","lake",47.157105,-99.116611,0.1,564.1,0.1,"WGS84","2021-04-20T14:40Z","PRLA.20210420","PRLA.20210420.EPILITHON.8",,,"OK - no known exceptions",,"littoral","epilithon",0.002406,"NEON.DOC.003045vE",,,,,,"0000-0002-1892-7221","0000-0003-4092-4649",
"89fcc981-93e2-4626-a7e0-34dce240a3c2","D09","PRLA","PRLA.AOS.buoy.c0","lake",47.159718,-99.118723,10.0,561.0,10.0,"WGS84","2021-04-20T14:40Z","PRLA.20210420","PRLA.20210420.PHYTOPLANKTON.3",,,"OK - no known exceptions","N","pelagic","phytoplankton",,"NEON.DOC.003045vE",0.5,1.0,,,,"0000-0002-1892-7221","0000-0003-4092-4649",
"458bee90-8826-479d-93cd-957ecd5bc72f","D09","PRLA","PRLA.AOS.littoral2","lake",47.160850,-99.120215,1.1,562.3,1.0,"WGS84","2021-04-20T14:40Z","PRLA.20210420","PRLA.20210420.PHYTOPLANKTON.2",,,"OK - no known exceptions","N","pelagic","phytoplankton",,"NEON.DOC.003045vE",0.5,0.8,,,,"0000-0002-1892-7221","0000-0003-4092-4649",
