uid,domainID,siteID,namedLocation,sampleID,sampleCode,startDate,collectDate,laboratoryName,analyte,analyteConcentration,analyteUnits,coolerTemp,remarks,shipmentWarmQF,externalLabDataQF,sampleCondition
"70322556-a05c-4d5f-b748-60e4663d354a","D05","CRAM","CRAM.AOS.buoy.c0","CRAM.C0.20210209.FIL","A00000203017","2021-02-09T17:41Z","2021-02-09T17:41Z","EcoCore_CSU","Ca",0.1110,"milligramsPerLiter",1.9,,0,,"OK"
"290dcc27-dd54-4c84-930e-70de678a321f","D05","CRAM","CRAM.AOS.buoy.c0","CRAM.C0.20210209.FIL","A00000203017","2021-02-09T17:41Z","2021-02-09T17:41Z","EcoCore_CSU","Si",0.2140,"milligramsPerLiter",1.9,,0,,"OK"
"08e8238b-10ec-487f-91e7-623107af9814","D05","CRAM","CRAM.AOS.buoy.c0","CRAM.C0.20210209.FIL","A00000203017","2021-02-09T17:41Z","2021-02-09T17:41Z","EcoCore_CSU","Fe",0.0310,"milligramsPerLiter",1.9,,0,,"OK"
"310ab574-66d8-4cda-8c17-aa9e163efed1","D05","CRAM","CRAM.AOS.buoy.c0","CRAM.C0.20210209.FIL","A00000203017","2021-02-09T17:41Z","2021-02-09T17:41Z","EcoCore_CSU","Mg",0.3920,"milligramsPerLiter",1.9,,0,,"OK"
"a21d794f-8cae-4361-8727-0ae275b904cf","D05","CRAM","CRAM.AOS.buoy.c0","CRAM.C0.20210209.FIL","A00000203017","2021-02-09T17:41Z","2021-02-09T17:41Z","EcoCore_CSU","Na",0.0250,"milligramsPerLiter",1.9,,0,,"OK"
"ea9301dd-9c8c-4521-a06e-35320ba60d13","D05","CRAM","CRAM.AOS.buoy.c0","CRAM.C0.20210209.FIL","A00000203017","2021-02-09T17:41Z","2021-02-09T17:41Z","EcoCore_CSU","Mn",0.0010,"milligramsPerLiter",1.9,,0,,"OK"
"ce77512d-bd99-429f-9cd5-eb3c03fd7c0f","D05","CRAM","CRAM.AOS.buoy.c0","CRAM.C0.20210209.FIL","A00000203017","2021-02-09T17:41Z","2021-02-09T17:41Z","EcoCore_CSU","K",0.1640,"milligramsPerLiter",1.9,,0,,"OK"
"a5d5f86c-a945-41d1-98dc-415b4bfbd560","D05","CRAM","CRAM.AOS.buoy.c0","CRAM.C0.20210209.FIL","A00000203017","2021-02-09T17:41Z","2021-02-09T17:41Z","EcoCore_CSU","HCO3",2.8028,"milligramsPerLiter",1.9,,0,,"OK"
"58f75418-137c-4952-9702-372575ca993c","D05","CRAM","CRAM.AOS.buoy.c0","CRAM.C0.20210209.FIL","A00000203017","2021-02-09T17:41Z","2021-02-09T17:41Z","EcoCore_CSU","CO3",0.0050,"milligramsPerLiter",1.9,,0,,"OK"
"4a177821-1aac-46e5-bfcb-54d558933d54","D05","CRAM","CRAM.AOS.buoy.c0","CRAM.C0.20210209.FIL","A00000203017","2021-02-09T17:41Z","2021-02-09T17:41Z","EcoCore_CSU","Br",0.0050,"milligramsPerLiter",1.9,,0,,"OK"
"433358a0-1b50-4210-8d28-a3476eb6bc32","D05","CRAM","CRAM.AOS.buoy.c0","CRAM.C0.20210209.FIL","A00000203017","2021-02-09T17:41Z","2021-02-09T17:41Z","EcoCore_CSU","SO4",1.9688,"milligramsPerLiter",1.9,,0,,"OK"
"96978de6-0029-48b6-b1fc-753071d283bf","D05","CRAM","CRAM.AOS.buoy.c0","CRAM.C0.20210209.FIL","A00000203017","2021-02-09T17:41Z","2021-02-09T17:41Z","EcoCore_CSU","F",0.0050,"milligramsPerLiter",1.9,,0,,"OK"
"abbcbdc5-ae26-4a8b-996a-71f2ef98578b","D05","CRAM","CRAM.AOS.buoy.c0","CRAM.C0.20210209.FIL","A00000203017","2021-02-09T17:41Z","2021-02-09T17:41Z","EcoCore_CSU","Cl",0.2885,"milligramsPerLiter",1.9,,0,,"OK"
"0a9e9518-6b16-4efe-b3bf-c2b4dc19abcc","D05","CRAM","CRAM.AOS.buoy.c0","CRAM.C0.20210209.FIL","A00000203017","2021-02-09T17:41Z","2021-02-09T17:41Z","EcoCore_CSU","UV Absorbance (254 nm)",0.1666,,1.9,,0,,"OK"
"564a5efb-7e91-49a2-9b88-4b7174e05a6d","D05","CRAM","CRAM.AOS.buoy.c0","CRAM.C0.20210209.FIL","A00000203017","2021-02-09T17:41Z","2021-02-09T17:41Z","EcoCore_CSU","UV Absorbance (280 nm)",0.1282,,1.9,,0,,"OK"
"c46e96b4-b81b-40c7-906e-f9d37b78410b","D05","CRAM","CRAM.AOS.buoy.c0","CRAM.C0.20210209.RAW","A00000205147","2021-02-09T17:41Z","2021-02-09T17:41Z","EcoCore_CSU","TN",0.3463,"milligramsPerLiter",1.9,,0,,"OK"
"82a0cb04-0044-47f1-8943-b80c211e8eb4","D05","CRAM","CRAM.AOS.buoy.c0","CRAM.C0.20210209.FIL","A00000203017","2021-02-09T17:41Z","2021-02-09T17:41Z","EcoCore_CSU","TDN",0.2913,"milligramsPerLiter",1.9,,0,,"OK"
"6a558c23-6f42-41e7-90cb-511fc79eee0c","D05","CRAM","CRAM.AOS.buoy.c0","CRAM.C0.20210209.FIL","A00000203017","2021-02-09T17:41Z","2021-02-09T17:41Z","EcoCore_CSU","DIC",1.4200,"milligramsPerLiter",1.9,,0,,"OK"
"ac41bad7-2408-454b-bbb5-a8a7aa4412b3","D05","CRAM","CRAM.AOS.buoy.c0","CRAM.C0.20210209.FIL","A00000203017","2021-02-09T17:41Z","2021-02-09T17:41Z","EcoCore_CSU","DOC",4.9440,"milligramsPerLiter",1.9,,0,,"OK"
"f21009dd-4236-4b49-ba94-4c6a24e85bd7","D05","CRAM","CRAM.AOS.buoy.c0","CRAM.C0.20210209.RAW","A00000205147","2021-02-09T17:41Z","2021-02-09T17:41Z","EcoCore_CSU","TOC",5.5330,"milligramsPerLiter",1.9,,0,,"OK"
