uid,domainID,siteID,namedLocation,collectDate,parentSampleID,sampleID,sampleCode,filterNumber,analysisType,fieldSampleVolume,domainFilterVolume,storageDays,remarks,measuredBy,recordedBy,sampleCondition,dataQF
"cf4b129e-09dd-4427-9c37-30cefa9f15b5","D18","TOOK","TOOK.AOS.littoral1","2020-08-19T17:44Z","TOOK.20200819.PHYTOPLANKTON.2","TOOK.20200819.PHYTOPLANKTON.2.CNSB.1","A00000301754",1,"CNSb",4000.0,500.0,0.2,,"0000-0001-6124-7021","0000-0001-5131-1181","OK",
"4b7de9ef-ef42-4aca-9696-da167ed3db38","D18","TOOK","TOOK.AOS.riparian.point.03","2020-08-19T17:44Z","TOOK.20200819.EPILITHON.3","TOOK.20200819.EPILITHON.3.CNSB.1","A00000301782",1,"CNSb",125.0,5.0,0.2,,"0000-0001-6124-7021","0000-0003-2913-1517","OK",
"15b722ff-ebc7-4d42-8176-f32181aefa2c","D18","TOOK","TOOK.AOS.riparian.point.03","2020-08-19T17:44Z","TOOK.20200819.EPILITHON.3","TOOK.20200819.EPILITHON.3.CNSA.1","A00000301720",1,"CNSa",125.0,5.0,0.2,,"0000-0001-6124-7021","0000-0003-2913-1517","OK",
"bdae3c57-ebe0-48c2-98b4-82dd20dbf412","D18","TOOK","TOOK.AOS.littoral1","2020-08-19T17:44Z","TOOK.20200819.PHYTOPLANKTON.2","TOOK.20200819.PHYTOPLANKTON.2.CHL/PHEO.1","B00000125921",1,"chlorophyll/pheophytin",4000.0,250.0,0.2,,"0000-0001-6124-7021","0000-0001-5131-1181","OK",
"d9ab3cc2-2b51-4d0c-8efe-096d726c3d88","D18","TOOK","TOOK.AOS.riparian.point.05","2020-08-19T17:44Z","TOOK.20200819.EPILITHON.5","TOOK.20200819.EPILITHON.5.CNSB.1","A00000301735",1,"CNSb",125.0,5.0,0.2,,"0000-0001-6124-7021","0000-0003-2913-1517","OK",
"96a644dc-ecbb-472e-bcfa-25beaa7ea481","D18","TOOK","TOOK.AOS.littoral2","2020-08-19T17:44Z","TOOK.20200819.PHYTOPLANKTON.3","TOOK.20200819.PHYTOPLANKTON.3.CNSA.1","A00000301707",1,"CNSa",4000.0,500.0,0.3,,"0000-0001-6124-7021","0000-0001-5131-1181","OK",
"b1dedc5f-3ed2-4350-828a-98e02e21e37e","D18","TOOK","TOOK.AOS.riparian.point.09","2020-08-19T17:44Z","TOOK.20200819.EPILITHON.9","TOOK.20200819.EPILITHON.9.CNSA.1","A00000301752",1,"CNSa",125.0,5.0,0.2,,"0000-0001-6124-7021","0000-0003-2913-1517","OK",
"83f589ff-b3b0-4bcd-bedb-8dfe1852b3ba","D18","TOOK","TOOK.AOS.riparian.point.01","2020-08-19T17:44Z","TOOK.20200819.EPILITHON.1","TOOK.20200819.EPILITHON.1.CNSB.1","A00000301703",1,"CNSb",125.0,5.0,0.1,,"0000-0001-6124-7021","0000-0003-2913-1517","OK",
"07fb3cbe-c50c-4901-8862-d57f832078f8","D18","TOOK","TOOK.AOS.riparian.point.05","2020-08-19T17:44Z","TOOK.20200819.EPILITHON.5","TOOK.20200819.EPILITHON.5.P.1","A00000301784",1,"P",125.0,5.0,0.2,,"0000-0001-6124-7021","0000-0003-2913-1517","OK",
"6f020278-c6e9-4122-9471-dd9311accf33","D18","TOOK","TOOK.AOS.littoral2","2020-08-19T17:44Z","TOOK.20200819.PHYTOPLANKTON.3","TOOK.20200819.PHYTOPLANKTON.3.CNSB.1","A00000301755",1,"CNSb",4000.0,500.0,0.3,,"0000-0001-6124-7021","0000-0001-5131-1181","OK",
"f9a59da0-1d2b-44f3-b1b1-7748118cde53","D18","TOOK","TOOK.AOS.littoral2","2020-08-19T17:44Z","TOOK.20200819.PHYTOPLANKTON.3","TOOK.20200819.PHYTOPLANKTON.3.CHL/PHEO.1","B00000125922",1,"chlorophyll/pheophytin",4000.0,250.0,0.3,,"0000-0001-6124-7021","0000-0001-5131-1181","OK",
"1dd47a1a-aacd-48e3-85cc-c3e685561650","D18","TOOK","TOOK.AOS.riparian.point.09","2020-08-19T17:44Z","TOOK.20200819.EPILITHON.9","TOOK.20200819.EPILITHON.9.CHL/PHEO.1","B00000125919",1,"chlorophyll/pheophytin",125.0,5.0,0.2,,"0000-0001-6124-7021","0000-0003-2913-1517","OK",
"ac8b90e8-1a86-4ba8-8379-19eb96195d4a","D18","TOOK","TOOK.AOS.riparian.point.01","2020-08-19T17:44Z","TOOK.20200819.EPILITHON.1","TOOK.20200819.EPILITHON.1.CNSA.1","A00000301750",1,"CNSa",125.0,5.0,0.1,,"0000-0001-6124-7021","0000-0003-2913-1517","OK",
"bc296831-a4e4-44c7-9e5d-77276a48b086","D18","TOOK","TOOK.AOS.littoral2","2020-08-19T17:44Z","TOOK.20200819.PHYTOPLANKTON.3","TOOK.20200819.PHYTOPLANKTON.3.P.1","A00000301740",1,"P",4000.0,500.0,0.3,,"0000-0001-6124-7021","0000-0001-5131-1181","OK",
"d6fb130d-b90d-42bc-be74-c173d6e09a0f","D18","TOOK","TOOK.AOS.littoral1","2020-08-19T17:44Z","TOOK.20200819.PHYTOPLANKTON.2","TOOK.20200819.PHYTOPLANKTON.2.CNSA.1","A00000301770",1,"CNSa",4000.0,500.0,0.2,,"0000-0001-6124-7021","0000-0001-5131-1181","OK",
"ddeaeb26-54fc-4941-889c-a8fa9fb734c1","D18","TOOK","TOOK.AOS.littoral1","2020-08-19T17:44Z","TOOK.20200819.PHYTOPLANKTON.2","TOOK.20200819.PHYTOPLANKTON.2.P.1","A00000301738",1,"P",4000.0,500.0,0.2,,"0000-0001-6124-7021","0000-0001-5131-1181","OK",
"6c5c6ef2-c567-44ae-8733-eab96fa6002f","D18","TOOK","TOOK.AOS.buoy.c1","2020-08-19T17:44Z","TOOK.20200819.PHYTOPLANKTON.1","TOOK.20200819.PHYTOPLANKTON.1.CNSB.1","A00000301785",1,"CNSb",4000.0,500.0,0.2,,"0000-0001-6124-7021","0000-0001-5131-1181","OK",
"11c3ca2b-5785-45d7-822b-736dd70e15be","D18","TOOK","TOOK.AOS.buoy.c1","2020-08-19T17:44Z","TOOK.20200819.PHYTOPLANKTON.1","TOOK.20200819.PHYTOPLANKTON.1.CHL/PHEO.1","B00000125920",1,"chlorophyll/pheophytin",4000.0,250.0,0.2,,"0000-0001-6124-7021","0000-0001-5131-1181","OK",
"acc2b525-894d-460f-b66e-b7604181abb3","D18","TOOK","TOOK.AOS.riparian.point.09","2020-08-19T17:44Z","TOOK.20200819.EPILITHON.9","TOOK.20200819.EPILITHON.9.CNSB.1","A00000301768",1,"CNSb",125.0,5.0,0.2,,"0000-0001-6124-7021","0000-0003-2913-1517","OK",
"0caf427f-28a5-41f2-aca6-8553b37ed3f4","D18","TOOK","TOOK.AOS.riparian.point.07","2020-08-19T17:44Z","TOOK.20200819.EPILITHON.7","TOOK.20200819.EPILITHON.7.CNSA.1","A00000301767",1,"CNSa",125.0,5.0,0.2,,"0000-0001-6124-7021","0000-0003-2913-1517","OK",
"397b602d-d544-4040-9a99-b7d797e6e296","D18","TOOK","TOOK.AOS.riparian.point.03","2020-08-19T17:44Z","TOOK.20200819.EPILITHON.3","TOOK.20200819.EPILITHON.3.CHL/PHEO.1","B00000125916",1,"chlorophyll/pheophytin",125.0,5.0,0.2,,"0000-0001-6124-7021","0000-0003-2913-1517","OK",
"a8d8b001-c7f2-4be4-990b-d9d416d8912f","D18","TOOK","TOOK.AOS.riparian.point.07","2020-08-19T17:44Z","TOOK.20200819.EPILITHON.7","TOOK.20200819.EPILITHON.7.P.1","A00000301751",1,"P",125.0,5.0,0.2,,"0000-0001-6124-7021","0000-0003-2913-1517","OK",
"1447b878-320b-4238-b8a3-5dfe0eafb011","D18","TOOK","TOOK.AOS.riparian.point.05","2020-08-19T17:44Z","TOOK.20200819.EPILITHON.5","TOOK.20200819.EPILITHON.5.CHL/PHEO.1","B00000125917",1,"chlorophyll/pheophytin",125.0,5.0,0.2,,"0000-0001-6124-7021","0000-0003-2913-1517","OK",
"c1e6fe03-3b19-407f-9650-7889aa6e86e7","D18","TOOK","TOOK.AOS.riparian.point.07","2020-08-19T17:44Z","TOOK.20200819.EPILITHON.7","TOOK.20200819.EPILITHON.7.REP2.CNSA.2","A00000301708",2,"CNSa",125.0,5.0,0.2,,"0000-0001-6124-7021","0000-0003-2913-1517","OK",
"fd66d185-81a0-481c-b0cb-0db406635fc1","D18","TOOK","TOOK.AOS.riparian.point.01","2020-08-19T17:44Z","TOOK.20200819.EPILITHON.1","TOOK.20200819.EPILITHON.1.P.1","A00000301719",1,"P",125.0,5.0,0.1,,"0000-0001-6124-7021","0000-0003-2913-1517","OK",
"d32be20d-1a0b-4191-adad-7ed9493b0cc5","D18","TOOK","TOOK.AOS.riparian.point.07","2020-08-19T17:44Z","TOOK.20200819.EPILITHON.7","TOOK.20200819.EPILITHON.7.REP2.CNSB.2","A00000301739",2,"CNSb",125.0,5.0,0.2,,"0000-0001-6124-7021","0000-0003-2913-1517","OK",
"e533206c-136d-4bd2-a381-41018cab40db","D18","TOOK","TOOK.AOS.riparian.point.05","2020-08-19T17:44Z","TOOK.20200819.EPILITHON.5","TOOK.20200819.EPILITHON.5.CNSA.1","A00000301766",1,"CNSa",125.0,5.0,0.2,,"0000-0001-6124-7021","0000-0003-2913-1517","OK",
"62db19a0-2730-4fa2-8f72-d35b64812e81","D18","TOOK","TOOK.AOS.buoy.c1","2020-08-19T17:44Z","TOOK.20200819.PHYTOPLANKTON.1","TOOK.20200819.PHYTOPLANKTON.1.P.1","A00000301706",1,"P",4000.0,500.0,0.2,,"0000-0001-6124-7021","0000-0001-5131-1181","OK",
"63c47cfd-6676-4066-abfb-7f72087fa03f","D18","TOOK","TOOK.AOS.riparian.point.07","2020-08-19T17:44Z","TOOK.20200819.EPILITHON.7","TOOK.20200819.EPILITHON.7.REP2.P.2","A00000301724",2,"P",125.0,5.0,0.2,,"0000-0001-6124-7021","0000-0003-2913-1517","OK",
"48a8fd32-a028-4682-899b-eedbfc47548c","D18","TOOK","TOOK.AOS.buoy.c1","2020-08-19T17:44Z","TOOK.20200819.PHYTOPLANKTON.1","TOOK.20200819.PHYTOPLANKTON.1.CNSA.1","A00000301786",1,"CNSa",4000.0,500.0,0.2,,"0000-0001-6124-7021","0000-0001-5131-1181","OK",
"14f3d392-8e66-45a6-8f61-4ea0a1de2599","D18","TOOK","TOOK.AOS.riparian.point.07","2020-08-19T17:44Z","TOOK.20200819.EPILITHON.7","TOOK.20200819.EPILITHON.7.REP2.CHL/PHEO.2","B00000125923",2,"chlorophyll/pheophytin",125.0,5.0,0.2,,"0000-0001-6124-7021","0000-0003-2913-1517","OK",
"94dddbba-d483-4b4e-b9ec-0e5d995b2ba2","D18","TOOK","TOOK.AOS.riparian.point.03","2020-08-19T17:44Z","TOOK.20200819.EPILITHON.3","TOOK.20200819.EPILITHON.3.P.1","A00000301704",1,"P",125.0,5.0,0.2,,"0000-0001-6124-7021","0000-0003-2913-1517","OK",
"95eda935-3611-4c03-8185-19452cb4c2b8","D18","TOOK","TOOK.AOS.riparian.point.01","2020-08-19T17:44Z","TOOK.20200819.EPILITHON.1","TOOK.20200819.EPILITHON.1.CHL/PHEO.1","B00000125942",1,"chlorophyll/pheophytin",125.0,5.0,0.1,,"0000-0001-6124-7021","0000-0003-2913-1517","OK",
"e9218709-7365-474c-95c9-3c8cd39b0a4d","D18","TOOK","TOOK.AOS.riparian.point.09","2020-08-19T17:44Z","TOOK.20200819.EPILITHON.9","TOOK.20200819.EPILITHON.9.P.1","A00000301787",1,"P",125.0,5.0,0.2,,"0000-0001-6124-7021","0000-0003-2913-1517","OK",
"28ba0f4f-84eb-4fe3-92de-03127146bfe1","D18","TOOK","TOOK.AOS.riparian.point.07","2020-08-19T17:44Z","TOOK.20200819.EPILITHON.7","TOOK.20200819.EPILITHON.7.CHL/PHEO.1","B00000125918",1,"chlorophyll/pheophytin",125.0,5.0,0.2,,"0000-0001-6124-7021","0000-0003-2913-1517","OK",
"599470ff-d3ce-48d6-a8b2-3382a873bdc2","D18","TOOK","TOOK.AOS.riparian.point.07","2020-08-19T17:44Z","TOOK.20200819.EPILITHON.7","TOOK.20200819.EPILITHON.7.CNSB.1","A00000301736",1,"CNSb",125.0,5.0,0.2,,"0000-0001-6124-7021","0000-0003-2913-1517","OK",
