uid,domainID,siteID,namedLocation,aquaticSiteType,decimalLatitude,decimalLongitude,coordinateUncertainty,elevation,elevationUncertainty,geodeticDatum,collectDate,eventID,parentSampleID,parentSampleCode,samplingImpractical,biophysicalCriteria,affectedByWind,habitatType,algalSampleType,benthicArea,samplingProtocolVersion,phytoDepth1,phytoDepth2,phytoDepth3,substratumSizeClass,remarks,recordedBy,collectedBy,dataQF
"468063c9-f00e-4c67-b29a-b9a96635d811","D18","TOOK","TOOK.AOS.riparian.point.01","lake",68.625357,-149.599723,0.1,715.3,0.1,"WGS84","2020-08-19T17:44Z","TOOK.20200819","TOOK.20200819.EPILITHON.1",,,"OK - no known exceptions",,"littoral","epilithon",0.002406,"NEON.DOC.003045vE",,,,,,"0000-0001-5131-1181","0000-0001-6124-7021",
"da317f1f-8306-4b96-adac-d2e4d00b1015","D18","TOOK","TOOK.AOS.littoral1","lake",68.625566,-149.595360,1.0,717.3,1.0,"WGS84","2020-08-19T17:44Z","TOOK.20200819","TOOK.20200819.PHYTOPLANKTON.2",,,"OK - no known exceptions","N","pelagic","phytoplankton",,"NEON.DOC.003045vE",0.5,3.9,,,,"0000-0001-5131-1181","0000-0001-6124-7021",
"5257cbd9-eae4-4225-99ae-beeb5f482f18","D18","TOOK","TOOK.AOS.littoral2","lake",68.640502,-149.596089,1.0,717.0,1.0,"WGS84","2020-08-19T17:44Z","TOOK.20200819","TOOK.20200819.PHYTOPLANKTON.3",,,"OK - no known exceptions","N","pelagic","phytoplankton",,"NEON.DOC.003045vE",0.5,3.0,,,,"0000-0001-5131-1181","0000-0001-6124-7021",
"e5f636b4-3150-400f-9462-863744b24523","D18","TOOK","TOOK.AOS.riparian.point.07","lake",68.640063,-149.597864,0.1,716.2,0.1,"WGS84","2020-08-19T17:44Z","TOOK.20200819","TOOK.20200819.EPILITHON.7",,,"OK - no known exceptions",,"littoral","epilithon",0.002406,"NEON.DOC.003045vE",,,,,,"0000-0001-5131-1181","0000-0001-6124-7021",
"62c14e69-018a-4e17-ab9c-289f94486b91","D18","TOOK","TOOK.AOS.riparian.point.05","lake",68.635208,-149.614970,0.1,716.6,0.1,"WGS84","2020-08-19T17:44Z","TOOK.20200819","TOOK.20200819.EPILITHON.5",,,"OK - no known exceptions",,"littoral","epilithon",0.002406,"NEON.DOC.003045vE",,,,,,"0000-0001-5131-1181","0000-0001-6124-7021",
"d8c5b092-81f0-4322-be86-8ea9d245c7b2","D18","TOOK","TOOK.AOS.riparian.point.03","lake",68.631898,-149.622142,0.3,716.3,0.4,"WGS84","2020-08-19T17:44Z","TOOK.20200819","TOOK.20200819.EPILITHON.3",,,"OK - no known exceptions",,"littoral","epilithon",0.002406,"NEON.DOC.003045vE",,,,,,"0000-0001-5131-1181","0000-0001-6124-7021",
"1cdb641a-69cd-4961-be84-a9c156fda7b8","D18","TOOK","TOOK.AOS.riparian.point.09","lake",68.633035,-149.589626,0.4,715.5,0.6,"WGS84","2020-08-19T17:44Z","TOOK.20200819","TOOK.20200819.EPILITHON.9",,,"OK - no known exceptions",,"pelagic","epilithon",0.002406,"NEON.DOC.003045vE",,,,,,"0000-0001-5131-1181","0000-0001-6124-7021",
"c4dda8d6-0a8a-4e2f-8b8d-b41e269fa8de","D18","TOOK","TOOK.AOS.buoy.c1","lake",68.630699,-149.611405,10.0,715.0,10.0,"WGS84","2020-08-19T17:44Z","TOOK.20200819","TOOK.20200819.PHYTOPLANKTON.1",,,"OK - no known exceptions","N","pelagic","phytoplankton",,"NEON.DOC.003045vE",0.5,9.0,9.5,,,"0000-0001-5131-1181","0000-0001-6124-7021",
