uid,domainID,siteID,namedLocation,date,eventID,sampleDepth,waterTemp,specificConductance,dissolvedOxygen,dissolvedOxygenSaturation,dataQF
"08d50872-28a9-4117-8976-27066f1433ec","D03","BARC","BARC.AOS.buoy.c0","2021-11-09T16:15Z","BARC.c0.20211109",2.5,15.9,30.7,8.1,81.5,
"4fc3432a-58eb-4e20-8547-2a254a8e0100","D03","BARC","BARC.AOS.buoy.c0","2021-11-09T16:15Z","BARC.c0.20211109",5.0,15.7,30.9,8.0,80.0,
"40020835-d830-45ae-a2d5-32c360950023","D03","BARC","BARC.AOS.buoy.c0","2021-11-09T16:15Z","BARC.c0.20211109",3.0,15.9,30.8,8.1,81.7,
"82f66058-508e-4f67-9b9b-d488ee154d65","D03","BARC","BARC.AOS.buoy.c0","2021-11-09T16:15Z","BARC.c0.20211109",2.0,15.9,30.8,8.2,82.0,
"2aed66ce-20c4-4fed-bbd8-bef9510d33da","D03","BARC","BARC.AOS.buoy.c0","2021-11-09T16:15Z","BARC.c0.20211109",4.0,15.8,30.9,8.1,80.1,
"74cc7af5-de66-4ec3-abfd-943f0c883a16","D03","BARC","BARC.AOS.buoy.c0","2021-11-09T16:15Z","BARC.c0.20211109",3.5,15.8,30.8,8.1,80.6,
"ba5754db-3be5-4d4b-9581-cf8d98c4be14","D03","BARC","BARC.AOS.buoy.c0","2021-11-09T16:15Z","BARC.c0.20211109",4.5,15.8,30.9,8.0,80.6,
"beca675e-59fa-4fa5-b35c-a3e7939cf9ea","D03","BARC","BARC.AOS.buoy.c0","2021-11-09T16:15Z","BARC.c0.20211109",5.5,15.7,30.9,8.1,80.8,
"aa5a01bb-4a94-48ac-a9ff-63535ff4f064","D03","BARC","BARC.AOS.buoy.c0","2021-11-09T16:15Z","BARC.c0.20211109",0.5,16.2,30.8,8.2,80.9,
"935e087e-4da8-4797-8792-972cd08e7dab","D03","BARC","BARC.AOS.buoy.c0","2021-11-09T16:15Z","BARC.c0.20211109",1.0,16.0,30.7,8.1,81.3,
"aca01407-1118-4b83-954a-40f821721b61","D03","BARC","BARC.AOS.buoy.c0","2021-11-09T16:15Z","BARC.c0.20211109",1.5,16.0,30.7,8.2,81.8,
