uid,domainID,siteID,namedLocation,collectDate,parentSampleID,sampleID,sampleCode,filterNumber,analysisType,fieldSampleVolume,domainFilterVolume,storageDays,remarks,measuredBy,recordedBy,sampleCondition,dataQF
"b7df4d3e-40d4-4337-9607-d9f3083098f4","D03","SUGG","SUGG.AOS.riparian.point.03","2021-06-30T13:19Z","SUGG.20210630.EPIPHYTON.3","SUGG.20210630.EPIPHYTON.3.CNSA.1","A00000316562",1,"CNSa",125.0,2.0,1.1,,"0000-0001-9335-3304","0000-0003-1571-3196","OK",
"7e52f3b8-f829-40ff-92b0-5745ff5e1387","D03","SUGG","SUGG.AOS.riparian.point.03","2021-06-30T13:19Z","SUGG.20210630.EPIPHYTON.3","SUGG.20210630.EPIPHYTON.3.P.1","A00000316560",1,"P",125.0,2.0,1.1,,"0000-0001-9335-3304","0000-0003-1571-3196","OK",
"4e68808c-217c-47c5-8d21-3ec5064c77a0","D03","SUGG","SUGG.AOS.riparian.point.03","2021-06-30T13:19Z","SUGG.20210630.EPIPHYTON.3","SUGG.20210630.EPIPHYTON.3.CNSB.1","A00000316561",1,"CNSb",125.0,2.0,1.1,,"0000-0001-9335-3304","0000-0003-1571-3196","OK",
"cdc0f319-0049-42de-b5d3-d8460e62de37","D03","SUGG","SUGG.AOS.riparian.point.03","2021-06-30T13:19Z","SUGG.20210630.EPIPHYTON.3","SUGG.20210630.EPIPHYTON.3.CHL/PHEO.1","A00000316559",1,"chlorophyll/pheophytin",125.0,2.0,1.1,,"0000-0001-9335-3304","0000-0003-1571-3196","OK",
"a3973c7f-d086-4627-813b-e8c948473b14","D03","SUGG","SUGG.AOS.riparian.point.05","2021-06-30T13:19Z","SUGG.20210630.EPIPHYTON.5","SUGG.20210630.EPIPHYTON.5.P.1","A00000132732",1,"P",125.0,2.0,1.2,,"0000-0001-9335-3304","0000-0003-1571-3196","OK",
"6242ec87-240e-4bda-8c4c-639c8fb00b10","D03","SUGG","SUGG.AOS.littoral2","2021-06-30T13:19Z","SUGG.20210630.PHYTOPLANKTON.3","SUGG.20210630.PHYTOPLANKTON.3.CHL/PHEO.1","A00000316557",1,"chlorophyll/pheophytin",5000.0,300.0,1.1,,"0000-0001-9335-3304","0000-0003-1571-3196","OK",
"3e928688-1951-42ca-8ab5-f56e74eaf0ce","D03","SUGG","SUGG.AOS.buoy.c0","2021-06-30T13:19Z","SUGG.20210630.PHYTOPLANKTON.1","SUGG.20210630.PHYTOPLANKTON.1.P.1","A00000316481",1,"P",5000.0,300.0,1.0,,"0000-0001-9335-3304","0000-0003-1571-3196","OK",
"bed372be-418b-4235-84c3-e618c37666a9","D03","SUGG","SUGG.AOS.littoral2","2021-06-30T13:19Z","SUGG.20210630.PHYTOPLANKTON.3","SUGG.20210630.PHYTOPLANKTON.3.REP2.CHL/PHEO.2","A00000316509",2,"chlorophyll/pheophytin",5000.0,300.0,1.1,,"0000-0001-9335-3304","0000-0003-1571-3196","OK",
"d7e61c19-6109-4483-95e2-55911fe998c5","D03","SUGG","SUGG.AOS.buoy.c0","2021-06-30T13:19Z","SUGG.20210630.PHYTOPLANKTON.1","SUGG.20210630.PHYTOPLANKTON.1.CNSB.1","A00000316482",1,"CNSb",5000.0,300.0,1.0,,"0000-0001-9335-3304","0000-0003-1571-3196","OK",
"58cf516f-6fc1-409f-ac98-12c43008c13b","D03","SUGG","SUGG.AOS.riparian.point.09","2021-06-30T13:19Z","SUGG.20210630.EPIPHYTON.9","SUGG.20210630.EPIPHYTON.9.CNSB.1","A00000316548",1,"CNSb",125.0,2.0,1.1,,"0000-0001-9335-3304","0000-0003-1571-3196","OK",
"576c6e19-1a1f-4355-9c92-0990270485c1","D03","SUGG","SUGG.AOS.littoral1","2021-06-30T13:19Z","SUGG.20210630.PHYTOPLANKTON.2","SUGG.20210630.PHYTOPLANKTON.2.P.1","A00000316495",1,"P",5000.0,300.0,1.0,,"0000-0001-9335-3304","0000-0003-1571-3196","OK",
"46e3fd0a-62a7-4752-9ec5-ed02bbed4bab","D03","SUGG","SUGG.AOS.riparian.point.03","2021-06-30T13:19Z","SUGG.20210630.EPIPHYTON.3","SUGG.20210630.EPIPHYTON.3.CNSA.1","A00000316562",1,"CNSa",125.0,4.0,1.1,,"0000-0001-9335-3304","0000-0003-1571-3196","OK",
"9f3b1a0c-fc14-4fae-be1f-cfd1715d76e5","D03","SUGG","SUGG.AOS.riparian.point.01","2021-06-30T13:19Z","SUGG.20210630.EPIPHYTON.1","SUGG.20210630.EPIPHYTON.1.CNSA.1","A00000132714",1,"CNSa",125.0,2.0,1.1,,"0000-0001-9335-3304","0000-0003-1571-3196","OK",
"b8ee95c5-31b3-46e9-b769-409e01dcf3cf","D03","SUGG","SUGG.AOS.riparian.point.05","2021-06-30T13:19Z","SUGG.20210630.EPIPHYTON.5","SUGG.20210630.EPIPHYTON.5.CNSA.1","A00000132734",1,"CNSa",125.0,2.0,1.2,,"0000-0001-9335-3304","0000-0003-1571-3196","OK",
"9b54c3d7-d341-4894-9d11-ca30d8ff037a","D03","SUGG","SUGG.AOS.littoral1","2021-06-30T13:19Z","SUGG.20210630.PHYTOPLANKTON.2","SUGG.20210630.PHYTOPLANKTON.2.CNSA.1","A00000316493",1,"CNSa",5000.0,300.0,1.0,,"0000-0001-9335-3304","0000-0003-1571-3196","OK",
"e17e3791-e71b-4fdf-a528-3d0d9ecdeafc","D03","SUGG","SUGG.AOS.riparian.point.09","2021-06-30T13:19Z","SUGG.20210630.EPIPHYTON.9","SUGG.20210630.EPIPHYTON.9.CHL/PHEO.1","A00000316532",1,"chlorophyll/pheophytin",125.0,2.0,1.1,,"0000-0001-9335-3304","0000-0003-1571-3196","OK",
"6a0a8a89-4ae5-4f55-9536-679c5c78a452","D03","SUGG","SUGG.AOS.riparian.point.09","2021-06-30T13:19Z","SUGG.20210630.EPIPHYTON.9","SUGG.20210630.EPIPHYTON.9.CNSA.1","A00000316564",1,"CNSa",125.0,2.0,1.1,,"0000-0001-9335-3304","0000-0003-1571-3196","OK",
"de64e650-0e6d-41a8-b447-b0108140f58d","D03","SUGG","SUGG.AOS.littoral1","2021-06-30T13:19Z","SUGG.20210630.PHYTOPLANKTON.2","SUGG.20210630.PHYTOPLANKTON.2.CNSB.1","A00000316494",1,"CNSb",5000.0,300.0,1.0,,"0000-0001-9335-3304","0000-0003-1571-3196","OK",
"c4e7af1f-231c-450f-8c87-49d241a074ec","D03","SUGG","SUGG.AOS.riparian.point.01","2021-06-30T13:19Z","SUGG.20210630.EPIPHYTON.1","SUGG.20210630.EPIPHYTON.1.CHL/PHEO.1","A00000316558",1,"chlorophyll/pheophytin",125.0,2.0,1.1,,"0000-0001-9335-3304","0000-0003-1571-3196","OK",
"cd392601-6c2d-47fb-9b9a-22870a0b26e6","D03","SUGG","SUGG.AOS.riparian.point.09","2021-06-30T13:19Z","SUGG.20210630.EPIPHYTON.9","SUGG.20210630.EPIPHYTON.9.P.1","A00000316563",1,"P",125.0,2.0,1.1,,"0000-0001-9335-3304","0000-0003-1571-3196","OK",
"fad95a8c-274f-46fa-9d17-006e1e801001","D03","SUGG","SUGG.AOS.littoral2","2021-06-30T13:19Z","SUGG.20210630.PHYTOPLANKTON.3","SUGG.20210630.PHYTOPLANKTON.3.CNSA.1","A00000316479",1,"CNSa",5000.0,300.0,1.1,,"0000-0001-9335-3304","0000-0003-1571-3196","OK",
"300b2b08-76e2-46b0-a4d4-8029130197f3","D03","SUGG","SUGG.AOS.riparian.point.03","2021-06-30T13:19Z","SUGG.20210630.EPIPHYTON.3","SUGG.20210630.EPIPHYTON.3.CNSB.1","A00000316561",1,"CNSb",125.0,4.0,1.1,,"0000-0001-9335-3304","0000-0003-1571-3196","OK",
"2d89dd4e-ed1b-4643-aaef-800cff5cb01f","D03","SUGG","SUGG.AOS.riparian.point.05","2021-06-30T13:19Z","SUGG.20210630.EPIPHYTON.5","SUGG.20210630.EPIPHYTON.5.CNSB.1","A00000132733",1,"CNSb",125.0,2.0,1.2,,"0000-0001-9335-3304","0000-0003-1571-3196","OK",
"b08d083d-978b-4933-b6f2-9aaa0adf1070","D03","SUGG","SUGG.AOS.riparian.point.07","2021-06-30T13:19Z","SUGG.20210630.EPIPHYTON.7","SUGG.20210630.EPIPHYTON.7.P.1","A00000316514",1,"P",125.0,4.0,1.1,,"0000-0001-9335-3304","0000-0003-1571-3196","OK",
"796750fb-78e4-4611-829c-ce9abc644e43","D03","SUGG","SUGG.AOS.riparian.point.01","2021-06-30T13:19Z","SUGG.20210630.EPIPHYTON.1","SUGG.20210630.EPIPHYTON.1.CNSB.1","A00000132715",1,"CNSb",125.0,2.0,1.1,,"0000-0001-9335-3304","0000-0003-1571-3196","OK",
"0e35d147-84bf-4d63-8645-345acfdda05c","D03","SUGG","SUGG.AOS.riparian.point.07","2021-06-30T13:19Z","SUGG.20210630.EPIPHYTON.7","SUGG.20210630.EPIPHYTON.7.CNSA.1","A00000316515",1,"CNSa",125.0,4.0,1.1,,"0000-0001-9335-3304","0000-0003-1571-3196","OK",
"ce34f107-f5b3-447d-9701-b1f50cb50ca7","D03","SUGG","SUGG.AOS.littoral2","2021-06-30T13:19Z","SUGG.20210630.PHYTOPLANKTON.3","SUGG.20210630.PHYTOPLANKTON.3.REP2.CNSB.2","A00000316511",2,"CNSb",5000.0,300.0,1.1,,"0000-0001-9335-3304","0000-0003-1571-3196","OK",
"c04b5e1a-e944-45d6-9de9-460cf6da49f8","D03","SUGG","SUGG.AOS.buoy.c0","2021-06-30T13:19Z","SUGG.20210630.PHYTOPLANKTON.1","SUGG.20210630.PHYTOPLANKTON.1.CHL/PHEO.1","A00000316480",1,"chlorophyll/pheophytin",5000.0,300.0,1.0,,"0000-0001-9335-3304","0000-0003-1571-3196","OK",
"bb6da447-4bb9-446d-8a88-07d816e757eb","D03","SUGG","SUGG.AOS.riparian.point.07","2021-06-30T13:19Z","SUGG.20210630.EPIPHYTON.7","SUGG.20210630.EPIPHYTON.7.CHL/PHEO.1","A00000316531",1,"chlorophyll/pheophytin",125.0,4.0,1.1,,"0000-0001-9335-3304","0000-0003-1571-3196","OK",
"2bf3d65f-eec6-4c03-8b8a-18632465b162","D03","SUGG","SUGG.AOS.riparian.point.05","2021-06-30T13:19Z","SUGG.20210630.EPIPHYTON.5","SUGG.20210630.EPIPHYTON.5.CHL/PHEO.1","A00000132717",1,"chlorophyll/pheophytin",125.0,2.0,1.2,,"0000-0001-9335-3304","0000-0003-1571-3196","OK",
"d1808f17-1818-4bbd-9e29-5a557570c435","D03","SUGG","SUGG.AOS.riparian.point.07","2021-06-30T13:19Z","SUGG.20210630.EPIPHYTON.7","SUGG.20210630.EPIPHYTON.7.CNSB.1","A00000316513",1,"CNSb",125.0,4.0,1.1,,"0000-0001-9335-3304","0000-0003-1571-3196","OK",
"df77be57-e3bf-4c1a-8a7b-bdc7cacaccd7","D03","SUGG","SUGG.AOS.littoral2","2021-06-30T13:19Z","SUGG.20210630.PHYTOPLANKTON.3","SUGG.20210630.PHYTOPLANKTON.3.REP2.P.2","A00000316510",2,"P",5000.0,300.0,1.1,,"0000-0001-9335-3304","0000-0003-1571-3196","OK",
"a9cbba82-0844-4921-a519-f13f9b4e9bd3","D03","SUGG","SUGG.AOS.riparian.point.03","2021-06-30T13:19Z","SUGG.20210630.EPIPHYTON.3","SUGG.20210630.EPIPHYTON.3.CHL/PHEO.1","A00000316559",1,"chlorophyll/pheophytin",125.0,4.0,1.1,,"0000-0001-9335-3304","0000-0003-1571-3196","OK",
"e1ff74c5-cf81-4ed2-9b33-bfa2f42ddc52","D03","SUGG","SUGG.AOS.riparian.point.01","2021-06-30T13:19Z","SUGG.20210630.EPIPHYTON.1","SUGG.20210630.EPIPHYTON.1.P.1","A00000132716",1,"P",125.0,2.0,1.1,,"0000-0001-9335-3304","0000-0003-1571-3196","OK",
"cd12deb7-f1ca-4ea2-8d39-dbadb7301877","D03","SUGG","SUGG.AOS.littoral2","2021-06-30T13:19Z","SUGG.20210630.PHYTOPLANKTON.3","SUGG.20210630.PHYTOPLANKTON.3.CNSB.1","A00000316478",1,"CNSb",5000.0,300.0,1.1,,"0000-0001-9335-3304","0000-0003-1571-3196","OK",
"f0cb4fac-3ac1-42f3-9d41-8d696217dae9","D03","SUGG","SUGG.AOS.littoral1","2021-06-30T13:19Z","SUGG.20210630.PHYTOPLANKTON.2","SUGG.20210630.PHYTOPLANKTON.2.CHL/PHEO.1","A00000316496",1,"chlorophyll/pheophytin",5000.0,300.0,1.0,,"0000-0001-9335-3304","0000-0003-1571-3196","OK",
"e5ca0ea2-c313-4b25-8b5e-a85a85e40f30","D03","SUGG","SUGG.AOS.buoy.c0","2021-06-30T13:19Z","SUGG.20210630.PHYTOPLANKTON.1","SUGG.20210630.PHYTOPLANKTON.1.CNSA.1","A00000316483",1,"CNSa",5000.0,300.0,1.0,,"0000-0001-9335-3304","0000-0003-1571-3196","OK",
"4e017b47-7572-4f01-a302-d4f7ba0de71d","D03","SUGG","SUGG.AOS.littoral2","2021-06-30T13:19Z","SUGG.20210630.PHYTOPLANKTON.3","SUGG.20210630.PHYTOPLANKTON.3.REP2.CNSA.2","A00000316512",2,"CNSa",5000.0,300.0,1.1,,"0000-0001-9335-3304","0000-0003-1571-3196","OK",
"495bf17b-2fa1-4648-bd31-f077c7db5229","D03","SUGG","SUGG.AOS.littoral2","2021-06-30T13:19Z","SUGG.20210630.PHYTOPLANKTON.3","SUGG.20210630.PHYTOPLANKTON.3.P.1","A00000316477",1,"P",5000.0,300.0,1.1,,"0000-0001-9335-3304","0000-0003-1571-3196","OK",
"4d3f44bf-5027-4b26-a990-6221bea45335","D03","SUGG","SUGG.AOS.riparian.point.03","2021-06-30T13:19Z","SUGG.20210630.EPIPHYTON.3","SUGG.20210630.EPIPHYTON.3.P.1","A00000316560",1,"P",125.0,4.0,1.1,,"0000-0001-9335-3304","0000-0003-1571-3196","OK",
