uid,domainID,siteID,namedLocation,aquaticSiteType,decimalLatitude,decimalLongitude,coordinateUncertainty,elevation,elevationUncertainty,geodeticDatum,collectDate,eventID,parentSampleID,parentSampleCode,samplingImpractical,biophysicalCriteria,affectedByWind,habitatType,algalSampleType,benthicArea,samplingProtocolVersion,phytoDepth1,phytoDepth2,phytoDepth3,substratumSizeClass,remarks,recordedBy,collectedBy,dataQF
"37ba2d10-ea2a-4cd2-86d8-96d7e1036689","D03","SUGG","SUGG.AOS.riparian.point.01","lake",29.689972,-82.015337,5.0,27.9,5.0,"WGS84","2021-06-30T13:19Z","SUGG.20210630","SUGG.20210630.EPIPHYTON.1",,,"OK - no known exceptions",,"pelagic","epiphyton",0.010000,"NEON.DOC.003045vE",,,,,,"0000-0001-9335-3304","0000-0003-1571-3196",
"188b5aa0-da47-4ee0-9bf5-217ce8edb883","D03","SUGG","SUGG.AOS.riparian.point.09","lake",29.686477,-82.014568,5.0,27.9,5.0,"WGS84","2021-06-30T13:19Z","SUGG.20210630","SUGG.20210630.EPIPHYTON.9",,,"OK - no known exceptions",,"pelagic","epiphyton",0.010000,"NEON.DOC.003045vE",,,,,,"0000-0001-9335-3304","0000-0003-1571-3196",
"a4ba3fdb-f047-4f31-8de9-968a6a296bd2","D03","SUGG","SUGG.AOS.buoy.c0","lake",29.688149,-82.017318,10.0,30.0,10.0,"WGS84","2021-06-30T13:19Z","SUGG.20210630","SUGG.20210630.PHYTOPLANKTON.1",,,"OK - no known exceptions","N","pelagic","phytoplankton",,"NEON.DOC.003045vE",0.5,0.5,,,,"0000-0001-9335-3304","0000-0003-1571-3196",
"158666a4-dfd9-48bf-92e5-f13191e962cb","D03","SUGG","SUGG.AOS.littoral2","lake",29.687601,-82.020598,1.1,30.3,1.0,"WGS84","2021-06-30T13:19Z","SUGG.20210630","SUGG.20210630.PHYTOPLANKTON.3",,,"OK - no known exceptions","N","pelagic","phytoplankton",,"NEON.DOC.003045vE",0.5,0.5,,,,"0000-0001-9335-3304","0000-0003-1571-3196",
"c97c4b67-ac56-4b04-bb08-2721f145105c","D03","SUGG","SUGG.AOS.riparian.point.03","lake",29.690380,-82.019605,5.0,27.9,5.0,"WGS84","2021-06-30T13:19Z","SUGG.20210630","SUGG.20210630.EPIPHYTON.3",,,"OK - no known exceptions",,"pelagic","epiphyton",0.010000,"NEON.DOC.003045vE",,,,,,"0000-0001-9335-3304","0000-0003-1571-3196",
"37cca30a-6535-43fe-b0b7-99ede68db403","D03","SUGG","SUGG.AOS.riparian.point.05","lake",29.687067,-82.020473,5.0,27.9,5.0,"WGS84","2021-06-30T13:19Z","SUGG.20210630","SUGG.20210630.EPIPHYTON.5",,,"OK - no known exceptions",,"pelagic","epiphyton",0.010000,"NEON.DOC.003045vE",,,,,,"0000-0001-9335-3304","0000-0003-1571-3196",
"74a9652b-9d72-468c-9820-10ac4c110bff","D03","SUGG","SUGG.AOS.littoral1","lake",29.685093,-82.018412,1.1,30.2,1.0,"WGS84","2021-06-30T13:19Z","SUGG.20210630","SUGG.20210630.PHYTOPLANKTON.2",,,"OK - no known exceptions","N","pelagic","phytoplankton",,"NEON.DOC.003045vE",0.5,0.5,,,,"0000-0001-9335-3304","0000-0003-1571-3196",
"cc185da3-3f98-4a72-9a62-30fe47cb3602","D03","SUGG","SUGG.AOS.riparian.point.07","lake",29.684758,-82.018516,5.0,27.9,5.0,"WGS84","2021-06-30T13:19Z","SUGG.20210630","SUGG.20210630.EPIPHYTON.7",,,"OK - no known exceptions",,"pelagic","epiphyton",0.010000,"NEON.DOC.003045vE",,,,,,"0000-0001-9335-3304","0000-0003-1571-3196",
