uid,domainID,siteID,namedLocation,collectDate,sampleID,sampleCode,sampleCondition,laboratoryName,analysisDate,analyzedBy,sampleType,replicate,sampleVolumeFiltered,filterSize,percentFilterAnalyzed,dilutionFactor,solventVolume,responseFactor,acidificationResponseFactor,fluorometerSensitivitySetting,preAcidificationFluorescence,postAcidificationFluorescence,analyte,analyteConcentration,plantAlgaeLabUnits,testMethod,method,acidTreatment,externalRemarks,externalLabDataQF
"bb3322cf-5ed1-4c5d-b3f1-e6da5676ddbb","D03","SUGG","SUGG.AOS.riparian.point.05","2021-06-30","SUGG.20210630.EPIPHYTON.5.CHL/PHEO.1","A00000132717","condition ok","Great Lakes Environmental Center, Inc.","2021-07-13","4CajRO/thb0=","chlorophyll/pheophytin","1",2,25,100,1,7,449.4993,,,0.8100,0.5000,"chlorophyll a",584.60,"microgramsPerLiter","GLEC_algalChlorophyll_V1","APHA 10200H",,,
"813047d8-6e63-4e32-b715-d2e8c23187a1","D03","SUGG","SUGG.AOS.littoral2","2021-06-30","SUGG.20210630.PHYTOPLANKTON.3.CHL/PHEO.1","A00000316557","condition ok","Great Lakes Environmental Center, Inc.","2021-07-13","4CajRO/thb0=","chlorophyll/pheophytin","1",300,25,100,1,7,449.4993,,,0.3400,0.1180,"pheophytin",4.68,"microgramsPerLiter","GLEC_algalChlorophyll_V1","APHA 10200H",,,
"00386c7d-283b-4898-b2ba-983374e2cb1c","D03","SUGG","SUGG.AOS.riparian.point.09","2021-06-30","SUGG.20210630.EPIPHYTON.9.CHL/PHEO.1","A00000316532","condition ok","Great Lakes Environmental Center, Inc.","2021-07-13","4CajRO/thb0=","chlorophyll/pheophytin","1",2,25,100,1,7,449.4993,,,1.0190,0.5100,"chlorophyll a",959.88,"microgramsPerLiter","GLEC_algalChlorophyll_V1","APHA 10200H",,,
"928c3715-cdd0-4ed0-80cc-a026f17f8952","D03","SUGG","SUGG.AOS.riparian.point.01","2021-06-30","SUGG.20210630.EPIPHYTON.1.CHL/PHEO.1","A00000316558","condition ok","Great Lakes Environmental Center, Inc.","2021-07-13","4CajRO/thb0=","chlorophyll/pheophytin","1",2,25,100,1,7,449.4993,,,0.3230,0.1810,"chlorophyll a",267.79,"microgramsPerLiter","GLEC_algalChlorophyll_V1","APHA 10200H",,,
"e3c83829-0be2-4043-b1ab-2e1db6ee04d0","D03","SUGG","SUGG.AOS.riparian.point.05","2021-06-30","SUGG.20210630.EPIPHYTON.5.CHL/PHEO.1","A00000132717","condition ok","Great Lakes Environmental Center, Inc.","2021-07-13","4CajRO/thb0=","chlorophyll/pheophytin","1",2,25,100,1,7,449.4993,,,0.8100,0.5000,"pheophytin",4161.40,"microgramsPerLiter","GLEC_algalChlorophyll_V1","APHA 10200H",,,
"24b6c793-a332-4d41-b538-ba2b60025cac","D03","SUGG","SUGG.AOS.riparian.point.09","2021-06-30","SUGG.20210630.EPIPHYTON.9.CHL/PHEO.1","A00000316532","condition ok","Great Lakes Environmental Center, Inc.","2021-07-13","4CajRO/thb0=","chlorophyll/pheophytin","1",2,25,100,1,7,449.4993,,,1.0190,0.5100,"pheophytin",3881.00,"microgramsPerLiter","GLEC_algalChlorophyll_V1","APHA 10200H",,,
"48a57b6d-9849-458d-ab8c-3089fe9289c1","D03","SUGG","SUGG.AOS.riparian.point.03","2021-06-30","SUGG.20210630.EPIPHYTON.3.CHL/PHEO.1","A00000316559","condition ok","Great Lakes Environmental Center, Inc.","2021-07-13","4CajRO/thb0=","chlorophyll/pheophytin","1",4,25,100,1,7,449.4993,,,1.4430,0.8640,"pheophytin",3554.60,"microgramsPerLiter","GLEC_algalChlorophyll_V1","APHA 10200H",,,
"1f563a8a-9287-4a7a-bacf-e826f0a1b5a0","D03","SUGG","SUGG.AOS.riparian.point.03","2021-06-30","SUGG.20210630.EPIPHYTON.3.CHL/PHEO.1","A00000316559","condition ok","Great Lakes Environmental Center, Inc.","2021-07-13","4CajRO/thb0=","chlorophyll/pheophytin","1",4,25,100,1,7,449.4993,,,1.4430,0.8640,"chlorophyll a",545.94,"microgramsPerLiter","GLEC_algalChlorophyll_V1","APHA 10200H",,,
"9db3c101-f970-41df-a8c1-8b0691fbedbe","D03","SUGG","SUGG.AOS.littoral1","2021-06-30","SUGG.20210630.PHYTOPLANKTON.2.CHL/PHEO.1","A00000316496","condition ok","Great Lakes Environmental Center, Inc.","2021-07-13","4CajRO/thb0=","chlorophyll/pheophytin","1",300,25,100,1,7,449.4993,,,0.3090,0.1110,"pheophytin",4.53,"microgramsPerLiter","GLEC_algalChlorophyll_V1","APHA 10200H",,,
"bd3f0c15-cc8f-42fc-8782-710a6dee1c79","D03","SUGG","SUGG.AOS.littoral2","2021-06-30","SUGG.20210630.PHYTOPLANKTON.3.CHL/PHEO.1","A00000316557","condition ok","Great Lakes Environmental Center, Inc.","2021-07-13","4CajRO/thb0=","chlorophyll/pheophytin","1",300,25,100,1,7,449.4993,,,0.3400,0.1180,"chlorophyll a",2.79,"microgramsPerLiter","GLEC_algalChlorophyll_V1","APHA 10200H",,,
"73c88908-bcd9-4d0e-986a-57ec08391715","D03","SUGG","SUGG.AOS.littoral2","2021-06-30","SUGG.20210630.PHYTOPLANKTON.3.REP2.CHL/PHEO.2","A00000316509","condition ok","Great Lakes Environmental Center, Inc.","2021-07-13","4CajRO/thb0=","chlorophyll/pheophytin","2",300,25,100,1,7,449.4993,,,0.3450,0.1200,"pheophytin",4.76,"microgramsPerLiter","GLEC_algalChlorophyll_V1","APHA 10200H",,,
"fb14713a-2015-486a-8ada-9a8d89b778a2","D03","SUGG","SUGG.AOS.riparian.point.07","2021-06-30","SUGG.20210630.EPIPHYTON.7.CHL/PHEO.1","A00000316531","condition ok","Great Lakes Environmental Center, Inc.","2021-07-13","4CajRO/thb0=","chlorophyll/pheophytin","1",4,25,100,1,7,449.4993,,,1.9810,0.8910,"pheophytin",3200.90,"microgramsPerLiter","GLEC_algalChlorophyll_V1","APHA 10200H",,,
"b8a0e917-dfb9-48f5-85a6-c79dfb4cc95c","D03","SUGG","SUGG.AOS.buoy.c0","2021-06-30","SUGG.20210630.PHYTOPLANKTON.1.CHL/PHEO.1","A00000316480","Sample Not Frozen","Great Lakes Environmental Center, Inc.","2021-07-13","4CajRO/thb0=","chlorophyll/pheophytin","1",300,25,100,1,7,449.4993,,,,,"chlorophyll a",0.00,"microgramsPerLiter","GLEC_algalChlorophyll_V1","APHA 10200H",,"Sample not in ziplock bag. Tucked in paper work upon receipt arrival.",
"ea3de995-212e-4a89-8c5c-6e0590ecf0a9","D03","SUGG","SUGG.AOS.riparian.point.01","2021-06-30","SUGG.20210630.EPIPHYTON.1.CHL/PHEO.1","A00000316558","condition ok","Great Lakes Environmental Center, Inc.","2021-07-13","4CajRO/thb0=","chlorophyll/pheophytin","1",2,25,100,1,7,449.4993,,,0.3230,0.1810,"pheophytin",1450.30,"microgramsPerLiter","GLEC_algalChlorophyll_V1","APHA 10200H",,,
"c9c9fafd-c669-40b1-b3a9-9e2ad3b02ca6","D03","SUGG","SUGG.AOS.littoral2","2021-06-30","SUGG.20210630.PHYTOPLANKTON.3.REP2.CHL/PHEO.2","A00000316509","condition ok","Great Lakes Environmental Center, Inc.","2021-07-13","4CajRO/thb0=","chlorophyll/pheophytin","2",300,25,100,1,7,449.4993,,,0.3450,0.1200,"chlorophyll a",2.83,"microgramsPerLiter","GLEC_algalChlorophyll_V1","APHA 10200H",,,
"b7c785b7-4f94-43d9-9629-b756b1b2d669","D03","SUGG","SUGG.AOS.riparian.point.07","2021-06-30","SUGG.20210630.EPIPHYTON.7.CHL/PHEO.1","A00000316531","condition ok","Great Lakes Environmental Center, Inc.","2021-07-13","4CajRO/thb0=","chlorophyll/pheophytin","1",4,25,100,1,7,449.4993,,,1.9810,0.8910,"chlorophyll a",1027.80,"microgramsPerLiter","GLEC_algalChlorophyll_V1","APHA 10200H",,,
"1b58da5c-b7e2-4d1e-b2f3-faa0eb6fb6fe","D03","SUGG","SUGG.AOS.buoy.c0","2021-06-30","SUGG.20210630.PHYTOPLANKTON.1.CHL/PHEO.1","A00000316480","Sample Not Frozen","Great Lakes Environmental Center, Inc.","2021-07-13","4CajRO/thb0=","chlorophyll/pheophytin","1",300,25,100,1,7,449.4993,,,,,"pheophytin",0.00,"microgramsPerLiter","GLEC_algalChlorophyll_V1","APHA 10200H",,"Sample not in ziplock bag. Tucked in paper work upon receipt arrival.",
"5aec4e2d-e00f-415e-858b-414e8f26f075","D03","SUGG","SUGG.AOS.littoral1","2021-06-30","SUGG.20210630.PHYTOPLANKTON.2.CHL/PHEO.1","A00000316496","condition ok","Great Lakes Environmental Center, Inc.","2021-07-13","4CajRO/thb0=","chlorophyll/pheophytin","1",300,25,100,1,7,449.4993,,,0.3090,0.1110,"chlorophyll a",2.49,"microgramsPerLiter","GLEC_algalChlorophyll_V1","APHA 10200H",,,
