uid,domainID,siteID,namedLocation,date,eventID,sampleDepth,waterTemp,specificConductance,dissolvedOxygen,dissolvedOxygenSaturation,dataQF
"b01adef7-e43f-4237-82cd-c3fce7ec8dd3","D05","LIRO","LIRO.AOS.buoy.c0","2021-08-02T16:19Z","LIRO.c0.20210802",6.0,12.3,12.7,0.5,4.4,
"53627ff3-04cd-420c-9dab-c425768aeaa2","D05","LIRO","LIRO.AOS.buoy.c0","2021-08-02T16:19Z","LIRO.c0.20210802",6.5,10.5,12.8,0.2,1.4,
"772f3e19-1e9d-4076-92c4-5a4880272a8f","D05","LIRO","LIRO.AOS.buoy.c0","2021-08-02T16:19Z","LIRO.c0.20210802",0.5,23.5,9.5,7.4,86.9,
"ed9a5b75-2663-4869-a5d4-09caa3fd7a65","D05","LIRO","LIRO.AOS.buoy.c0","2021-08-02T16:19Z","LIRO.c0.20210802",3.5,22.8,9.8,7.0,81.7,
"f9d18bc9-5581-4a98-ab4d-45decd4ea7d9","D05","LIRO","LIRO.AOS.buoy.c0","2021-08-02T16:19Z","LIRO.c0.20210802",5.0,16.5,11.7,3.6,37.0,
"6376c36f-5422-4e86-bd6e-2d8d05c3c401","D05","LIRO","LIRO.AOS.buoy.c0","2021-08-02T16:19Z","LIRO.c0.20210802",2.5,23.2,9.4,7.5,87.1,
"14ccd5dd-f9b8-48f3-b111-01b4d49e143c","D05","LIRO","LIRO.AOS.buoy.c0","2021-08-02T16:19Z","LIRO.c0.20210802",7.5,8.3,12.7,0.1,0.7,
"7315a255-24d8-417f-8b0f-702f0093e74f","D05","LIRO","LIRO.AOS.buoy.c0","2021-08-02T16:19Z","LIRO.c0.20210802",8.0,7.8,12.0,0.1,0.7,
"1e1488f4-6d1c-48cc-b28f-f5472dacb10d","D05","LIRO","LIRO.AOS.buoy.c0","2021-08-02T16:19Z","LIRO.c0.20210802",1.0,23.5,9.4,7.5,87.5,
"5ee2661a-c592-4cd1-b761-f364e93d14aa","D05","LIRO","LIRO.AOS.buoy.c0","2021-08-02T16:19Z","LIRO.c0.20210802",5.5,14.1,12.4,2.2,21.3,
"64b94be5-5ffd-4399-b9fa-ccd247c5a87b","D05","LIRO","LIRO.AOS.buoy.c0","2021-08-02T16:19Z","LIRO.c0.20210802",3.0,23.2,9.5,7.1,83.1,
"e93a8335-ed55-4b41-ae8f-e83116d2e228","D05","LIRO","LIRO.AOS.buoy.c0","2021-08-02T16:19Z","LIRO.c0.20210802",8.5,7.2,20.3,0.1,0.6,
"6de11f88-f3aa-464a-9b54-035a1840df9b","D05","LIRO","LIRO.AOS.buoy.c0","2021-08-02T16:19Z","LIRO.c0.20210802",2.0,23.3,9.4,7.5,87.5,
"f36f48b8-eefb-4949-8391-f62fe5650939","D05","LIRO","LIRO.AOS.buoy.c0","2021-08-02T16:19Z","LIRO.c0.20210802",4.0,21.9,10.5,6.1,69.2,
"9bef0b3a-5909-42b5-9922-c72a46067a58","D05","LIRO","LIRO.AOS.buoy.c0","2021-08-02T16:19Z","LIRO.c0.20210802",7.0,9.2,12.7,0.1,0.9,
"fcb27339-05eb-4a83-9909-91c9c0275b64","D05","LIRO","LIRO.AOS.buoy.c0","2021-08-02T16:19Z","LIRO.c0.20210802",4.5,18.9,11.5,4.5,48.2,
"9bc52083-c930-4a66-b2f2-060817931bd5","D05","LIRO","LIRO.AOS.buoy.c0","2021-08-02T16:19Z","LIRO.c0.20210802",1.5,23.3,9.5,7.4,86.8,
