uid,domainID,siteID,namedLocation,aquaticSiteType,decimalLatitude,decimalLongitude,coordinateUncertainty,elevation,elevationUncertainty,geodeticDatum,collectDate,eventID,parentSampleID,parentSampleCode,samplingImpractical,biophysicalCriteria,affectedByWind,habitatType,algalSampleType,benthicArea,samplingProtocolVersion,phytoDepth1,phytoDepth2,phytoDepth3,substratumSizeClass,remarks,recordedBy,collectedBy,dataQF
"d0126e61-f409-44f6-9269-f66e0352853a","D03","BARC","BARC.AOS.riparian.point.07","lake",29.674953,-82.009818,5.0,26.4,5.0,"WGS84","2018-07-16T13:22Z","BARC.20180716","BARC.20180716.EPIPHYTON.7",,,,,"littoral","epiphyton",0.010000,"NEON.DOC.003045vC",,,,,,"kross@BattelleEcology.org","kkelley@battelleecology.org",
"a3a0e126-2967-4b3a-97f7-3c4f00c62f23","D03","BARC","BARC.AOS.littoral2","lake",29.674748,-82.008401,1.1,27.1,1.0,"WGS84","2018-07-16T13:22Z","BARC.20180716","BARC.20180716.PHYTOPLANKTON.3",,,,,"littoral","phytoplankton",,"NEON.DOC.003045vC",0.5,3.7,,,,"kross@BattelleEcology.org","kkelley@battelleecology.org",
"87652629-de25-4146-b322-96cc5af0bc25","D03","BARC","BARC.AOS.littoral1","lake",29.677479,-82.007710,1.1,26.0,1.0,"WGS84","2018-07-16T13:22Z","BARC.20180716","BARC.20180716.PHYTOPLANKTON.2",,,,,"littoral","phytoplankton",,"NEON.DOC.003045vC",0.5,4.1,,,,"kross@BattelleEcology.org","kkelley@battelleecology.org",
"65434060-d324-461d-bbc6-37feadb5a4ac","D03","BARC","BARC.AOS.riparian.point.09","lake",29.676597,-82.009967,5.0,19.5,5.0,"WGS84","2018-07-16T13:22Z","BARC.20180716","BARC.20180716.EPIPHYTON.9",,,,,"littoral","epiphyton",0.010000,"NEON.DOC.003045vC",,,,,,"kross@BattelleEcology.org","kkelley@battelleecology.org",
"5f129954-cc23-4ffc-8545-3c5c1ebaa5e4","D03","BARC","BARC.AOS.riparian.point.01","lake",29.677784,-82.007670,5.0,24.7,5.0,"WGS84","2018-07-16T13:22Z","BARC.20180716","BARC.20180716.EPIPHYTON.1",,,,,"littoral","epiphyton",0.010000,"NEON.DOC.003045vC",,,,,,"kross@BattelleEcology.org","kkelley@battelleecology.org",
"f7e619d5-d7d7-44d4-a8e6-702aa3a0afcc","D03","BARC","BARC.AOS.riparian.point.05","lake",29.674476,-82.007454,5.0,25.9,5.0,"WGS84","2018-07-16T13:22Z","BARC.20180716","BARC.20180716.EPIPHYTON.5",,,,,"littoral","epiphyton",0.010000,"NEON.DOC.003045vC",,,,,,"kross@BattelleEcology.org","kkelley@battelleecology.org",
"7c1ccced-a20b-444a-b89b-9c617f4b8316","D03","BARC","BARC.AOS.buoy.c0","lake",29.675982,-82.008414,10.0,27.0,10.0,"WGS84","2018-07-16T13:22Z","BARC.20180716","BARC.20180716.PHYTOPLANKTON.1",,,,,"littoral","phytoplankton",,"NEON.DOC.003045vC",0.5,3.4,6.3,,,"kross@BattelleEcology.org","kkelley@battelleecology.org",
"329a53be-9efd-4d12-8f51-4e34515cf9a7","D03","BARC","BARC.AOS.riparian.point.03","lake",29.676118,-82.006564,5.0,22.2,5.0,"WGS84","2018-07-16T13:22Z","BARC.20180716","BARC.20180716.EPIPHYTON.3",,,,,"littoral","epiphyton",0.010000,"NEON.DOC.003045vC",,,,,,"kross@BattelleEcology.org","kkelley@battelleecology.org",
