uid,domainID,siteID,namedLocation,collectDate,sampleID,sampleCode,sampleCondition,laboratoryName,analysisDate,analyzedBy,sampleType,replicate,sampleVolumeFiltered,filterSize,percentFilterAnalyzed,dilutionFactor,solventVolume,responseFactor,acidificationResponseFactor,fluorometerSensitivitySetting,preAcidificationFluorescence,postAcidificationFluorescence,analyte,analyteConcentration,plantAlgaeLabUnits,testMethod,method,acidTreatment,externalRemarks,externalLabDataQF
"f6eae12c-1e6d-4704-811e-cd38a3af4a8c","D03","BARC","BARC.AOS.riparian.point.01","2018-07-16","BARC.20180716.EPIPHYTON.1.P.1","A00000003673","condition ok","SIRFER Lab at University of Utah","2018-12-29","a1rVWpE0V4zMCUk591/P0Q==","P","1",4,25,100,,,,,,,,"phosphorus",481.99,"microgramsPerLiter","ICPMetalsLab_P_V1.2","Ivanov et al 2012",,,
"a89c826e-bfdc-4467-b35c-c8d003eb1b43","D03","BARC","BARC.AOS.riparian.point.05","2018-07-16","BARC.20180716.EPIPHYTON.5.P.1","A00000003731","condition ok","SIRFER Lab at University of Utah","2018-12-29","a1rVWpE0V4zMCUk591/P0Q==","P","1",4,25,100,,,,,,,,"phosphorus",485.44,"microgramsPerLiter","ICPMetalsLab_P_V1.2","Ivanov et al 2012",,,
"51296077-7d46-422b-b424-8212af090613","D03","BARC","BARC.AOS.buoy.c0","2018-07-16","BARC.20180716.PHYTOPLANKTON.1.P.1","A00000003711","condition ok","SIRFER Lab at University of Utah","2018-12-29","a1rVWpE0V4zMCUk591/P0Q==","P","1",200,25,100,,,,,,,,"phosphorus",6.13,"microgramsPerLiter","ICPMetalsLab_P_V1.2","Ivanov et al 2012",,,
"b359294d-e65f-49e4-bad8-3b06dedb001c","D03","BARC","BARC.AOS.riparian.point.03","2018-07-16","BARC.20180716.EPIPHYTON.3.P.1","A00000003679","condition ok","SIRFER Lab at University of Utah","2018-12-29","a1rVWpE0V4zMCUk591/P0Q==","P","1",5,25,100,,,,,,,,"phosphorus",697.51,"microgramsPerLiter","ICPMetalsLab_P_V1.2","Ivanov et al 2012",,,
"72ef2b54-b5e0-4cd5-a852-04136392f171","D03","BARC","BARC.AOS.riparian.point.07","2018-07-16","BARC.20180716.EPIPHYTON.7.P.1","A00000003696","condition ok","SIRFER Lab at University of Utah","2018-12-29","a1rVWpE0V4zMCUk591/P0Q==","P","1",2,25,100,,,,,,,,"phosphorus",2755.68,"microgramsPerLiter","ICPMetalsLab_P_V1.2","Ivanov et al 2012",,,
"255f6be0-f325-47ba-a30e-206f3edd21d2","D03","BARC","BARC.AOS.littoral1","2018-07-16","BARC.20180716.PHYTOPLANKTON.2.P.1","A00000003691","condition ok","SIRFER Lab at University of Utah","2018-12-29","a1rVWpE0V4zMCUk591/P0Q==","P","1",300,25,100,,,,,,,,"phosphorus",3.06,"microgramsPerLiter","ICPMetalsLab_P_V1.2","Ivanov et al 2012",,,
"c088a89c-2aa0-4999-aa55-86cebe1d58d5","D03","BARC","BARC.AOS.riparian.point.09","2018-07-16","BARC.20180716.EPIPHYTON.9.P.1","A00000003670","condition ok","SIRFER Lab at University of Utah","2018-12-29","a1rVWpE0V4zMCUk591/P0Q==","P","1",2,25,100,,,,,,,,"phosphorus",447.72,"microgramsPerLiter","ICPMetalsLab_P_V1.2","Ivanov et al 2012",,,
"2d746c42-f9f8-4f8c-abc4-a46e537e6c09","D03","BARC","BARC.AOS.littoral2","2018-07-16","BARC.20180716.PHYTOPLANKTON.3.P.1","A00000003682","condition ok","SIRFER Lab at University of Utah","2018-12-29","a1rVWpE0V4zMCUk591/P0Q==","P","1",250,25,100,,,,,,,,"phosphorus",6.60,"microgramsPerLiter","ICPMetalsLab_P_V1.2","Ivanov et al 2012",,,
"1ab040d3-b513-4f92-8471-9098ee9a11c6","D03","BARC","BARC.AOS.buoy.c0","2018-07-16","BARC.20180716.PHYTOPLANKTON.1.CNSA.1","A00000003728","condition ok","SIRFER Lab at University of Utah","2018-11-01","ElFtGy1kV49xqNP00HfxQA==","CNS","1",200,25,100,,,,,,,,"sulfur",,"microgramsPerLiter","SIRFER_algalPlantChem_isotopes_V1","Revesz & Coplen 2012b",,,
"06753a86-e213-49f3-81fc-1b382f002485","D03","BARC","BARC.AOS.littoral2","2018-07-16","BARC.20180716.PHYTOPLANKTON.3.CNSA.1","A00000003687","condition ok","SIRFER Lab at University of Utah","2018-11-01","ElFtGy1kV49xqNP00HfxQA==","CNS","1",250,25,100,,,,,,,,"d13C",,"perMill","SIRFER_algalPlantChem_isotopes_V1","Revesz & Coplen 2012a","N",,
"eda6a825-269d-49a1-91b5-24c0cf6acfa0","D03","BARC","BARC.AOS.littoral2","2018-07-16","BARC.20180716.PHYTOPLANKTON.3.CNSA.1","A00000003687","condition ok","SIRFER Lab at University of Utah","2018-11-01","ElFtGy1kV49xqNP00HfxQA==","CNS","1",250,25,100,,,,,,,,"d15N",,"perMill","SIRFER_algalPlantChem_isotopes_V1","Revesz & Coplen 2012a",,,
"7089a52f-e2df-4e1c-bfc2-3a7a4a090c0e","D03","BARC","BARC.AOS.riparian.point.01","2018-07-16","BARC.20180716.EPIPHYTON.1.CNSA.1","A00000003675","condition ok","SIRFER Lab at University of Utah","2018-11-01","ElFtGy1kV49xqNP00HfxQA==","CNS","1",4,25,100,,,,,,,,"d15N",,"perMill","SIRFER_algalPlantChem_isotopes_V1","Revesz & Coplen 2012a",,,
"747ebf24-6b8e-4f76-a71b-d037d6770250","D03","BARC","BARC.AOS.littoral1","2018-07-16","BARC.20180716.PHYTOPLANKTON.2.CNSA.1","A00000003689","condition ok","SIRFER Lab at University of Utah","2018-11-01","ElFtGy1kV49xqNP00HfxQA==","CNS","1",300,25,100,,,,,,,,"d15N",,"perMill","SIRFER_algalPlantChem_isotopes_V1","Revesz & Coplen 2012a",,,
"c3587171-9391-4345-b040-6c67bc33e1b1","D03","BARC","BARC.AOS.buoy.c0","2018-07-16","BARC.20180716.PHYTOPLANKTON.1.CNSA.1","A00000003728","condition ok","SIRFER Lab at University of Utah","2018-11-01","ElFtGy1kV49xqNP00HfxQA==","CNS","1",200,25,100,,,,,,,,"d34S",,"perMill","SIRFER_algalPlantChem_isotopes_V1","Revesz & Coplen 2012b",,,
"b0c0b9fb-050c-460b-b8a8-d012acf239f2","D03","BARC","BARC.AOS.riparian.point.09","2018-07-16","BARC.20180716.EPIPHYTON.9.CNSA.1","A00000003668","condition ok","SIRFER Lab at University of Utah","2018-11-01","ElFtGy1kV49xqNP00HfxQA==","CNS","1",2,25,100,,,,,,,,"d34S",,"perMill","SIRFER_algalPlantChem_isotopes_V1","Revesz & Coplen 2012b",,,
"a11a5b2d-d842-4894-98ed-7e4bfbad130b","D03","BARC","BARC.AOS.riparian.point.05","2018-07-16","BARC.20180716.EPIPHYTON.5.CNSA.1","A00000003715","condition ok","SIRFER Lab at University of Utah","2018-11-01","ElFtGy1kV49xqNP00HfxQA==","CNS","1",4,25,100,,,,,,,,"d13C",,"perMill","SIRFER_algalPlantChem_isotopes_V1","Revesz & Coplen 2012a","N",,
"a1840758-4144-4a38-a567-5ada7e9d19a4","D03","BARC","BARC.AOS.littoral1","2018-07-16","BARC.20180716.PHYTOPLANKTON.2.CNSA.1","A00000003689","condition ok","SIRFER Lab at University of Utah","2018-11-01","ElFtGy1kV49xqNP00HfxQA==","CNS","1",300,25,100,,,,,,,,"nitrogen",,"microgramsPerLiter","SIRFER_algalPlantChem_isotopes_V1","Revesz & Coplen 2012a",,,
"0883bc61-2ba7-46c9-a678-210a12d4b23f","D03","BARC","BARC.AOS.riparian.point.09","2018-07-16","BARC.20180716.EPIPHYTON.9.CNSA.1","A00000003668","condition ok","SIRFER Lab at University of Utah","2018-11-01","ElFtGy1kV49xqNP00HfxQA==","CNS","1",2,25,100,,,,,,,,"d15N",,"perMill","SIRFER_algalPlantChem_isotopes_V1","Revesz & Coplen 2012a",,,
"a0f89aa3-e0de-499b-8e07-59de90d9e0bc","D03","BARC","BARC.AOS.riparian.point.01","2018-07-16","BARC.20180716.EPIPHYTON.1.CNSA.1","A00000003675","condition ok","SIRFER Lab at University of Utah","2018-11-01","ElFtGy1kV49xqNP00HfxQA==","CNS","1",4,25,100,,,,,,,,"nitrogen",,"microgramsPerLiter","SIRFER_algalPlantChem_isotopes_V1","Revesz & Coplen 2012a",,,
"85e8231f-edf3-4aa5-bfce-b903aebe8b85","D03","BARC","BARC.AOS.riparian.point.07","2018-07-16","BARC.20180716.EPIPHYTON.7.CNSA.1","A00000003695","condition ok","SIRFER Lab at University of Utah","2018-11-01","ElFtGy1kV49xqNP00HfxQA==","CNS","1",2,25,100,,,,,,,,"nitrogen",,"microgramsPerLiter","SIRFER_algalPlantChem_isotopes_V1","Revesz & Coplen 2012a",,,
"307b513d-f499-45f6-a2c9-9b41a00abfe1","D03","BARC","BARC.AOS.riparian.point.05","2018-07-16","BARC.20180716.EPIPHYTON.5.CNSA.1","A00000003715","condition ok","SIRFER Lab at University of Utah","2018-11-01","ElFtGy1kV49xqNP00HfxQA==","CNS","1",4,25,100,,,,,,,,"carbon",,"microgramsPerLiter","SIRFER_algalPlantChem_isotopes_V1","Revesz & Coplen 2012a","N",,
"9250999c-a5f9-4c48-a5f7-7bfb6b87cf38","D03","BARC","BARC.AOS.riparian.point.03","2018-07-16","BARC.20180716.EPIPHYTON.3.CNSA.1","A00000003677","condition ok","SIRFER Lab at University of Utah","2018-11-01","ElFtGy1kV49xqNP00HfxQA==","CNS","1",5,25,100,,,,,,,,"d13C",,"perMill","SIRFER_algalPlantChem_isotopes_V1","Revesz & Coplen 2012a","N",,
"8f1ec4e6-516f-42db-a1e3-1b6f0cb5d5f7","D03","BARC","BARC.AOS.littoral1","2018-07-16","BARC.20180716.PHYTOPLANKTON.2.CNSA.1","A00000003689","condition ok","SIRFER Lab at University of Utah","2018-11-01","ElFtGy1kV49xqNP00HfxQA==","CNS","1",300,25,100,,,,,,,,"d13C",,"perMill","SIRFER_algalPlantChem_isotopes_V1","Revesz & Coplen 2012a","N",,
"09861376-0950-4989-86eb-72a7f84ce838","D03","BARC","BARC.AOS.buoy.c0","2018-07-16","BARC.20180716.PHYTOPLANKTON.1.CNSA.1","A00000003728","condition ok","SIRFER Lab at University of Utah","2018-11-01","ElFtGy1kV49xqNP00HfxQA==","CNS","1",200,25,100,,,,,,,,"d15N",,"perMill","SIRFER_algalPlantChem_isotopes_V1","Revesz & Coplen 2012a",,,
"ee7167e4-7fc6-40b7-9762-8b6ffa208879","D03","BARC","BARC.AOS.riparian.point.01","2018-07-16","BARC.20180716.EPIPHYTON.1.CNSA.1","A00000003675","condition ok","SIRFER Lab at University of Utah","2018-11-01","ElFtGy1kV49xqNP00HfxQA==","CNS","1",4,25,100,,,,,,,,"carbon",,"microgramsPerLiter","SIRFER_algalPlantChem_isotopes_V1","Revesz & Coplen 2012a","N",,
"c46fc1e1-3ca7-4cbd-9d27-63309461b186","D03","BARC","BARC.AOS.littoral2","2018-07-16","BARC.20180716.PHYTOPLANKTON.3.CNSA.1","A00000003687","condition ok","SIRFER Lab at University of Utah","2018-11-01","ElFtGy1kV49xqNP00HfxQA==","CNS","1",250,25,100,,,,,,,,"carbon",,"microgramsPerLiter","SIRFER_algalPlantChem_isotopes_V1","Revesz & Coplen 2012a","N",,
"bedaa669-b1c2-4650-976f-b68c1736031d","D03","BARC","BARC.AOS.riparian.point.09","2018-07-16","BARC.20180716.EPIPHYTON.9.CNSA.1","A00000003668","condition ok","SIRFER Lab at University of Utah","2018-11-01","ElFtGy1kV49xqNP00HfxQA==","CNS","1",2,25,100,,,,,,,,"nitrogen",,"microgramsPerLiter","SIRFER_algalPlantChem_isotopes_V1","Revesz & Coplen 2012a",,,
"24bc51d6-32cb-4a6c-b64e-d6b93d5700c5","D03","BARC","BARC.AOS.buoy.c0","2018-07-16","BARC.20180716.PHYTOPLANKTON.1.CNSA.1","A00000003728","condition ok","SIRFER Lab at University of Utah","2018-11-01","ElFtGy1kV49xqNP00HfxQA==","CNS","1",200,25,100,,,,,,,,"carbon",,"microgramsPerLiter","SIRFER_algalPlantChem_isotopes_V1","Revesz & Coplen 2012a","N",,
"5f7c15d2-03e6-47d3-8ace-cd8a860a1b53","D03","BARC","BARC.AOS.riparian.point.01","2018-07-16","BARC.20180716.EPIPHYTON.1.CNSA.1","A00000003675","condition ok","SIRFER Lab at University of Utah","2018-11-01","ElFtGy1kV49xqNP00HfxQA==","CNS","1",4,25,100,,,,,,,,"d13C",,"perMill","SIRFER_algalPlantChem_isotopes_V1","Revesz & Coplen 2012a","N",,
"e0ddf68f-53f1-4a7c-b800-6beae752504a","D03","BARC","BARC.AOS.riparian.point.07","2018-07-16","BARC.20180716.EPIPHYTON.7.CNSA.1","A00000003695","condition ok","SIRFER Lab at University of Utah","2018-11-01","ElFtGy1kV49xqNP00HfxQA==","CNS","1",2,25,100,,,,,,,,"d34S",,"perMill","SIRFER_algalPlantChem_isotopes_V1","Revesz & Coplen 2012b",,,
"513dd35b-18f7-4a44-9a86-d644a997ac82","D03","BARC","BARC.AOS.littoral1","2018-07-16","BARC.20180716.PHYTOPLANKTON.2.CNSA.1","A00000003689","condition ok","SIRFER Lab at University of Utah","2018-11-01","ElFtGy1kV49xqNP00HfxQA==","CNS","1",300,25,100,,,,,,,,"carbon",,"microgramsPerLiter","SIRFER_algalPlantChem_isotopes_V1","Revesz & Coplen 2012a","N",,
"6ccdecf1-f157-416c-99bc-38a7bf6ba2f3","D03","BARC","BARC.AOS.riparian.point.03","2018-07-16","BARC.20180716.EPIPHYTON.3.CNSA.1","A00000003677","condition ok","SIRFER Lab at University of Utah","2018-11-01","ElFtGy1kV49xqNP00HfxQA==","CNS","1",5,25,100,,,,,,,,"d15N",,"perMill","SIRFER_algalPlantChem_isotopes_V1","Revesz & Coplen 2012a",,,
"434d733a-5187-4b07-92ce-1c52720fb60e","D03","BARC","BARC.AOS.riparian.point.07","2018-07-16","BARC.20180716.EPIPHYTON.7.CNSA.1","A00000003695","condition ok","SIRFER Lab at University of Utah","2018-11-01","ElFtGy1kV49xqNP00HfxQA==","CNS","1",2,25,100,,,,,,,,"carbon",,"microgramsPerLiter","SIRFER_algalPlantChem_isotopes_V1","Revesz & Coplen 2012a","N",,
"81b0071f-8e41-47f0-8612-235c651a27d9","D03","BARC","BARC.AOS.riparian.point.05","2018-07-16","BARC.20180716.EPIPHYTON.5.CNSA.1","A00000003715","condition ok","SIRFER Lab at University of Utah","2018-11-01","ElFtGy1kV49xqNP00HfxQA==","CNS","1",4,25,100,,,,,,,,"nitrogen",,"microgramsPerLiter","SIRFER_algalPlantChem_isotopes_V1","Revesz & Coplen 2012a",,,
"4ab0126a-12f6-4fd1-8c58-41e504ebac63","D03","BARC","BARC.AOS.riparian.point.05","2018-07-16","BARC.20180716.EPIPHYTON.5.CNSA.1","A00000003715","condition ok","SIRFER Lab at University of Utah","2018-11-01","ElFtGy1kV49xqNP00HfxQA==","CNS","1",4,25,100,,,,,,,,"d34S",,"perMill","SIRFER_algalPlantChem_isotopes_V1","Revesz & Coplen 2012b",,,
"d134b95d-02ed-49cf-b220-7d8c0f9514f1","D03","BARC","BARC.AOS.riparian.point.03","2018-07-16","BARC.20180716.EPIPHYTON.3.CNSA.1","A00000003677","condition ok","SIRFER Lab at University of Utah","2018-11-01","ElFtGy1kV49xqNP00HfxQA==","CNS","1",5,25,100,,,,,,,,"d34S",,"perMill","SIRFER_algalPlantChem_isotopes_V1","Revesz & Coplen 2012b",,,
"431733dd-8255-4023-8727-ef4033bc8843","D03","BARC","BARC.AOS.littoral1","2018-07-16","BARC.20180716.PHYTOPLANKTON.2.CNSA.1","A00000003689","condition ok","SIRFER Lab at University of Utah","2018-11-01","ElFtGy1kV49xqNP00HfxQA==","CNS","1",300,25,100,,,,,,,,"sulfur",,"microgramsPerLiter","SIRFER_algalPlantChem_isotopes_V1","Revesz & Coplen 2012b",,,
"8deb6d9e-f4b6-4e44-b014-0b002a084930","D03","BARC","BARC.AOS.riparian.point.07","2018-07-16","BARC.20180716.EPIPHYTON.7.CNSA.1","A00000003695","condition ok","SIRFER Lab at University of Utah","2018-11-01","ElFtGy1kV49xqNP00HfxQA==","CNS","1",2,25,100,,,,,,,,"d13C",,"perMill","SIRFER_algalPlantChem_isotopes_V1","Revesz & Coplen 2012a","N",,
"00b7eb0e-79ea-48ba-abca-824e1d6ea70f","D03","BARC","BARC.AOS.riparian.point.01","2018-07-16","BARC.20180716.EPIPHYTON.1.CNSA.1","A00000003675","condition ok","SIRFER Lab at University of Utah","2018-11-01","ElFtGy1kV49xqNP00HfxQA==","CNS","1",4,25,100,,,,,,,,"sulfur",,"microgramsPerLiter","SIRFER_algalPlantChem_isotopes_V1","Revesz & Coplen 2012b",,,
"05b4b7cd-4fd6-4a78-8a1b-b00a47f766fa","D03","BARC","BARC.AOS.littoral2","2018-07-16","BARC.20180716.PHYTOPLANKTON.3.CNSA.1","A00000003687","condition ok","SIRFER Lab at University of Utah","2018-11-01","ElFtGy1kV49xqNP00HfxQA==","CNS","1",250,25,100,,,,,,,,"sulfur",,"microgramsPerLiter","SIRFER_algalPlantChem_isotopes_V1","Revesz & Coplen 2012b",,,
"80ed96a1-e7f6-4e2a-ac21-f02f641aea04","D03","BARC","BARC.AOS.littoral2","2018-07-16","BARC.20180716.PHYTOPLANKTON.3.CNSA.1","A00000003687","condition ok","SIRFER Lab at University of Utah","2018-11-01","ElFtGy1kV49xqNP00HfxQA==","CNS","1",250,25,100,,,,,,,,"d34S",,"perMill","SIRFER_algalPlantChem_isotopes_V1","Revesz & Coplen 2012b",,,
"123f9a5b-16bd-4763-a5c4-6cc25ceaa484","D03","BARC","BARC.AOS.riparian.point.09","2018-07-16","BARC.20180716.EPIPHYTON.9.CNSA.1","A00000003668","condition ok","SIRFER Lab at University of Utah","2018-11-01","ElFtGy1kV49xqNP00HfxQA==","CNS","1",2,25,100,,,,,,,,"sulfur",,"microgramsPerLiter","SIRFER_algalPlantChem_isotopes_V1","Revesz & Coplen 2012b",,,
"f5fec50d-26ee-4db4-b83c-db34277cb680","D03","BARC","BARC.AOS.riparian.point.07","2018-07-16","BARC.20180716.EPIPHYTON.7.CNSA.1","A00000003695","condition ok","SIRFER Lab at University of Utah","2018-11-01","ElFtGy1kV49xqNP00HfxQA==","CNS","1",2,25,100,,,,,,,,"sulfur",,"microgramsPerLiter","SIRFER_algalPlantChem_isotopes_V1","Revesz & Coplen 2012b",,,
"1f4bca2f-ce92-498f-8159-aa471c44681e","D03","BARC","BARC.AOS.riparian.point.05","2018-07-16","BARC.20180716.EPIPHYTON.5.CNSA.1","A00000003715","condition ok","SIRFER Lab at University of Utah","2018-11-01","ElFtGy1kV49xqNP00HfxQA==","CNS","1",4,25,100,,,,,,,,"d15N",,"perMill","SIRFER_algalPlantChem_isotopes_V1","Revesz & Coplen 2012a",,,
"de20b7ae-e6ed-4b1f-99e2-71e7c0d99261","D03","BARC","BARC.AOS.buoy.c0","2018-07-16","BARC.20180716.PHYTOPLANKTON.1.CNSA.1","A00000003728","condition ok","SIRFER Lab at University of Utah","2018-11-01","ElFtGy1kV49xqNP00HfxQA==","CNS","1",200,25,100,,,,,,,,"nitrogen",,"microgramsPerLiter","SIRFER_algalPlantChem_isotopes_V1","Revesz & Coplen 2012a",,,
"3f91dc93-f8d1-4bb0-88fb-2f2e589ad5a1","D03","BARC","BARC.AOS.buoy.c0","2018-07-16","BARC.20180716.PHYTOPLANKTON.1.CNSA.1","A00000003728","condition ok","SIRFER Lab at University of Utah","2018-11-01","ElFtGy1kV49xqNP00HfxQA==","CNS","1",200,25,100,,,,,,,,"d13C",,"perMill","SIRFER_algalPlantChem_isotopes_V1","Revesz & Coplen 2012a","N",,
"ff226f98-beff-42c4-8a77-73a020c97c80","D03","BARC","BARC.AOS.riparian.point.05","2018-07-16","BARC.20180716.EPIPHYTON.5.CNSA.1","A00000003715","condition ok","SIRFER Lab at University of Utah","2018-11-01","ElFtGy1kV49xqNP00HfxQA==","CNS","1",4,25,100,,,,,,,,"sulfur",,"microgramsPerLiter","SIRFER_algalPlantChem_isotopes_V1","Revesz & Coplen 2012b",,,
"e9af259a-e9a1-43d0-89f8-2002030cefa9","D03","BARC","BARC.AOS.riparian.point.03","2018-07-16","BARC.20180716.EPIPHYTON.3.CNSA.1","A00000003677","condition ok","SIRFER Lab at University of Utah","2018-11-01","ElFtGy1kV49xqNP00HfxQA==","CNS","1",5,25,100,,,,,,,,"nitrogen",,"microgramsPerLiter","SIRFER_algalPlantChem_isotopes_V1","Revesz & Coplen 2012a",,,
"67ba1c80-631f-4175-a210-f186c22c88d0","D03","BARC","BARC.AOS.littoral2","2018-07-16","BARC.20180716.PHYTOPLANKTON.3.CNSA.1","A00000003687","condition ok","SIRFER Lab at University of Utah","2018-11-01","ElFtGy1kV49xqNP00HfxQA==","CNS","1",250,25,100,,,,,,,,"nitrogen",,"microgramsPerLiter","SIRFER_algalPlantChem_isotopes_V1","Revesz & Coplen 2012a",,,
"34ca925e-901c-4084-8874-434eeae99edc","D03","BARC","BARC.AOS.riparian.point.09","2018-07-16","BARC.20180716.EPIPHYTON.9.CNSA.1","A00000003668","condition ok","SIRFER Lab at University of Utah","2018-11-01","ElFtGy1kV49xqNP00HfxQA==","CNS","1",2,25,100,,,,,,,,"carbon",,"microgramsPerLiter","SIRFER_algalPlantChem_isotopes_V1","Revesz & Coplen 2012a","N",,
"6dd8ef48-dff1-45e7-9445-21ba9688bebf","D03","BARC","BARC.AOS.littoral1","2018-07-16","BARC.20180716.PHYTOPLANKTON.2.CNSA.1","A00000003689","condition ok","SIRFER Lab at University of Utah","2018-11-01","ElFtGy1kV49xqNP00HfxQA==","CNS","1",300,25,100,,,,,,,,"d34S",,"perMill","SIRFER_algalPlantChem_isotopes_V1","Revesz & Coplen 2012b",,,
"f0a44809-4474-40fd-b587-42e47a337a41","D03","BARC","BARC.AOS.riparian.point.03","2018-07-16","BARC.20180716.EPIPHYTON.3.CNSA.1","A00000003677","condition ok","SIRFER Lab at University of Utah","2018-11-01","ElFtGy1kV49xqNP00HfxQA==","CNS","1",5,25,100,,,,,,,,"sulfur",,"microgramsPerLiter","SIRFER_algalPlantChem_isotopes_V1","Revesz & Coplen 2012b",,,
"b358526f-9b3b-46a0-8d56-e8104b915bd8","D03","BARC","BARC.AOS.riparian.point.01","2018-07-16","BARC.20180716.EPIPHYTON.1.CNSA.1","A00000003675","condition ok","SIRFER Lab at University of Utah","2018-11-01","ElFtGy1kV49xqNP00HfxQA==","CNS","1",4,25,100,,,,,,,,"d34S",,"perMill","SIRFER_algalPlantChem_isotopes_V1","Revesz & Coplen 2012b",,,
"5cf626c5-8970-48e1-8a6f-ca4acc76b95c","D03","BARC","BARC.AOS.riparian.point.03","2018-07-16","BARC.20180716.EPIPHYTON.3.CNSA.1","A00000003677","condition ok","SIRFER Lab at University of Utah","2018-11-01","ElFtGy1kV49xqNP00HfxQA==","CNS","1",5,25,100,,,,,,,,"carbon",,"microgramsPerLiter","SIRFER_algalPlantChem_isotopes_V1","Revesz & Coplen 2012a","N",,
"18dccbd2-92e1-4d3f-bb7f-db05a1b5842f","D03","BARC","BARC.AOS.riparian.point.09","2018-07-16","BARC.20180716.EPIPHYTON.9.CNSA.1","A00000003668","condition ok","SIRFER Lab at University of Utah","2018-11-01","ElFtGy1kV49xqNP00HfxQA==","CNS","1",2,25,100,,,,,,,,"d13C",,"perMill","SIRFER_algalPlantChem_isotopes_V1","Revesz & Coplen 2012a","N",,
"a89c012e-d972-4d6b-9936-817cadbe686b","D03","BARC","BARC.AOS.riparian.point.07","2018-07-16","BARC.20180716.EPIPHYTON.7.CNSA.1","A00000003695","condition ok","SIRFER Lab at University of Utah","2018-11-01","ElFtGy1kV49xqNP00HfxQA==","CNS","1",2,25,100,,,,,,,,"d15N",,"perMill","SIRFER_algalPlantChem_isotopes_V1","Revesz & Coplen 2012a",,,
"c52e6c33-f87c-4838-a8fd-91648bad4e0f","D03","BARC","BARC.AOS.riparian.point.01","2018-07-16","BARC.20180716.EPIPHYTON.1.CHL/PHEO.1","A00000003681","condition ok","EcoAnalysts Inc.","2018-07-19","5SD3v6V9C763w1YKG/y7EA==","chlorophyll/pheophytin","1",2,25,100,,,,,,,,"pheophytin",297.40,"microgramsPerLiter","ECOANALYSTS_algalChlorophyll_V2",,,,
"1bebee61-4d87-42b3-9339-e31a7b93134a","D03","BARC","BARC.AOS.littoral2","2018-07-16","BARC.20180716.PHYTOPLANKTON.3.REP2.CHL/PHEO.2","A00000003729","condition ok","EcoAnalysts Inc.","2018-07-19","5SD3v6V9C763w1YKG/y7EA==","chlorophyll/pheophytin","2",250,25,100,,,,,,,,"pheophytin",1.73,"microgramsPerLiter","ECOANALYSTS_algalChlorophyll_V2",,,,
"f82f3e40-99b9-4346-9260-cfdddf1c7b67","D03","BARC","BARC.AOS.riparian.point.07","2018-07-16","BARC.20180716.EPIPHYTON.7.CHL/PHEO.1","A00000003693","condition ok","EcoAnalysts Inc.","2018-07-19","5SD3v6V9C763w1YKG/y7EA==","chlorophyll/pheophytin","1",2,25,100,,,,,,,,"pheophytin",187.41,"microgramsPerLiter","ECOANALYSTS_algalChlorophyll_V2",,,,
"4f0af765-c846-4364-8eee-d5630a7c258a","D03","BARC","BARC.AOS.littoral1","2018-07-16","BARC.20180716.PHYTOPLANKTON.2.CHL/PHEO.1","A00000003688","condition ok","EcoAnalysts Inc.","2018-07-19","5SD3v6V9C763w1YKG/y7EA==","chlorophyll/pheophytin","1",250,25,100,,,,,,,,"total chlorophyll a",2.52,"microgramsPerLiter","ECOANALYSTS_algalChlorophyll_V2",,,,
"f77b9965-402f-42a8-87d7-ee3f1efbac12","D03","BARC","BARC.AOS.buoy.c0","2018-07-16","BARC.20180716.PHYTOPLANKTON.1.CHL/PHEO.1","A00000003726","condition ok","EcoAnalysts Inc.","2018-07-19","5SD3v6V9C763w1YKG/y7EA==","chlorophyll/pheophytin","1",200,25,100,,,,,,,,"chlorophyll a",3.40,"microgramsPerLiter","ECOANALYSTS_algalChlorophyll_V2",,,,
"0af1f8f9-11a3-4770-bb95-b5195d7fd9be","D03","BARC","BARC.AOS.riparian.point.01","2018-07-16","BARC.20180716.EPIPHYTON.1.CHL/PHEO.1","A00000003681","condition ok","EcoAnalysts Inc.","2018-07-19","5SD3v6V9C763w1YKG/y7EA==","chlorophyll/pheophytin","1",2,25,100,,,,,,,,"chlorophyll a",919.59,"microgramsPerLiter","ECOANALYSTS_algalChlorophyll_V2",,,,
"54c58469-407d-4be8-913e-4d1fbca74183","D03","BARC","BARC.AOS.riparian.point.07","2018-07-16","BARC.20180716.EPIPHYTON.7.CHL/PHEO.1","A00000003693","condition ok","EcoAnalysts Inc.","2018-07-19","5SD3v6V9C763w1YKG/y7EA==","chlorophyll/pheophytin","1",2,25,100,,,,,,,,"total chlorophyll a",2479.45,"microgramsPerLiter","ECOANALYSTS_algalChlorophyll_V2",,,,
"e1adb5e4-64ca-4170-889a-9376e29100fd","D03","BARC","BARC.AOS.littoral2","2018-07-16","BARC.20180716.PHYTOPLANKTON.3.REP2.CHL/PHEO.2","A00000003729","condition ok","EcoAnalysts Inc.","2018-07-19","5SD3v6V9C763w1YKG/y7EA==","chlorophyll/pheophytin","2",250,25,100,,,,,,,,"total chlorophyll a",4.37,"microgramsPerLiter","ECOANALYSTS_algalChlorophyll_V2",,,,
"e78a26f4-eb74-48e3-a187-9f3054dca330","D03","BARC","BARC.AOS.riparian.point.09","2018-07-16","BARC.20180716.EPIPHYTON.9.CHL/PHEO.1","A00000003667","condition ok","EcoAnalysts Inc.","2018-07-19","5SD3v6V9C763w1YKG/y7EA==","chlorophyll/pheophytin","1",2,25,100,,,,,,,,"total chlorophyll a",1669.23,"microgramsPerLiter","ECOANALYSTS_algalChlorophyll_V2",,,,
"b1b0be97-0dec-45d9-985d-97e5d7782872","D03","BARC","BARC.AOS.riparian.point.05","2018-07-16","BARC.20180716.EPIPHYTON.5.CHL/PHEO.1","A00000003697","condition ok","EcoAnalysts Inc.","2018-07-19","5SD3v6V9C763w1YKG/y7EA==","chlorophyll/pheophytin","1",2,25,100,,,,,,,,"chlorophyll a",1550.74,"microgramsPerLiter","ECOANALYSTS_algalChlorophyll_V2",,,,
"9b0dcbdb-bc26-43c9-a6ee-c81089533ce4","D03","BARC","BARC.AOS.buoy.c0","2018-07-16","BARC.20180716.PHYTOPLANKTON.1.CHL/PHEO.1","A00000003726","condition ok","EcoAnalysts Inc.","2018-07-19","5SD3v6V9C763w1YKG/y7EA==","chlorophyll/pheophytin","1",200,25,100,,,,,,,,"total chlorophyll a",4.55,"microgramsPerLiter","ECOANALYSTS_algalChlorophyll_V2",,,,
"910685b8-cbf5-40ff-a3ab-2f3dcd1fe768","D03","BARC","BARC.AOS.riparian.point.05","2018-07-16","BARC.20180716.EPIPHYTON.5.CHL/PHEO.1","A00000003697","condition ok","EcoAnalysts Inc.","2018-07-19","5SD3v6V9C763w1YKG/y7EA==","chlorophyll/pheophytin","1",2,25,100,,,,,,,,"total chlorophyll a",1614.94,"microgramsPerLiter","ECOANALYSTS_algalChlorophyll_V2",,,,
"83062c47-f508-44bf-bc37-c19233a8ef09","D03","BARC","BARC.AOS.littoral2","2018-07-16","BARC.20180716.PHYTOPLANKTON.3.CHL/PHEO.1","A00000003713","condition ok","EcoAnalysts Inc.","2018-07-19","5SD3v6V9C763w1YKG/y7EA==","chlorophyll/pheophytin","1",250,25,100,,,,,,,,"total chlorophyll a",3.03,"microgramsPerLiter","ECOANALYSTS_algalChlorophyll_V2",,,,
"d1e10916-97a1-4277-a4b7-dd7d7f855a65","D03","BARC","BARC.AOS.buoy.c0","2018-07-16","BARC.20180716.PHYTOPLANKTON.1.CHL/PHEO.1","A00000003726","condition ok","EcoAnalysts Inc.","2018-07-19","5SD3v6V9C763w1YKG/y7EA==","chlorophyll/pheophytin","1",200,25,100,,,,,,,,"pheophytin",1.72,"microgramsPerLiter","ECOANALYSTS_algalChlorophyll_V2",,,,
"2daee606-bf1b-4855-881f-1af1156c1603","D03","BARC","BARC.AOS.littoral2","2018-07-16","BARC.20180716.PHYTOPLANKTON.3.CHL/PHEO.1","A00000003713","condition ok","EcoAnalysts Inc.","2018-07-19","5SD3v6V9C763w1YKG/y7EA==","chlorophyll/pheophytin","1",250,25,100,,,,,,,,"pheophytin",1.30,"microgramsPerLiter","ECOANALYSTS_algalChlorophyll_V2",,,,
"eae20ab9-7aeb-41cd-9357-d168afe3c126","D03","BARC","BARC.AOS.riparian.point.09","2018-07-16","BARC.20180716.EPIPHYTON.9.CHL/PHEO.1","A00000003667","condition ok","EcoAnalysts Inc.","2018-07-19","5SD3v6V9C763w1YKG/y7EA==","chlorophyll/pheophytin","1",2,25,100,,,,,,,,"chlorophyll a",1604.82,"microgramsPerLiter","ECOANALYSTS_algalChlorophyll_V2",,,,
"a20db70f-677e-4550-923e-71cf5d03a880","D03","BARC","BARC.AOS.riparian.point.01","2018-07-16","BARC.20180716.EPIPHYTON.1.CHL/PHEO.1","A00000003681","condition ok","EcoAnalysts Inc.","2018-07-19","5SD3v6V9C763w1YKG/y7EA==","chlorophyll/pheophytin","1",2,25,100,,,,,,,,"total chlorophyll a",1118.08,"microgramsPerLiter","ECOANALYSTS_algalChlorophyll_V2",,,,
"4448be5b-474a-4605-af70-cd048b51ec6a","D03","BARC","BARC.AOS.riparian.point.09","2018-07-16","BARC.20180716.EPIPHYTON.9.CHL/PHEO.1","A00000003667","condition ok","EcoAnalysts Inc.","2018-07-19","5SD3v6V9C763w1YKG/y7EA==","chlorophyll/pheophytin","1",2,25,100,,,,,,,,"pheophytin",96.51,"microgramsPerLiter","ECOANALYSTS_algalChlorophyll_V2",,,,
"4ffb9d11-537c-4cb6-89de-e8c151654487","D03","BARC","BARC.AOS.riparian.point.03","2018-07-16","BARC.20180716.EPIPHYTON.3.CHL/PHEO.1","A00000003676","condition ok","EcoAnalysts Inc.","2018-07-19","5SD3v6V9C763w1YKG/y7EA==","chlorophyll/pheophytin","1",2,25,100,,,,,,,,"pheophytin",254.29,"microgramsPerLiter","ECOANALYSTS_algalChlorophyll_V2",,,,
"eecf974c-66cf-4484-b0cc-4dffa53703d7","D03","BARC","BARC.AOS.littoral1","2018-07-16","BARC.20180716.PHYTOPLANKTON.2.CHL/PHEO.1","A00000003688","condition ok","EcoAnalysts Inc.","2018-07-19","5SD3v6V9C763w1YKG/y7EA==","chlorophyll/pheophytin","1",250,25,100,,,,,,,,"chlorophyll a",1.81,"microgramsPerLiter","ECOANALYSTS_algalChlorophyll_V2",,,,
"7cc22787-f1a7-4535-85d0-655a4340274e","D03","BARC","BARC.AOS.littoral2","2018-07-16","BARC.20180716.PHYTOPLANKTON.3.REP2.CHL/PHEO.2","A00000003729","condition ok","EcoAnalysts Inc.","2018-07-19","5SD3v6V9C763w1YKG/y7EA==","chlorophyll/pheophytin","2",250,25,100,,,,,,,,"chlorophyll a",3.22,"microgramsPerLiter","ECOANALYSTS_algalChlorophyll_V2",,,,
"fd997fa9-2c2e-4859-bb06-79ec42ba591d","D03","BARC","BARC.AOS.littoral1","2018-07-16","BARC.20180716.PHYTOPLANKTON.2.CHL/PHEO.1","A00000003688","condition ok","EcoAnalysts Inc.","2018-07-19","5SD3v6V9C763w1YKG/y7EA==","chlorophyll/pheophytin","1",250,25,100,,,,,,,,"pheophytin",1.07,"microgramsPerLiter","ECOANALYSTS_algalChlorophyll_V2",,,,
"1e069697-328c-46b7-a162-87de54f5d80f","D03","BARC","BARC.AOS.riparian.point.07","2018-07-16","BARC.20180716.EPIPHYTON.7.CHL/PHEO.1","A00000003693","condition ok","EcoAnalysts Inc.","2018-07-19","5SD3v6V9C763w1YKG/y7EA==","chlorophyll/pheophytin","1",2,25,100,,,,,,,,"chlorophyll a",2354.37,"microgramsPerLiter","ECOANALYSTS_algalChlorophyll_V2",,,,
"3b5290a5-b319-4b13-b2e2-158b9084984f","D03","BARC","BARC.AOS.riparian.point.03","2018-07-16","BARC.20180716.EPIPHYTON.3.CHL/PHEO.1","A00000003676","condition ok","EcoAnalysts Inc.","2018-07-19","5SD3v6V9C763w1YKG/y7EA==","chlorophyll/pheophytin","1",2,25,100,,,,,,,,"chlorophyll a",1232.99,"microgramsPerLiter","ECOANALYSTS_algalChlorophyll_V2",,,,
"ff43f206-e1e7-4e68-b7d5-94915995b33d","D03","BARC","BARC.AOS.littoral2","2018-07-16","BARC.20180716.PHYTOPLANKTON.3.CHL/PHEO.1","A00000003713","condition ok","EcoAnalysts Inc.","2018-07-19","5SD3v6V9C763w1YKG/y7EA==","chlorophyll/pheophytin","1",250,25,100,,,,,,,,"chlorophyll a",2.16,"microgramsPerLiter","ECOANALYSTS_algalChlorophyll_V2",,,,
"f1d9b964-9a10-4a92-8f01-38cb61eb7af2","D03","BARC","BARC.AOS.riparian.point.05","2018-07-16","BARC.20180716.EPIPHYTON.5.CHL/PHEO.1","A00000003697","condition ok","EcoAnalysts Inc.","2018-07-19","5SD3v6V9C763w1YKG/y7EA==","chlorophyll/pheophytin","1",2,25,100,,,,,,,,"pheophytin",96.19,"microgramsPerLiter","ECOANALYSTS_algalChlorophyll_V2",,,,
"a0694b73-4c38-42f5-893c-fd9d6d74e5cd","D03","BARC","BARC.AOS.riparian.point.03","2018-07-16","BARC.20180716.EPIPHYTON.3.CHL/PHEO.1","A00000003676","condition ok","EcoAnalysts Inc.","2018-07-19","5SD3v6V9C763w1YKG/y7EA==","chlorophyll/pheophytin","1",2,25,100,,,,,,,,"total chlorophyll a",1402.70,"microgramsPerLiter","ECOANALYSTS_algalChlorophyll_V2",,,,
