uid,domainID,siteID,namedLocation,collectDate,parentSampleID,sampleID,sampleCode,filterNumber,analysisType,fieldSampleVolume,domainFilterVolume,storageDays,remarks,measuredBy,recordedBy,sampleCondition,dataQF
"0855c0d1-cb24-44ae-9474-417a1e17a747","D03","BARC","BARC.AOS.riparian.point.09","2018-07-16T13:22Z","BARC.20180716.EPIPHYTON.9","BARC.20180716.EPIPHYTON.9.CHL/PHEO.1","A00000003667",1,"chlorophyll/pheophytin",125.0,2.0,0.2,,"kludwig@battelleecology.org","kludwig@battelleecology.org","OK",
"c98e6aa7-b321-407e-807d-d6b764c2d121","D03","BARC","BARC.AOS.littoral2","2018-07-16T13:22Z","BARC.20180716.PHYTOPLANKTON.3","BARC.20180716.PHYTOPLANKTON.3.CNSB.1","A00000003686",1,"CNSb",5000.0,250.0,1.0,,"kludwig@battelleecology.org","kludwig@battelleecology.org","OK",
"6dde956e-36c2-4d22-a5dc-a8c6982b4011","D03","BARC","BARC.AOS.littoral2","2018-07-16T13:22Z","BARC.20180716.PHYTOPLANKTON.3","BARC.20180716.PHYTOPLANKTON.3.CNSA.1","A00000003687",1,"CNSa",5000.0,250.0,1.0,,"kludwig@battelleecology.org","kludwig@battelleecology.org","OK",
"4ec5b6a4-49a5-4e92-bbe0-445c79c76fdc","D03","BARC","BARC.AOS.riparian.point.05","2018-07-16T13:22Z","BARC.20180716.EPIPHYTON.5","BARC.20180716.EPIPHYTON.5.P.1","A00000003731",1,"P",125.0,4.0,0.3,,"kludwig@battelleecology.org","kludwig@battelleecology.org","OK",
"c9641d93-0251-49ca-a9aa-62853c4eec66","D03","BARC","BARC.AOS.riparian.point.01","2018-07-16T13:22Z","BARC.20180716.EPIPHYTON.1","BARC.20180716.EPIPHYTON.1.P.1","A00000003673",1,"P",125.0,4.0,0.1,,"kludwig@battelleecology.org","kludwig@battelleecology.org","OK",
"798d4ba0-af7b-495b-8f84-acfb3ee0a8da","D03","BARC","BARC.AOS.littoral1","2018-07-16T13:22Z","BARC.20180716.PHYTOPLANKTON.2","BARC.20180716.PHYTOPLANKTON.2.CHL/PHEO.1","A00000003688",1,"chlorophyll/pheophytin",5000.0,250.0,0.9,,"kludwig@battelleecology.org","kludwig@battelleecology.org","OK",
"6dda28ed-f6a9-4a9a-a478-865dffcfd041","D03","BARC","BARC.AOS.riparian.point.03","2018-07-16T13:22Z","BARC.20180716.EPIPHYTON.3","BARC.20180716.EPIPHYTON.3.P.1","A00000003679",1,"P",125.0,5.0,0.2,,"kludwig@battelleecology.org","kludwig@battelleecology.org","OK",
"9a011e26-f1d6-4a80-95fd-281c119077d9","D03","BARC","BARC.AOS.riparian.point.09","2018-07-16T13:22Z","BARC.20180716.EPIPHYTON.9","BARC.20180716.EPIPHYTON.9.P.1","A00000003670",1,"P",125.0,2.0,0.2,,"kludwig@battelleecology.org","kludwig@battelleecology.org","OK",
"24480897-e4e4-45e3-a8cf-d0b07293dc80","D03","BARC","BARC.AOS.riparian.point.01","2018-07-16T13:22Z","BARC.20180716.EPIPHYTON.1","BARC.20180716.EPIPHYTON.1.CHL/PHEO.1","A00000003681",1,"chlorophyll/pheophytin",125.0,2.0,0.1,,"kludwig@battelleecology.org","kludwig@battelleecology.org","OK",
"5c1856de-177b-433f-9cd3-404842086b57","D03","BARC","BARC.AOS.riparian.point.09","2018-07-16T13:22Z","BARC.20180716.EPIPHYTON.9","BARC.20180716.EPIPHYTON.9.CNSB.1","A00000003669",1,"CNSb",125.0,2.0,0.2,,"kludwig@battelleecology.org","kludwig@battelleecology.org","OK",
"9a608704-cff8-4eb2-bcbd-578b9271c8d1","D03","BARC","BARC.AOS.buoy.c0","2018-07-16T13:22Z","BARC.20180716.PHYTOPLANKTON.1","BARC.20180716.PHYTOPLANKTON.1.CNSA.1","A00000003728",1,"CNSa",5000.0,200.0,1.0,,"kludwig@battelleecology.org","kludwig@battelleecology.org","OK",
"e6992c54-e247-4cb2-9454-1b4da4afabae","D03","BARC","BARC.AOS.riparian.point.05","2018-07-16T13:22Z","BARC.20180716.EPIPHYTON.5","BARC.20180716.EPIPHYTON.5.CNSB.1","A00000003732",1,"CNSb",125.0,4.0,0.3,,"kludwig@battelleecology.org","kludwig@battelleecology.org","OK",
"5306fe4c-150c-4005-8d73-052ba752eb3b","D03","BARC","BARC.AOS.buoy.c0","2018-07-16T13:22Z","BARC.20180716.PHYTOPLANKTON.1","BARC.20180716.PHYTOPLANKTON.1.CHL/PHEO.1","A00000003726",1,"chlorophyll/pheophytin",5000.0,200.0,1.0,,"kludwig@battelleecology.org","kludwig@battelleecology.org","OK",
"7222af78-a136-4bbd-889c-3130acf3f372","D03","BARC","BARC.AOS.buoy.c0","2018-07-16T13:22Z","BARC.20180716.PHYTOPLANKTON.1","BARC.20180716.PHYTOPLANKTON.1.CNSB.1","A00000003727",1,"CNSb",5000.0,,1.0,,"kludwig@battelleecology.org","kludwig@battelleecology.org","filter missing",
"fb94c63f-d567-42a2-8426-e46c027bb82e","D03","BARC","BARC.AOS.littoral2","2018-07-16T13:22Z","BARC.20180716.PHYTOPLANKTON.3","BARC.20180716.PHYTOPLANKTON.3.REP2.P.2","A00000003685",2,"P",5000.0,250.0,1.0,,"kludwig@battelleecology.org","kludwig@battelleecology.org","OK",
"9f7d5d1a-439a-48d5-839b-2e015e10ab5a","D03","BARC","BARC.AOS.riparian.point.01","2018-07-16T13:22Z","BARC.20180716.EPIPHYTON.1","BARC.20180716.EPIPHYTON.1.CNSA.1","A00000003675",1,"CNSa",125.0,4.0,0.1,,"kludwig@battelleecology.org","kludwig@battelleecology.org","OK",
"464fb1ac-3e5a-4900-abd0-4111809b6a18","D03","BARC","BARC.AOS.riparian.point.07","2018-07-16T13:22Z","BARC.20180716.EPIPHYTON.7","BARC.20180716.EPIPHYTON.7.CNSB.1","A00000003694",1,"CNSb",125.0,2.0,0.3,,"kludwig@battelleecology.org","kludwig@battelleecology.org","OK",
"a1468d45-bab8-473e-83de-27396f9d5517","D03","BARC","BARC.AOS.riparian.point.03","2018-07-16T13:22Z","BARC.20180716.EPIPHYTON.3","BARC.20180716.EPIPHYTON.3.CNSB.1","A00000003678",1,"CNSb",125.0,5.0,0.2,,"kludwig@battelleecology.org","kludwig@battelleecology.org","OK",
"172be6e3-1d92-43e6-91ff-f14067fa189a","D03","BARC","BARC.AOS.littoral2","2018-07-16T13:22Z","BARC.20180716.PHYTOPLANKTON.3","BARC.20180716.PHYTOPLANKTON.3.P.1","A00000003682",1,"P",5000.0,250.0,1.0,,"kludwig@battelleecology.org","kludwig@battelleecology.org","OK",
"57ab35b9-38a0-4530-a8f9-63df291589cc","D03","BARC","BARC.AOS.riparian.point.03","2018-07-16T13:22Z","BARC.20180716.EPIPHYTON.3","BARC.20180716.EPIPHYTON.3.CHL/PHEO.1","A00000003676",1,"chlorophyll/pheophytin",125.0,2.0,0.2,,"kludwig@battelleecology.org","kludwig@battelleecology.org","OK",
"875ecc1d-4ece-4410-ab2b-7fe9a02a3f8e","D03","BARC","BARC.AOS.buoy.c0","2018-07-16T13:22Z","BARC.20180716.PHYTOPLANKTON.1","BARC.20180716.PHYTOPLANKTON.1.P.1","A00000003711",1,"P",5000.0,200.0,1.0,,"kludwig@battelleecology.org","kludwig@battelleecology.org","OK",
"0ee505f2-9f7a-475f-9692-a159456d27b2","D03","BARC","BARC.AOS.littoral2","2018-07-16T13:22Z","BARC.20180716.PHYTOPLANKTON.3","BARC.20180716.PHYTOPLANKTON.3.REP2.CNSB.2","A00000003684",2,"CNSb",5000.0,250.0,1.0,,"kludwig@battelleecology.org","kludwig@battelleecology.org","OK",
"067b7cf9-bbcf-4c38-b07c-fae07eb91593","D03","BARC","BARC.AOS.riparian.point.03","2018-07-16T13:22Z","BARC.20180716.EPIPHYTON.3","BARC.20180716.EPIPHYTON.3.CNSA.1","A00000003677",1,"CNSa",125.0,5.0,0.2,,"kludwig@battelleecology.org","kludwig@battelleecology.org","OK",
"b29a900d-98e4-45c6-b623-cc9f1447176c","D03","BARC","BARC.AOS.riparian.point.01","2018-07-16T13:22Z","BARC.20180716.EPIPHYTON.1","BARC.20180716.EPIPHYTON.1.CNSB.1","A00000003674",1,"CNSb",125.0,4.0,0.1,,"kludwig@battelleecology.org","kludwig@battelleecology.org","OK",
"4c866bdb-f2ca-428e-adfa-c5025333b332","D03","BARC","BARC.AOS.riparian.point.07","2018-07-16T13:22Z","BARC.20180716.EPIPHYTON.7","BARC.20180716.EPIPHYTON.7.CNSA.1","A00000003695",1,"CNSa",125.0,2.0,0.3,,"kludwig@battelleecology.org","kludwig@battelleecology.org","OK",
"7e657a87-4165-4270-8ce2-754180e2b94b","D03","BARC","BARC.AOS.littoral1","2018-07-16T13:22Z","BARC.20180716.PHYTOPLANKTON.2","BARC.20180716.PHYTOPLANKTON.2.CNSA.1","A00000003689",1,"CNSa",5000.0,300.0,0.9,,"kludwig@battelleecology.org","kludwig@battelleecology.org","OK",
"cc935291-5e6a-4cf9-b3e7-0edc19842d1a","D03","BARC","BARC.AOS.riparian.point.07","2018-07-16T13:22Z","BARC.20180716.EPIPHYTON.7","BARC.20180716.EPIPHYTON.7.CHL/PHEO.1","A00000003693",1,"chlorophyll/pheophytin",125.0,2.0,0.3,,"kludwig@battelleecology.org","kludwig@battelleecology.org","OK",
"eae31d97-243b-49cb-bddb-36405200cd42","D03","BARC","BARC.AOS.riparian.point.05","2018-07-16T13:22Z","BARC.20180716.EPIPHYTON.5","BARC.20180716.EPIPHYTON.5.CHL/PHEO.1","A00000003697",1,"chlorophyll/pheophytin",125.0,2.0,0.3,,"kludwig@battelleecology.org","kludwig@battelleecology.org","OK",
"10fb5916-3e6a-4719-88f9-d041be0acf47","D03","BARC","BARC.AOS.littoral2","2018-07-16T13:22Z","BARC.20180716.PHYTOPLANKTON.3","BARC.20180716.PHYTOPLANKTON.3.REP2.CNSA.2","A00000003683",2,"CNSa",5000.0,250.0,1.0,,"kludwig@battelleecology.org","kludwig@battelleecology.org","OK",
"523d0508-8e12-49b4-a4be-e5ff45fcba2b","D03","BARC","BARC.AOS.littoral1","2018-07-16T13:22Z","BARC.20180716.PHYTOPLANKTON.2","BARC.20180716.PHYTOPLANKTON.2.P.1","A00000003691",1,"P",5000.0,300.0,0.9,,"kludwig@battelleecology.org","kludwig@battelleecology.org","OK",
"ad27566a-0b10-40b2-b9c2-b85a3f3571f8","D03","BARC","BARC.AOS.riparian.point.05","2018-07-16T13:22Z","BARC.20180716.EPIPHYTON.5","BARC.20180716.EPIPHYTON.5.CNSA.1","A00000003715",1,"CNSa",125.0,4.0,0.3,,"kludwig@battelleecology.org","kludwig@battelleecology.org","OK",
"4cce96cb-fa9a-43db-a6d8-c831414b2e81","D03","BARC","BARC.AOS.littoral2","2018-07-16T13:22Z","BARC.20180716.PHYTOPLANKTON.3","BARC.20180716.PHYTOPLANKTON.3.REP2.CHL/PHEO.2","A00000003729",2,"chlorophyll/pheophytin",5000.0,250.0,1.0,,"kludwig@battelleecology.org","kludwig@battelleecology.org","OK",
"e3d1ed85-042c-4070-84fb-a432ba382005","D03","BARC","BARC.AOS.littoral2","2018-07-16T13:22Z","BARC.20180716.PHYTOPLANKTON.3","BARC.20180716.PHYTOPLANKTON.3.CHL/PHEO.1","A00000003713",1,"chlorophyll/pheophytin",5000.0,250.0,1.0,,"kludwig@battelleecology.org","kludwig@battelleecology.org","OK",
"3bdb9446-bbf4-468f-8cf5-19709a22a594","D03","BARC","BARC.AOS.riparian.point.07","2018-07-16T13:22Z","BARC.20180716.EPIPHYTON.7","BARC.20180716.EPIPHYTON.7.P.1","A00000003696",1,"P",125.0,2.0,0.3,,"kludwig@battelleecology.org","kludwig@battelleecology.org","OK",
"8af9a16a-b0ee-432f-bbc0-ef4a7ba27c4f","D03","BARC","BARC.AOS.littoral1","2018-07-16T13:22Z","BARC.20180716.PHYTOPLANKTON.2","BARC.20180716.PHYTOPLANKTON.2.CNSB.1","A00000003690",1,"CNSb",5000.0,300.0,0.9,,"kludwig@battelleecology.org","kludwig@battelleecology.org","OK",
"e823e96b-73e0-4e47-a808-b401a41889b7","D03","BARC","BARC.AOS.riparian.point.09","2018-07-16T13:22Z","BARC.20180716.EPIPHYTON.9","BARC.20180716.EPIPHYTON.9.CNSA.1","A00000003668",1,"CNSa",125.0,2.0,0.2,,"kludwig@battelleecology.org","kludwig@battelleecology.org","OK",
