uid,domainID,siteID,namedLocation,sampleID,sampleCode,startDate,collectDate,laboratoryName,analyte,analyteConcentration,analyteUnits,coolerTemp,remarks,shipmentWarmQF,externalLabDataQF,sampleCondition
"2a701bb0-5842-4014-a1af-5bd978182a18","D05","LIRO","LIRO.AOS.buoy.c0","LIRO.C0.20200204.POM.1","A00000201576","2020-02-04T19:35Z","2020-02-04T19:35Z","SIRFER Lab at University of Utah","TPN",36.3466,"microgramsPerLiter",,,-1,,"OK"
"f4b84900-3e29-4086-b53f-2323a9d2d236","D05","LIRO","LIRO.AOS.buoy.c0","LIRO.C0.20200204.POM.1","A00000201576","2020-02-04T19:35Z","2020-02-04T19:35Z","SIRFER Lab at University of Utah","TPC",300.5875,"microgramsPerLiter",,,-1,,"OK"
"96f859d6-ba3c-42fb-b2ff-3dac10cc7a9d","D05","LIRO","LIRO.AOS.buoy.c0","LIRO.C0.20200204.FIL","A00000201572","2020-02-04T19:35Z","2020-02-04T19:35Z","EcoCore_CSU","K",0.4500,"milligramsPerLiter",-0.1,,0,,"OK"
"a6869f46-5c27-4aad-a0a1-258c5022d8d0","D05","LIRO","LIRO.AOS.buoy.c0","LIRO.C0.20200204.FIL","A00000201572","2020-02-04T19:35Z","2020-02-04T19:35Z","EcoCore_CSU","TDP",0.0005,"milligramsPerLiter",-0.1,,0,,"OK"
"f83f65a1-8f62-425e-9a3b-71972a31b347","D05","LIRO","LIRO.AOS.buoy.c0","LIRO.C0.20200204.FIL","A00000201572","2020-02-04T19:35Z","2020-02-04T19:35Z","EcoCore_CSU","Si",0.0050,"milligramsPerLiter",-0.1,,0,,"OK"
"b4bdbad8-0d33-434b-8787-527e2f7ffb65","D05","LIRO","LIRO.AOS.buoy.c0","LIRO.C0.20200204.FIL","A00000201572","2020-02-04T19:35Z","2020-02-04T19:35Z","EcoCore_CSU","F",0.0050,"milligramsPerLiter",-0.1,,0,,"OK"
"0251043b-5411-4806-a7fa-127a57c27fea","D05","LIRO","LIRO.AOS.buoy.c0","LIRO.C0.20200204.FIL","A00000201572","2020-02-04T19:35Z","2020-02-04T19:35Z","EcoCore_CSU","HCO3",4.6200,"milligramsPerLiter",-0.1,,0,,"OK"
"57c8d280-6e85-4de0-94af-3aaa069b3e9a","D05","LIRO","LIRO.AOS.buoy.c0","LIRO.C0.20200204.FIL","A00000201572","2020-02-04T19:35Z","2020-02-04T19:35Z","EcoCore_CSU","Mn",0.0005,"milligramsPerLiter",-0.1,,0,,"OK"
"876c34b5-0469-4b4b-bcd3-d48607559229","D05","LIRO","LIRO.AOS.buoy.c0","LIRO.C0.20200204.FIL","A00000201572","2020-02-04T19:35Z","2020-02-04T19:35Z","EcoCore_CSU","Fe",0.0060,"milligramsPerLiter",-0.1,,0,,"OK"
"bb03fd1e-3232-4ac9-ae36-230671204176","D05","LIRO","LIRO.AOS.buoy.c0","LIRO.C0.20200204.FIL","A00000201572","2020-02-04T19:35Z","2020-02-04T19:35Z","EcoCore_CSU","TDS",6.8500,"milligramsPerLiter",-0.1,,0,,"OK"
"f4d4ba0b-01bb-4faa-b882-7cf06aa4de89","D05","LIRO","LIRO.AOS.buoy.c0","LIRO.C0.20200204.FIL","A00000201572","2020-02-04T19:35Z","2020-02-04T19:35Z","EcoCore_CSU","Na",0.2130,"milligramsPerLiter",-0.1,,0,,"OK"
"067e2620-4f50-4cb4-bf78-2ccc5b8fd119","D05","LIRO","LIRO.AOS.buoy.c0","LIRO.C0.20200204.FIL","A00000201572","2020-02-04T19:35Z","2020-02-04T19:35Z","EcoCore_CSU","CO3",0.0050,"milligramsPerLiter",-0.1,,0,,"OK"
"79f62908-9a9a-4366-b11c-09c73bc3b47a","D05","LIRO","LIRO.AOS.buoy.c0","LIRO.C0.20200204.FIL","A00000201572","2020-02-04T19:35Z","2020-02-04T19:35Z","EcoCore_CSU","Cl",0.1800,"milligramsPerLiter",-0.1,,0,,"OK"
"4a4ef31c-860d-4792-b86b-9f66f28fc342","D05","LIRO","LIRO.AOS.buoy.c0","LIRO.C0.20200204.FIL","A00000201572","2020-02-04T19:35Z","2020-02-04T19:35Z","EcoCore_CSU","SO4",0.7800,"milligramsPerLiter",-0.1,,0,,"OK"
"971dc028-ca24-4a8c-aea7-4a566aad13d7","D05","LIRO","LIRO.AOS.buoy.c0","LIRO.C0.20200204.FIL","A00000201572","2020-02-04T19:35Z","2020-02-04T19:35Z","EcoCore_CSU","Br",0.0050,"milligramsPerLiter",-0.1,,0,,"OK"
"cd907fc3-71a5-409b-ad2b-8f697bb0d240","D05","LIRO","LIRO.AOS.buoy.c0","LIRO.C0.20200204.FIL","A00000201572","2020-02-04T19:35Z","2020-02-04T19:35Z","EcoCore_CSU","Mg",0.2420,"milligramsPerLiter",-0.1,,0,,"OK"
"7ac977fd-14d3-4f64-a5ca-9beaabef8ed9","D05","LIRO","LIRO.AOS.buoy.c0","LIRO.C0.20200204.FIL","A00000201572","2020-02-04T19:35Z","2020-02-04T19:35Z","EcoCore_CSU","Ca",1.0120,"milligramsPerLiter",-0.1,,0,,"OK"
"81f5de74-4710-4a67-8822-3926cdcbb2eb","D05","LIRO","LIRO.AOS.buoy.c0","LIRO.C0.20200204.RAW","A00000201573","2020-02-04T19:35Z","2020-02-04T19:35Z","EcoCore_CSU","TP",0.0110,"milligramsPerLiter",-0.1,,0,,"OK"
"00eb1252-1906-4330-94fb-179d429fe48d","D05","LIRO","LIRO.AOS.buoy.c0","LIRO.C0.20200204.RAW","A00000201573","2020-02-04T19:35Z","2020-02-04T19:35Z","EcoCore_CSU","ANC",0.0900,"milliequivalentsPerLiter",-0.1,,0,,"OK"
"1e63c5ff-b7d0-4e18-8abd-f6671c11ca29","D05","LIRO","LIRO.AOS.buoy.c0","LIRO.C0.20200204.RAW","A00000201573","2020-02-04T19:35Z","2020-02-04T19:35Z","EcoCore_CSU","TSS - Dry Mass",0.0000,"microgram",-0.1,,0,,"OK"
"f1f4d3db-8a76-40a7-8597-e60c4f47d5c8","D05","LIRO","LIRO.AOS.buoy.c0","LIRO.C0.20200204.RAW","A00000201573","2020-02-04T19:35Z","2020-02-04T19:35Z","EcoCore_CSU","TSS",0.0000,"milligramsPerLiter",-0.1,,0,,"OK"
"fcf88512-b313-4522-b21d-a2d76277b3d0","D05","LIRO","LIRO.AOS.buoy.c0","LIRO.C0.20200204.RAW","A00000201573","2020-02-04T19:35Z","2020-02-04T19:35Z","EcoCore_CSU","specificConductance",9.6500,"microsiemensPerCentimeter",-0.1,,0,,"OK"
"ab736dcd-435b-47f5-9453-5a17a03aa091","D05","LIRO","LIRO.AOS.buoy.c0","LIRO.C0.20200204.RAW","A00000201573","2020-02-04T19:35Z","2020-02-04T19:35Z","EcoCore_CSU","pH",7.4700,"pH",-0.1,,0,,"OK"
"ee6c5b4e-ecd6-438f-a46b-5f3ff8e7a76a","D05","LIRO","LIRO.AOS.buoy.c0","LIRO.C0.20200204.FIL","A00000201572","2020-02-04T19:35Z","2020-02-04T19:35Z","EcoCore_CSU","UV Absorbance (254 nm)",0.0566,,-0.1,,0,,"OK"
"28eac8dd-7f21-45fc-bd53-756ec043ae9f","D05","LIRO","LIRO.AOS.buoy.c0","LIRO.C0.20200204.FIL","A00000201572","2020-02-04T19:35Z","2020-02-04T19:35Z","EcoCore_CSU","UV Absorbance (280 nm)",0.0367,,-0.1,,0,,"OK"
"f3f24f85-9ccb-4855-8961-89932c634754","D05","LIRO","LIRO.AOS.buoy.c0","LIRO.C0.20200204.FIL","A00000201572","2020-02-04T19:35Z","2020-02-04T19:35Z","EcoCore_CSU","Ortho - P",0.0181,"milligramsPerLiter",-0.1,,0,,"OK"
"87344eda-163b-422a-a891-b9d590c91486","D05","LIRO","LIRO.AOS.buoy.c0","LIRO.C0.20200204.FIL","A00000201572","2020-02-04T19:35Z","2020-02-04T19:35Z","EcoCore_CSU","NO2 - N",-0.0017,"milligramsPerLiter",-0.1,,0,,"OK"
"5bd3572f-34b1-414e-8c1d-b3e90e77422d","D05","LIRO","LIRO.AOS.buoy.c0","LIRO.C0.20200204.FIL","A00000201572","2020-02-04T19:35Z","2020-02-04T19:35Z","EcoCore_CSU","NH4 - N",0.0390,"milligramsPerLiter",-0.1,,0,,"OK"
"615838de-f70f-453b-9083-20a8e5c6ead3","D05","LIRO","LIRO.AOS.buoy.c0","LIRO.C0.20200204.FIL","A00000201572","2020-02-04T19:35Z","2020-02-04T19:35Z","EcoCore_CSU","NO3+NO2 - N",0.0661,"milligramsPerLiter",-0.1,,0,,"OK"
"31afd91f-54ab-48e3-95b4-10d71a6f3703","D05","LIRO","LIRO.AOS.buoy.c0","LIRO.C0.20200204.RAW","A00000201573","2020-02-04T19:35Z","2020-02-04T19:35Z","EcoCore_CSU","TN",0.3762,"milligramsPerLiter",-0.1,,0,,"OK"
"120ae15b-86b2-4cb3-a7a2-3b24ccc83432","D05","LIRO","LIRO.AOS.buoy.c0","LIRO.C0.20200204.RAW","A00000201573","2020-02-04T19:35Z","2020-02-04T19:35Z","EcoCore_CSU","TOC",3.3170,"milligramsPerLiter",-0.1,,0,,"OK"
"7865635f-9fef-4021-82df-1027c753730b","D05","LIRO","LIRO.AOS.buoy.c0","LIRO.C0.20200204.FIL","A00000201572","2020-02-04T19:35Z","2020-02-04T19:35Z","EcoCore_CSU","TDN",0.3472,"milligramsPerLiter",-0.1,,0,,"OK"
"004a089a-af79-4626-8dc8-5499f633989b","D05","LIRO","LIRO.AOS.buoy.c0","LIRO.C0.20200204.FIL","A00000201572","2020-02-04T19:35Z","2020-02-04T19:35Z","EcoCore_CSU","DIC",1.9570,"milligramsPerLiter",-0.1,,0,,"OK"
"1b4ec36d-5b82-486b-a47b-766f343d2a9b","D05","LIRO","LIRO.AOS.buoy.c0","LIRO.C0.20200204.FIL","A00000201572","2020-02-04T19:35Z","2020-02-04T19:35Z","EcoCore_CSU","DOC",3.3020,"milligramsPerLiter",-0.1,,0,,"OK"
