uid,domainID,siteID,namedLocation,collectDate,parentSampleID,sampleID,sampleCode,filterNumber,analysisType,fieldSampleVolume,domainFilterVolume,storageDays,remarks,measuredBy,recordedBy,sampleCondition,dataQF
"63b15c0b-f8f0-46fd-9a09-30410dc8f043","D09","PRLA","PRLA.AOS.riparian.point.03","2020-06-15T15:09Z","PRLA.20200615.EPILITHON.3","PRLA.20200615.EPILITHON.3.CHL/PHEO.1","A00000138192",1,"chlorophyll/pheophytin",250.0,2.0,1.1,,"0000-0002-1892-7221","0000-0002-1892-7221","OK",
"1f6959cb-49b5-4acf-bb9c-d6a839dde056","D09","PRLA","PRLA.AOS.riparian.point.05","2020-06-15T15:09Z","PRLA.20200615.EPILITHON.5","PRLA.20200615.EPILITHON.5.CNSA.1","A00000138189",1,"CNSa",250.0,2.0,1.0,,"0000-0002-1892-7221","0000-0002-1892-7221","OK",
"45873fc6-62a0-427c-84d9-8ca8f80af002","D09","PRLA","PRLA.AOS.riparian.point.11","2020-06-15T15:09Z","PRLA.20200615.EPILITHON.11","PRLA.20200615.EPILITHON.11.P.1","A00000050143",1,"P",250.0,2.0,0.9,,"0000-0002-1892-7221","0000-0002-1892-7221","OK",
"fd0aa421-4565-4ed2-8171-84a8a0705f8f","D09","PRLA","PRLA.AOS.riparian.point.07","2020-06-15T15:09Z","PRLA.20200615.EPILITHON.7","PRLA.20200615.EPILITHON.7.CNSB.1","A00000138181",1,"CNSb",250.0,4.0,1.0,,"0000-0002-1892-7221","0000-0002-1892-7221","OK",
"281a6425-a8f4-43d0-a6d5-79cedfcf1cb2","D09","PRLA","PRLA.AOS.riparian.point.09","2020-06-15T15:09Z","PRLA.20200615.EPILITHON.9","PRLA.20200615.EPILITHON.9.CNSA.1","A00000050148",1,"CNSa",250.0,3.0,0.9,,"0000-0002-1892-7221","0000-0002-1892-7221","OK",
"b63ee3af-2f65-474d-98d5-ab8a3782983f","D09","PRLA","PRLA.AOS.buoy.c0","2020-06-15T15:09Z","PRLA.20200615.PHYTOPLANKTON.3","PRLA.20200615.PHYTOPLANKTON.3.CNSB.1","A00000138176",1,"CNSb",4000.0,300.0,0.9,,"0000-0002-1892-7221","0000-0002-1892-7221","OK",
"774ffcf0-07b2-4a47-af21-930ca04f2358","D09","PRLA","PRLA.AOS.riparian.point.03","2020-06-15T15:09Z","PRLA.20200615.EPILITHON.3","PRLA.20200615.EPILITHON.3.REP2.CHL/PHEO.2","A00000138196",2,"chlorophyll/pheophytin",250.0,2.0,1.1,,"0000-0002-1892-7221","0000-0002-1892-7221","OK",
"8e3f8434-1f19-418e-9430-5c853e755b6e","D09","PRLA","PRLA.AOS.riparian.point.07","2020-06-15T15:09Z","PRLA.20200615.EPILITHON.7","PRLA.20200615.EPILITHON.7.P.1","A00000138179",1,"P",250.0,4.0,1.0,,"0000-0002-1892-7221","0000-0002-1892-7221","OK",
"f279a2c4-8980-440c-9d1b-5e1cb3bef610","D09","PRLA","PRLA.AOS.riparian.point.05","2020-06-15T15:09Z","PRLA.20200615.EPILITHON.5","PRLA.20200615.EPILITHON.5.CNSB.1","A00000138190",1,"CNSb",250.0,2.0,1.0,,"0000-0002-1892-7221","0000-0002-1892-7221","OK",
"f71c092a-36df-4091-bd45-9b1bf56f49f3","D09","PRLA","PRLA.AOS.riparian.point.07","2020-06-15T15:09Z","PRLA.20200615.EPILITHON.7","PRLA.20200615.EPILITHON.7.CNSA.1","A00000138180",1,"CNSa",250.0,4.0,1.0,,"0000-0002-1892-7221","0000-0002-1892-7221","OK",
"c0621dcf-578b-46bd-a0c4-9f8b9efa71c5","D09","PRLA","PRLA.AOS.littoral1","2020-06-15T15:09Z","PRLA.20200615.PHYTOPLANKTON.1","PRLA.20200615.PHYTOPLANKTON.1.CNSB.1","A00000138185",1,"CNSb",4000.0,300.0,1.0,,"0000-0002-1892-7221","0000-0002-1892-7221","OK",
"41677ab3-6cf8-43b0-805c-4b78d7e3c36f","D09","PRLA","PRLA.AOS.riparian.point.11","2020-06-15T15:09Z","PRLA.20200615.EPILITHON.11","PRLA.20200615.EPILITHON.11.CNSA.1","A00000050144",1,"CNSa",250.0,2.0,0.9,,"0000-0002-1892-7221","0000-0002-1892-7221","OK",
"7cecf606-7429-44b8-bf35-eecc7680e3b2","D09","PRLA","PRLA.AOS.riparian.point.09","2020-06-15T15:09Z","PRLA.20200615.EPILITHON.9","PRLA.20200615.EPILITHON.9.CHL/PHEO.1","A00000050147",1,"chlorophyll/pheophytin",250.0,3.0,0.9,,"0000-0002-1892-7221","0000-0002-1892-7221","OK",
"b62df3f7-9587-4862-ab43-c4cf1208563e","D09","PRLA","PRLA.AOS.littoral2","2020-06-15T15:09Z","PRLA.20200615.PHYTOPLANKTON.2","PRLA.20200615.PHYTOPLANKTON.2.CNSB.1","A00000138204",1,"CNSb",4000.0,300.0,1.1,,"0000-0002-1892-7221","0000-0002-1892-7221","OK",
"26dcb55f-4780-4baa-9272-ba2875ea19c6","D09","PRLA","PRLA.AOS.littoral1","2020-06-15T15:09Z","PRLA.20200615.PHYTOPLANKTON.1","PRLA.20200615.PHYTOPLANKTON.1.CNSA.1","A00000138184",1,"CNSa",4000.0,300.0,1.0,,"0000-0002-1892-7221","0000-0002-1892-7221","OK",
"e716502c-e0e2-45b3-8090-7c42d9ea1177","D09","PRLA","PRLA.AOS.riparian.point.03","2020-06-15T15:09Z","PRLA.20200615.EPILITHON.3","PRLA.20200615.EPILITHON.3.CNSB.1","A00000138195",1,"CNSb",250.0,2.0,1.1,,"0000-0002-1892-7221","0000-0002-1892-7221","OK",
"c1d1d6cb-b3c6-4c6e-b48e-d3769322256e","D09","PRLA","PRLA.AOS.riparian.point.07","2020-06-15T15:09Z","PRLA.20200615.EPILITHON.7","PRLA.20200615.EPILITHON.7.CHL/PHEO.1","A00000138178",1,"chlorophyll/pheophytin",250.0,4.0,1.0,,"0000-0002-1892-7221","0000-0002-1892-7221","OK",
"bef931b4-bf89-46dc-bfab-c14f0ce755fb","D09","PRLA","PRLA.AOS.riparian.point.03","2020-06-15T15:09Z","PRLA.20200615.EPILITHON.3","PRLA.20200615.EPILITHON.3.REP2.P.2","A00000138197",2,"P",250.0,2.0,1.1,,"0000-0002-1892-7221","0000-0002-1892-7221","OK",
"2b2f56f6-e16e-4a14-9906-a4b6f4f5a476","D09","PRLA","PRLA.AOS.buoy.c0","2020-06-15T15:09Z","PRLA.20200615.PHYTOPLANKTON.3","PRLA.20200615.PHYTOPLANKTON.3.CHL/PHEO.1","A00000138173",1,"chlorophyll/pheophytin",4000.0,250.0,0.9,,"0000-0002-1892-7221","0000-0002-1892-7221","OK",
"9e411d66-a87b-471a-9d7f-d66a38d393af","D09","PRLA","PRLA.AOS.littoral1","2020-06-15T15:09Z","PRLA.20200615.PHYTOPLANKTON.1","PRLA.20200615.PHYTOPLANKTON.1.CHL/PHEO.1","A00000138182",1,"chlorophyll/pheophytin",4000.0,250.0,1.0,,"0000-0002-1892-7221","0000-0002-1892-7221","OK",
"46a1df4c-1aa5-4e1f-bfc9-08327f15094e","D09","PRLA","PRLA.AOS.littoral2","2020-06-15T15:09Z","PRLA.20200615.PHYTOPLANKTON.2","PRLA.20200615.PHYTOPLANKTON.2.CHL/PHEO.1","A00000138200",1,"chlorophyll/pheophytin",4000.0,250.0,1.1,,"0000-0002-1892-7221","0000-0002-1892-7221","OK",
"f6503531-2001-4968-83aa-21a5e77b8ea5","D09","PRLA","PRLA.AOS.littoral2","2020-06-15T15:09Z","PRLA.20200615.PHYTOPLANKTON.2","PRLA.20200615.PHYTOPLANKTON.2.CNSA.1","A00000138203",1,"CNSa",4000.0,300.0,1.1,,"0000-0002-1892-7221","0000-0002-1892-7221","OK",
"0350789f-9eae-4055-ac5d-0cb09d467f03","D09","PRLA","PRLA.AOS.riparian.point.05","2020-06-15T15:09Z","PRLA.20200615.EPILITHON.5","PRLA.20200615.EPILITHON.5.P.1","A00000138188",1,"P",250.0,2.0,1.0,,"0000-0002-1892-7221","0000-0002-1892-7221","OK",
"5ec76e89-b5df-449d-844a-d461729fb681","D09","PRLA","PRLA.AOS.littoral2","2020-06-15T15:09Z","PRLA.20200615.PHYTOPLANKTON.2","PRLA.20200615.PHYTOPLANKTON.2.P.1","A00000138201",1,"P",4000.0,300.0,1.1,,"0000-0002-1892-7221","0000-0002-1892-7221","OK",
"278e89a9-56e1-4bde-8c0e-ecf72ba36c43","D09","PRLA","PRLA.AOS.buoy.c0","2020-06-15T15:09Z","PRLA.20200615.PHYTOPLANKTON.3","PRLA.20200615.PHYTOPLANKTON.3.P.1","A00000138174",1,"P",4000.0,250.0,0.9,,"0000-0002-1892-7221","0000-0002-1892-7221","OK",
"e8694c61-662e-474b-9539-f2d32bbb967f","D09","PRLA","PRLA.AOS.riparian.point.09","2020-06-15T15:09Z","PRLA.20200615.EPILITHON.9","PRLA.20200615.EPILITHON.9.P.1","A00000138170",1,"P",250.0,3.0,0.9,,"0000-0002-1892-7221","0000-0002-1892-7221","OK",
"b23c406c-7186-461c-831d-8ae346907d7d","D09","PRLA","PRLA.AOS.riparian.point.03","2020-06-15T15:09Z","PRLA.20200615.EPILITHON.3","PRLA.20200615.EPILITHON.3.P.1","A00000138193",1,"P",250.0,2.0,1.1,,"0000-0002-1892-7221","0000-0002-1892-7221","OK",
"e04e9cac-da9e-4a28-ac22-8b93e7a2d427","D09","PRLA","PRLA.AOS.riparian.point.11","2020-06-15T15:09Z","PRLA.20200615.EPILITHON.11","PRLA.20200615.EPILITHON.11.CNSB.1","A00000050145",1,"CNSb",250.0,2.0,0.9,,"0000-0002-1892-7221","0000-0002-1892-7221","OK",
"2efa1b7f-ce34-4590-a91c-a2f8d52fe503","D09","PRLA","PRLA.AOS.littoral1","2020-06-15T15:09Z","PRLA.20200615.PHYTOPLANKTON.1","PRLA.20200615.PHYTOPLANKTON.1.P.1","A00000138183",1,"P",4000.0,250.0,1.0,,"0000-0002-1892-7221","0000-0002-1892-7221","OK",
"80434521-c067-4b9f-ac87-80648d4068d4","D09","PRLA","PRLA.AOS.riparian.point.03","2020-06-15T15:09Z","PRLA.20200615.EPILITHON.3","PRLA.20200615.EPILITHON.3.CNSA.1","A00000138194",1,"CNSa",250.0,2.0,1.1,,"0000-0002-1892-7221","0000-0002-1892-7221","OK",
"8ecaac04-10ec-42a0-bbd3-dcf2366bbf29","D09","PRLA","PRLA.AOS.riparian.point.03","2020-06-15T15:09Z","PRLA.20200615.EPILITHON.3","PRLA.20200615.EPILITHON.3.REP2.CNSA.2","A00000138198",2,"CNSa",250.0,2.0,1.1,,"0000-0002-1892-7221","0000-0002-1892-7221","OK",
"6c1291ec-0643-4bbc-b870-d16fcbf5bbb9","D09","PRLA","PRLA.AOS.riparian.point.09","2020-06-15T15:09Z","PRLA.20200615.EPILITHON.9","PRLA.20200615.EPILITHON.9.CNSB.1","A00000138171",1,"CNSb",250.0,3.0,0.9,,"0000-0002-1892-7221","0000-0002-1892-7221","OK",
"14ad0ae5-3f6a-4f0b-8eba-4551b0a80bfd","D09","PRLA","PRLA.AOS.riparian.point.05","2020-06-15T15:09Z","PRLA.20200615.EPILITHON.5","PRLA.20200615.EPILITHON.5.CHL/PHEO.1","A00000138187",1,"chlorophyll/pheophytin",250.0,2.0,1.0,,"0000-0002-1892-7221","0000-0002-1892-7221","OK",
"a439ad7a-97e7-4333-9141-6e45ad883d9b","D09","PRLA","PRLA.AOS.riparian.point.03","2020-06-15T15:09Z","PRLA.20200615.EPILITHON.3","PRLA.20200615.EPILITHON.3.REP2.CNSB.2","A00000138199",2,"CNSb",250.0,2.0,1.1,,"0000-0002-1892-7221","0000-0002-1892-7221","OK",
"7f89593b-0bb9-44a4-81ca-e4e167eb25e2","D09","PRLA","PRLA.AOS.riparian.point.11","2020-06-15T15:09Z","PRLA.20200615.EPILITHON.11","PRLA.20200615.EPILITHON.11.CHL/PHEO.1","A00000050142",1,"chlorophyll/pheophytin",250.0,2.0,0.9,,"0000-0002-1892-7221","0000-0002-1892-7221","OK",
"5f414531-720b-4174-8e5e-bd68b5b8ef4b","D09","PRLA","PRLA.AOS.buoy.c0","2020-06-15T15:09Z","PRLA.20200615.PHYTOPLANKTON.3","PRLA.20200615.PHYTOPLANKTON.3.CNSA.1","A00000138175",1,"CNSa",4000.0,300.0,0.9,,"0000-0002-1892-7221","0000-0002-1892-7221","OK",
