uid,domainID,siteID,namedLocation,collectDate,sampleID,sampleCode,sampleCondition,laboratoryName,analysisDate,analyzedBy,sampleType,replicate,sampleVolumeFiltered,filterSize,percentFilterAnalyzed,dilutionFactor,solventVolume,responseFactor,acidificationResponseFactor,fluorometerSensitivitySetting,preAcidificationFluorescence,postAcidificationFluorescence,analyte,analyteConcentration,plantAlgaeLabUnits,testMethod,method,acidTreatment,externalRemarks,externalLabDataQF
"b160022d-f8da-4c65-a448-52865fd3d677","D09","PRLA","PRLA.AOS.riparian.point.03","2020-06-15","PRLA.20200615.EPILITHON.3.REP2.CNSB.2","A00000138199","condition ok","SIRFER Lab at University of Utah","2021-08-05","ElFtGy1kV49xqNP00HfxQA==","CNS","1",2,25,100,,,,,,,,"d13C",-20.39,"perMill","SIRFER_algalPlantChem_isotopes_V1","Revesz & Coplen 2012a","Y",,
"09b07880-cf93-47f6-b96e-ab383e018d76","D09","PRLA","PRLA.AOS.riparian.point.03","2020-06-15","PRLA.20200615.EPILITHON.3.REP2.CNSB.2","A00000138199","condition ok","SIRFER Lab at University of Utah","2021-08-05","ElFtGy1kV49xqNP00HfxQA==","CNS","1",2,25,100,,,,,,,,"carbon",213935.78,"microgramsPerLiter","SIRFER_algalPlantChem_isotopes_V1","Revesz & Coplen 2012a","Y",,
"15a3973e-e8d4-4585-9220-7cea302afa6e","D09","PRLA","PRLA.AOS.riparian.point.03","2020-06-15","PRLA.20200615.EPILITHON.3.REP2.CNSA.2","A00000138198","condition ok","SIRFER Lab at University of Utah","2021-07-19","ElFtGy1kV49xqNP00HfxQA==","CNS","1",2,25,100,,,,,,,,"carbon",265196.08,"microgramsPerLiter","SIRFER_algalPlantChem_isotopes_V1","Revesz & Coplen 2012a","N",,
"0c60435e-f0c9-4801-b851-6d2de7cc8a2c","D09","PRLA","PRLA.AOS.riparian.point.03","2020-06-15","PRLA.20200615.EPILITHON.3.REP2.CNSA.2","A00000138198","condition ok","SIRFER Lab at University of Utah","2021-07-19","ElFtGy1kV49xqNP00HfxQA==","CNS","1",2,25,100,,,,,,,,"d13C",-8.96,"perMill","SIRFER_algalPlantChem_isotopes_V1","Revesz & Coplen 2012a","N",,
"f4cab96a-7072-47b7-b342-872ac0b16dec","D09","PRLA","PRLA.AOS.riparian.point.03","2020-06-15","PRLA.20200615.EPILITHON.3.REP2.CNSA.2","A00000138198","condition ok","SIRFER Lab at University of Utah","2021-07-19","ElFtGy1kV49xqNP00HfxQA==","CNS","1",2,25,100,,,,,,,,"nitrogen",18721.19,"microgramsPerLiter","SIRFER_algalPlantChem_isotopes_V1","Revesz & Coplen 2012a","N",,
"19254821-b6be-455c-966b-99e0f7bf3912","D09","PRLA","PRLA.AOS.riparian.point.03","2020-06-15","PRLA.20200615.EPILITHON.3.REP2.CNSA.2","A00000138198","condition ok","SIRFER Lab at University of Utah","2021-07-19","ElFtGy1kV49xqNP00HfxQA==","CNS","1",2,25,100,,,,,,,,"d34S",-1.48,"perMill","SIRFER_algalPlantChem_isotopes_V1","Revesz & Coplen 2012b","N",,
"a4f8b02f-0aa9-480e-9828-d390f99198be","D09","PRLA","PRLA.AOS.riparian.point.03","2020-06-15","PRLA.20200615.EPILITHON.3.REP2.CNSA.2","A00000138198","condition ok","SIRFER Lab at University of Utah","2021-07-19","ElFtGy1kV49xqNP00HfxQA==","CNS","1",2,25,100,,,,,,,,"sulfur",2085.48,"microgramsPerLiter","SIRFER_algalPlantChem_isotopes_V1","Revesz & Coplen 2012b","N",,
"c02bcc5c-b97f-4580-a213-9e45c4289e01","D09","PRLA","PRLA.AOS.riparian.point.03","2020-06-15","PRLA.20200615.EPILITHON.3.REP2.CNSA.2","A00000138198","condition ok","SIRFER Lab at University of Utah","2021-07-19","ElFtGy1kV49xqNP00HfxQA==","CNS","1",2,25,100,,,,,,,,"d15N",-0.41,"perMill","SIRFER_algalPlantChem_isotopes_V1","Revesz & Coplen 2012a","N",,
"acddbc62-01a0-4186-a6ee-6c323c22e7ef","D09","PRLA","PRLA.AOS.buoy.c0","2020-06-15","PRLA.20200615.PHYTOPLANKTON.3.CNSA.1","A00000138175","condition ok","SIRFER Lab at University of Utah","2021-04-02","ElFtGy1kV49xqNP00HfxQA==","CNS","1",300,25,100,,,,,,,,"d34S",5.80,"perMill","SIRFER_algalPlantChem_isotopes_V1","Revesz & Coplen 2012b","N",,
"bd79439a-2748-4412-8991-342714f32c0e","D09","PRLA","PRLA.AOS.littoral1","2020-06-15","PRLA.20200615.PHYTOPLANKTON.1.CNSB.1","A00000138185","condition ok","SIRFER Lab at University of Utah","2021-04-27","ElFtGy1kV49xqNP00HfxQA==","CNS","1",300,25,100,,,,,,,,"carbon",340.33,"microgramsPerLiter","SIRFER_algalPlantChem_isotopes_V1","Revesz & Coplen 2012a","Y",,
"0719114f-eced-495c-a090-0749a47f3c70","D09","PRLA","PRLA.AOS.littoral1","2020-06-15","PRLA.20200615.PHYTOPLANKTON.1.CNSA.1","A00000138184","condition ok","SIRFER Lab at University of Utah","2021-04-02","ElFtGy1kV49xqNP00HfxQA==","CNS","1",300,25,100,,,,,,,,"nitrogen",42.98,"microgramsPerLiter","SIRFER_algalPlantChem_isotopes_V1","Revesz & Coplen 2012a","N",,
"7fb42b63-5713-4bb6-9e8f-7e8af9325aa9","D09","PRLA","PRLA.AOS.riparian.point.03","2020-06-15","PRLA.20200615.EPILITHON.3.CNSA.1","A00000138194","condition ok","SIRFER Lab at University of Utah","2021-04-02","ElFtGy1kV49xqNP00HfxQA==","CNS","1",2,25,100,,,,,,,,"d15N",-0.65,"perMill","SIRFER_algalPlantChem_isotopes_V1","Revesz & Coplen 2012a","N",,
"6fd79024-7096-487c-9665-89cfe2521599","D09","PRLA","PRLA.AOS.riparian.point.11","2020-06-15","PRLA.20200615.EPILITHON.11.CNSA.1","A00000050144","condition ok","SIRFER Lab at University of Utah","2021-04-02","ElFtGy1kV49xqNP00HfxQA==","CNS","1",2,25,100,,,,,,,,"d34S",-4.91,"perMill","SIRFER_algalPlantChem_isotopes_V1","Revesz & Coplen 2012b","N",,
"3ce1d001-7c19-4ff5-964f-604e96f23b39","D09","PRLA","PRLA.AOS.littoral2","2020-06-15","PRLA.20200615.PHYTOPLANKTON.2.CNSA.1","A00000138203","condition ok","SIRFER Lab at University of Utah","2021-04-02","ElFtGy1kV49xqNP00HfxQA==","CNS","1",300,25,100,,,,,,,,"d13C",-15.43,"perMill","SIRFER_algalPlantChem_isotopes_V1","Revesz & Coplen 2012a","N",,
"b9192a90-9696-462e-a1b5-7864206d618d","D09","PRLA","PRLA.AOS.littoral1","2020-06-15","PRLA.20200615.PHYTOPLANKTON.1.CNSA.1","A00000138184","condition ok","SIRFER Lab at University of Utah","2021-04-02","ElFtGy1kV49xqNP00HfxQA==","CNS","1",300,25,100,,,,,,,,"sulfur",14.17,"microgramsPerLiter","SIRFER_algalPlantChem_isotopes_V1","Revesz & Coplen 2012b","N",,
"b6d3ca8b-26ae-4fdf-b94e-beabf187906b","D09","PRLA","PRLA.AOS.riparian.point.09","2020-06-15","PRLA.20200615.EPILITHON.9.CNSA.1","A00000050148","condition ok","SIRFER Lab at University of Utah","2021-04-02","ElFtGy1kV49xqNP00HfxQA==","CNS","1",3,25,100,,,,,,,,"d13C",-11.28,"perMill","SIRFER_algalPlantChem_isotopes_V1","Revesz & Coplen 2012a","N",,
"bfb5d6cb-2d08-4c05-951a-d0f69b475358","D09","PRLA","PRLA.AOS.riparian.point.05","2020-06-15","PRLA.20200615.EPILITHON.5.CNSA.1","A00000138189","condition ok","SIRFER Lab at University of Utah","2021-04-02","ElFtGy1kV49xqNP00HfxQA==","CNS","1",2,25,100,,,,,,,,"carbon",173663.00,"microgramsPerLiter","SIRFER_algalPlantChem_isotopes_V1","Revesz & Coplen 2012a","N",,
"bd67eba1-ae78-44da-8f54-c0fc55c2ee21","D09","PRLA","PRLA.AOS.buoy.c0","2020-06-15","PRLA.20200615.PHYTOPLANKTON.3.CNSA.1","A00000138175","condition ok","SIRFER Lab at University of Utah","2021-04-02","ElFtGy1kV49xqNP00HfxQA==","CNS","1",300,25,100,,,,,,,,"sulfur",251.53,"microgramsPerLiter","SIRFER_algalPlantChem_isotopes_V1","Revesz & Coplen 2012b","N",,
"cc2bb505-a4d1-4a8f-816c-c7c9883f2ca6","D09","PRLA","PRLA.AOS.riparian.point.03","2020-06-15","PRLA.20200615.EPILITHON.3.CNSA.1","A00000138194","condition ok","SIRFER Lab at University of Utah","2021-04-02","ElFtGy1kV49xqNP00HfxQA==","CNS","1",2,25,100,,,,,,,,"nitrogen",18694.31,"microgramsPerLiter","SIRFER_algalPlantChem_isotopes_V1","Revesz & Coplen 2012a","N",,
"a0056a31-c440-4bbb-b92c-5aec6eaa310c","D09","PRLA","PRLA.AOS.littoral1","2020-06-15","PRLA.20200615.PHYTOPLANKTON.1.CNSA.1","A00000138184","condition ok","SIRFER Lab at University of Utah","2021-04-02","ElFtGy1kV49xqNP00HfxQA==","CNS","1",300,25,100,,,,,,,,"carbon",711.49,"microgramsPerLiter","SIRFER_algalPlantChem_isotopes_V1","Revesz & Coplen 2012a","N",,
"a676b950-74b9-42d1-bc28-1330102a7896","D09","PRLA","PRLA.AOS.littoral2","2020-06-15","PRLA.20200615.PHYTOPLANKTON.2.CNSA.1","A00000138203","condition ok","SIRFER Lab at University of Utah","2021-04-02","ElFtGy1kV49xqNP00HfxQA==","CNS","1",300,25,100,,,,,,,,"sulfur",10.30,"microgramsPerLiter","SIRFER_algalPlantChem_isotopes_V1","Revesz & Coplen 2012b","N",,
"710cf195-74d8-43f3-b001-e25ab01f875a","D09","PRLA","PRLA.AOS.riparian.point.09","2020-06-15","PRLA.20200615.EPILITHON.9.CNSA.1","A00000050148","condition ok","SIRFER Lab at University of Utah","2021-04-02","ElFtGy1kV49xqNP00HfxQA==","CNS","1",3,25,100,,,,,,,,"d15N",6.99,"perMill","SIRFER_algalPlantChem_isotopes_V1","Revesz & Coplen 2012a","N",,
"3631987e-749f-403d-9cc8-1ffaab8f1d7b","D09","PRLA","PRLA.AOS.littoral2","2020-06-15","PRLA.20200615.PHYTOPLANKTON.2.CNSA.1","A00000138203","condition ok","SIRFER Lab at University of Utah","2021-04-02","ElFtGy1kV49xqNP00HfxQA==","CNS","1",300,25,100,,,,,,,,"nitrogen",53.96,"microgramsPerLiter","SIRFER_algalPlantChem_isotopes_V1","Revesz & Coplen 2012a","N",,
"15dcc398-c539-43ef-a29a-0c6fc33a52e5","D09","PRLA","PRLA.AOS.riparian.point.07","2020-06-15","PRLA.20200615.EPILITHON.7.CNSB.1","A00000138181","condition ok","SIRFER Lab at University of Utah","2021-04-27","ElFtGy1kV49xqNP00HfxQA==","CNS","1",4,25,100,,,,,,,,"carbon",88027.22,"microgramsPerLiter","SIRFER_algalPlantChem_isotopes_V1","Revesz & Coplen 2012a","Y",,
"8f00213e-8f93-4b5f-ba86-3ae418d5fd2d","D09","PRLA","PRLA.AOS.riparian.point.07","2020-06-15","PRLA.20200615.EPILITHON.7.CNSA.1","A00000138180","condition ok","SIRFER Lab at University of Utah","2021-04-02","ElFtGy1kV49xqNP00HfxQA==","CNS","1",4,25,100,,,,,,,,"d13C",-8.91,"perMill","SIRFER_algalPlantChem_isotopes_V1","Revesz & Coplen 2012a","N",,
"1f7bc19c-abbc-4441-bc27-5fc68dd85158","D09","PRLA","PRLA.AOS.littoral1","2020-06-15","PRLA.20200615.PHYTOPLANKTON.1.CNSA.1","A00000138184","condition ok","SIRFER Lab at University of Utah","2021-04-02","ElFtGy1kV49xqNP00HfxQA==","CNS","1",300,25,100,,,,,,,,"d13C",-13.79,"perMill","SIRFER_algalPlantChem_isotopes_V1","Revesz & Coplen 2012a","N",,
"868306c0-5cdb-43fc-9030-9c62656b12b6","D09","PRLA","PRLA.AOS.buoy.c0","2020-06-15","PRLA.20200615.PHYTOPLANKTON.3.CNSA.1","A00000138175","condition ok","SIRFER Lab at University of Utah","2021-04-02","ElFtGy1kV49xqNP00HfxQA==","CNS","1",300,25,100,,,,,,,,"d13C",-27.44,"perMill","SIRFER_algalPlantChem_isotopes_V1","Revesz & Coplen 2012a","N",,
"031ef212-9e0e-4dc3-95a7-b6a566953042","D09","PRLA","PRLA.AOS.littoral1","2020-06-15","PRLA.20200615.PHYTOPLANKTON.1.CNSA.1","A00000138184","condition ok","SIRFER Lab at University of Utah","2021-04-02","ElFtGy1kV49xqNP00HfxQA==","CNS","1",300,25,100,,,,,,,,"d34S",-3.53,"perMill","SIRFER_algalPlantChem_isotopes_V1","Revesz & Coplen 2012b","N",,
"02d9d0ed-bcb6-4cfc-a623-272fd6618f5f","D09","PRLA","PRLA.AOS.buoy.c0","2020-06-15","PRLA.20200615.PHYTOPLANKTON.3.CNSA.1","A00000138175","condition ok","SIRFER Lab at University of Utah","2021-04-02","ElFtGy1kV49xqNP00HfxQA==","CNS","1",300,25,100,,,,,,,,"d15N",9.09,"perMill","SIRFER_algalPlantChem_isotopes_V1","Revesz & Coplen 2012a","N",,
"7b2d8040-ef98-48e0-9803-e139a2a40c88","D09","PRLA","PRLA.AOS.littoral2","2020-06-15","PRLA.20200615.PHYTOPLANKTON.2.CNSA.1","A00000138203","condition ok","SIRFER Lab at University of Utah","2021-04-02","ElFtGy1kV49xqNP00HfxQA==","CNS","1",300,25,100,,,,,,,,"d34S",3.29,"perMill","SIRFER_algalPlantChem_isotopes_V1","Revesz & Coplen 2012b","N",,
"b90ca581-f994-40e9-ad0c-0b05ba9ee1e6","D09","PRLA","PRLA.AOS.riparian.point.03","2020-06-15","PRLA.20200615.EPILITHON.3.CNSB.1","A00000138195","condition ok","SIRFER Lab at University of Utah","2021-04-27","ElFtGy1kV49xqNP00HfxQA==","CNS","1",2,25,100,,,,,,,,"d13C",-19.99,"perMill","SIRFER_algalPlantChem_isotopes_V1","Revesz & Coplen 2012a","Y",,
"77fdb070-98e1-42d0-94a8-a013b0a37bdf","D09","PRLA","PRLA.AOS.riparian.point.05","2020-06-15","PRLA.20200615.EPILITHON.5.CNSA.1","A00000138189","condition ok","SIRFER Lab at University of Utah","2021-04-02","ElFtGy1kV49xqNP00HfxQA==","CNS","1",2,25,100,,,,,,,,"nitrogen",8146.49,"microgramsPerLiter","SIRFER_algalPlantChem_isotopes_V1","Revesz & Coplen 2012a","N",,
"52a6c229-4b9a-4d77-876c-b43cd6528853","D09","PRLA","PRLA.AOS.riparian.point.09","2020-06-15","PRLA.20200615.EPILITHON.9.CNSA.1","A00000050148","condition ok","SIRFER Lab at University of Utah","2021-04-02","ElFtGy1kV49xqNP00HfxQA==","CNS","1",3,25,100,,,,,,,,"nitrogen",4121.18,"microgramsPerLiter","SIRFER_algalPlantChem_isotopes_V1","Revesz & Coplen 2012a","N",,
"aead9f4a-628b-4181-bb51-121f3d1e3c4d","D09","PRLA","PRLA.AOS.riparian.point.05","2020-06-15","PRLA.20200615.EPILITHON.5.CNSA.1","A00000138189","condition ok","SIRFER Lab at University of Utah","2021-04-02","ElFtGy1kV49xqNP00HfxQA==","CNS","1",2,25,100,,,,,,,,"sulfur",2052.63,"microgramsPerLiter","SIRFER_algalPlantChem_isotopes_V1","Revesz & Coplen 2012b","N",,
"817d6ffd-ebbc-4c30-af67-b348f5fee0d4","D09","PRLA","PRLA.AOS.riparian.point.03","2020-06-15","PRLA.20200615.EPILITHON.3.CNSA.1","A00000138194","condition ok","SIRFER Lab at University of Utah","2021-04-02","ElFtGy1kV49xqNP00HfxQA==","CNS","1",2,25,100,,,,,,,,"d34S",-1.77,"perMill","SIRFER_algalPlantChem_isotopes_V1","Revesz & Coplen 2012b","N",,
"efe28adc-9eb9-4cbf-8ab0-63aacd3e0429","D09","PRLA","PRLA.AOS.riparian.point.09","2020-06-15","PRLA.20200615.EPILITHON.9.CNSA.1","A00000050148","condition ok","SIRFER Lab at University of Utah","2021-04-02","ElFtGy1kV49xqNP00HfxQA==","CNS","1",3,25,100,,,,,,,,"carbon",109039.82,"microgramsPerLiter","SIRFER_algalPlantChem_isotopes_V1","Revesz & Coplen 2012a","N",,
"a02b807d-29d1-4b4a-8324-284b47554356","D09","PRLA","PRLA.AOS.riparian.point.11","2020-06-15","PRLA.20200615.EPILITHON.11.CNSA.1","A00000050144","condition ok","SIRFER Lab at University of Utah","2021-04-02","ElFtGy1kV49xqNP00HfxQA==","CNS","1",2,25,100,,,,,,,,"nitrogen",19169.03,"microgramsPerLiter","SIRFER_algalPlantChem_isotopes_V1","Revesz & Coplen 2012a","N",,
"2bb2e421-6f24-4872-aa98-f0b360709507","D09","PRLA","PRLA.AOS.littoral2","2020-06-15","PRLA.20200615.PHYTOPLANKTON.2.CNSB.1","A00000138204","condition ok","SIRFER Lab at University of Utah","2021-04-27","ElFtGy1kV49xqNP00HfxQA==","CNS","1",300,25,100,,,,,,,,"carbon",736.54,"microgramsPerLiter","SIRFER_algalPlantChem_isotopes_V1","Revesz & Coplen 2012a","Y",,
"515ecbe6-fbfa-4412-9b9e-f92290da7759","D09","PRLA","PRLA.AOS.buoy.c0","2020-06-15","PRLA.20200615.PHYTOPLANKTON.3.CNSA.1","A00000138175","condition ok","SIRFER Lab at University of Utah","2021-04-02","ElFtGy1kV49xqNP00HfxQA==","CNS","1",300,25,100,,,,,,,,"nitrogen",121.10,"microgramsPerLiter","SIRFER_algalPlantChem_isotopes_V1","Revesz & Coplen 2012a","N",,
"c2712e7e-f4c1-401a-9e5b-e11740531545","D09","PRLA","PRLA.AOS.riparian.point.05","2020-06-15","PRLA.20200615.EPILITHON.5.CNSB.1","A00000138190","condition ok","SIRFER Lab at University of Utah","2021-04-27","ElFtGy1kV49xqNP00HfxQA==","CNS","1",2,25,100,,,,,,,,"carbon",135725.51,"microgramsPerLiter","SIRFER_algalPlantChem_isotopes_V1","Revesz & Coplen 2012a","Y",,
"6c94f845-e0a6-4d1f-b5b9-ea2d580889d2","D09","PRLA","PRLA.AOS.riparian.point.07","2020-06-15","PRLA.20200615.EPILITHON.7.CNSA.1","A00000138180","condition ok","SIRFER Lab at University of Utah","2021-04-02","ElFtGy1kV49xqNP00HfxQA==","CNS","1",4,25,100,,,,,,,,"d15N",4.09,"perMill","SIRFER_algalPlantChem_isotopes_V1","Revesz & Coplen 2012a","N",,
"3049ad89-46b7-45b9-bef0-582129127de1","D09","PRLA","PRLA.AOS.riparian.point.05","2020-06-15","PRLA.20200615.EPILITHON.5.CNSA.1","A00000138189","condition ok","SIRFER Lab at University of Utah","2021-04-02","ElFtGy1kV49xqNP00HfxQA==","CNS","1",2,25,100,,,,,,,,"d13C",-10.07,"perMill","SIRFER_algalPlantChem_isotopes_V1","Revesz & Coplen 2012a","N",,
"25757bf9-4395-487e-9499-37a04a849657","D09","PRLA","PRLA.AOS.riparian.point.09","2020-06-15","PRLA.20200615.EPILITHON.9.CNSA.1","A00000050148","condition ok","SIRFER Lab at University of Utah","2021-04-02","ElFtGy1kV49xqNP00HfxQA==","CNS","1",3,25,100,,,,,,,,"d34S",-0.63,"perMill","SIRFER_algalPlantChem_isotopes_V1","Revesz & Coplen 2012b","N",,
"2d0cbf1a-1de5-4be8-9818-3fb23dc2073e","D09","PRLA","PRLA.AOS.littoral2","2020-06-15","PRLA.20200615.PHYTOPLANKTON.2.CNSA.1","A00000138203","condition ok","SIRFER Lab at University of Utah","2021-04-02","ElFtGy1kV49xqNP00HfxQA==","CNS","1",300,25,100,,,,,,,,"carbon",1444.96,"microgramsPerLiter","SIRFER_algalPlantChem_isotopes_V1","Revesz & Coplen 2012a","N",,
"34132d65-75b0-44af-a77c-6cdb55332a93","D09","PRLA","PRLA.AOS.riparian.point.03","2020-06-15","PRLA.20200615.EPILITHON.3.CNSB.1","A00000138195","condition ok","SIRFER Lab at University of Utah","2021-04-27","ElFtGy1kV49xqNP00HfxQA==","CNS","1",2,25,100,,,,,,,,"carbon",216163.75,"microgramsPerLiter","SIRFER_algalPlantChem_isotopes_V1","Revesz & Coplen 2012a","Y",,
"81ee298a-67f3-4cb5-90ad-0667e4cc98ea","D09","PRLA","PRLA.AOS.buoy.c0","2020-06-15","PRLA.20200615.PHYTOPLANKTON.3.CNSB.1","A00000138176","condition ok","SIRFER Lab at University of Utah","2021-04-27","ElFtGy1kV49xqNP00HfxQA==","CNS","1",300,25,100,,,,,,,,"carbon",763.38,"microgramsPerLiter","SIRFER_algalPlantChem_isotopes_V1","Revesz & Coplen 2012a","Y",,
"54ae5ec2-b330-46c2-b553-cbf99fdcce5b","D09","PRLA","PRLA.AOS.riparian.point.03","2020-06-15","PRLA.20200615.EPILITHON.3.CNSA.1","A00000138194","condition ok","SIRFER Lab at University of Utah","2021-04-02","ElFtGy1kV49xqNP00HfxQA==","CNS","1",2,25,100,,,,,,,,"d13C",-9.55,"perMill","SIRFER_algalPlantChem_isotopes_V1","Revesz & Coplen 2012a","N",,
"738999ba-9584-48fc-b9a4-f3d7c00b9a33","D09","PRLA","PRLA.AOS.littoral2","2020-06-15","PRLA.20200615.PHYTOPLANKTON.2.CNSA.1","A00000138203","condition ok","SIRFER Lab at University of Utah","2021-04-02","ElFtGy1kV49xqNP00HfxQA==","CNS","1",300,25,100,,,,,,,,"d15N",4.56,"perMill","SIRFER_algalPlantChem_isotopes_V1","Revesz & Coplen 2012a","N",,
"d7932df1-0ce1-4e56-98ed-4abebe739baa","D09","PRLA","PRLA.AOS.riparian.point.07","2020-06-15","PRLA.20200615.EPILITHON.7.CNSB.1","A00000138181","condition ok","SIRFER Lab at University of Utah","2021-04-27","ElFtGy1kV49xqNP00HfxQA==","CNS","1",4,25,100,,,,,,,,"d13C",-21.82,"perMill","SIRFER_algalPlantChem_isotopes_V1","Revesz & Coplen 2012a","Y",,
"2640be38-2784-4c89-bd8d-68a3c1695b2b","D09","PRLA","PRLA.AOS.buoy.c0","2020-06-15","PRLA.20200615.PHYTOPLANKTON.3.CNSB.1","A00000138176","condition ok","SIRFER Lab at University of Utah","2021-04-27","ElFtGy1kV49xqNP00HfxQA==","CNS","1",300,25,100,,,,,,,,"d13C",-27.79,"perMill","SIRFER_algalPlantChem_isotopes_V1","Revesz & Coplen 2012a","Y",,
"62be3381-4fce-4014-88c3-3b362f82d7bf","D09","PRLA","PRLA.AOS.riparian.point.09","2020-06-15","PRLA.20200615.EPILITHON.9.CNSB.1","A00000138171","condition ok","SIRFER Lab at University of Utah","2021-04-27","ElFtGy1kV49xqNP00HfxQA==","CNS","1",3,25,100,,,,,,,,"carbon",82661.14,"microgramsPerLiter","SIRFER_algalPlantChem_isotopes_V1","Revesz & Coplen 2012a","Y",,
"a6df8b78-19c7-4085-90b0-c451cb7f7996","D09","PRLA","PRLA.AOS.littoral2","2020-06-15","PRLA.20200615.PHYTOPLANKTON.2.CNSB.1","A00000138204","condition ok","SIRFER Lab at University of Utah","2021-04-27","ElFtGy1kV49xqNP00HfxQA==","CNS","1",300,25,100,,,,,,,,"d13C",-28.10,"perMill","SIRFER_algalPlantChem_isotopes_V1","Revesz & Coplen 2012a","Y",,
"a25795d1-0b47-4156-9417-2f0db1aadea8","D09","PRLA","PRLA.AOS.riparian.point.07","2020-06-15","PRLA.20200615.EPILITHON.7.CNSA.1","A00000138180","condition ok","SIRFER Lab at University of Utah","2021-04-02","ElFtGy1kV49xqNP00HfxQA==","CNS","1",4,25,100,,,,,,,,"d34S",1.51,"perMill","SIRFER_algalPlantChem_isotopes_V1","Revesz & Coplen 2012b","N",,
"1ee9b441-e926-4ab7-b353-6c26f662a28a","D09","PRLA","PRLA.AOS.riparian.point.09","2020-06-15","PRLA.20200615.EPILITHON.9.CNSA.1","A00000050148","condition ok","SIRFER Lab at University of Utah","2021-04-02","ElFtGy1kV49xqNP00HfxQA==","CNS","1",3,25,100,,,,,,,,"sulfur",1148.05,"microgramsPerLiter","SIRFER_algalPlantChem_isotopes_V1","Revesz & Coplen 2012b","N",,
"ee179a89-97b1-4da3-9916-f0a212817681","D09","PRLA","PRLA.AOS.riparian.point.05","2020-06-15","PRLA.20200615.EPILITHON.5.CNSA.1","A00000138189","condition ok","SIRFER Lab at University of Utah","2021-04-02","ElFtGy1kV49xqNP00HfxQA==","CNS","1",2,25,100,,,,,,,,"d15N",4.33,"perMill","SIRFER_algalPlantChem_isotopes_V1","Revesz & Coplen 2012a","N",,
"41f7dbf6-8c94-44ca-b964-f187747e382a","D09","PRLA","PRLA.AOS.riparian.point.11","2020-06-15","PRLA.20200615.EPILITHON.11.CNSA.1","A00000050144","condition ok","SIRFER Lab at University of Utah","2021-04-02","ElFtGy1kV49xqNP00HfxQA==","CNS","1",2,25,100,,,,,,,,"sulfur",2245.81,"microgramsPerLiter","SIRFER_algalPlantChem_isotopes_V1","Revesz & Coplen 2012b","N",,
"5087b64f-cf54-4234-a671-7bf0348a38c5","D09","PRLA","PRLA.AOS.riparian.point.09","2020-06-15","PRLA.20200615.EPILITHON.9.CNSB.1","A00000138171","condition ok","SIRFER Lab at University of Utah","2021-04-27","ElFtGy1kV49xqNP00HfxQA==","CNS","1",3,25,100,,,,,,,,"d13C",-20.38,"perMill","SIRFER_algalPlantChem_isotopes_V1","Revesz & Coplen 2012a","Y",,
"61b272db-be60-495f-9392-ae36ce380d1c","D09","PRLA","PRLA.AOS.riparian.point.11","2020-06-15","PRLA.20200615.EPILITHON.11.CNSB.1","A00000050145","condition ok","SIRFER Lab at University of Utah","2021-04-27","ElFtGy1kV49xqNP00HfxQA==","CNS","1",2,25,100,,,,,,,,"carbon",245787.60,"microgramsPerLiter","SIRFER_algalPlantChem_isotopes_V1","Revesz & Coplen 2012a","Y",,
"a8af985a-a13c-4f92-bed3-757f925d9e12","D09","PRLA","PRLA.AOS.riparian.point.03","2020-06-15","PRLA.20200615.EPILITHON.3.CNSA.1","A00000138194","condition ok","SIRFER Lab at University of Utah","2021-04-02","ElFtGy1kV49xqNP00HfxQA==","CNS","1",2,25,100,,,,,,,,"sulfur",1569.37,"microgramsPerLiter","SIRFER_algalPlantChem_isotopes_V1","Revesz & Coplen 2012b","N",,
"5f060ede-69e7-4b2e-bf7c-53e07ea21bf3","D09","PRLA","PRLA.AOS.riparian.point.05","2020-06-15","PRLA.20200615.EPILITHON.5.CNSA.1","A00000138189","condition ok","SIRFER Lab at University of Utah","2021-04-02","ElFtGy1kV49xqNP00HfxQA==","CNS","1",2,25,100,,,,,,,,"d34S",-2.00,"perMill","SIRFER_algalPlantChem_isotopes_V1","Revesz & Coplen 2012b","N",,
"6f1e0380-43c2-4c7f-86af-febe6cb5b738","D09","PRLA","PRLA.AOS.buoy.c0","2020-06-15","PRLA.20200615.PHYTOPLANKTON.3.CNSA.1","A00000138175","condition ok","SIRFER Lab at University of Utah","2021-04-02","ElFtGy1kV49xqNP00HfxQA==","CNS","1",300,25,100,,,,,,,,"carbon",769.30,"microgramsPerLiter","SIRFER_algalPlantChem_isotopes_V1","Revesz & Coplen 2012a","N",,
"271a2d9d-5180-4636-9083-426f156162e8","D09","PRLA","PRLA.AOS.riparian.point.11","2020-06-15","PRLA.20200615.EPILITHON.11.CNSA.1","A00000050144","condition ok","SIRFER Lab at University of Utah","2021-04-02","ElFtGy1kV49xqNP00HfxQA==","CNS","1",2,25,100,,,,,,,,"carbon",295686.19,"microgramsPerLiter","SIRFER_algalPlantChem_isotopes_V1","Revesz & Coplen 2012a","N",,
"03ca2b65-696b-4334-bf88-7892f2452b2a","D09","PRLA","PRLA.AOS.riparian.point.05","2020-06-15","PRLA.20200615.EPILITHON.5.CNSB.1","A00000138190","condition ok","SIRFER Lab at University of Utah","2021-04-27","ElFtGy1kV49xqNP00HfxQA==","CNS","1",2,25,100,,,,,,,,"d13C",-20.05,"perMill","SIRFER_algalPlantChem_isotopes_V1","Revesz & Coplen 2012a","Y",,
"5f5f8bbc-189a-45d2-9642-615ccd4eb7c7","D09","PRLA","PRLA.AOS.riparian.point.07","2020-06-15","PRLA.20200615.EPILITHON.7.CNSA.1","A00000138180","condition ok","SIRFER Lab at University of Utah","2021-04-02","ElFtGy1kV49xqNP00HfxQA==","CNS","1",4,25,100,,,,,,,,"carbon",120758.26,"microgramsPerLiter","SIRFER_algalPlantChem_isotopes_V1","Revesz & Coplen 2012a","N",,
"360b310e-caba-42c1-8754-c1a8c58e3aa5","D09","PRLA","PRLA.AOS.riparian.point.07","2020-06-15","PRLA.20200615.EPILITHON.7.CNSA.1","A00000138180","condition ok","SIRFER Lab at University of Utah","2021-04-02","ElFtGy1kV49xqNP00HfxQA==","CNS","1",4,25,100,,,,,,,,"sulfur",472.84,"microgramsPerLiter","SIRFER_algalPlantChem_isotopes_V1","Revesz & Coplen 2012b","N",,
"20659edc-99b8-484f-9aba-24547f76cc9f","D09","PRLA","PRLA.AOS.littoral1","2020-06-15","PRLA.20200615.PHYTOPLANKTON.1.CNSB.1","A00000138185","condition ok","SIRFER Lab at University of Utah","2021-04-27","ElFtGy1kV49xqNP00HfxQA==","CNS","1",300,25,100,,,,,,,,"d13C",-28.72,"perMill","SIRFER_algalPlantChem_isotopes_V1","Revesz & Coplen 2012a","Y",,
"6d3ef38b-5703-4bfa-8594-3c0a3e31a1ac","D09","PRLA","PRLA.AOS.riparian.point.03","2020-06-15","PRLA.20200615.EPILITHON.3.CNSA.1","A00000138194","condition ok","SIRFER Lab at University of Utah","2021-04-02","ElFtGy1kV49xqNP00HfxQA==","CNS","1",2,25,100,,,,,,,,"carbon",265764.36,"microgramsPerLiter","SIRFER_algalPlantChem_isotopes_V1","Revesz & Coplen 2012a","N",,
"df341fc6-1f35-4da4-b2b8-a77ff9ac103c","D09","PRLA","PRLA.AOS.littoral1","2020-06-15","PRLA.20200615.PHYTOPLANKTON.1.CNSA.1","A00000138184","condition ok","SIRFER Lab at University of Utah","2021-04-02","ElFtGy1kV49xqNP00HfxQA==","CNS","1",300,25,100,,,,,,,,"d15N",7.97,"perMill","SIRFER_algalPlantChem_isotopes_V1","Revesz & Coplen 2012a","N",,
"d7c38f01-2f4b-458d-9742-a2dc8f7f1965","D09","PRLA","PRLA.AOS.riparian.point.11","2020-06-15","PRLA.20200615.EPILITHON.11.CNSA.1","A00000050144","condition ok","SIRFER Lab at University of Utah","2021-04-02","ElFtGy1kV49xqNP00HfxQA==","CNS","1",2,25,100,,,,,,,,"d13C",-9.97,"perMill","SIRFER_algalPlantChem_isotopes_V1","Revesz & Coplen 2012a","N",,
"655d789a-ee01-472f-94f2-cd6aa23f4a2f","D09","PRLA","PRLA.AOS.riparian.point.11","2020-06-15","PRLA.20200615.EPILITHON.11.CNSB.1","A00000050145","condition ok","SIRFER Lab at University of Utah","2021-04-27","ElFtGy1kV49xqNP00HfxQA==","CNS","1",2,25,100,,,,,,,,"d13C",-20.62,"perMill","SIRFER_algalPlantChem_isotopes_V1","Revesz & Coplen 2012a","Y",,
"e61ee21a-8360-447a-a2fe-997e54db2587","D09","PRLA","PRLA.AOS.riparian.point.07","2020-06-15","PRLA.20200615.EPILITHON.7.CNSA.1","A00000138180","condition ok","SIRFER Lab at University of Utah","2021-04-02","ElFtGy1kV49xqNP00HfxQA==","CNS","1",4,25,100,,,,,,,,"nitrogen",5871.64,"microgramsPerLiter","SIRFER_algalPlantChem_isotopes_V1","Revesz & Coplen 2012a","N",,
"23feaf08-689e-4daf-bd34-ec902f5dc02c","D09","PRLA","PRLA.AOS.riparian.point.11","2020-06-15","PRLA.20200615.EPILITHON.11.CNSA.1","A00000050144","condition ok","SIRFER Lab at University of Utah","2021-04-02","ElFtGy1kV49xqNP00HfxQA==","CNS","1",2,25,100,,,,,,,,"d15N",4.98,"perMill","SIRFER_algalPlantChem_isotopes_V1","Revesz & Coplen 2012a","N",,
"a0bfbde4-5e4e-490b-b57b-1b48b89a768b","D09","PRLA","PRLA.AOS.riparian.point.05","2020-06-15","PRLA.20200615.EPILITHON.5.CHL/PHEO.1","A00000138187","condition ok","Great Lakes Environmental Center, Inc.","2020-06-18","4CajRO/thb0=","chlorophyll/pheophytin","1",2,25,100,1,7,416.0920,,,0.6120,0.1520,"chlorophyll a",794.54,"microgramsPerLiter","GLEC_algalChlorophyll_V1","APHA 10200H",,,
"b249526a-c804-4152-ad0b-bc82cba1961a","D09","PRLA","PRLA.AOS.buoy.c0","2020-06-15","PRLA.20200615.PHYTOPLANKTON.3.CHL/PHEO.1","A00000138173","condition ok","Great Lakes Environmental Center, Inc.","2020-06-18","4CajRO/thb0=","chlorophyll/pheophytin","1",250,25,100,1,7,416.0920,,,0.3530,0.1030,"pheophytin",4.20,"microgramsPerLiter","GLEC_algalChlorophyll_V1","APHA 10200H",,,
"3238667d-6877-4307-b593-dd772114ca25","D09","PRLA","PRLA.AOS.littoral1","2020-06-15","PRLA.20200615.PHYTOPLANKTON.1.CHL/PHEO.1","A00000138182","condition ok","Great Lakes Environmental Center, Inc.","2020-06-18","4CajRO/thb0=","chlorophyll/pheophytin","1",250,25,100,1,7,416.0920,,,0.3000,0.1020,"chlorophyll a",2.74,"microgramsPerLiter","GLEC_algalChlorophyll_V1","APHA 10200H",,,
"4baed56b-ee9a-4c1e-a5e0-1dccfa46593f","D09","PRLA","PRLA.AOS.riparian.point.09","2020-06-15","PRLA.20200615.EPILITHON.9.CHL/PHEO.1","A00000050147","condition ok","Great Lakes Environmental Center, Inc.","2020-06-18","4CajRO/thb0=","chlorophyll/pheophytin","1",3,25,100,1,7,416.0920,,,0.7180,0.2390,"pheophytin",927.69,"microgramsPerLiter","GLEC_algalChlorophyll_V1","APHA 10200H",,,
"f2a06834-6d44-4599-8021-9718332a84d7","D09","PRLA","PRLA.AOS.riparian.point.03","2020-06-15","PRLA.20200615.EPILITHON.3.REP2.CHL/PHEO.2","A00000138196","condition ok","Great Lakes Environmental Center, Inc.","2020-06-18","4CajRO/thb0=","chlorophyll/pheophytin","2",2,25,100,1,7,416.0920,,,0.5040,0.1100,"pheophytin",340.70,"microgramsPerLiter","GLEC_algalChlorophyll_V1","APHA 10200H",,,
"29c52dc1-4f77-4a00-b9c6-db61456f6882","D09","PRLA","PRLA.AOS.riparian.point.11","2020-06-15","PRLA.20200615.EPILITHON.11.CHL/PHEO.1","A00000050142","condition ok","Great Lakes Environmental Center, Inc.","2020-06-18","4CajRO/thb0=","chlorophyll/pheophytin","1",2,25,100,1,7,416.0920,,,0.5010,0.0960,"pheophytin",191.73,"microgramsPerLiter","GLEC_algalChlorophyll_V1","APHA 10200H",,,
"f7148fb9-98fd-4e76-a083-bab05d3b0c45","D09","PRLA","PRLA.AOS.buoy.c0","2020-06-15","PRLA.20200615.PHYTOPLANKTON.3.CHL/PHEO.1","A00000138173","condition ok","Great Lakes Environmental Center, Inc.","2020-06-18","4CajRO/thb0=","chlorophyll/pheophytin","1",250,25,100,1,7,416.0920,,,0.3530,0.1030,"chlorophyll a",3.45,"microgramsPerLiter","GLEC_algalChlorophyll_V1","APHA 10200H",,,
"ec8a5dfe-ba49-417b-9164-16dcafc4e864","D09","PRLA","PRLA.AOS.littoral2","2020-06-15","PRLA.20200615.PHYTOPLANKTON.2.CHL/PHEO.1","A00000138200","condition ok","Great Lakes Environmental Center, Inc.","2020-06-18","4CajRO/thb0=","chlorophyll/pheophytin","1",250,25,100,1,7,416.0920,,,0.3580,0.1540,"pheophytin",8.62,"microgramsPerLiter","GLEC_algalChlorophyll_V1","APHA 10200H",,,
"65f3df27-2504-4a45-ba05-c03bb5dcedca","D09","PRLA","PRLA.AOS.riparian.point.11","2020-06-15","PRLA.20200615.EPILITHON.11.CHL/PHEO.1","A00000050142","condition ok","Great Lakes Environmental Center, Inc.","2020-06-18","4CajRO/thb0=","chlorophyll/pheophytin","1",2,25,100,1,7,416.0920,,,0.5010,0.0960,"chlorophyll a",699.54,"microgramsPerLiter","GLEC_algalChlorophyll_V1","APHA 10200H",,,
"f35499f4-8d16-4530-991b-ac0759cda53a","D09","PRLA","PRLA.AOS.riparian.point.03","2020-06-15","PRLA.20200615.EPILITHON.3.CHL/PHEO.1","A00000138192","condition ok","Great Lakes Environmental Center, Inc.","2020-06-18","4CajRO/thb0=","chlorophyll/pheophytin","1",2,25,100,1,7,416.0920,,,0.5240,0.1050,"chlorophyll a",723.72,"microgramsPerLiter","GLEC_algalChlorophyll_V1","APHA 10200H",,,
"85781c16-6768-4ad1-98cf-958f77ebe6dc","D09","PRLA","PRLA.AOS.riparian.point.03","2020-06-15","PRLA.20200615.EPILITHON.3.REP2.CHL/PHEO.2","A00000138196","condition ok","Great Lakes Environmental Center, Inc.","2020-06-18","4CajRO/thb0=","chlorophyll/pheophytin","2",2,25,100,1,7,416.0920,,,0.5040,0.1100,"chlorophyll a",680.54,"microgramsPerLiter","GLEC_algalChlorophyll_V1","APHA 10200H",,,
"23499914-57c0-4803-965d-09c10a7b57f4","D09","PRLA","PRLA.AOS.littoral2","2020-06-15","PRLA.20200615.PHYTOPLANKTON.2.CHL/PHEO.1","A00000138200","condition ok","Great Lakes Environmental Center, Inc.","2020-06-18","4CajRO/thb0=","chlorophyll/pheophytin","1",250,25,100,1,7,416.0920,,,0.3580,0.1540,"chlorophyll a",2.82,"microgramsPerLiter","GLEC_algalChlorophyll_V1","APHA 10200H",,,
"162e6485-5d0e-4d50-bfce-5bb5698dba04","D09","PRLA","PRLA.AOS.riparian.point.07","2020-06-15","PRLA.20200615.EPILITHON.7.CHL/PHEO.1","A00000138178","condition ok","Great Lakes Environmental Center, Inc.","2020-06-18","4CajRO/thb0=","chlorophyll/pheophytin","1",4,25,100,1,7,416.0920,,,0.3600,0.1270,"pheophytin",388.31,"microgramsPerLiter","GLEC_algalChlorophyll_V1","APHA 10200H",,,
"dbdb3038-7b15-49f1-be37-71648cfafe29","D09","PRLA","PRLA.AOS.riparian.point.03","2020-06-15","PRLA.20200615.EPILITHON.3.CHL/PHEO.1","A00000138192","condition ok","Great Lakes Environmental Center, Inc.","2020-06-18","4CajRO/thb0=","chlorophyll/pheophytin","1",2,25,100,1,7,416.0920,,,0.5240,0.1050,"pheophytin",251.10,"microgramsPerLiter","GLEC_algalChlorophyll_V1","APHA 10200H",,,
"209645f4-b964-4966-b530-016d6d2d439a","D09","PRLA","PRLA.AOS.riparian.point.09","2020-06-15","PRLA.20200615.EPILITHON.9.CHL/PHEO.1","A00000050147","condition ok","Great Lakes Environmental Center, Inc.","2020-06-18","4CajRO/thb0=","chlorophyll/pheophytin","1",3,25,100,1,7,416.0920,,,0.7180,0.2390,"chlorophyll a",551.57,"microgramsPerLiter","GLEC_algalChlorophyll_V1","APHA 10200H",,,
"b39c2384-e5c6-48f4-83f9-ed1d551ede0c","D09","PRLA","PRLA.AOS.littoral1","2020-06-15","PRLA.20200615.PHYTOPLANKTON.1.CHL/PHEO.1","A00000138182","condition ok","Great Lakes Environmental Center, Inc.","2020-06-18","4CajRO/thb0=","chlorophyll/pheophytin","1",250,25,100,1,7,416.0920,,,0.3000,0.1020,"pheophytin",4.84,"microgramsPerLiter","GLEC_algalChlorophyll_V1","APHA 10200H",,,
"ee6a8f65-18c4-447a-800e-e03f3745557c","D09","PRLA","PRLA.AOS.riparian.point.07","2020-06-15","PRLA.20200615.EPILITHON.7.CHL/PHEO.1","A00000138178","condition ok","Great Lakes Environmental Center, Inc.","2020-06-18","4CajRO/thb0=","chlorophyll/pheophytin","1",4,25,100,1,7,416.0920,,,0.3600,0.1270,"chlorophyll a",201.23,"microgramsPerLiter","GLEC_algalChlorophyll_V1","APHA 10200H",,,
"1a00f283-b5d7-4753-afc6-040687648b45","D09","PRLA","PRLA.AOS.riparian.point.05","2020-06-15","PRLA.20200615.EPILITHON.5.CHL/PHEO.1","A00000138187","condition ok","Great Lakes Environmental Center, Inc.","2020-06-18","4CajRO/thb0=","chlorophyll/pheophytin","1",2,25,100,1,7,416.0920,,,0.6120,0.1520,"pheophytin",616.63,"microgramsPerLiter","GLEC_algalChlorophyll_V1","APHA 10200H",,,
