uid,domainID,siteID,namedLocation,aquaticSiteType,decimalLatitude,decimalLongitude,coordinateUncertainty,elevation,elevationUncertainty,geodeticDatum,collectDate,eventID,parentSampleID,parentSampleCode,samplingImpractical,biophysicalCriteria,affectedByWind,habitatType,algalSampleType,benthicArea,samplingProtocolVersion,phytoDepth1,phytoDepth2,phytoDepth3,substratumSizeClass,remarks,recordedBy,collectedBy,dataQF
"0b2cd609-465d-4577-8731-b4c119bb0409","D09","PRLA","PRLA.AOS.riparian.point.03","lake",47.161713,-99.115755,0.1,564.4,0.1,"WGS84","2020-06-15T15:09Z","PRLA.20200615","PRLA.20200615.EPILITHON.3",,,"OK - no known exceptions",,"littoral","epilithon",0.002406,"NEON.DOC.003045vE",,,,,,"0000-0002-1892-7221","0000-0003-4092-4649",
"dc635321-f3e7-4911-989c-6debc6e5cf23","D09","PRLA","PRLA.AOS.littoral1","lake",47.159093,-99.114228,1.1,562.4,1.0,"WGS84","2020-06-15T15:09Z","PRLA.20200615","PRLA.20200615.PHYTOPLANKTON.1",,,"OK - no known exceptions","N","pelagic","phytoplankton",,"NEON.DOC.003045vE",0.5,1.7,,,,"0000-0002-1892-7221","0000-0003-4092-4649",
"81718089-74b5-499d-9213-e6031c76495c","D09","PRLA","PRLA.AOS.buoy.c0","lake",47.159718,-99.118723,10.0,561.0,10.0,"WGS84","2020-06-15T15:09Z","PRLA.20200615","PRLA.20200615.PHYTOPLANKTON.3",,,"OK - no known exceptions","N","pelagic","phytoplankton",,"NEON.DOC.003045vE",0.5,2.5,,,,"0000-0002-1892-7221","0000-0003-4092-4649",
"c54f39f7-fd5b-4c31-9759-5b8a5c1a4178","D09","PRLA","PRLA.AOS.riparian.point.09","lake",47.158039,-99.119199,0.1,564.7,0.1,"WGS84","2020-06-15T15:09Z","PRLA.20200615","PRLA.20200615.EPILITHON.9",,,"OK - no known exceptions",,"littoral","epilithon",0.002406,"NEON.DOC.003045vE",,,,,,"0000-0002-1892-7221","0000-0003-4092-4649",
"26988625-4387-4aca-856e-c2fb7d62ef34","D09","PRLA","PRLA.AOS.riparian.point.11","lake",47.157178,-99.123745,0.1,563.9,0.1,"WGS84","2020-06-15T15:09Z","PRLA.20200615","PRLA.20200615.EPILITHON.11",,,"OK - no known exceptions",,"littoral","epilithon",0.002406,"NEON.DOC.003045vE",,,,,,"0000-0002-1892-7221","0000-0003-4092-4649",
"6487b13f-474e-4356-abde-6778c3c38703","D09","PRLA","PRLA.AOS.riparian.point.07","lake",47.158533,-99.114713,0.1,564.6,0.1,"WGS84","2020-06-15T15:09Z","PRLA.20200615","PRLA.20200615.EPILITHON.7",,,"OK - no known exceptions",,"littoral","epilithon",0.002406,"NEON.DOC.003045vE",,,,,,"0000-0002-1892-7221","0000-0003-4092-4649",
"061dae6f-eae8-4d4e-ad3c-2e53b4d0d87b","D09","PRLA","PRLA.AOS.riparian.point.05","lake",47.161979,-99.113416,0.1,564.3,0.1,"WGS84","2020-06-15T15:09Z","PRLA.20200615","PRLA.20200615.EPILITHON.5",,,"OK - no known exceptions",,"littoral","epilithon",0.002406,"NEON.DOC.003045vE",,,,,,"0000-0002-1892-7221","0000-0003-4092-4649",
"6c690b24-f098-4aab-875b-27b4ba0bdd4b","D09","PRLA","PRLA.AOS.littoral2","lake",47.160850,-99.120215,1.1,562.3,1.0,"WGS84","2020-06-15T15:09Z","PRLA.20200615","PRLA.20200615.PHYTOPLANKTON.2",,,"OK - no known exceptions","N","pelagic","phytoplankton",,"NEON.DOC.003045vE",0.5,0.9,,,,"0000-0002-1892-7221","0000-0003-4092-4649",
