uid,domainID,siteID,namedLocation,sampleID,sampleCode,startDate,collectDate,laboratoryName,analyte,analyteConcentration,analyteUnits,coolerTemp,remarks,shipmentWarmQF,externalLabDataQF,sampleCondition
"65bb4ef1-d65d-45fa-a317-aad2e1a24636","D03","BARC","BARC.AOS.buoy.c0","BARC.C0.20201013.FIL.NUT","A00000131658","2020-10-13T12:34Z","2020-10-13T12:34Z","Florida International University","NO3+NO2 - N",0.0022,"milligramsPerLiter",-1.0,,0,,"OK"
"b9b85ce3-679a-4c4b-a433-0e7dbb3d4fbb","D03","BARC","BARC.AOS.buoy.c0","BARC.C0.20201013.FIL.NUT","A00000131658","2020-10-13T12:34Z","2020-10-13T12:34Z","Florida International University","NO2 - N",0.0001,"milligramsPerLiter",-1.0,,0,,"OK"
"8eaf373c-2730-46a2-beda-53bd7cc782ed","D03","BARC","BARC.AOS.buoy.c0","BARC.C0.20201013.FIL.NUT","A00000131658","2020-10-13T12:34Z","2020-10-13T12:34Z","Florida International University","NH4 - N",0.0058,"milligramsPerLiter",-1.0,,0,,"OK"
"8ee80344-7c7e-4a07-b8e8-e9f68c748959","D03","BARC","BARC.AOS.buoy.c0","BARC.C0.20201013.FIL.NUT","A00000131658","2020-10-13T12:34Z","2020-10-13T12:34Z","Florida International University","Ortho - P",0.0000,"milligramsPerLiter",-1.0,,0,,"OK"
"0e4aa66b-d8f3-4c73-bd08-6dc7b1438072","D03","BARC","BARC.AOS.buoy.c0","BARC.C0.20201013.FIL.NUT","A00000131658","2020-10-13T12:34Z","2020-10-13T12:34Z","Florida International University","TDP",0.0043,"milligramsPerLiter",-1.0,,0,,"OK"
"b04ba528-d343-4c98-9719-56c7ff4b5638","D03","BARC","BARC.AOS.buoy.c0","BARC.C0.20201013.RAW.NUT","A00000131659","2020-10-13T12:34Z","2020-10-13T12:34Z","Florida International University","TP",0.0060,"milligramsPerLiter",-1.0,,0,,"OK"
"294dacf3-4ce2-4605-b823-ec82cea2bbd0","D03","BARC","BARC.AOS.buoy.c0","BARC.C0.20201013.FIL","A00000131656","2020-10-13T12:34Z","2020-10-13T12:34Z","EcoCore_CSU","F",0.0132,"milligramsPerLiter",4.3,,0,,"Cold Chain Broken During Storage|Hold Time Exceeded"
"f0d79ad6-fc4c-4103-91fc-8711a82410f9","D03","BARC","BARC.AOS.buoy.c0","BARC.C0.20201013.FIL","A00000131656","2020-10-13T12:34Z","2020-10-13T12:34Z","EcoCore_CSU","Br",0.0671,"milligramsPerLiter",4.3,,0,,"Cold Chain Broken During Storage|Hold Time Exceeded"
"d83b1111-d35f-4cc6-811d-d7ad2116ed2c","D03","BARC","BARC.AOS.buoy.c0","BARC.C0.20201013.FIL","A00000131656","2020-10-13T12:34Z","2020-10-13T12:34Z","EcoCore_CSU","Cl",0.1954,"milligramsPerLiter",4.3,,0,,"Cold Chain Broken During Storage|Hold Time Exceeded"
"284ffcd6-d145-4a09-b041-3753e47d64a5","D03","BARC","BARC.AOS.buoy.c0","BARC.C0.20201013.FIL","A00000131656","2020-10-13T12:34Z","2020-10-13T12:34Z","EcoCore_CSU","SO4",2.6118,"milligramsPerLiter",4.3,,0,,"Cold Chain Broken During Storage|Hold Time Exceeded"
"1ba1c111-af95-4b6d-970a-04575c44be04","D03","BARC","BARC.AOS.buoy.c0","BARC.C0.20201013.FIL","A00000131656","2020-10-13T12:34Z","2020-10-13T12:34Z","EcoCore_CSU","Mn",0.0290,"milligramsPerLiter",4.3,,0,,"Hold Time Exceeded"
"67f06e34-bcf6-4793-aa51-af3d0919d3a2","D03","BARC","BARC.AOS.buoy.c0","BARC.C0.20201013.FIL","A00000131656","2020-10-13T12:34Z","2020-10-13T12:34Z","EcoCore_CSU","Ca",0.0410,"milligramsPerLiter",4.3,,0,,"Hold Time Exceeded"
"28240d63-962b-4c46-bf32-7ea07e7efedb","D03","BARC","BARC.AOS.buoy.c0","BARC.C0.20201013.FIL","A00000131656","2020-10-13T12:34Z","2020-10-13T12:34Z","EcoCore_CSU","Fe",0.0090,"milligramsPerLiter",4.3,,0,,"Hold Time Exceeded"
"ae9f4c19-f08e-4fb3-bfa6-257bff4f7dde","D03","BARC","BARC.AOS.buoy.c0","BARC.C0.20201013.FIL","A00000131656","2020-10-13T12:34Z","2020-10-13T12:34Z","EcoCore_CSU","Si",0.1890,"milligramsPerLiter",4.3,,0,,"Hold Time Exceeded"
"ffd71a79-2f98-4bad-b039-d8b556fb891c","D03","BARC","BARC.AOS.buoy.c0","BARC.C0.20201013.FIL","A00000131656","2020-10-13T12:34Z","2020-10-13T12:34Z","EcoCore_CSU","Na",0.2510,"milligramsPerLiter",4.3,,0,,"Hold Time Exceeded"
"90d5bede-2c32-4ad8-98cb-cb8f12553d5e","D03","BARC","BARC.AOS.buoy.c0","BARC.C0.20201013.FIL","A00000131656","2020-10-13T12:34Z","2020-10-13T12:34Z","EcoCore_CSU","Mg",0.5140,"milligramsPerLiter",4.3,,0,,"Hold Time Exceeded"
"c42d9040-09a6-4042-b4b5-195233d970ea","D03","BARC","BARC.AOS.buoy.c0","BARC.C0.20201013.FIL","A00000131656","2020-10-13T12:34Z","2020-10-13T12:34Z","EcoCore_CSU","K",0.1560,"milligramsPerLiter",4.3,,0,,"Hold Time Exceeded"
"d8e423ea-3659-4ca7-8206-2db79e275c94","D03","BARC","BARC.AOS.buoy.c0","BARC.C0.20201013.RAW","A00000131657","2020-10-13T12:34Z","2020-10-13T12:34Z","EcoCore_CSU","pH",,"pH",4.3,,0,,"Cold Chain Broken"
"0186c91e-5b21-4f8b-8aa9-4fa78629988a","D03","BARC","BARC.AOS.buoy.c0","BARC.C0.20201013.FIL","A00000131656","2020-10-13T12:34Z","2020-10-13T12:34Z","EcoCore_CSU","HCO3",,"milligramsPerLiter",4.3,,0,,"Cold Chain Broken"
"d1f9b780-1fa9-48af-962d-0091b74ffe98","D03","BARC","BARC.AOS.buoy.c0","BARC.C0.20201013.FIL","A00000131656","2020-10-13T12:34Z","2020-10-13T12:34Z","EcoCore_CSU","CO3",,"milligramsPerLiter",4.3,,0,,"Cold Chain Broken"
"f0737773-7b84-48f7-96a3-b7c3f2041179","D03","BARC","BARC.AOS.buoy.c0","BARC.C0.20201013.RAW","A00000131657","2020-10-13T12:34Z","2020-10-13T12:34Z","EcoCore_CSU","TSS",,"milligramsPerLiter",4.3,,0,,"Cold Chain Broken"
"7cef178a-a12f-4bab-ae4e-6816082d9e52","D03","BARC","BARC.AOS.buoy.c0","BARC.C0.20201013.RAW","A00000131657","2020-10-13T12:34Z","2020-10-13T12:34Z","EcoCore_CSU","TSS - Dry Mass",,"microgram",4.3,,0,,"Cold Chain Broken"
"a4af560c-3d4d-434e-aa92-5e40eae74181","D03","BARC","BARC.AOS.buoy.c0","BARC.C0.20201013.FIL","A00000131656","2020-10-13T12:34Z","2020-10-13T12:34Z","EcoCore_CSU","TDS",,"milligramsPerLiter",4.3,,0,,"Cold Chain Broken"
"29b8efe9-d3b3-4c13-adeb-9a5ec36c4767","D03","BARC","BARC.AOS.buoy.c0","BARC.C0.20201013.RAW","A00000131657","2020-10-13T12:34Z","2020-10-13T12:34Z","EcoCore_CSU","TOC",2.1160,"milligramsPerLiter",4.3,,0,,"OK"
"53cbcceb-41e6-4d42-a3fc-56b3764f8568","D03","BARC","BARC.AOS.buoy.c0","BARC.C0.20201013.FIL","A00000131656","2020-10-13T12:34Z","2020-10-13T12:34Z","EcoCore_CSU","DOC",2.7000,"milligramsPerLiter",4.3,,0,,"OK"
"f2f7b4f3-c01c-41e4-a5ef-e46bcf806caf","D03","BARC","BARC.AOS.buoy.c0","BARC.C0.20201013.FIL","A00000131656","2020-10-13T12:34Z","2020-10-13T12:34Z","EcoCore_CSU","DIC",0.8090,"milligramsPerLiter",4.3,,0,,"OK"
"9019bbb3-4140-4b29-a05f-aa9c3c9d0846","D03","BARC","BARC.AOS.buoy.c0","BARC.C0.20201013.FIL","A00000131656","2020-10-13T12:34Z","2020-10-13T12:34Z","EcoCore_CSU","TDN",0.1222,"milligramsPerLiter",4.3,,0,,"OK"
"b5ff3611-3626-436b-ad39-b15b3b92bd09","D03","BARC","BARC.AOS.buoy.c0","BARC.C0.20201013.RAW","A00000131657","2020-10-13T12:34Z","2020-10-13T12:34Z","EcoCore_CSU","TN",0.2102,"milligramsPerLiter",4.3,,0,,"OK"
"8ae74787-4418-4f75-ad5a-aa032e6c6e61","D03","BARC","BARC.AOS.buoy.c0","BARC.C0.20201013.FIL","A00000131656","2020-10-13T12:34Z","2020-10-13T12:34Z","EcoCore_CSU","UV Absorbance (280 nm)",0.0236,,4.3,,0,,"OK"
"9b97a548-7757-45c8-ad68-052edbbcaf6f","D03","BARC","BARC.AOS.buoy.c0","BARC.C0.20201013.FIL","A00000131656","2020-10-13T12:34Z","2020-10-13T12:34Z","EcoCore_CSU","UV Absorbance (254 nm)",0.0332,,4.3,,0,,"OK"
