uid,domainID,siteID,namedLocation,collectDate,parentSampleID,parentSampleCode,isotopePOMRep2SampleCond,isotopePOMRep2SampleID,isotopePOMRep2SampleCode,isotopePOMSampleCond,isotopePOMSampleID,isotopePOMSampleCode,processedDateFilters,sampleVolumeFilteredPOMRep1,sampleVolumeFilteredPOMRep2,fieldDataQF
"cc55539c-5eb1-4eb0-b567-59004e99e561","D05","LIRO","LIRO.AOS.buoy.c1","2020-10-05T15:42Z","LIRO.C1.20201005",,"Sample condition ok","LIRO.C1.20201005.POM.2","A00000204406","Sample condition ok","LIRO.C1.20201005.POM.1","A00000204405","2020-10-05T19:25Z",150,150,
"58cec268-1417-41af-81f7-b4fc60350ec6","D05","LIRO","LIRO.AOS.buoy.c1","2020-10-05T15:42Z","LIRO.C1.20201005",,,,,,,,,,,
"5aa4d674-f1f1-4d8e-9041-76c337874cd4","D05","LIRO","LIRO.AOS.buoy.c1","2020-10-05T15:42Z","LIRO.C1.20201005",,,,,,,,,,,
"513dec1c-e041-4a29-a8bc-eaafab66e1fd","D05","LIRO","LIRO.AOS.buoy.c0","2020-10-27T18:58Z","LIRO.C0.20201027",,"Sample condition ok","LIRO.C0.20201027.POM.2","A00000204386","Sample condition ok","LIRO.C0.20201027.POM.1","A00000204384","2020-10-27T21:06Z",100,100,
