uid,domainID,siteID,namedLocation,collectDate,parentSampleID,sampleCondition,sampleID,replicateNumber,processedDate,processedDateFilters,sampleVolumeFiltered,shipmentTimeRange,filtSampleCond,filtSampleID,filtSampleCode,filtNutSampleCond,filtNutSampleID,filtNutSampleBarcode,rawSampleCond,rawSampleID,rawSampleCode,rawNutSampleCond,rawNutSampleID,rawNutSampleBarcode,pcnSampleCond,pcnSampleID,pcnSampleCode,fieldDataQF
"b91f73ae-296f-4f97-bc8e-750243f9230d","D05","LIRO","LIRO.AOS.buoy.c1","2020-10-05T15:42Z","LIRO.C1.20201005","Sample condition ok","LIRO.C1.20201005",1,"2020-10-05T18:28Z","2020-10-05T19:32Z",150.0,"within 24 to 72 hours of collection","Sample condition ok","LIRO.C1.20201005.FIL","A00000204272","Sample condition ok","LIRO.C1.20201005.FIL.NUT","B00000062792","Sample condition ok","LIRO.C1.20201005.RAW","A00000204291","Sample condition ok","LIRO.C1.20201005.RAW.NUT","B00000062355",,,,
"b434b5c5-bbd7-4eb6-9308-9ab445330470","D05","LIRO","LIRO.AOS.buoy.c1","2020-10-05T15:42Z","LIRO.C1.20201005",,"LIRO.C1.20201005.3",3,"2020-10-05T18:44Z","2020-10-05T19:37Z",150.0,"within 24 to 72 hours of collection","Sample condition ok","LIRO.C1.20201005.FIL.3","A00000204270",,,,"Sample condition ok","LIRO.C1.20201005.RAW.3","A00000204287",,,,,,,
"7dde7a06-d87c-418c-bd61-9feaa7f9f8ab","D05","LIRO","LIRO.AOS.buoy.c1","2020-10-05T15:42Z","LIRO.C1.20201005",,"LIRO.C1.20201005.2",2,"2020-10-05T18:42Z","2020-10-05T19:33Z",150.0,"within 24 to 72 hours of collection","Sample condition ok","LIRO.C1.20201005.FIL.2","A00000204303",,,,"Sample condition ok","LIRO.C1.20201005.RAW.2","A00000204294",,,,,,,
"af035732-dab0-47ca-9875-f690067c9ff3","D05","LIRO","LIRO.AOS.buoy.c0","2020-10-27T18:58Z","LIRO.C0.20201027","Sample condition ok","LIRO.C0.20201027",1,"2020-10-27T21:07Z","2020-10-27T21:06Z",100.0,"within 24 hours of collection","Sample condition ok","LIRO.C0.20201027.FIL","A00000205143","Sample condition ok","LIRO.C0.20201027.FIL.NUT","B00000062927","Sample condition ok","LIRO.C0.20201027.RAW","A00000205153","Sample condition ok","LIRO.C0.20201027.RAW.NUT","B00000062926",,,,
