uid,domainID,siteID,namedLocation,sampleID,sampleCode,startDate,collectDate,laboratoryName,analyte,analyteConcentration,analyteUnits,coolerTemp,remarks,shipmentWarmQF,externalLabDataQF,sampleCondition
"d63a148a-ae60-4d13-9ebc-497def08fbbf","D05","LIRO","LIRO.AOS.buoy.c1","LIRO.C1.20201005.FIL.3","A00000204270","2020-10-05T15:42Z","2020-10-05T15:42Z","EcoCore_CSU","F",0.0050,"milligramsPerLiter",4.0,,0,,"Cold Chain Broken During Storage|Hold Time Exceeded"
"231a774e-d36a-4df0-9f55-c7cb7e999ab1","D05","LIRO","LIRO.AOS.buoy.c1","LIRO.C1.20201005.FIL.2","A00000204303","2020-10-05T15:42Z","2020-10-05T15:42Z","EcoCore_CSU","Br",0.0050,"milligramsPerLiter",4.0,,0,,"Cold Chain Broken During Storage|Hold Time Exceeded"
"cab2adba-58af-48d3-9397-55392b742605","D05","LIRO","LIRO.AOS.buoy.c1","LIRO.C1.20201005.FIL","A00000204272","2020-10-05T15:42Z","2020-10-05T15:42Z","EcoCore_CSU","F",0.0590,"milligramsPerLiter",4.0,,0,,"Cold Chain Broken During Storage|Hold Time Exceeded"
"d1c97e52-d3ec-42b2-b681-610f1351d9dd","D05","LIRO","LIRO.AOS.buoy.c1","LIRO.C1.20201005.FIL","A00000204272","2020-10-05T15:42Z","2020-10-05T15:42Z","EcoCore_CSU","Br",0.0050,"milligramsPerLiter",4.0,,0,,"Cold Chain Broken During Storage|Hold Time Exceeded"
"2fb0d7a1-2f8d-4a21-9cd9-f7b0208f31bd","D05","LIRO","LIRO.AOS.buoy.c1","LIRO.C1.20201005.FIL.2","A00000204303","2020-10-05T15:42Z","2020-10-05T15:42Z","EcoCore_CSU","Cl",0.2709,"milligramsPerLiter",4.0,,0,,"Cold Chain Broken During Storage|Hold Time Exceeded"
"a49d2407-31cb-454a-b6b7-df02075a3c06","D05","LIRO","LIRO.AOS.buoy.c1","LIRO.C1.20201005.FIL.2","A00000204303","2020-10-05T15:42Z","2020-10-05T15:42Z","EcoCore_CSU","SO4",0.6033,"milligramsPerLiter",4.0,,0,,"Cold Chain Broken During Storage|Hold Time Exceeded"
"cbbbccd8-0dbf-4181-86b7-abde90fa89de","D05","LIRO","LIRO.AOS.buoy.c1","LIRO.C1.20201005.FIL.2","A00000204303","2020-10-05T15:42Z","2020-10-05T15:42Z","EcoCore_CSU","F",0.0050,"milligramsPerLiter",4.0,,0,,"Cold Chain Broken During Storage|Hold Time Exceeded"
"4ebd2e5b-782c-498e-b9eb-3b3f5672774f","D05","LIRO","LIRO.AOS.buoy.c1","LIRO.C1.20201005.FIL.3","A00000204270","2020-10-05T15:42Z","2020-10-05T15:42Z","EcoCore_CSU","Br",0.0050,"milligramsPerLiter",4.0,,0,,"Cold Chain Broken During Storage|Hold Time Exceeded"
"a05d848c-e515-4bc1-9330-5c49442563ab","D05","LIRO","LIRO.AOS.buoy.c1","LIRO.C1.20201005.FIL","A00000204272","2020-10-05T15:42Z","2020-10-05T15:42Z","EcoCore_CSU","Cl",0.4406,"milligramsPerLiter",4.0,,0,,"Cold Chain Broken During Storage|Hold Time Exceeded"
"a0fe9ab6-ef8a-441d-989f-a6e7374f4404","D05","LIRO","LIRO.AOS.buoy.c1","LIRO.C1.20201005.FIL","A00000204272","2020-10-05T15:42Z","2020-10-05T15:42Z","EcoCore_CSU","SO4",0.5706,"milligramsPerLiter",4.0,,0,,"Cold Chain Broken During Storage|Hold Time Exceeded"
"5f393580-4cad-43c6-8f11-95afe240868a","D05","LIRO","LIRO.AOS.buoy.c1","LIRO.C1.20201005.FIL.3","A00000204270","2020-10-05T15:42Z","2020-10-05T15:42Z","EcoCore_CSU","SO4",0.5607,"milligramsPerLiter",4.0,,0,,"Cold Chain Broken During Storage|Hold Time Exceeded"
"fe2cfdf1-e7d1-427e-bd9d-e9d6cac81825","D05","LIRO","LIRO.AOS.buoy.c1","LIRO.C1.20201005.FIL.3","A00000204270","2020-10-05T15:42Z","2020-10-05T15:42Z","EcoCore_CSU","Cl",0.3669,"milligramsPerLiter",4.0,,0,,"Cold Chain Broken During Storage|Hold Time Exceeded"
"a4ec05be-ade9-45a9-8210-60c09300d44d","D05","LIRO","LIRO.AOS.buoy.c1","LIRO.C1.20201005.FIL.3","A00000204270","2020-10-05T15:42Z","2020-10-05T15:42Z","EcoCore_CSU","Mg",0.2390,"milligramsPerLiter",4.0,,0,,"Hold Time Exceeded"
"2682daed-4ad1-4aa9-ab09-aceb8cb53cab","D05","LIRO","LIRO.AOS.buoy.c1","LIRO.C1.20201005.FIL.3","A00000204270","2020-10-05T15:42Z","2020-10-05T15:42Z","EcoCore_CSU","Mn",0.0005,"milligramsPerLiter",4.0,,0,,"Hold Time Exceeded"
"6037eab9-78a8-412d-8dc7-736bb3330647","D05","LIRO","LIRO.AOS.buoy.c1","LIRO.C1.20201005.FIL.2","A00000204303","2020-10-05T15:42Z","2020-10-05T15:42Z","EcoCore_CSU","Ca",0.0770,"milligramsPerLiter",4.0,,0,,"Hold Time Exceeded"
"18896fb8-91b2-4444-ad5d-f7048fba8cc1","D05","LIRO","LIRO.AOS.buoy.c1","LIRO.C1.20201005.FIL","A00000204272","2020-10-05T15:42Z","2020-10-05T15:42Z","EcoCore_CSU","Mn",0.0005,"milligramsPerLiter",4.0,,0,,"Hold Time Exceeded"
"1653aa46-2205-41cb-ac09-d8fb2e671c1c","D05","LIRO","LIRO.AOS.buoy.c1","LIRO.C1.20201005.FIL.3","A00000204270","2020-10-05T15:42Z","2020-10-05T15:42Z","EcoCore_CSU","K",0.3900,"milligramsPerLiter",4.0,,0,,"Hold Time Exceeded"
"59e94942-3e15-4d57-9b19-3766b3aadece","D05","LIRO","LIRO.AOS.buoy.c1","LIRO.C1.20201005.FIL.2","A00000204303","2020-10-05T15:42Z","2020-10-05T15:42Z","EcoCore_CSU","Si",0.1340,"milligramsPerLiter",4.0,,0,,"Hold Time Exceeded"
"69318c27-f30e-4276-b833-f6a377d275fe","D05","LIRO","LIRO.AOS.buoy.c1","LIRO.C1.20201005.FIL.2","A00000204303","2020-10-05T15:42Z","2020-10-05T15:42Z","EcoCore_CSU","Mn",0.0005,"milligramsPerLiter",4.0,,0,,"Hold Time Exceeded"
"f34a0da6-db46-437e-b1a5-0f37544c7840","D05","LIRO","LIRO.AOS.buoy.c1","LIRO.C1.20201005.FIL.3","A00000204270","2020-10-05T15:42Z","2020-10-05T15:42Z","EcoCore_CSU","Na",0.0320,"milligramsPerLiter",4.0,,0,,"Hold Time Exceeded"
"3b8f7b82-ca7e-407f-8a6f-c1d6c7d84d28","D05","LIRO","LIRO.AOS.buoy.c1","LIRO.C1.20201005.FIL.2","A00000204303","2020-10-05T15:42Z","2020-10-05T15:42Z","EcoCore_CSU","Na",0.0470,"milligramsPerLiter",4.0,,0,,"Hold Time Exceeded"
"ca0cef20-dda3-4fc1-9080-c46dd1cf7562","D05","LIRO","LIRO.AOS.buoy.c1","LIRO.C1.20201005.FIL","A00000204272","2020-10-05T15:42Z","2020-10-05T15:42Z","EcoCore_CSU","Ca",0.0730,"milligramsPerLiter",4.0,,0,,"Hold Time Exceeded"
"fd9dc84c-34a2-4675-8f28-cdb1996dda56","D05","LIRO","LIRO.AOS.buoy.c1","LIRO.C1.20201005.FIL","A00000204272","2020-10-05T15:42Z","2020-10-05T15:42Z","EcoCore_CSU","K",0.3810,"milligramsPerLiter",4.0,,0,,"Hold Time Exceeded"
"415c818a-4707-40be-89e2-90f5a570f832","D05","LIRO","LIRO.AOS.buoy.c1","LIRO.C1.20201005.FIL","A00000204272","2020-10-05T15:42Z","2020-10-05T15:42Z","EcoCore_CSU","Mg",0.2370,"milligramsPerLiter",4.0,,0,,"Hold Time Exceeded"
"9733c3d9-5323-49c8-b2fe-41a7b03f7a1f","D05","LIRO","LIRO.AOS.buoy.c1","LIRO.C1.20201005.FIL","A00000204272","2020-10-05T15:42Z","2020-10-05T15:42Z","EcoCore_CSU","Na",0.0280,"milligramsPerLiter",4.0,,0,,"Hold Time Exceeded"
"870e6e12-7009-45a9-8c12-c50c2c36fe18","D05","LIRO","LIRO.AOS.buoy.c1","LIRO.C1.20201005.FIL.2","A00000204303","2020-10-05T15:42Z","2020-10-05T15:42Z","EcoCore_CSU","Fe",0.0320,"milligramsPerLiter",4.0,,0,,"Hold Time Exceeded"
"1ba22292-3328-46e6-a8b3-be74ba8349e3","D05","LIRO","LIRO.AOS.buoy.c1","LIRO.C1.20201005.FIL.2","A00000204303","2020-10-05T15:42Z","2020-10-05T15:42Z","EcoCore_CSU","Mg",0.2400,"milligramsPerLiter",4.0,,0,,"Hold Time Exceeded"
"95407498-bd25-487a-98ce-955cfb42c8b9","D05","LIRO","LIRO.AOS.buoy.c1","LIRO.C1.20201005.FIL.3","A00000204270","2020-10-05T15:42Z","2020-10-05T15:42Z","EcoCore_CSU","Si",0.1060,"milligramsPerLiter",4.0,,0,,"Hold Time Exceeded"
"b9a154fb-56ba-45f6-96ca-2390aee130a1","D05","LIRO","LIRO.AOS.buoy.c1","LIRO.C1.20201005.FIL.2","A00000204303","2020-10-05T15:42Z","2020-10-05T15:42Z","EcoCore_CSU","K",0.4520,"milligramsPerLiter",4.0,,0,,"Hold Time Exceeded"
"790ee8b1-75f7-439c-92a4-1dcaa0a0e49c","D05","LIRO","LIRO.AOS.buoy.c1","LIRO.C1.20201005.FIL","A00000204272","2020-10-05T15:42Z","2020-10-05T15:42Z","EcoCore_CSU","Fe",0.0460,"milligramsPerLiter",4.0,,0,,"Hold Time Exceeded"
"aea1f67d-1292-49db-90df-e15fefe62dc2","D05","LIRO","LIRO.AOS.buoy.c1","LIRO.C1.20201005.FIL.3","A00000204270","2020-10-05T15:42Z","2020-10-05T15:42Z","EcoCore_CSU","Ca",0.0740,"milligramsPerLiter",4.0,,0,,"Hold Time Exceeded"
"d55774b0-14b5-43e4-8c37-355c4ec9fe7c","D05","LIRO","LIRO.AOS.buoy.c1","LIRO.C1.20201005.FIL.3","A00000204270","2020-10-05T15:42Z","2020-10-05T15:42Z","EcoCore_CSU","Fe",0.0340,"milligramsPerLiter",4.0,,0,,"Hold Time Exceeded"
"e5c42726-c955-410c-bf58-b2f09ef7d932","D05","LIRO","LIRO.AOS.buoy.c1","LIRO.C1.20201005.FIL","A00000204272","2020-10-05T15:42Z","2020-10-05T15:42Z","EcoCore_CSU","Si",0.0960,"milligramsPerLiter",4.0,,0,,"Hold Time Exceeded"
"c233705b-836b-4817-a35a-76cff617558e","D05","LIRO","LIRO.AOS.buoy.c1","LIRO.C1.20201005.POM.1","A00000204405","2020-10-05T15:42Z","2020-10-05T15:42Z","SIRFER Lab at University of Utah","TPN",57.3224,"microgramsPerLiter",,,-1,,"OK"
"f93094cf-ba34-4e0b-bb4f-f251a6e473a9","D05","LIRO","LIRO.AOS.buoy.c1","LIRO.C1.20201005.POM.1","A00000204405","2020-10-05T15:42Z","2020-10-05T15:42Z","SIRFER Lab at University of Utah","TPC",539.2072,"microgramsPerLiter",,,-1,,"OK"
"64365b9c-f675-4bab-a529-672ec346d824","D05","LIRO","LIRO.AOS.buoy.c1","LIRO.C1.20201005.FIL.2","A00000204303","2020-10-05T15:42Z","2020-10-05T15:42Z","EcoCore_CSU","TDS",,"milligramsPerLiter",4.0,,0,,"Cold Chain Broken"
"1771d9f7-a697-44e0-9e90-7c5442ea893d","D05","LIRO","LIRO.AOS.buoy.c1","LIRO.C1.20201005.RAW.2","A00000204294","2020-10-05T15:42Z","2020-10-05T15:42Z","EcoCore_CSU","pH",,"pH",4.0,,0,,"Cold Chain Broken"
"81db24f0-6201-4830-9c7c-916c70c76b8a","D05","LIRO","LIRO.AOS.buoy.c1","LIRO.C1.20201005.RAW.3","A00000204287","2020-10-05T15:42Z","2020-10-05T15:42Z","EcoCore_CSU","pH",,"pH",4.0,,0,,"Cold Chain Broken"
"104b4215-c6d0-426e-957c-0d9a858e3c58","D05","LIRO","LIRO.AOS.buoy.c1","LIRO.C1.20201005.RAW","A00000204291","2020-10-05T15:42Z","2020-10-05T15:42Z","EcoCore_CSU","TSS",,"milligramsPerLiter",4.0,,0,,"Cold Chain Broken"
"0ad4054d-9354-4ba4-aff0-8c5879f9a64a","D05","LIRO","LIRO.AOS.buoy.c1","LIRO.C1.20201005.FIL","A00000204272","2020-10-05T15:42Z","2020-10-05T15:42Z","EcoCore_CSU","TDS",,"milligramsPerLiter",4.0,,0,,"Cold Chain Broken"
"786f33e2-b47d-441c-b76c-4956c4b8c26a","D05","LIRO","LIRO.AOS.buoy.c1","LIRO.C1.20201005.FIL.2","A00000204303","2020-10-05T15:42Z","2020-10-05T15:42Z","EcoCore_CSU","HCO3",,"milligramsPerLiter",4.0,,0,,"Cold Chain Broken"
"13c3489e-775b-4a0c-a7e9-0cfc2cab1775","D05","LIRO","LIRO.AOS.buoy.c1","LIRO.C1.20201005.FIL","A00000204272","2020-10-05T15:42Z","2020-10-05T15:42Z","EcoCore_CSU","CO3",,"milligramsPerLiter",4.0,,0,,"Cold Chain Broken"
"c9444a19-616a-4abd-bf05-5c07412d1612","D05","LIRO","LIRO.AOS.buoy.c1","LIRO.C1.20201005.RAW.3","A00000204287","2020-10-05T15:42Z","2020-10-05T15:42Z","EcoCore_CSU","TSS",,"milligramsPerLiter",4.0,,0,,"Cold Chain Broken"
"8da5ea3a-bb73-47cb-9b35-6d05f34f8281","D05","LIRO","LIRO.AOS.buoy.c1","LIRO.C1.20201005.FIL.3","A00000204270","2020-10-05T15:42Z","2020-10-05T15:42Z","EcoCore_CSU","CO3",,"milligramsPerLiter",4.0,,0,,"Cold Chain Broken"
"91a334f2-a72b-4311-8c4d-455bb675f54d","D05","LIRO","LIRO.AOS.buoy.c1","LIRO.C1.20201005.FIL.3","A00000204270","2020-10-05T15:42Z","2020-10-05T15:42Z","EcoCore_CSU","HCO3",,"milligramsPerLiter",4.0,,0,,"Cold Chain Broken"
"79fc76f0-549f-4ce2-aea3-d41b9cf5bbb5","D05","LIRO","LIRO.AOS.buoy.c1","LIRO.C1.20201005.FIL.2","A00000204303","2020-10-05T15:42Z","2020-10-05T15:42Z","EcoCore_CSU","CO3",,"milligramsPerLiter",4.0,,0,,"Cold Chain Broken"
"79d4f833-a7e4-4de9-94f4-aeae46354173","D05","LIRO","LIRO.AOS.buoy.c1","LIRO.C1.20201005.RAW.2","A00000204294","2020-10-05T15:42Z","2020-10-05T15:42Z","EcoCore_CSU","TSS",,"milligramsPerLiter",4.0,,0,,"Cold Chain Broken"
"f9864567-d8a0-4f38-b552-46ebbf7c1bfc","D05","LIRO","LIRO.AOS.buoy.c1","LIRO.C1.20201005.RAW","A00000204291","2020-10-05T15:42Z","2020-10-05T15:42Z","EcoCore_CSU","pH",,"pH",4.0,,0,,"Cold Chain Broken"
"e16ffb2e-e9ce-4187-ba35-e1aa9d4b0503","D05","LIRO","LIRO.AOS.buoy.c1","LIRO.C1.20201005.FIL","A00000204272","2020-10-05T15:42Z","2020-10-05T15:42Z","EcoCore_CSU","HCO3",,"milligramsPerLiter",4.0,,0,,"Cold Chain Broken"
"b988f6f8-d34d-4ffc-a3aa-03afed5ee9dd","D05","LIRO","LIRO.AOS.buoy.c1","LIRO.C1.20201005.RAW.3","A00000204287","2020-10-05T15:42Z","2020-10-05T15:42Z","EcoCore_CSU","TSS - Dry Mass",,"microgram",4.0,,0,,"Cold Chain Broken"
"160e5458-a8a2-480d-9c2c-f236d7e3ad81","D05","LIRO","LIRO.AOS.buoy.c1","LIRO.C1.20201005.RAW.2","A00000204294","2020-10-05T15:42Z","2020-10-05T15:42Z","EcoCore_CSU","TSS - Dry Mass",,"microgram",4.0,,0,,"Cold Chain Broken"
"5c1aac2a-b478-4858-9f43-c489091f6a83","D05","LIRO","LIRO.AOS.buoy.c1","LIRO.C1.20201005.FIL.3","A00000204270","2020-10-05T15:42Z","2020-10-05T15:42Z","EcoCore_CSU","TDS",,"milligramsPerLiter",4.0,,0,,"Cold Chain Broken"
"b76d5584-ac17-463d-b116-568818ecae66","D05","LIRO","LIRO.AOS.buoy.c1","LIRO.C1.20201005.RAW","A00000204291","2020-10-05T15:42Z","2020-10-05T15:42Z","EcoCore_CSU","TSS - Dry Mass",,"microgram",4.0,,0,,"Cold Chain Broken"
"3e4b8372-f6c3-4d08-92a4-9fca3d091b2d","D05","LIRO","LIRO.AOS.buoy.c1","LIRO.C1.20201005.FIL.2","A00000204303","2020-10-05T15:42Z","2020-10-05T15:42Z","EcoCore_CSU","TDN",0.1655,"milligramsPerLiter",4.0,,0,,"OK"
"dbdce752-e997-4825-8c70-5cfd3668e1a9","D05","LIRO","LIRO.AOS.buoy.c1","LIRO.C1.20201005.FIL.3","A00000204270","2020-10-05T15:42Z","2020-10-05T15:42Z","EcoCore_CSU","DIC",1.5100,"milligramsPerLiter",4.0,,0,,"OK"
"8d0739d5-ce81-4379-8925-f7c245693a4e","D05","LIRO","LIRO.AOS.buoy.c1","LIRO.C1.20201005.FIL","A00000204272","2020-10-05T15:42Z","2020-10-05T15:42Z","EcoCore_CSU","TDN",0.1882,"milligramsPerLiter",4.0,,0,,"OK"
"1801bf1e-5a4a-4745-8353-54e5642bb147","D05","LIRO","LIRO.AOS.buoy.c1","LIRO.C1.20201005.RAW.2","A00000204294","2020-10-05T15:42Z","2020-10-05T15:42Z","EcoCore_CSU","TOC",3.7630,"milligramsPerLiter",4.0,,0,,"OK"
"5f35dd8f-b264-4539-9c21-e36fc1b0a63a","D05","LIRO","LIRO.AOS.buoy.c1","LIRO.C1.20201005.FIL.3","A00000204270","2020-10-05T15:42Z","2020-10-05T15:42Z","EcoCore_CSU","DOC",4.0410,"milligramsPerLiter",4.0,,0,,"OK"
"d778cb2b-8d98-4ffb-9453-983f5e4490a5","D05","LIRO","LIRO.AOS.buoy.c1","LIRO.C1.20201005.FIL.2","A00000204303","2020-10-05T15:42Z","2020-10-05T15:42Z","EcoCore_CSU","DOC",3.8800,"milligramsPerLiter",4.0,,0,,"OK"
"7ae33281-71ed-4e85-94e8-c0aade0c2669","D05","LIRO","LIRO.AOS.buoy.c1","LIRO.C1.20201005.RAW.3","A00000204287","2020-10-05T15:42Z","2020-10-05T15:42Z","EcoCore_CSU","TOC",3.9270,"milligramsPerLiter",4.0,,0,,"OK"
"1027f634-5d75-472b-a3e5-efaa85782e34","D05","LIRO","LIRO.AOS.buoy.c1","LIRO.C1.20201005.FIL.2","A00000204303","2020-10-05T15:42Z","2020-10-05T15:42Z","EcoCore_CSU","DIC",1.5110,"milligramsPerLiter",4.0,,0,,"OK"
"d4d4e016-a3df-4703-b10b-4774035cd817","D05","LIRO","LIRO.AOS.buoy.c1","LIRO.C1.20201005.FIL","A00000204272","2020-10-05T15:42Z","2020-10-05T15:42Z","EcoCore_CSU","DIC",1.4520,"milligramsPerLiter",4.0,,0,,"OK"
"072fa0a9-a04e-4bfd-9e21-ae7818c7c42b","D05","LIRO","LIRO.AOS.buoy.c1","LIRO.C1.20201005.RAW.2","A00000204294","2020-10-05T15:42Z","2020-10-05T15:42Z","EcoCore_CSU","TN",0.3032,"milligramsPerLiter",4.0,,0,,"OK"
"c758de64-691a-4916-a233-138616a44751","D05","LIRO","LIRO.AOS.buoy.c1","LIRO.C1.20201005.FIL.3","A00000204270","2020-10-05T15:42Z","2020-10-05T15:42Z","EcoCore_CSU","TDN",0.1660,"milligramsPerLiter",4.0,,0,,"OK"
"79e967fc-5732-4dc6-a9e6-ad2497c9ebfa","D05","LIRO","LIRO.AOS.buoy.c1","LIRO.C1.20201005.RAW","A00000204291","2020-10-05T15:42Z","2020-10-05T15:42Z","EcoCore_CSU","TOC",4.0460,"milligramsPerLiter",4.0,,0,,"OK"
"57a3c035-4283-48b2-a110-05c0aa0ac171","D05","LIRO","LIRO.AOS.buoy.c1","LIRO.C1.20201005.FIL","A00000204272","2020-10-05T15:42Z","2020-10-05T15:42Z","EcoCore_CSU","DOC",3.8810,"milligramsPerLiter",4.0,,0,,"OK"
"ed5f4925-ae01-4dd5-bdb0-9318e9ed37e1","D05","LIRO","LIRO.AOS.buoy.c1","LIRO.C1.20201005.RAW","A00000204291","2020-10-05T15:42Z","2020-10-05T15:42Z","EcoCore_CSU","TN",0.2909,"milligramsPerLiter",4.0,,0,,"OK"
"01619420-8e53-47d5-be80-6bf2955298b2","D05","LIRO","LIRO.AOS.buoy.c1","LIRO.C1.20201005.RAW.3","A00000204287","2020-10-05T15:42Z","2020-10-05T15:42Z","EcoCore_CSU","TN",0.3374,"milligramsPerLiter",4.0,,0,,"OK"
"088c1e7f-c0d5-419a-ab7e-137095bf305f","D05","LIRO","LIRO.AOS.buoy.c1","LIRO.C1.20201005.FIL","A00000204272","2020-10-05T15:42Z","2020-10-05T15:42Z","EcoCore_CSU","UV Absorbance (280 nm)",0.0869,,4.0,,0,,"OK"
"a3268d3c-d4a8-4a5a-8297-cfb929cec111","D05","LIRO","LIRO.AOS.buoy.c1","LIRO.C1.20201005.FIL","A00000204272","2020-10-05T15:42Z","2020-10-05T15:42Z","EcoCore_CSU","UV Absorbance (254 nm)",0.1251,,4.0,,0,,"OK"
"c5956cab-3f10-407f-8aa7-d1009b5b93ae","D05","LIRO","LIRO.AOS.buoy.c1","LIRO.C1.20201005.FIL.3","A00000204270","2020-10-05T15:42Z","2020-10-05T15:42Z","EcoCore_CSU","UV Absorbance (280 nm)",0.0767,,4.0,,0,,"OK"
"c8f703f3-0215-4659-a12c-5d5b1cfa5059","D05","LIRO","LIRO.AOS.buoy.c1","LIRO.C1.20201005.FIL.3","A00000204270","2020-10-05T15:42Z","2020-10-05T15:42Z","EcoCore_CSU","UV Absorbance (254 nm)",0.1161,,4.0,,0,,"OK"
"ebdccc48-5db8-45f2-bc08-4ef84099508d","D05","LIRO","LIRO.AOS.buoy.c1","LIRO.C1.20201005.FIL.2","A00000204303","2020-10-05T15:42Z","2020-10-05T15:42Z","EcoCore_CSU","UV Absorbance (254 nm)",0.1151,,4.0,,0,,"OK"
"c83c872a-dbb3-4e6a-8e21-d2775c866d12","D05","LIRO","LIRO.AOS.buoy.c1","LIRO.C1.20201005.FIL.2","A00000204303","2020-10-05T15:42Z","2020-10-05T15:42Z","EcoCore_CSU","UV Absorbance (280 nm)",0.0780,,4.0,,0,,"OK"
"231d9626-e25e-4eab-a389-743b90a9999d","D05","LIRO","LIRO.AOS.buoy.c0","LIRO.C0.20201027.FIL","A00000205143","2020-10-27T18:58Z","2020-10-27T18:58Z","EcoCore_CSU","Cl",0.4138,"milligramsPerLiter",1.7,,0,,"Cold Chain Broken During Storage|Hold Time Exceeded"
"36c828d8-8473-4bcf-9a12-d58bde5b381d","D05","LIRO","LIRO.AOS.buoy.c0","LIRO.C0.20201027.FIL","A00000205143","2020-10-27T18:58Z","2020-10-27T18:58Z","EcoCore_CSU","Br",0.0050,"milligramsPerLiter",1.7,,0,,"Cold Chain Broken During Storage|Hold Time Exceeded"
"79cdd426-4ba6-47d2-831e-af81f1d1d1a6","D05","LIRO","LIRO.AOS.buoy.c0","LIRO.C0.20201027.FIL","A00000205143","2020-10-27T18:58Z","2020-10-27T18:58Z","EcoCore_CSU","SO4",0.6481,"milligramsPerLiter",1.7,,0,,"Cold Chain Broken During Storage|Hold Time Exceeded"
"9887d94b-0ed4-47a4-8cdc-e442f6920a0d","D05","LIRO","LIRO.AOS.buoy.c0","LIRO.C0.20201027.FIL","A00000205143","2020-10-27T18:58Z","2020-10-27T18:58Z","EcoCore_CSU","F",0.0050,"milligramsPerLiter",1.7,,0,,"Cold Chain Broken During Storage|Hold Time Exceeded"
"dc6c309f-93b7-4428-b467-05dc96a5b24a","D05","LIRO","LIRO.AOS.buoy.c0","LIRO.C0.20201027.FIL","A00000205143","2020-10-27T18:58Z","2020-10-27T18:58Z","EcoCore_CSU","Mg",0.2380,"milligramsPerLiter",1.7,,0,,"Hold Time Exceeded"
"4421185f-fc4d-4e6e-8a94-7a73d091cf29","D05","LIRO","LIRO.AOS.buoy.c0","LIRO.C0.20201027.FIL","A00000205143","2020-10-27T18:58Z","2020-10-27T18:58Z","EcoCore_CSU","Ca",0.0750,"milligramsPerLiter",1.7,,0,,"Hold Time Exceeded"
"da390a76-fd9c-48f4-87ae-21d9b966beb8","D05","LIRO","LIRO.AOS.buoy.c0","LIRO.C0.20201027.FIL","A00000205143","2020-10-27T18:58Z","2020-10-27T18:58Z","EcoCore_CSU","Mn",0.0005,"milligramsPerLiter",1.7,,0,,"Hold Time Exceeded"
"49d85139-ad00-4fba-bc45-c6201e294b2a","D05","LIRO","LIRO.AOS.buoy.c0","LIRO.C0.20201027.FIL","A00000205143","2020-10-27T18:58Z","2020-10-27T18:58Z","EcoCore_CSU","Fe",0.0590,"milligramsPerLiter",1.7,,0,,"Hold Time Exceeded"
"d26e5ed4-b86c-4b96-853c-d94ffaef3fab","D05","LIRO","LIRO.AOS.buoy.c0","LIRO.C0.20201027.FIL","A00000205143","2020-10-27T18:58Z","2020-10-27T18:58Z","EcoCore_CSU","K",0.4020,"milligramsPerLiter",1.7,,0,,"Hold Time Exceeded"
"b3b194fb-7adc-44ab-926c-94356224ea99","D05","LIRO","LIRO.AOS.buoy.c0","LIRO.C0.20201027.FIL","A00000205143","2020-10-27T18:58Z","2020-10-27T18:58Z","EcoCore_CSU","Na",0.0280,"milligramsPerLiter",1.7,,0,,"Hold Time Exceeded"
"1732e885-491f-4813-a1a2-c2684412482f","D05","LIRO","LIRO.AOS.buoy.c0","LIRO.C0.20201027.FIL","A00000205143","2020-10-27T18:58Z","2020-10-27T18:58Z","EcoCore_CSU","Si",0.0950,"milligramsPerLiter",1.7,,0,,"Hold Time Exceeded"
"2c972596-7e28-4608-8053-da34e84a0798","D05","LIRO","LIRO.AOS.buoy.c0","LIRO.C0.20201027.FIL","A00000205143","2020-10-27T18:58Z","2020-10-27T18:58Z","EcoCore_CSU","HCO3",,"milligramsPerLiter",1.7,,0,,"Cold Chain Broken"
"f033b1f4-35d7-4c1f-abb5-feb7d7039222","D05","LIRO","LIRO.AOS.buoy.c0","LIRO.C0.20201027.RAW","A00000205153","2020-10-27T18:58Z","2020-10-27T18:58Z","EcoCore_CSU","TSS",,"milligramsPerLiter",1.7,,0,,"Cold Chain Broken"
"371048ca-eae1-4cd3-b8b9-09c27c3a08cc","D05","LIRO","LIRO.AOS.buoy.c0","LIRO.C0.20201027.RAW","A00000205153","2020-10-27T18:58Z","2020-10-27T18:58Z","EcoCore_CSU","pH",,"pH",1.7,,0,,"Cold Chain Broken"
"77e57430-f849-4eae-9665-84486f009aa3","D05","LIRO","LIRO.AOS.buoy.c0","LIRO.C0.20201027.FIL","A00000205143","2020-10-27T18:58Z","2020-10-27T18:58Z","EcoCore_CSU","TDS",,"milligramsPerLiter",1.7,,0,,"Cold Chain Broken"
"3daefe35-e5a3-4507-9118-95f410e798b5","D05","LIRO","LIRO.AOS.buoy.c0","LIRO.C0.20201027.FIL","A00000205143","2020-10-27T18:58Z","2020-10-27T18:58Z","EcoCore_CSU","CO3",,"milligramsPerLiter",1.7,,0,,"Cold Chain Broken"
"c625c196-248e-4f63-9872-32bdf32feb1d","D05","LIRO","LIRO.AOS.buoy.c0","LIRO.C0.20201027.RAW","A00000205153","2020-10-27T18:58Z","2020-10-27T18:58Z","EcoCore_CSU","TSS - Dry Mass",,"microgram",1.7,,0,,"Cold Chain Broken"
"614f15cb-7078-484a-8e34-454e98d41dd0","D05","LIRO","LIRO.AOS.buoy.c0","LIRO.C0.20201027.FIL","A00000205143","2020-10-27T18:58Z","2020-10-27T18:58Z","EcoCore_CSU","TDN",0.1622,"milligramsPerLiter",1.7,,0,,"OK"
"81306fab-58cc-4752-a77f-d75aff1929a5","D05","LIRO","LIRO.AOS.buoy.c0","LIRO.C0.20201027.RAW","A00000205153","2020-10-27T18:58Z","2020-10-27T18:58Z","EcoCore_CSU","TOC",4.1890,"milligramsPerLiter",1.7,,0,,"OK"
"484e51c2-ca9d-4824-9891-0b9580b739d5","D05","LIRO","LIRO.AOS.buoy.c0","LIRO.C0.20201027.FIL","A00000205143","2020-10-27T18:58Z","2020-10-27T18:58Z","EcoCore_CSU","DOC",3.7060,"milligramsPerLiter",1.7,,0,,"OK"
"c936b67a-0256-4a54-8db8-1f12354d99f6","D05","LIRO","LIRO.AOS.buoy.c0","LIRO.C0.20201027.RAW","A00000205153","2020-10-27T18:58Z","2020-10-27T18:58Z","EcoCore_CSU","TN",0.2126,"milligramsPerLiter",1.7,,0,,"OK"
"b1630205-8ddd-4af6-90f7-f5a42ec3b074","D05","LIRO","LIRO.AOS.buoy.c0","LIRO.C0.20201027.FIL","A00000205143","2020-10-27T18:58Z","2020-10-27T18:58Z","EcoCore_CSU","DIC",1.4050,"milligramsPerLiter",1.7,,0,,"OK"
"09ac178d-d0da-4c8d-b3bf-fc9fc6e1cf62","D05","LIRO","LIRO.AOS.buoy.c0","LIRO.C0.20201027.FIL","A00000205143","2020-10-27T18:58Z","2020-10-27T18:58Z","EcoCore_CSU","UV Absorbance (254 nm)",0.0910,,1.7,,0,,"OK"
"3db06d58-661d-4409-a452-25bcbe69147a","D05","LIRO","LIRO.AOS.buoy.c0","LIRO.C0.20201027.FIL","A00000205143","2020-10-27T18:58Z","2020-10-27T18:58Z","EcoCore_CSU","UV Absorbance (280 nm)",0.0604,,1.7,,0,,"OK"
