uid,domainID,siteID,namedLocation,collectDate,sampleID,sampleCode,sampleCondition,laboratoryName,analysisDate,analyzedBy,sampleType,replicate,sampleVolumeFiltered,filterSize,percentFilterAnalyzed,dilutionFactor,solventVolume,responseFactor,acidificationResponseFactor,fluorometerSensitivitySetting,preAcidificationFluorescence,postAcidificationFluorescence,analyte,analyteConcentration,plantAlgaeLabUnits,testMethod,method,acidTreatment,externalRemarks,externalLabDataQF
"8659d33b-df48-4560-9ae1-4350dca56a96","D03","BARC","BARC.AOS.littoral1","2016-02-29","BARC.20160229.PHYTOPLANKTON.2",,"other (specify in remarks)","Academy of Natural Sciences of Drexel University","2016-06-30","Txt9C5i/u7k=","chlorophyll/pheophytin","2",,25,100,,,,,,,,"chlorophyll a",,"microgramsPerLiter","ANSP P-16-92 Rev2",,,"Visibly more plant material on replicate 1","legacyData|Did not meet quality audit requirements for analysis audit"
"8011aa50-4c87-4f0d-89bf-839cdedded2a","D03","BARC","BARC.AOS.riparian.point.08","2016-02-29","BARC.20160229.EPIPHYTON.1",,"condition ok","Academy of Natural Sciences of Drexel University","2016-07-28","OKgcKejxXbI=","CN","1",,25,100,,,,,,,,"carbon",51363.43,"microgramsPerLiter","ANSP P-16-54 Rev2",,"N",,"legacyData|Did not meet quality audit requirements for analysis audit|acidTreatmentSOPNotFollowed"
"d2c76e85-e74e-4e6d-a7a8-73e296beb8e3","D03","BARC","BARC.AOS.riparian.point.06","2016-02-29","BARC.20160229.EPIPHYTON.2",,"condition ok","Academy of Natural Sciences of Drexel University","2016-08-02","+IoRzddUq5A=","P","1",,25,100,,,,,,,,"phosphorus",670.71,"microgramsPerLiter","ANSP P-16-114 Rev2; ANSP P-16_95 Rev3",,,,"legacyData|Did not meet quality audit requirements for analysis audit"
"b192f6ef-406b-4bb2-a9a5-f93acbf8a583","D03","BARC","BARC.AOS.riparian.point.04","2016-02-29","BARC.20160229.EPIPHYTON.3",,"other (specify in remarks)","Academy of Natural Sciences of Drexel University","2016-06-30","Txt9C5i/u7k=","chlorophyll/pheophytin","1",,25,100,,,,,,,,"chlorophyll a",,"microgramsPerLiter","ANSP P-16-92 Rev2",,,"Outside of filter was yellowed","legacyData|Did not meet quality audit requirements for analysis audit"
"26337273-3f14-4ffb-b629-a739b2aad594","D03","BARC","BARC.AOS.littoral1","2016-02-29","BARC.20160229.PHYTOPLANKTON.2",,"condition ok","Academy of Natural Sciences of Drexel University","2016-07-28","OKgcKejxXbI=","CN","1",,25,100,,,,,,,,"nitrogen",94.11,"microgramsPerLiter","ANSP P-16-54 Rev2",,,,"legacyData|Did not meet quality audit requirements for analysis audit"
"c6fdd333-9f0a-44e3-bcfc-26b3aab5e1f4","D03","BARC","BARC.AOS.littoral1","2016-02-29","BARC.20160229.PHYTOPLANKTON.2",,"other (specify in remarks)","Academy of Natural Sciences of Drexel University","2016-06-30","Txt9C5i/u7k=","chlorophyll/pheophytin","1",,25,100,,,,,,,,"pheophytin",,"microgramsPerLiter","ANSP P-16-92 Rev2",,,"Visibly more plant material on replicate 1","legacyData|Did not meet quality audit requirements for analysis audit"
"345ca16d-063b-4d7c-8b89-038144991ea4","D03","BARC","BARC.AOS.buoy.c0","2016-02-29","BARC.20160229.PHYTOPLANKTON.1",,"condition ok","Academy of Natural Sciences of Drexel University","2016-06-30","Txt9C5i/u7k=","chlorophyll/pheophytin","1",,25,100,,,,,,,,"chlorophyll a",,"microgramsPerLiter","ANSP P-16-92 Rev2",,,,"legacyData|Did not meet quality audit requirements for analysis audit"
"d03a0292-c4d8-4ebc-9d43-345c2b28d7db","D03","BARC","BARC.AOS.riparian.point.06","2016-02-29","BARC.20160229.EPIPHYTON.2",,"condition ok","Academy of Natural Sciences of Drexel University","2017-03-30","OKgcKejxXbI=","13C15N","2",,25,100,,,,,,,,"d13C",-27.45,"perMill","ANSP P-16-202 Rev0",,"N",,"legacyData|Did not meet quality audit requirements for analysis audit|acidTreatmentSOPNotFollowed"
"6ea89e46-b55e-456d-b3c7-a40f41b11ddf","D03","BARC","BARC.AOS.riparian.point.02","2016-02-29","BARC.20160229.EPIPHYTON.4",,"condition ok","Academy of Natural Sciences of Drexel University","2016-06-30","Txt9C5i/u7k=","chlorophyll/pheophytin","2",,25,100,,,,,,,,"chlorophyll a",,"microgramsPerLiter","ANSP P-16-92 Rev2",,,,"legacyData|Did not meet quality audit requirements for analysis audit"
"5f5620bf-b1d5-46ad-bbf9-e1c5b13bb252","D03","BARC","BARC.AOS.littoral2","2016-02-29","BARC.20160229.PHYTOPLANKTON.3",,"condition ok","Academy of Natural Sciences of Drexel University","2017-03-30","OKgcKejxXbI=","13C15N","1",,25,100,,,,,,,,"d13C",-28.36,"perMill","ANSP P-16-202 Rev0",,"N",,"legacyData|Did not meet quality audit requirements for analysis audit|acidTreatmentSOPNotFollowed"
"aea0c3ac-e846-44f6-8c2f-71a80bd9ab79","D03","BARC","BARC.AOS.riparian.point.08","2016-02-29","BARC.20160229.EPIPHYTON.1",,"condition ok","Academy of Natural Sciences of Drexel University","2016-06-30","Txt9C5i/u7k=","chlorophyll/pheophytin","1",,25,100,,,,,,,,"pheophytin",,"microgramsPerLiter","ANSP P-16-92 Rev2",,,,"legacyData|Did not meet quality audit requirements for analysis audit"
"3f7d2873-14fe-4637-aae6-abf512400006","D03","BARC","BARC.AOS.riparian.point.06","2016-02-29","BARC.20160229.EPIPHYTON.2",,"condition ok","Academy of Natural Sciences of Drexel University","2016-06-30","Txt9C5i/u7k=","chlorophyll/pheophytin","1",,25,100,,,,,,,,"pheophytin",,"microgramsPerLiter","ANSP P-16-92 Rev2",,,,"legacyData|Did not meet quality audit requirements for analysis audit"
"59730ab2-88e8-4287-b011-7a61fb50e49c","D03","BARC","BARC.AOS.riparian.point.02","2016-02-29","BARC.20160229.EPIPHYTON.4",,"other (specify in remarks)","Academy of Natural Sciences of Drexel University","2017-03-28","OKgcKejxXbI=","13C15N","2",,25,100,,,,,,,,"d15N",,"perMill","ANSP P-16-202 Rev0",,,"not enough sample for analysis","legacyData|Did not meet quality audit requirements for analysis audit"
"3780ba64-6450-442d-b2c2-c4848915749f","D03","BARC","BARC.AOS.buoy.c0","2016-02-29","BARC.20160229.PHYTOPLANKTON.1",,"condition ok","Academy of Natural Sciences of Drexel University","2016-07-28","OKgcKejxXbI=","CN","1",,25,100,,,,,,,,"nitrogen",80.77,"microgramsPerLiter","ANSP P-16-54 Rev2",,,,"legacyData|Did not meet quality audit requirements for analysis audit"
"b0fd7f3a-83c1-4dac-b334-2dccd66ed759","D03","BARC","BARC.AOS.riparian.point.02","2016-02-29","BARC.20160229.EPIPHYTON.4",,"condition ok","Academy of Natural Sciences of Drexel University","2017-03-28","OKgcKejxXbI=","13C15N","2",,25,100,,,,,,,,"d13C",-27.92,"perMill","ANSP P-16-202 Rev0",,"N",,"legacyData|Did not meet quality audit requirements for analysis audit|acidTreatmentSOPNotFollowed"
"ca4fd8c0-ff9d-46de-9f90-f1ddf5b86778","D03","BARC","BARC.AOS.littoral1","2016-02-29","BARC.20160229.PHYTOPLANKTON.2",,"condition ok","Academy of Natural Sciences of Drexel University","2016-07-28","OKgcKejxXbI=","CN","2",,25,100,,,,,,,,"nitrogen",107.32,"microgramsPerLiter","ANSP P-16-54 Rev2",,,,"legacyData|Did not meet quality audit requirements for analysis audit"
"c83cd490-a640-42c0-aa56-c2df63083795","D03","BARC","BARC.AOS.littoral2","2016-02-29","BARC.20160229.PHYTOPLANKTON.3",,"condition ok","Academy of Natural Sciences of Drexel University","2016-06-30","Txt9C5i/u7k=","chlorophyll/pheophytin","2",,25,100,,,,,,,,"chlorophyll a",,"microgramsPerLiter","ANSP P-16-92 Rev2",,,,"legacyData|Did not meet quality audit requirements for analysis audit"
"932ef7b3-8a3b-4f0a-815b-c7d9789f7507","D03","BARC","BARC.AOS.riparian.point.04","2016-02-29","BARC.20160229.EPIPHYTON.3",,"condition ok","Academy of Natural Sciences of Drexel University","2017-03-30","OKgcKejxXbI=","13C15N","1",,25,100,,,,,,,,"d15N",1.34,"perMill","ANSP P-16-202 Rev0",,,,"legacyData|Did not meet quality audit requirements for analysis audit"
"fc181e84-5303-4302-8233-afe64bcb3a83","D03","BARC","BARC.AOS.riparian.point.10","2016-02-29","BARC.20160229.EPIPHYTON.5",,"condition ok","Academy of Natural Sciences of Drexel University","2016-08-02","+IoRzddUq5A=","P","1",,25,100,,,,,,,,"phosphorus",565.04,"microgramsPerLiter","ANSP P-16-114 Rev2; ANSP P-16_95 Rev3",,,,"legacyData|Did not meet quality audit requirements for analysis audit"
"dfd1c2cd-1e9e-4075-993a-d70c57f1d88d","D03","BARC","BARC.AOS.riparian.point.04","2016-02-29","BARC.20160229.EPIPHYTON.3",,"condition ok","Academy of Natural Sciences of Drexel University","2017-03-30","OKgcKejxXbI=","13C15N","2",,25,100,,,,,,,,"d15N",0.13,"perMill","ANSP P-16-202 Rev0",,,,"legacyData|Did not meet quality audit requirements for analysis audit"
"7f7253d2-aa9a-44fc-93dc-3acbeb6b8715","D03","BARC","BARC.AOS.riparian.point.04","2016-02-29","BARC.20160229.EPIPHYTON.3",,"other (specify in remarks)","Academy of Natural Sciences of Drexel University","2016-06-30","Txt9C5i/u7k=","chlorophyll/pheophytin","2",,25,100,,,,,,,,"pheophytin",,"microgramsPerLiter","ANSP P-16-92 Rev2",,,"Outside of filter was yellowed","legacyData|Did not meet quality audit requirements for analysis audit"
"7fe8211a-cf42-4f8d-a69e-ba027b3a98f6","D03","BARC","BARC.AOS.littoral1","2016-02-29","BARC.20160229.PHYTOPLANKTON.2",,"condition ok","Academy of Natural Sciences of Drexel University","2016-07-28","OKgcKejxXbI=","CN","2",,25,100,,,,,,,,"carbon",1298.96,"microgramsPerLiter","ANSP P-16-54 Rev2",,"N",,"legacyData|Did not meet quality audit requirements for analysis audit|acidTreatmentSOPNotFollowed"
"34fa74c4-d53e-4e75-8f38-337aa707861f","D03","BARC","BARC.AOS.riparian.point.04","2016-02-29","BARC.20160229.EPIPHYTON.3",,"condition ok","Academy of Natural Sciences of Drexel University","2016-07-28","OKgcKejxXbI=","CN","2",,25,100,,,,,,,,"nitrogen",5407.14,"microgramsPerLiter","ANSP P-16-54 Rev2",,,,"legacyData|Did not meet quality audit requirements for analysis audit"
"c16b7239-a3de-4dc5-9a89-f928c6511aec","D03","BARC","BARC.AOS.riparian.point.04","2016-02-29","BARC.20160229.EPIPHYTON.3",,"condition ok","Academy of Natural Sciences of Drexel University","2016-07-28","OKgcKejxXbI=","CN","1",,25,100,,,,,,,,"carbon",147526.41,"microgramsPerLiter","ANSP P-16-54 Rev2",,"N",,"legacyData|Did not meet quality audit requirements for analysis audit|acidTreatmentSOPNotFollowed"
"b5f1ae25-97dc-4e40-837d-56d07c67f390","D03","BARC","BARC.AOS.buoy.c0","2016-02-29","BARC.20160229.PHYTOPLANKTON.1",,"condition ok","Academy of Natural Sciences of Drexel University","2016-07-28","OKgcKejxXbI=","CN","2",,25,100,,,,,,,,"nitrogen",62.08,"microgramsPerLiter","ANSP P-16-54 Rev2",,,,"legacyData|Did not meet quality audit requirements for analysis audit"
"36ed9a6d-c571-46c3-85b1-919de872869e","D03","BARC","BARC.AOS.buoy.c0","2016-02-29","BARC.20160229.PHYTOPLANKTON.1",,"condition ok","Academy of Natural Sciences of Drexel University","2016-06-30","Txt9C5i/u7k=","chlorophyll/pheophytin","2",,25,100,,,,,,,,"pheophytin",,"microgramsPerLiter","ANSP P-16-92 Rev2",,,,"legacyData|Did not meet quality audit requirements for analysis audit"
"630df361-9e4c-44dd-8cca-f90a14b7f621","D03","BARC","BARC.AOS.riparian.point.02","2016-02-29","BARC.20160229.EPIPHYTON.4",,"condition ok","Academy of Natural Sciences of Drexel University","2016-08-02","+IoRzddUq5A=","P","1",,25,100,,,,,,,,"phosphorus",597.57,"microgramsPerLiter","ANSP P-16-114 Rev2; ANSP P-16_95 Rev3",,,,"legacyData|Did not meet quality audit requirements for analysis audit"
"0beba87b-2c1f-4d98-98d5-a855cb66db80","D03","BARC","BARC.AOS.buoy.c0","2016-02-29","BARC.20160229.PHYTOPLANKTON.1",,"condition ok","Academy of Natural Sciences of Drexel University","2016-06-30","Txt9C5i/u7k=","chlorophyll/pheophytin","1",,25,100,,,,,,,,"pheophytin",,"microgramsPerLiter","ANSP P-16-92 Rev2",,,,"legacyData|Did not meet quality audit requirements for analysis audit"
"3a0024c6-5f30-4b5b-856f-c8a71061084c","D03","BARC","BARC.AOS.littoral1","2016-02-29","BARC.20160229.PHYTOPLANKTON.2",,"condition ok","Academy of Natural Sciences of Drexel University","2017-03-30","OKgcKejxXbI=","13C15N","1",,25,100,,,,,,,,"d13C",-28.34,"perMill","ANSP P-16-202 Rev0",,"N",,"legacyData|Did not meet quality audit requirements for analysis audit|acidTreatmentSOPNotFollowed"
"033b010c-9cd3-4c07-9b32-bcfc3c69b39c","D03","BARC","BARC.AOS.riparian.point.06","2016-02-29","BARC.20160229.EPIPHYTON.2",,"condition ok","Academy of Natural Sciences of Drexel University","2016-06-30","Txt9C5i/u7k=","chlorophyll/pheophytin","2",,25,100,,,,,,,,"chlorophyll a",,"microgramsPerLiter","ANSP P-16-92 Rev2",,,,"legacyData|Did not meet quality audit requirements for analysis audit"
"07a3b7fa-fd82-4450-8d03-48916f5eb16e","D03","BARC","BARC.AOS.riparian.point.10","2016-02-29","BARC.20160229.EPIPHYTON.5",,"condition ok","Academy of Natural Sciences of Drexel University","2016-07-28","OKgcKejxXbI=","CN","1",,25,100,,,,,,,,"nitrogen",1469.95,"microgramsPerLiter","ANSP P-16-54 Rev2",,,,"legacyData|Did not meet quality audit requirements for analysis audit"
"71d170c2-b472-403b-82d2-5016dc8bce0e","D03","BARC","BARC.AOS.buoy.c0","2016-02-29","BARC.20160229.PHYTOPLANKTON.1",,"condition ok","Academy of Natural Sciences of Drexel University","2016-08-02","+IoRzddUq5A=","P","1",,25,100,,,,,,,,"phosphorus",15.04,"microgramsPerLiter","ANSP P-16-114 Rev2; ANSP P-16_95 Rev3",,,,"legacyData|Did not meet quality audit requirements for analysis audit"
"dfce540c-7c69-470d-9a65-82410fbf1e64","D03","BARC","BARC.AOS.littoral1","2016-02-29","BARC.20160229.PHYTOPLANKTON.2",,"condition ok","Academy of Natural Sciences of Drexel University","2017-03-30","OKgcKejxXbI=","13C15N","1",,25,100,,,,,,,,"d15N",1.52,"perMill","ANSP P-16-202 Rev0",,,,"legacyData|Did not meet quality audit requirements for analysis audit"
"27f2b04f-7b84-4772-8890-05f33b82547f","D03","BARC","BARC.AOS.buoy.c0","2016-02-29","BARC.20160229.PHYTOPLANKTON.1",,"condition ok","Academy of Natural Sciences of Drexel University","2016-07-28","OKgcKejxXbI=","CN","2",,25,100,,,,,,,,"carbon",564.37,"microgramsPerLiter","ANSP P-16-54 Rev2",,"N",,"legacyData|Did not meet quality audit requirements for analysis audit|acidTreatmentSOPNotFollowed"
"24016460-e543-4f8d-bd87-83d18450427e","D03","BARC","BARC.AOS.riparian.point.06","2016-02-29","BARC.20160229.EPIPHYTON.2",,"condition ok","Academy of Natural Sciences of Drexel University","2016-06-30","Txt9C5i/u7k=","chlorophyll/pheophytin","1",,25,100,,,,,,,,"chlorophyll a",,"microgramsPerLiter","ANSP P-16-92 Rev2",,,,"legacyData|Did not meet quality audit requirements for analysis audit"
"f54a5ea0-0346-472c-a115-a334c4ea649f","D03","BARC","BARC.AOS.riparian.point.10","2016-02-29","BARC.20160229.EPIPHYTON.5",,"condition ok","Academy of Natural Sciences of Drexel University","2016-06-30","Txt9C5i/u7k=","chlorophyll/pheophytin","1",,25,100,,,,,,,,"pheophytin",,"microgramsPerLiter","ANSP P-16-92 Rev2",,,,"legacyData|Did not meet quality audit requirements for analysis audit"
"aabd6c0b-faac-4e65-a4c2-cd8fe066dbae","D03","BARC","BARC.AOS.riparian.point.08","2016-02-29","BARC.20160229.EPIPHYTON.1",,"condition ok","Academy of Natural Sciences of Drexel University","2017-03-30","OKgcKejxXbI=","13C15N","2",,25,100,,,,,,,,"d13C",-29.40,"perMill","ANSP P-16-202 Rev0",,"N",,"legacyData|Did not meet quality audit requirements for analysis audit|acidTreatmentSOPNotFollowed"
"95e87fa5-8f73-4769-84b4-ac6523349b9a","D03","BARC","BARC.AOS.littoral2","2016-02-29","BARC.20160229.PHYTOPLANKTON.3",,"condition ok","Academy of Natural Sciences of Drexel University","2016-07-28","OKgcKejxXbI=","CN","1",,25,100,,,,,,,,"carbon",488.26,"microgramsPerLiter","ANSP P-16-54 Rev2",,"N",,"legacyData|Did not meet quality audit requirements for analysis audit|acidTreatmentSOPNotFollowed"
"e33b039f-5d00-446a-9bfa-1353b8901933","D03","BARC","BARC.AOS.riparian.point.10","2016-02-29","BARC.20160229.EPIPHYTON.5",,"condition ok","Academy of Natural Sciences of Drexel University","2016-07-28","OKgcKejxXbI=","CN","2",,25,100,,,,,,,,"carbon",6855.42,"microgramsPerLiter","ANSP P-16-54 Rev2",,"N",,"legacyData|Did not meet quality audit requirements for analysis audit|acidTreatmentSOPNotFollowed"
"02a4671c-44b7-4a0e-b3ad-a2c9700d7e6a","D03","BARC","BARC.AOS.riparian.point.10","2016-02-29","BARC.20160229.EPIPHYTON.5",,"condition ok","Academy of Natural Sciences of Drexel University","2017-03-28","OKgcKejxXbI=","13C15N","1",,25,100,,,,,,,,"d13C",-28.48,"perMill","ANSP P-16-202 Rev0",,"N",,"legacyData|Did not meet quality audit requirements for analysis audit|acidTreatmentSOPNotFollowed"
"7d750dbe-a30b-4f86-9fed-dcf007e08b03","D03","BARC","BARC.AOS.riparian.point.02","2016-02-29","BARC.20160229.EPIPHYTON.4",,"condition ok","Academy of Natural Sciences of Drexel University","2016-06-30","Txt9C5i/u7k=","chlorophyll/pheophytin","1",,25,100,,,,,,,,"chlorophyll a",,"microgramsPerLiter","ANSP P-16-92 Rev2",,,,"legacyData|Did not meet quality audit requirements for analysis audit"
"b60d9032-5072-4e48-b654-8e58a1cdeef9","D03","BARC","BARC.AOS.buoy.c0","2016-02-29","BARC.20160229.PHYTOPLANKTON.1",,"condition ok","Academy of Natural Sciences of Drexel University","2017-03-30","OKgcKejxXbI=","13C15N","1",,25,100,,,,,,,,"d13C",-27.51,"perMill","ANSP P-16-202 Rev0",,"N",,"legacyData|Did not meet quality audit requirements for analysis audit|acidTreatmentSOPNotFollowed"
"f3bfe2f3-7370-4b02-aea8-6532469c24eb","D03","BARC","BARC.AOS.littoral2","2016-02-29","BARC.20160229.PHYTOPLANKTON.3",,"condition ok","Academy of Natural Sciences of Drexel University","2017-03-30","OKgcKejxXbI=","13C15N","2",,25,100,,,,,,,,"d15N",2.05,"perMill","ANSP P-16-202 Rev0",,,,"legacyData|Did not meet quality audit requirements for analysis audit"
"1c453235-3416-43c4-98ca-958ea3ff8f7c","D03","BARC","BARC.AOS.riparian.point.10","2016-02-29","BARC.20160229.EPIPHYTON.5",,"other (specify in remarks)","Academy of Natural Sciences of Drexel University","2017-03-28","OKgcKejxXbI=","13C15N","2",,25,100,,,,,,,,"d15N",,"perMill","ANSP P-16-202 Rev0",,,"not enough sample for analysis","legacyData|Did not meet quality audit requirements for analysis audit"
"720a0e2e-9822-41c8-a9bf-5e59678a5576","D03","BARC","BARC.AOS.riparian.point.06","2016-02-29","BARC.20160229.EPIPHYTON.2",,"condition ok","Academy of Natural Sciences of Drexel University","2016-07-28","OKgcKejxXbI=","CN","1",,25,100,,,,,,,,"carbon",21611.62,"microgramsPerLiter","ANSP P-16-54 Rev2",,"N",,"legacyData|Did not meet quality audit requirements for analysis audit|acidTreatmentSOPNotFollowed"
"96353546-7760-495c-af3e-ec72d054ed11","D03","BARC","BARC.AOS.riparian.point.02","2016-02-29","BARC.20160229.EPIPHYTON.4",,"condition ok","Academy of Natural Sciences of Drexel University","2017-03-28","OKgcKejxXbI=","13C15N","1",,25,100,,,,,,,,"d34S",6.06,"perMill","SO2 EA-combustion-IRMS method",,,,"legacyData|Did not meet quality audit requirements for analysis audit"
"0c9860a9-608b-4b8f-a00e-e3cfc227f9a6","D03","BARC","BARC.AOS.riparian.point.10","2016-02-29","BARC.20160229.EPIPHYTON.5",,"condition ok","Academy of Natural Sciences of Drexel University","2016-06-30","Txt9C5i/u7k=","chlorophyll/pheophytin","1",,25,100,,,,,,,,"chlorophyll a",,"microgramsPerLiter","ANSP P-16-92 Rev2",,,,"legacyData|Did not meet quality audit requirements for analysis audit"
"3a82155f-0517-469d-a1c6-16ccf22fc777","D03","BARC","BARC.AOS.riparian.point.04","2016-02-29","BARC.20160229.EPIPHYTON.3",,"other (specify in remarks)","Academy of Natural Sciences of Drexel University","2016-06-30","Txt9C5i/u7k=","chlorophyll/pheophytin","1",,25,100,,,,,,,,"pheophytin",,"microgramsPerLiter","ANSP P-16-92 Rev2",,,"Outside of filter was yellowed","legacyData|Did not meet quality audit requirements for analysis audit"
"7ae37bf4-e9a2-4346-b977-4474ceaffbb0","D03","BARC","BARC.AOS.riparian.point.04","2016-02-29","BARC.20160229.EPIPHYTON.3",,"condition ok","Academy of Natural Sciences of Drexel University","2016-07-28","OKgcKejxXbI=","CN","2",,25,100,,,,,,,,"carbon",143117.40,"microgramsPerLiter","ANSP P-16-54 Rev2",,"N",,"legacyData|Did not meet quality audit requirements for analysis audit|acidTreatmentSOPNotFollowed"
"e7ef2bfd-8f07-4478-a300-d8cc0d76f20e","D03","BARC","BARC.AOS.riparian.point.10","2016-02-29","BARC.20160229.EPIPHYTON.5",,"condition ok","Academy of Natural Sciences of Drexel University","2016-07-28","OKgcKejxXbI=","CN","2",,25,100,,,,,,,,"nitrogen",1522.51,"microgramsPerLiter","ANSP P-16-54 Rev2",,,,"legacyData|Did not meet quality audit requirements for analysis audit"
"11a8c0da-44e1-4221-abcb-1934d5a829ed","D03","BARC","BARC.AOS.riparian.point.02","2016-02-29","BARC.20160229.EPIPHYTON.4",,"condition ok","Academy of Natural Sciences of Drexel University","2016-07-28","OKgcKejxXbI=","CN","1",,25,100,,,,,,,,"carbon",7078.04,"microgramsPerLiter","ANSP P-16-54 Rev2",,"N",,"legacyData|Did not meet quality audit requirements for analysis audit|acidTreatmentSOPNotFollowed"
"fe15f8dc-5085-43f1-bf49-0eb654031bee","D03","BARC","BARC.AOS.riparian.point.10","2016-02-29","BARC.20160229.EPIPHYTON.5",,"condition ok","Academy of Natural Sciences of Drexel University","2016-06-30","Txt9C5i/u7k=","chlorophyll/pheophytin","2",,25,100,,,,,,,,"chlorophyll a",,"microgramsPerLiter","ANSP P-16-92 Rev2",,,,"legacyData|Did not meet quality audit requirements for analysis audit"
"bae180c7-2c70-4cea-b277-b795be1f3f3e","D03","BARC","BARC.AOS.riparian.point.06","2016-02-29","BARC.20160229.EPIPHYTON.2",,"condition ok","Academy of Natural Sciences of Drexel University","2017-03-30","OKgcKejxXbI=","13C15N","1",,25,100,,,,,,,,"d13C",-27.45,"perMill","ANSP P-16-202 Rev0",,"N",,"legacyData|Did not meet quality audit requirements for analysis audit|acidTreatmentSOPNotFollowed"
"93727085-a50d-40b8-a2e7-84a38b0c60ef","D03","BARC","BARC.AOS.riparian.point.06","2016-02-29","BARC.20160229.EPIPHYTON.2",,"condition ok","Academy of Natural Sciences of Drexel University","2017-03-30","OKgcKejxXbI=","13C15N","2",,25,100,,,,,,,,"d15N",0.36,"perMill","ANSP P-16-202 Rev0",,,,"legacyData|Did not meet quality audit requirements for analysis audit"
"93e02fff-2f82-4913-9270-556fc5037cc4","D03","BARC","BARC.AOS.riparian.point.04","2016-02-29","BARC.20160229.EPIPHYTON.3",,"condition ok","Academy of Natural Sciences of Drexel University","2016-07-28","OKgcKejxXbI=","CN","1",,25,100,,,,,,,,"nitrogen",7787.20,"microgramsPerLiter","ANSP P-16-54 Rev2",,,,"legacyData|Did not meet quality audit requirements for analysis audit"
"68805da3-37ac-4c91-b6c5-9ccae605f467","D03","BARC","BARC.AOS.littoral2","2016-02-29","BARC.20160229.PHYTOPLANKTON.3",,"condition ok","Academy of Natural Sciences of Drexel University","2016-08-02","+IoRzddUq5A=","P","1",,25,100,,,,,,,,"phosphorus",13.09,"microgramsPerLiter","ANSP P-16-114 Rev2; ANSP P-16_95 Rev3",,,,"legacyData|Did not meet quality audit requirements for analysis audit"
"1130c1f2-5335-47ec-85af-58e0436f1db3","D03","BARC","BARC.AOS.riparian.point.10","2016-02-29","BARC.20160229.EPIPHYTON.5",,"condition ok","Academy of Natural Sciences of Drexel University","2017-03-28","OKgcKejxXbI=","13C15N","1",,25,100,,,,,,,,"d34S",6.15,"perMill","SO2 EA-combustion-IRMS method",,,,"legacyData|Did not meet quality audit requirements for analysis audit"
"20167668-a57d-421f-b248-58f6931c93aa","D03","BARC","BARC.AOS.buoy.c0","2016-02-29","BARC.20160229.PHYTOPLANKTON.1",,"condition ok","Academy of Natural Sciences of Drexel University","2017-03-30","OKgcKejxXbI=","13C15N","2",,25,100,,,,,,,,"d13C",-27.66,"perMill","ANSP P-16-202 Rev0",,"N",,"legacyData|Did not meet quality audit requirements for analysis audit|acidTreatmentSOPNotFollowed"
"f50b502c-959d-4c08-bd62-ae02db8afabd","D03","BARC","BARC.AOS.littoral2","2016-02-29","BARC.20160229.PHYTOPLANKTON.3",,"condition ok","Academy of Natural Sciences of Drexel University","2016-07-28","OKgcKejxXbI=","CN","2",,25,100,,,,,,,,"nitrogen",65.67,"microgramsPerLiter","ANSP P-16-54 Rev2",,,,"legacyData|Did not meet quality audit requirements for analysis audit"
"b02b47cd-c376-4e8b-afdb-d4d19990b8cd","D03","BARC","BARC.AOS.riparian.point.08","2016-02-29","BARC.20160229.EPIPHYTON.1",,"condition ok","Academy of Natural Sciences of Drexel University","2017-03-30","OKgcKejxXbI=","13C15N","1",,25,100,,,,,,,,"d34S",8.99,"perMill","SO2 EA-combustion-IRMS method",,,,"legacyData|Did not meet quality audit requirements for analysis audit"
"504c6784-4c8c-49be-a407-955ed25f4b74","D03","BARC","BARC.AOS.littoral1","2016-02-29","BARC.20160229.PHYTOPLANKTON.2",,"condition ok","Academy of Natural Sciences of Drexel University","2017-03-30","OKgcKejxXbI=","13C15N","1",,25,100,,,,,,,,"d34S",9.16,"perMill","SO2 EA-combustion-IRMS method",,,,"legacyData|Did not meet quality audit requirements for analysis audit"
"6eba24f2-c7bb-4638-a6e1-1603ef38cb55","D03","BARC","BARC.AOS.littoral1","2016-02-29","BARC.20160229.PHYTOPLANKTON.2",,"condition ok","Academy of Natural Sciences of Drexel University","2017-03-30","OKgcKejxXbI=","13C15N","2",,25,100,,,,,,,,"d15N",2.14,"perMill","ANSP P-16-202 Rev0",,,,"legacyData|Did not meet quality audit requirements for analysis audit"
"1732b54d-9076-44e1-a15a-37b6d68dadec","D03","BARC","BARC.AOS.riparian.point.04","2016-02-29","BARC.20160229.EPIPHYTON.3",,"other (specify in remarks)","Academy of Natural Sciences of Drexel University","2016-06-30","Txt9C5i/u7k=","chlorophyll/pheophytin","2",,25,100,,,,,,,,"chlorophyll a",,"microgramsPerLiter","ANSP P-16-92 Rev2",,,"Outside of filter was yellowed","legacyData|Did not meet quality audit requirements for analysis audit"
"727e7fca-b1dc-43c4-8b3c-7a9974b7b2f1","D03","BARC","BARC.AOS.littoral2","2016-02-29","BARC.20160229.PHYTOPLANKTON.3",,"condition ok","Academy of Natural Sciences of Drexel University","2016-06-30","Txt9C5i/u7k=","chlorophyll/pheophytin","1",,25,100,,,,,,,,"chlorophyll a",,"microgramsPerLiter","ANSP P-16-92 Rev2",,,,"legacyData|Did not meet quality audit requirements for analysis audit"
"38770a1c-e9d2-41b8-952a-ca77febcd750","D03","BARC","BARC.AOS.buoy.c0","2016-02-29","BARC.20160229.PHYTOPLANKTON.1",,"condition ok","Academy of Natural Sciences of Drexel University","2016-06-30","Txt9C5i/u7k=","chlorophyll/pheophytin","2",,25,100,,,,,,,,"chlorophyll a",,"microgramsPerLiter","ANSP P-16-92 Rev2",,,,"legacyData|Did not meet quality audit requirements for analysis audit"
"61bad3a6-cdeb-4e2e-91ab-c449fb0ad15f","D03","BARC","BARC.AOS.riparian.point.10","2016-02-29","BARC.20160229.EPIPHYTON.5",,"condition ok","Academy of Natural Sciences of Drexel University","2017-03-28","OKgcKejxXbI=","13C15N","2",,25,100,,,,,,,,"d13C",-28.63,"perMill","ANSP P-16-202 Rev0",,"N",,"legacyData|Did not meet quality audit requirements for analysis audit|acidTreatmentSOPNotFollowed"
"dca338b7-0b4a-44e2-96a4-4035648e8016","D03","BARC","BARC.AOS.littoral2","2016-02-29","BARC.20160229.PHYTOPLANKTON.3",,"condition ok","Academy of Natural Sciences of Drexel University","2017-03-30","OKgcKejxXbI=","13C15N","1",,25,100,,,,,,,,"d15N",-0.48,"perMill","ANSP P-16-202 Rev0",,,,"legacyData|Did not meet quality audit requirements for analysis audit"
"39c013c3-1aa5-4f9d-a6f3-84b9de12ca97","D03","BARC","BARC.AOS.riparian.point.10","2016-02-29","BARC.20160229.EPIPHYTON.5",,"other (specify in remarks)","Academy of Natural Sciences of Drexel University","2017-03-28","OKgcKejxXbI=","13C15N","1",,25,100,,,,,,,,"d15N",,"perMill","ANSP P-16-202 Rev0",,,"not enough sample for analysis","legacyData|Did not meet quality audit requirements for analysis audit"
"9727f0ef-149b-4b60-a1ed-9e34b7065f7c","D03","BARC","BARC.AOS.riparian.point.08","2016-02-29","BARC.20160229.EPIPHYTON.1",,"condition ok","Academy of Natural Sciences of Drexel University","2016-07-28","OKgcKejxXbI=","CN","2",,25,100,,,,,,,,"nitrogen",3106.96,"microgramsPerLiter","ANSP P-16-54 Rev2",,,,"legacyData|Did not meet quality audit requirements for analysis audit"
"6f249123-e45d-462e-bfa2-bbbe7f63453e","D03","BARC","BARC.AOS.littoral2","2016-02-29","BARC.20160229.PHYTOPLANKTON.3",,"condition ok","Academy of Natural Sciences of Drexel University","2017-03-30","OKgcKejxXbI=","13C15N","2",,25,100,,,,,,,,"d13C",-27.75,"perMill","ANSP P-16-202 Rev0",,"N",,"legacyData|Did not meet quality audit requirements for analysis audit|acidTreatmentSOPNotFollowed"
"1e93a7af-9928-4398-b023-4e69b2373158","D03","BARC","BARC.AOS.riparian.point.02","2016-02-29","BARC.20160229.EPIPHYTON.4",,"condition ok","Academy of Natural Sciences of Drexel University","2016-06-30","Txt9C5i/u7k=","chlorophyll/pheophytin","2",,25,100,,,,,,,,"pheophytin",,"microgramsPerLiter","ANSP P-16-92 Rev2",,,,"legacyData|Did not meet quality audit requirements for analysis audit"
"58077477-bc6d-473a-97fa-2774802365c6","D03","BARC","BARC.AOS.littoral1","2016-02-29","BARC.20160229.PHYTOPLANKTON.2",,"other (specify in remarks)","Academy of Natural Sciences of Drexel University","2016-06-30","Txt9C5i/u7k=","chlorophyll/pheophytin","1",,25,100,,,,,,,,"chlorophyll a",,"microgramsPerLiter","ANSP P-16-92 Rev2",,,"Visibly more plant material on replicate 1","legacyData|Did not meet quality audit requirements for analysis audit"
"63208e19-0765-43e7-8e39-1711ef5e2c92","D03","BARC","BARC.AOS.riparian.point.04","2016-02-29","BARC.20160229.EPIPHYTON.3",,"condition ok","Academy of Natural Sciences of Drexel University","2017-03-30","OKgcKejxXbI=","13C15N","2",,25,100,,,,,,,,"d13C",-25.53,"perMill","ANSP P-16-202 Rev0",,"N",,"legacyData|Did not meet quality audit requirements for analysis audit|acidTreatmentSOPNotFollowed"
"2c0d9f66-3dae-446d-8d7e-8c221163909d","D03","BARC","BARC.AOS.riparian.point.02","2016-02-29","BARC.20160229.EPIPHYTON.4",,"condition ok","Academy of Natural Sciences of Drexel University","2016-07-28","OKgcKejxXbI=","CN","1",,25,100,,,,,,,,"nitrogen",0.00,"microgramsPerLiter","ANSP P-16-54 Rev2",,,,"legacyData|Did not meet quality audit requirements for analysis audit"
"cda91e02-f37b-4275-92dd-2d91da5217fd","D03","BARC","BARC.AOS.riparian.point.06","2016-02-29","BARC.20160229.EPIPHYTON.2",,"condition ok","Academy of Natural Sciences of Drexel University","2016-07-28","OKgcKejxXbI=","CN","2",,25,100,,,,,,,,"nitrogen",3617.16,"microgramsPerLiter","ANSP P-16-54 Rev2",,,,"legacyData|Did not meet quality audit requirements for analysis audit"
"63e120bb-d8bb-489b-8b2b-59e0469233e3","D03","BARC","BARC.AOS.riparian.point.06","2016-02-29","BARC.20160229.EPIPHYTON.2",,"condition ok","Academy of Natural Sciences of Drexel University","2017-03-30","OKgcKejxXbI=","13C15N","1",,25,100,,,,,,,,"d34S",10.21,"perMill","SO2 EA-combustion-IRMS method",,,,"legacyData|Did not meet quality audit requirements for analysis audit"
"ce3b4239-0d00-426e-bb2e-b838cddb927a","D03","BARC","BARC.AOS.riparian.point.08","2016-02-29","BARC.20160229.EPIPHYTON.1",,"condition ok","Academy of Natural Sciences of Drexel University","2016-06-30","Txt9C5i/u7k=","chlorophyll/pheophytin","1",,25,100,,,,,,,,"chlorophyll a",,"microgramsPerLiter","ANSP P-16-92 Rev2",,,,"legacyData|Did not meet quality audit requirements for analysis audit"
"18c5b6a3-9c8d-4da2-bfab-b2419cc28b68","D03","BARC","BARC.AOS.littoral1","2016-02-29","BARC.20160229.PHYTOPLANKTON.2",,"other (specify in remarks)","Academy of Natural Sciences of Drexel University","2016-06-30","Txt9C5i/u7k=","chlorophyll/pheophytin","2",,25,100,,,,,,,,"pheophytin",,"microgramsPerLiter","ANSP P-16-92 Rev2",,,"Visibly more plant material on replicate 1","legacyData|Did not meet quality audit requirements for analysis audit"
"9e237409-1093-4a7e-a43d-27f6e3f82d4e","D03","BARC","BARC.AOS.riparian.point.02","2016-02-29","BARC.20160229.EPIPHYTON.4",,"condition ok","Academy of Natural Sciences of Drexel University","2017-03-28","OKgcKejxXbI=","13C15N","1",,25,100,,,,,,,,"d13C",-27.85,"perMill","ANSP P-16-202 Rev0",,"N",,"legacyData|Did not meet quality audit requirements for analysis audit|acidTreatmentSOPNotFollowed"
"886f40a1-f88f-4654-916b-c7cb20f2f3dc","D03","BARC","BARC.AOS.littoral1","2016-02-29","BARC.20160229.PHYTOPLANKTON.2",,"condition ok","Academy of Natural Sciences of Drexel University","2016-08-02","+IoRzddUq5A=","P","1",,25,100,,,,,,,,"phosphorus",13.92,"microgramsPerLiter","ANSP P-16-114 Rev2; ANSP P-16_95 Rev3",,,,"legacyData|Did not meet quality audit requirements for analysis audit"
"8654699c-3b18-4ff6-b0b5-5dae94e76333","D03","BARC","BARC.AOS.riparian.point.02","2016-02-29","BARC.20160229.EPIPHYTON.4",,"other (specify in remarks)","Academy of Natural Sciences of Drexel University","2017-03-28","OKgcKejxXbI=","13C15N","1",,25,100,,,,,,,,"d15N",,"perMill","ANSP P-16-202 Rev0",,,"not enough sample for analysis","legacyData|Did not meet quality audit requirements for analysis audit"
"e1193889-6032-434e-96e6-3b27701f2321","D03","BARC","BARC.AOS.riparian.point.02","2016-02-29","BARC.20160229.EPIPHYTON.4",,"condition ok","Academy of Natural Sciences of Drexel University","2016-07-28","OKgcKejxXbI=","CN","2",,25,100,,,,,,,,"nitrogen",0.00,"microgramsPerLiter","ANSP P-16-54 Rev2",,,,"legacyData|Did not meet quality audit requirements for analysis audit"
"245b0af3-72ed-4f75-9cc7-2f701858c5f9","D03","BARC","BARC.AOS.riparian.point.04","2016-02-29","BARC.20160229.EPIPHYTON.3",,"condition ok","Academy of Natural Sciences of Drexel University","2016-08-02","+IoRzddUq5A=","P","1",,25,100,,,,,,,,"phosphorus",1181.22,"microgramsPerLiter","ANSP P-16-114 Rev2; ANSP P-16_95 Rev3",,,,"legacyData|Did not meet quality audit requirements for analysis audit"
"38cfc768-b5f1-4625-876b-6257afe2de9b","D03","BARC","BARC.AOS.riparian.point.06","2016-02-29","BARC.20160229.EPIPHYTON.2",,"condition ok","Academy of Natural Sciences of Drexel University","2017-03-30","OKgcKejxXbI=","13C15N","1",,25,100,,,,,,,,"d15N",-0.32,"perMill","ANSP P-16-202 Rev0",,,,"legacyData|Did not meet quality audit requirements for analysis audit"
"4f47743b-4805-4eec-bd5c-56850f857b82","D03","BARC","BARC.AOS.littoral2","2016-02-29","BARC.20160229.PHYTOPLANKTON.3",,"condition ok","Academy of Natural Sciences of Drexel University","2016-07-28","OKgcKejxXbI=","CN","2",,25,100,,,,,,,,"carbon",564.51,"microgramsPerLiter","ANSP P-16-54 Rev2",,"N",,"legacyData|Did not meet quality audit requirements for analysis audit|acidTreatmentSOPNotFollowed"
"340c8b99-225b-4300-ad47-122c61d3baff","D03","BARC","BARC.AOS.riparian.point.06","2016-02-29","BARC.20160229.EPIPHYTON.2",,"condition ok","Academy of Natural Sciences of Drexel University","2016-06-30","Txt9C5i/u7k=","chlorophyll/pheophytin","2",,25,100,,,,,,,,"pheophytin",,"microgramsPerLiter","ANSP P-16-92 Rev2",,,,"legacyData|Did not meet quality audit requirements for analysis audit"
"7d67ad05-6e68-4a70-86c6-9bec420c7465","D03","BARC","BARC.AOS.riparian.point.08","2016-02-29","BARC.20160229.EPIPHYTON.1",,"condition ok","Academy of Natural Sciences of Drexel University","2017-03-30","OKgcKejxXbI=","13C15N","2",,25,100,,,,,,,,"d15N",1.77,"perMill","ANSP P-16-202 Rev0",,,,"legacyData|Did not meet quality audit requirements for analysis audit"
"dbf47c20-6fe0-437c-96c0-577752a66c75","D03","BARC","BARC.AOS.littoral1","2016-02-29","BARC.20160229.PHYTOPLANKTON.2",,"condition ok","Academy of Natural Sciences of Drexel University","2016-07-28","OKgcKejxXbI=","CN","1",,25,100,,,,,,,,"carbon",1163.44,"microgramsPerLiter","ANSP P-16-54 Rev2",,"N",,"legacyData|Did not meet quality audit requirements for analysis audit|acidTreatmentSOPNotFollowed"
"62827ca5-e0be-4f1a-8bd1-fa923b56ffaf","D03","BARC","BARC.AOS.riparian.point.06","2016-02-29","BARC.20160229.EPIPHYTON.2",,"condition ok","Academy of Natural Sciences of Drexel University","2016-07-28","OKgcKejxXbI=","CN","2",,25,100,,,,,,,,"carbon",62169.35,"microgramsPerLiter","ANSP P-16-54 Rev2",,"N",,"legacyData|Did not meet quality audit requirements for analysis audit|acidTreatmentSOPNotFollowed"
"fbb53d82-c38c-480e-ab52-74439e998433","D03","BARC","BARC.AOS.buoy.c0","2016-02-29","BARC.20160229.PHYTOPLANKTON.1",,"condition ok","Academy of Natural Sciences of Drexel University","2017-03-30","OKgcKejxXbI=","13C15N","1",,25,100,,,,,,,,"d15N",2.24,"perMill","ANSP P-16-202 Rev0",,,,"legacyData|Did not meet quality audit requirements for analysis audit"
"65aed170-5159-4d3a-8a68-e0ff3d662f34","D03","BARC","BARC.AOS.littoral2","2016-02-29","BARC.20160229.PHYTOPLANKTON.3",,"condition ok","Academy of Natural Sciences of Drexel University","2016-07-28","OKgcKejxXbI=","CN","1",,25,100,,,,,,,,"nitrogen",60.48,"microgramsPerLiter","ANSP P-16-54 Rev2",,,,"legacyData|Did not meet quality audit requirements for analysis audit"
"7b71d36c-b96e-4ed9-9dbc-9d01c7779f09","D03","BARC","BARC.AOS.littoral2","2016-02-29","BARC.20160229.PHYTOPLANKTON.3",,"condition ok","Academy of Natural Sciences of Drexel University","2017-03-30","OKgcKejxXbI=","13C15N","1",,25,100,,,,,,,,"d34S",8.79,"perMill","SO2 EA-combustion-IRMS method",,,,"legacyData|Did not meet quality audit requirements for analysis audit"
"f93708a1-bbee-419b-a89c-a783ba97b7d5","D03","BARC","BARC.AOS.riparian.point.08","2016-02-29","BARC.20160229.EPIPHYTON.1",,"condition ok","Academy of Natural Sciences of Drexel University","2016-08-02","+IoRzddUq5A=","P","1",,25,100,,,,,,,,"phosphorus",695.08,"microgramsPerLiter","ANSP P-16-114 Rev2; ANSP P-16_95 Rev3",,,,"legacyData|Did not meet quality audit requirements for analysis audit"
"f0dbedd9-a0f0-45bb-b613-e23ceab126eb","D03","BARC","BARC.AOS.riparian.point.08","2016-02-29","BARC.20160229.EPIPHYTON.1",,"condition ok","Academy of Natural Sciences of Drexel University","2017-03-30","OKgcKejxXbI=","13C15N","1",,25,100,,,,,,,,"d15N",0.71,"perMill","ANSP P-16-202 Rev0",,,,"legacyData|Did not meet quality audit requirements for analysis audit"
"cd5780e2-6bc7-46c4-a943-f2688e961e8e","D03","BARC","BARC.AOS.buoy.c0","2016-02-29","BARC.20160229.PHYTOPLANKTON.1",,"condition ok","Academy of Natural Sciences of Drexel University","2017-03-30","OKgcKejxXbI=","13C15N","2",,25,100,,,,,,,,"d15N",2.55,"perMill","ANSP P-16-202 Rev0",,,,"legacyData|Did not meet quality audit requirements for analysis audit"
"175ddf92-2914-43dc-87f5-611e7fd8f143","D03","BARC","BARC.AOS.riparian.point.06","2016-02-29","BARC.20160229.EPIPHYTON.2",,"condition ok","Academy of Natural Sciences of Drexel University","2016-07-28","OKgcKejxXbI=","CN","1",,25,100,,,,,,,,"nitrogen",1979.40,"microgramsPerLiter","ANSP P-16-54 Rev2",,,,"legacyData|Did not meet quality audit requirements for analysis audit"
"a80e1af6-8a85-4883-a736-a596b6372a2e","D03","BARC","BARC.AOS.littoral1","2016-02-29","BARC.20160229.PHYTOPLANKTON.2",,"condition ok","Academy of Natural Sciences of Drexel University","2017-03-30","OKgcKejxXbI=","13C15N","2",,25,100,,,,,,,,"d13C",-27.12,"perMill","ANSP P-16-202 Rev0",,"N",,"legacyData|Did not meet quality audit requirements for analysis audit|acidTreatmentSOPNotFollowed"
"4e1b43c9-f6af-4f38-bdb8-3af548e91219","D03","BARC","BARC.AOS.riparian.point.10","2016-02-29","BARC.20160229.EPIPHYTON.5",,"condition ok","Academy of Natural Sciences of Drexel University","2016-06-30","Txt9C5i/u7k=","chlorophyll/pheophytin","2",,25,100,,,,,,,,"pheophytin",,"microgramsPerLiter","ANSP P-16-92 Rev2",,,,"legacyData|Did not meet quality audit requirements for analysis audit"
"c644033c-80f8-41f5-b4fe-ef0d01d16da0","D03","BARC","BARC.AOS.littoral2","2016-02-29","BARC.20160229.PHYTOPLANKTON.3",,"condition ok","Academy of Natural Sciences of Drexel University","2016-06-30","Txt9C5i/u7k=","chlorophyll/pheophytin","2",,25,100,,,,,,,,"pheophytin",,"microgramsPerLiter","ANSP P-16-92 Rev2",,,,"legacyData|Did not meet quality audit requirements for analysis audit"
"3244e22c-0e36-4eb2-935d-bac6f3f84df6","D03","BARC","BARC.AOS.littoral2","2016-02-29","BARC.20160229.PHYTOPLANKTON.3",,"condition ok","Academy of Natural Sciences of Drexel University","2016-06-30","Txt9C5i/u7k=","chlorophyll/pheophytin","1",,25,100,,,,,,,,"pheophytin",,"microgramsPerLiter","ANSP P-16-92 Rev2",,,,"legacyData|Did not meet quality audit requirements for analysis audit"
"605317f5-a533-429f-89ba-8ccaa67aee65","D03","BARC","BARC.AOS.riparian.point.10","2016-02-29","BARC.20160229.EPIPHYTON.5",,"condition ok","Academy of Natural Sciences of Drexel University","2016-07-28","OKgcKejxXbI=","CN","1",,25,100,,,,,,,,"carbon",9984.46,"microgramsPerLiter","ANSP P-16-54 Rev2",,"N",,"legacyData|Did not meet quality audit requirements for analysis audit|acidTreatmentSOPNotFollowed"
"e309ccf5-baf9-4829-8e4b-59ef454c639e","D03","BARC","BARC.AOS.riparian.point.08","2016-02-29","BARC.20160229.EPIPHYTON.1",,"condition ok","Academy of Natural Sciences of Drexel University","2016-07-28","OKgcKejxXbI=","CN","2",,25,100,,,,,,,,"carbon",48385.83,"microgramsPerLiter","ANSP P-16-54 Rev2",,"N",,"legacyData|Did not meet quality audit requirements for analysis audit|acidTreatmentSOPNotFollowed"
"a03a9dee-ace8-4c8f-9cbb-f822e17e242e","D03","BARC","BARC.AOS.riparian.point.08","2016-02-29","BARC.20160229.EPIPHYTON.1",,"condition ok","Academy of Natural Sciences of Drexel University","2016-07-28","OKgcKejxXbI=","CN","1",,25,100,,,,,,,,"nitrogen",3656.46,"microgramsPerLiter","ANSP P-16-54 Rev2",,,,"legacyData|Did not meet quality audit requirements for analysis audit"
"d234ffe9-51d6-4040-b413-c636e44394d0","D03","BARC","BARC.AOS.riparian.point.02","2016-02-29","BARC.20160229.EPIPHYTON.4",,"condition ok","Academy of Natural Sciences of Drexel University","2016-06-30","Txt9C5i/u7k=","chlorophyll/pheophytin","1",,25,100,,,,,,,,"pheophytin",,"microgramsPerLiter","ANSP P-16-92 Rev2",,,,"legacyData|Did not meet quality audit requirements for analysis audit"
"9be547b6-6354-4d51-91db-35c626030653","D03","BARC","BARC.AOS.riparian.point.08","2016-02-29","BARC.20160229.EPIPHYTON.1",,"condition ok","Academy of Natural Sciences of Drexel University","2016-06-30","Txt9C5i/u7k=","chlorophyll/pheophytin","2",,25,100,,,,,,,,"chlorophyll a",,"microgramsPerLiter","ANSP P-16-92 Rev2",,,,"legacyData|Did not meet quality audit requirements for analysis audit"
"486f8a5f-5077-4cc3-995c-fa7288942eba","D03","BARC","BARC.AOS.riparian.point.04","2016-02-29","BARC.20160229.EPIPHYTON.3",,"condition ok","Academy of Natural Sciences of Drexel University","2017-03-30","OKgcKejxXbI=","13C15N","1",,25,100,,,,,,,,"d13C",-25.23,"perMill","ANSP P-16-202 Rev0",,"N",,"legacyData|Did not meet quality audit requirements for analysis audit|acidTreatmentSOPNotFollowed"
"8e09510d-08d3-493b-80b4-e975eeb01bc1","D03","BARC","BARC.AOS.riparian.point.04","2016-02-29","BARC.20160229.EPIPHYTON.3",,"condition ok","Academy of Natural Sciences of Drexel University","2017-03-30","OKgcKejxXbI=","13C15N","1",,25,100,,,,,,,,"d34S",10.61,"perMill","SO2 EA-combustion-IRMS method",,,,"legacyData|Did not meet quality audit requirements for analysis audit"
"1233796d-5632-4926-996c-08f0f19c8828","D03","BARC","BARC.AOS.buoy.c0","2016-02-29","BARC.20160229.PHYTOPLANKTON.1",,"condition ok","Academy of Natural Sciences of Drexel University","2017-03-30","OKgcKejxXbI=","13C15N","1",,25,100,,,,,,,,"d34S",9.54,"perMill","SO2 EA-combustion-IRMS method",,,,"legacyData|Did not meet quality audit requirements for analysis audit"
"bcc4a9ba-fe83-4d8a-a635-ac0095e92e54","D03","BARC","BARC.AOS.riparian.point.02","2016-02-29","BARC.20160229.EPIPHYTON.4",,"condition ok","Academy of Natural Sciences of Drexel University","2016-07-28","OKgcKejxXbI=","CN","2",,25,100,,,,,,,,"carbon",7613.65,"microgramsPerLiter","ANSP P-16-54 Rev2",,"N",,"legacyData|Did not meet quality audit requirements for analysis audit|acidTreatmentSOPNotFollowed"
"9dcc045e-b3e1-4c11-bf90-5558022f3b43","D03","BARC","BARC.AOS.buoy.c0","2016-02-29","BARC.20160229.PHYTOPLANKTON.1",,"condition ok","Academy of Natural Sciences of Drexel University","2016-07-28","OKgcKejxXbI=","CN","1",,25,100,,,,,,,,"carbon",730.54,"microgramsPerLiter","ANSP P-16-54 Rev2",,"N",,"legacyData|Did not meet quality audit requirements for analysis audit|acidTreatmentSOPNotFollowed"
"00ae9a74-cd24-4884-bd5c-783f47663aa7","D03","BARC","BARC.AOS.riparian.point.08","2016-02-29","BARC.20160229.EPIPHYTON.1",,"condition ok","Academy of Natural Sciences of Drexel University","2016-06-30","Txt9C5i/u7k=","chlorophyll/pheophytin","2",,25,100,,,,,,,,"pheophytin",,"microgramsPerLiter","ANSP P-16-92 Rev2",,,,"legacyData|Did not meet quality audit requirements for analysis audit"
"c97d66fb-3f38-4be5-8acd-b03d4e3132dd","D03","BARC","BARC.AOS.riparian.point.08","2016-02-29","BARC.20160229.EPIPHYTON.1",,"condition ok","Academy of Natural Sciences of Drexel University","2017-03-30","OKgcKejxXbI=","13C15N","1",,25,100,,,,,,,,"d13C",-28.70,"perMill","ANSP P-16-202 Rev0",,"N",,"legacyData|Did not meet quality audit requirements for analysis audit|acidTreatmentSOPNotFollowed"
