uid,domainID,siteID,namedLocation,aquaticSiteType,decimalLatitude,decimalLongitude,coordinateUncertainty,elevation,elevationUncertainty,geodeticDatum,collectDate,eventID,parentSampleID,parentSampleCode,samplingImpractical,biophysicalCriteria,affectedByWind,habitatType,algalSampleType,benthicArea,samplingProtocolVersion,phytoDepth1,phytoDepth2,phytoDepth3,substratumSizeClass,remarks,recordedBy,collectedBy,dataQF
"c9077500-f1a0-4113-b1f6-4f7cdc0fbca5","D03","BARC","BARC.AOS.riparian.point.04","lake",29.675164,-82.006743,5.0,22.5,5.0,"WGS84","2016-02-29T14:30Z","BARC.20160229","BARC.20160229.EPIPHYTON.3",,,,,"littoral","epiphyton",0.010000,"NEON.DOC.003045vA",,,,,,"ksandusky@neoninc.org","echartrand@neoninc.org","legacyData"
"98005440-b796-451e-99d3-ae3c97c07af3","D03","BARC","BARC.AOS.buoy.c0","lake",29.675982,-82.008414,10.0,27.0,10.0,"WGS84","2016-02-29T14:30Z","BARC.20160229","BARC.20160229.PHYTOPLANKTON.1",,,,,"pelagic","phytoplankton",,"NEON.DOC.003045vA",0.5,4.8,,,"3rd sample at 2.6 m","ksandusky@neoninc.org","echartrand@neoninc.org","legacyData"
"dc98c610-bac7-4c31-b75a-2ba80cdb87b8","D03","BARC","BARC.AOS.littoral2","lake",29.674748,-82.008401,1.1,27.1,1.0,"WGS84","2016-02-29T14:30Z","BARC.20160229","BARC.20160229.PHYTOPLANKTON.3",,,,,"pelagic","phytoplankton",,"NEON.DOC.003045vA",0.5,1.0,,,,"ksandusky@neoninc.org","echartrand@neoninc.org","legacyData"
"fb46bf40-a16d-40f1-9c64-cfc118f75f00","D03","BARC","BARC.AOS.littoral1","lake",29.677479,-82.007710,1.1,26.0,1.0,"WGS84","2016-02-29T14:30Z","BARC.20160229","BARC.20160229.PHYTOPLANKTON.2",,,,,"pelagic","phytoplankton",,"NEON.DOC.003045vA",0.5,1.0,,,,"ksandusky@neoninc.org","echartrand@neoninc.org","legacyData"
"2e6ea6c6-1cff-4805-972b-707d3878a4cc","D03","BARC","BARC.AOS.riparian.point.02","lake",29.677034,-82.006975,5.0,26.1,5.0,"WGS84","2016-02-29T14:30Z","BARC.20160229","BARC.20160229.EPIPHYTON.4",,,,,"littoral","epiphyton",0.010000,"NEON.DOC.003045vA",,,,,,"ksandusky@neoninc.org","echartrand@neoninc.org","legacyData"
"6550283f-ed11-4303-b6f3-a9e388f3b4a0","D03","BARC","BARC.AOS.riparian.point.06","lake",29.674507,-82.008596,5.0,26.6,5.0,"WGS84","2016-02-29T14:30Z","BARC.20160229","BARC.20160229.EPIPHYTON.2",,,,,"littoral","epiphyton",0.010000,"NEON.DOC.003045vA",,,,,,"ksandusky@neoninc.org","echartrand@neoninc.org","legacyData"
"d5f3daad-96f6-4e64-bf9b-e12fac892a62","D03","BARC","BARC.AOS.riparian.point.08","lake",29.675584,-82.010729,5.0,25.1,5.0,"WGS84","2016-02-29T14:30Z","BARC.20160229","BARC.20160229.EPIPHYTON.1",,,,,"littoral","epiphyton",0.010000,"NEON.DOC.003045vA",,,,,,"ksandusky@neoninc.org","echartrand@neoninc.org","legacyData"
"e586ff05-91eb-496f-8867-de91ef1335f8","D03","BARC","BARC.AOS.riparian.point.10","lake",29.677686,-82.008911,5.0,24.2,5.0,"WGS84","2016-02-29T14:30Z","BARC.20160229","BARC.20160229.EPIPHYTON.5",,,,,"littoral","epiphyton",0.010000,"NEON.DOC.003045vA",,,,,,"ksandusky@neoninc.org","echartrand@neoninc.org","legacyData"
