uid,domainID,siteID,namedLocation,collectDate,parentSampleID,sampleID,sampleCode,filterNumber,analysisType,fieldSampleVolume,domainFilterVolume,storageDays,remarks,measuredBy,recordedBy,sampleCondition,dataQF
"431d17e9-628c-4566-b725-cacfb5c45510","D03","BARC","BARC.AOS.riparian.point.04","2016-02-29T14:30Z","BARC.20160229.EPIPHYTON.3","BARC.20160229.EPIPHYTON.3",,1,"13C15N",125.0,5.0,1.1,,,"ksandusky@neoninc.org","OK","legacyData"
"9490c763-8556-4aa4-82af-77a19735b575","D03","BARC","BARC.AOS.riparian.point.10","2016-02-29T14:30Z","BARC.20160229.EPIPHYTON.5","BARC.20160229.EPIPHYTON.5",,2,"chlorophyll/pheophytin",125.0,5.0,1.1,,,"ksandusky@neoninc.org","OK","legacyData"
"be92e0f6-8503-43d6-bd3b-43162f06bfd9","D03","BARC","BARC.AOS.riparian.point.04","2016-02-29T14:30Z","BARC.20160229.EPIPHYTON.3","BARC.20160229.EPIPHYTON.3",,1,"CN",125.0,5.0,1.1,,,"ksandusky@neoninc.org","OK","legacyData"
"4c7a62b1-a7ac-4f1c-be26-84dce858171a","D03","BARC","BARC.AOS.riparian.point.04","2016-02-29T14:30Z","BARC.20160229.EPIPHYTON.3","BARC.20160229.EPIPHYTON.3",,2,"13C15N",125.0,5.0,1.1,,,"ksandusky@neoninc.org","OK","legacyData"
"97cbb943-575d-49c4-ac7a-36a358e8842b","D03","BARC","BARC.AOS.riparian.point.08","2016-02-29T14:30Z","BARC.20160229.EPIPHYTON.1","BARC.20160229.EPIPHYTON.1",,1,"34S",125.0,5.0,1.1,,,"ksandusky@neoninc.org","OK","legacyData"
"fa75c643-2c4d-430a-850f-19d68cc4714e","D03","BARC","BARC.AOS.buoy.c0","2016-02-29T14:30Z","BARC.20160229.PHYTOPLANKTON.1","BARC.20160229.PHYTOPLANKTON.1",,2,"chlorophyll/pheophytin",4000.0,250.0,1.1,,,"ksandusky@neoninc.org","OK","legacyData"
"f1746768-8715-436f-b26f-4efe12a25af6","D03","BARC","BARC.AOS.riparian.point.08","2016-02-29T14:30Z","BARC.20160229.EPIPHYTON.1","BARC.20160229.EPIPHYTON.1",,2,"CN",125.0,5.0,1.1,,,"ksandusky@neoninc.org","OK","legacyData"
"7dfcdf4d-f294-4a16-b506-8354020001cc","D03","BARC","BARC.AOS.littoral1","2016-02-29T14:30Z","BARC.20160229.PHYTOPLANKTON.2","BARC.20160229.PHYTOPLANKTON.2",,2,"chlorophyll/pheophytin",4000.0,250.0,1.1,,,"ksandusky@neoninc.org","OK","legacyData"
"88afc4f5-7ef8-4a19-9916-3149de84f4b7","D03","BARC","BARC.AOS.littoral1","2016-02-29T14:30Z","BARC.20160229.PHYTOPLANKTON.2","BARC.20160229.PHYTOPLANKTON.2",,2,"13C15N",4000.0,200.0,1.1,,,"ksandusky@neoninc.org","OK","legacyData"
"c5081f5f-26ed-4a7b-bb68-20f85125f4b2","D03","BARC","BARC.AOS.riparian.point.06","2016-02-29T14:30Z","BARC.20160229.EPIPHYTON.2","BARC.20160229.EPIPHYTON.2",,1,"13C15N",125.0,5.0,1.1,,,"ksandusky@neoninc.org","OK","legacyData"
"04543cfb-9735-4d59-a445-61f5275e736b","D03","BARC","BARC.AOS.littoral1","2016-02-29T14:30Z","BARC.20160229.PHYTOPLANKTON.2","BARC.20160229.PHYTOPLANKTON.2",,1,"13C15N",4000.0,200.0,1.1,,,"ksandusky@neoninc.org","OK","legacyData"
"09a29ecc-1c91-4c03-90fd-dedb40a506db","D03","BARC","BARC.AOS.riparian.point.06","2016-02-29T14:30Z","BARC.20160229.EPIPHYTON.2","BARC.20160229.EPIPHYTON.2",,2,"CN",125.0,5.0,1.1,,,"ksandusky@neoninc.org","OK","legacyData"
"f5dda7b1-0cae-408a-8460-490c51085a06","D03","BARC","BARC.AOS.littoral2","2016-02-29T14:30Z","BARC.20160229.PHYTOPLANKTON.3","BARC.20160229.PHYTOPLANKTON.3",,1,"13C15N",4000.0,250.0,1.1,,,"ksandusky@neoninc.org","OK","legacyData"
"4d921c24-c5e8-43ea-bb89-59f24225da90","D03","BARC","BARC.AOS.riparian.point.02","2016-02-29T14:30Z","BARC.20160229.EPIPHYTON.4","BARC.20160229.EPIPHYTON.4",,2,"chlorophyll/pheophytin",125.0,5.0,1.1,,,"ksandusky@neoninc.org","OK","legacyData"
"fee3cb19-cef9-4a1e-98ad-f50b4602ebc0","D03","BARC","BARC.AOS.riparian.point.02","2016-02-29T14:30Z","BARC.20160229.EPIPHYTON.4","BARC.20160229.EPIPHYTON.4",,2,"CN",125.0,5.0,1.1,,,"ksandusky@neoninc.org","OK","legacyData"
"efdf1716-e224-45af-af97-96975db387cf","D03","BARC","BARC.AOS.riparian.point.10","2016-02-29T14:30Z","BARC.20160229.EPIPHYTON.5","BARC.20160229.EPIPHYTON.5",,1,"CN",125.0,5.0,1.1,,,"ksandusky@neoninc.org","OK","legacyData"
"0c71f54b-9c54-47b0-a0c5-23d7e1ab938e","D03","BARC","BARC.AOS.riparian.point.02","2016-02-29T14:30Z","BARC.20160229.EPIPHYTON.4","BARC.20160229.EPIPHYTON.4",,1,"13C15N",125.0,5.0,1.1,,,"ksandusky@neoninc.org","OK","legacyData"
"7a50f8b3-1035-46a8-98f7-5bfa9d4415b7","D03","BARC","BARC.AOS.littoral1","2016-02-29T14:30Z","BARC.20160229.PHYTOPLANKTON.2","BARC.20160229.PHYTOPLANKTON.2",,1,"CN",4000.0,250.0,1.1,,,"ksandusky@neoninc.org","OK","legacyData"
"64ef4f1c-3586-4ce6-8428-bfd224116c6e","D03","BARC","BARC.AOS.riparian.point.10","2016-02-29T14:30Z","BARC.20160229.EPIPHYTON.5","BARC.20160229.EPIPHYTON.5",,1,"P",125.0,5.0,1.1,,,"ksandusky@neoninc.org","OK","legacyData"
"dc07fa56-5609-45bd-86c5-9c212117591d","D03","BARC","BARC.AOS.littoral1","2016-02-29T14:30Z","BARC.20160229.PHYTOPLANKTON.2","BARC.20160229.PHYTOPLANKTON.2",,1,"P",4000.0,200.0,1.1,,,"ksandusky@neoninc.org","OK","legacyData"
"bece7785-f171-4b6b-a90a-7bf781a07ee2","D03","BARC","BARC.AOS.littoral2","2016-02-29T14:30Z","BARC.20160229.PHYTOPLANKTON.3","BARC.20160229.PHYTOPLANKTON.3",,2,"CN",4000.0,250.0,1.1,,,"ksandusky@neoninc.org","OK","legacyData"
"2625ac56-ae05-4162-920e-dfc84969e540","D03","BARC","BARC.AOS.riparian.point.04","2016-02-29T14:30Z","BARC.20160229.EPIPHYTON.3","BARC.20160229.EPIPHYTON.3",,2,"CN",125.0,5.0,1.1,,,"ksandusky@neoninc.org","OK","legacyData"
"1c7aabed-c9be-4b9b-b677-9afacc28813d","D03","BARC","BARC.AOS.littoral1","2016-02-29T14:30Z","BARC.20160229.PHYTOPLANKTON.2","BARC.20160229.PHYTOPLANKTON.2",,2,"CN",4000.0,200.0,1.1,,,"ksandusky@neoninc.org","OK","legacyData"
"aa53edc7-4188-4ec7-bc2c-6c4904cffbf0","D03","BARC","BARC.AOS.littoral2","2016-02-29T14:30Z","BARC.20160229.PHYTOPLANKTON.3","BARC.20160229.PHYTOPLANKTON.3",,2,"chlorophyll/pheophytin",4000.0,250.0,1.1,,,"ksandusky@neoninc.org","OK","legacyData"
"b7d733c6-e978-4994-90ee-46cef0661b91","D03","BARC","BARC.AOS.buoy.c0","2016-02-29T14:30Z","BARC.20160229.PHYTOPLANKTON.1","BARC.20160229.PHYTOPLANKTON.1",,1,"13C15N",4000.0,250.0,1.1,,,"ksandusky@neoninc.org","OK","legacyData"
"d8d87c5f-c33c-45e7-b815-a986b5903b2a","D03","BARC","BARC.AOS.riparian.point.10","2016-02-29T14:30Z","BARC.20160229.EPIPHYTON.5","BARC.20160229.EPIPHYTON.5",,1,"chlorophyll/pheophytin",125.0,5.0,1.1,,,"ksandusky@neoninc.org","OK","legacyData"
"845a71d3-2731-46eb-ada4-e1d18cd3297f","D03","BARC","BARC.AOS.riparian.point.02","2016-02-29T14:30Z","BARC.20160229.EPIPHYTON.4","BARC.20160229.EPIPHYTON.4",,1,"chlorophyll/pheophytin",125.0,5.0,1.1,,,"ksandusky@neoninc.org","OK","legacyData"
"c5185563-fa8e-4fba-b576-ea80c07d3e62","D03","BARC","BARC.AOS.littoral2","2016-02-29T14:30Z","BARC.20160229.PHYTOPLANKTON.3","BARC.20160229.PHYTOPLANKTON.3",,1,"34S",4000.0,250.0,1.1,,,"ksandusky@neoninc.org","OK","legacyData"
"fa8d9408-941f-4507-8cc0-5a24f033c5e0","D03","BARC","BARC.AOS.littoral2","2016-02-29T14:30Z","BARC.20160229.PHYTOPLANKTON.3","BARC.20160229.PHYTOPLANKTON.3",,1,"chlorophyll/pheophytin",4000.0,250.0,1.1,,,"ksandusky@neoninc.org","OK","legacyData"
"fa01e757-5608-4010-a28f-dba59e17f8f3","D03","BARC","BARC.AOS.buoy.c0","2016-02-29T14:30Z","BARC.20160229.PHYTOPLANKTON.1","BARC.20160229.PHYTOPLANKTON.1",,1,"chlorophyll/pheophytin",4000.0,250.0,1.1,,,"ksandusky@neoninc.org","OK","legacyData"
"43989ca9-04ac-4ca0-84b1-f8d205d849fd","D03","BARC","BARC.AOS.riparian.point.06","2016-02-29T14:30Z","BARC.20160229.EPIPHYTON.2","BARC.20160229.EPIPHYTON.2",,2,"chlorophyll/pheophytin",125.0,5.0,1.1,,,"ksandusky@neoninc.org","OK","legacyData"
"56a3ee3c-f9ba-40a7-901c-8d7a2943055a","D03","BARC","BARC.AOS.buoy.c0","2016-02-29T14:30Z","BARC.20160229.PHYTOPLANKTON.1","BARC.20160229.PHYTOPLANKTON.1",,1,"34S",4000.0,250.0,1.1,,,"ksandusky@neoninc.org","OK","legacyData"
"4dc0ab93-ba0a-43cc-9ace-4f123277f5bd","D03","BARC","BARC.AOS.riparian.point.06","2016-02-29T14:30Z","BARC.20160229.EPIPHYTON.2","BARC.20160229.EPIPHYTON.2",,1,"P",125.0,5.0,1.1,,,"ksandusky@neoninc.org","OK","legacyData"
"64e796e9-b117-4d38-9c3b-b8a551a6b335","D03","BARC","BARC.AOS.riparian.point.08","2016-02-29T14:30Z","BARC.20160229.EPIPHYTON.1","BARC.20160229.EPIPHYTON.1",,1,"13C15N",125.0,5.0,1.1,,,"ksandusky@neoninc.org","OK","legacyData"
"1770c90d-8409-41f0-87dc-8b7848fb9dd4","D03","BARC","BARC.AOS.riparian.point.02","2016-02-29T14:30Z","BARC.20160229.EPIPHYTON.4","BARC.20160229.EPIPHYTON.4",,1,"CN",125.0,5.0,1.1,,,"ksandusky@neoninc.org","OK","legacyData"
"516c8f8a-3b1a-4bbb-9f71-679fffc00339","D03","BARC","BARC.AOS.littoral2","2016-02-29T14:30Z","BARC.20160229.PHYTOPLANKTON.3","BARC.20160229.PHYTOPLANKTON.3",,1,"P",4000.0,250.0,1.1,,,"ksandusky@neoninc.org","OK","legacyData"
"53c9eea4-e9fa-4765-a858-4a158774ea6f","D03","BARC","BARC.AOS.riparian.point.04","2016-02-29T14:30Z","BARC.20160229.EPIPHYTON.3","BARC.20160229.EPIPHYTON.3",,1,"chlorophyll/pheophytin",125.0,5.0,1.1,,,"ksandusky@neoninc.org","OK","legacyData"
"049b48f2-b4a8-4e5b-8e04-d51b77aa8770","D03","BARC","BARC.AOS.buoy.c0","2016-02-29T14:30Z","BARC.20160229.PHYTOPLANKTON.1","BARC.20160229.PHYTOPLANKTON.1",,2,"13C15N",4000.0,250.0,1.1,,,"ksandusky@neoninc.org","OK","legacyData"
"20603bd8-3fb6-4161-a0fc-1e24668b1f23","D03","BARC","BARC.AOS.riparian.point.04","2016-02-29T14:30Z","BARC.20160229.EPIPHYTON.3","BARC.20160229.EPIPHYTON.3",,1,"34S",125.0,5.0,1.1,,,"ksandusky@neoninc.org","OK","legacyData"
"582b7ff7-04b5-44b0-9d28-1dcb18335567","D03","BARC","BARC.AOS.riparian.point.06","2016-02-29T14:30Z","BARC.20160229.EPIPHYTON.2","BARC.20160229.EPIPHYTON.2",,1,"CN",125.0,5.0,1.1,,,"ksandusky@neoninc.org","OK","legacyData"
"ab5fae50-fc16-4fda-86fb-842196172ab0","D03","BARC","BARC.AOS.riparian.point.08","2016-02-29T14:30Z","BARC.20160229.EPIPHYTON.1","BARC.20160229.EPIPHYTON.1",,2,"13C15N",125.0,5.0,1.1,,,"ksandusky@neoninc.org","OK","legacyData"
"ec003bff-262c-43a7-aea9-3e230c53cc46","D03","BARC","BARC.AOS.riparian.point.08","2016-02-29T14:30Z","BARC.20160229.EPIPHYTON.1","BARC.20160229.EPIPHYTON.1",,1,"P",125.0,5.0,1.1,,,"ksandusky@neoninc.org","OK","legacyData"
"451a8095-ff69-4397-8fb4-9c1ae96316bc","D03","BARC","BARC.AOS.riparian.point.08","2016-02-29T14:30Z","BARC.20160229.EPIPHYTON.1","BARC.20160229.EPIPHYTON.1",,1,"CN",125.0,5.0,1.1,,,"ksandusky@neoninc.org","OK","legacyData"
"709dfb67-47c9-49c0-bef1-475bc1452860","D03","BARC","BARC.AOS.riparian.point.08","2016-02-29T14:30Z","BARC.20160229.EPIPHYTON.1","BARC.20160229.EPIPHYTON.1",,2,"chlorophyll/pheophytin",125.0,5.0,1.1,,,"ksandusky@neoninc.org","OK","legacyData"
"024fb042-eab1-406a-9300-4d7950b9fe95","D03","BARC","BARC.AOS.riparian.point.04","2016-02-29T14:30Z","BARC.20160229.EPIPHYTON.3","BARC.20160229.EPIPHYTON.3",,1,"P",125.0,5.0,1.1,,,"ksandusky@neoninc.org","OK","legacyData"
"c4213470-5056-4191-926b-8512cf45b9d4","D03","BARC","BARC.AOS.littoral2","2016-02-29T14:30Z","BARC.20160229.PHYTOPLANKTON.3","BARC.20160229.PHYTOPLANKTON.3",,2,"13C15N",4000.0,250.0,1.1,,,"ksandusky@neoninc.org","OK","legacyData"
"f01acbf1-1936-497d-8dff-bfca948a5c5e","D03","BARC","BARC.AOS.riparian.point.02","2016-02-29T14:30Z","BARC.20160229.EPIPHYTON.4","BARC.20160229.EPIPHYTON.4",,2,"13C15N",125.0,5.0,1.1,,,"ksandusky@neoninc.org","OK","legacyData"
"4b5a9c42-8bdb-4536-969f-75340dc21510","D03","BARC","BARC.AOS.littoral2","2016-02-29T14:30Z","BARC.20160229.PHYTOPLANKTON.3","BARC.20160229.PHYTOPLANKTON.3",,1,"CN",4000.0,250.0,1.1,,,"ksandusky@neoninc.org","OK","legacyData"
"8837baa6-c75d-4324-8e7c-826e63881b29","D03","BARC","BARC.AOS.littoral1","2016-02-29T14:30Z","BARC.20160229.PHYTOPLANKTON.2","BARC.20160229.PHYTOPLANKTON.2",,1,"chlorophyll/pheophytin",4000.0,250.0,1.1,,,"ksandusky@neoninc.org","OK","legacyData"
"7d360dd1-21cd-4119-8689-924d835d820a","D03","BARC","BARC.AOS.riparian.point.10","2016-02-29T14:30Z","BARC.20160229.EPIPHYTON.5","BARC.20160229.EPIPHYTON.5",,2,"13C15N",125.0,5.0,1.1,,,"ksandusky@neoninc.org","OK","legacyData"
"dfdae6f4-72b6-4ef8-8c6b-7b2726b7a0a6","D03","BARC","BARC.AOS.riparian.point.06","2016-02-29T14:30Z","BARC.20160229.EPIPHYTON.2","BARC.20160229.EPIPHYTON.2",,2,"13C15N",125.0,5.0,1.1,,,"ksandusky@neoninc.org","OK","legacyData"
"2c7cbb4e-4531-47ce-847d-6dc56ed52c06","D03","BARC","BARC.AOS.riparian.point.06","2016-02-29T14:30Z","BARC.20160229.EPIPHYTON.2","BARC.20160229.EPIPHYTON.2",,1,"chlorophyll/pheophytin",125.0,5.0,1.1,,,"ksandusky@neoninc.org","OK","legacyData"
"29edb562-2304-4d93-9c72-59c58fa108c1","D03","BARC","BARC.AOS.riparian.point.10","2016-02-29T14:30Z","BARC.20160229.EPIPHYTON.5","BARC.20160229.EPIPHYTON.5",,1,"13C15N",125.0,5.0,1.1,,,"ksandusky@neoninc.org","OK","legacyData"
"d5b03e97-9cc4-4d3d-b932-49c2b56a59e9","D03","BARC","BARC.AOS.buoy.c0","2016-02-29T14:30Z","BARC.20160229.PHYTOPLANKTON.1","BARC.20160229.PHYTOPLANKTON.1",,1,"P",4000.0,250.0,1.1,,,"ksandusky@neoninc.org","OK","legacyData"
"b8bd7928-e7f6-4d31-aef5-2cb3ca2e15dd","D03","BARC","BARC.AOS.riparian.point.10","2016-02-29T14:30Z","BARC.20160229.EPIPHYTON.5","BARC.20160229.EPIPHYTON.5",,1,"34S",125.0,5.0,1.1,,,"ksandusky@neoninc.org","OK","legacyData"
"8278e5e6-9525-46d1-9389-a01e5ef5264e","D03","BARC","BARC.AOS.riparian.point.02","2016-02-29T14:30Z","BARC.20160229.EPIPHYTON.4","BARC.20160229.EPIPHYTON.4",,1,"P",125.0,5.0,1.1,,,"ksandusky@neoninc.org","OK","legacyData"
"c9c2fa14-52a3-4e15-9051-b34f05341618","D03","BARC","BARC.AOS.riparian.point.02","2016-02-29T14:30Z","BARC.20160229.EPIPHYTON.4","BARC.20160229.EPIPHYTON.4",,1,"34S",125.0,5.0,1.1,,,"ksandusky@neoninc.org","OK","legacyData"
"36d57ea6-95e6-4e89-9495-7588eba36d02","D03","BARC","BARC.AOS.buoy.c0","2016-02-29T14:30Z","BARC.20160229.PHYTOPLANKTON.1","BARC.20160229.PHYTOPLANKTON.1",,2,"CN",4000.0,250.0,1.1,,,"ksandusky@neoninc.org","OK","legacyData"
"8305c9b7-c827-4759-af03-fc8b373e425d","D03","BARC","BARC.AOS.riparian.point.04","2016-02-29T14:30Z","BARC.20160229.EPIPHYTON.3","BARC.20160229.EPIPHYTON.3",,2,"chlorophyll/pheophytin",125.0,5.0,1.1,,,"ksandusky@neoninc.org","OK","legacyData"
"78337bd7-7160-425a-bcfb-4d901e72a8f9","D03","BARC","BARC.AOS.buoy.c0","2016-02-29T14:30Z","BARC.20160229.PHYTOPLANKTON.1","BARC.20160229.PHYTOPLANKTON.1",,1,"CN",4000.0,250.0,1.1,,,"ksandusky@neoninc.org","OK","legacyData"
"0966449f-5df6-4e5a-a7a6-13eb47c75ffa","D03","BARC","BARC.AOS.riparian.point.08","2016-02-29T14:30Z","BARC.20160229.EPIPHYTON.1","BARC.20160229.EPIPHYTON.1",,1,"chlorophyll/pheophytin",125.0,5.0,1.1,,,"ksandusky@neoninc.org","OK","legacyData"
"c690bdf2-4225-4e27-9a5c-4a4eb02a63a9","D03","BARC","BARC.AOS.riparian.point.10","2016-02-29T14:30Z","BARC.20160229.EPIPHYTON.5","BARC.20160229.EPIPHYTON.5",,2,"CN",125.0,5.0,1.1,,,"ksandusky@neoninc.org","OK","legacyData"
"80dc7ae3-83a5-4f01-9152-8289ef8a113e","D03","BARC","BARC.AOS.littoral1","2016-02-29T14:30Z","BARC.20160229.PHYTOPLANKTON.2","BARC.20160229.PHYTOPLANKTON.2",,1,"34S",4000.0,200.0,1.1,,,"ksandusky@neoninc.org","OK","legacyData"
"f25eacee-6c2f-412c-ab34-2f010ca12949","D03","BARC","BARC.AOS.riparian.point.06","2016-02-29T14:30Z","BARC.20160229.EPIPHYTON.2","BARC.20160229.EPIPHYTON.2",,1,"34S",125.0,5.0,1.1,,,"ksandusky@neoninc.org","OK","legacyData"
