uid,domainID,siteID,namedLocation,sampleID,sampleCode,startDate,collectDate,laboratoryName,analyte,analyteConcentration,analyteUnits,coolerTemp,remarks,shipmentWarmQF,externalLabDataQF,sampleCondition
"b8fd085f-0461-4ea5-aa49-ec2d60779588","D05","CRAM","CRAM.AOS.buoy.c0","CRAM.C0.20200302.POM.1","A00000201586","2020-03-02T15:55Z","2020-03-02T15:55Z","SIRFER Lab at University of Utah","TPC",497.2742,"microgramsPerLiter",,,-1,,"OK"
"688f38c6-ffe7-4cb5-84c1-ab6b807d133e","D05","CRAM","CRAM.AOS.buoy.c0","CRAM.C0.20200302.POM.1","A00000201586","2020-03-02T15:55Z","2020-03-02T15:55Z","SIRFER Lab at University of Utah","TPN",55.2349,"microgramsPerLiter",,,-1,,"OK"
"a941b335-bdcc-4593-a65b-c2c4bbb7a346","D05","CRAM","CRAM.AOS.buoy.c0","CRAM.C0.20200302.FIL","A00000201589","2020-03-02T15:55Z","2020-03-02T15:55Z","EcoCore_CSU","HCO3",4.9600,"milligramsPerLiter",2.7,,0,,"OK"
"d3029142-83ae-4bac-bbeb-a7a7a917cbc6","D05","CRAM","CRAM.AOS.buoy.c0","CRAM.C0.20200302.FIL","A00000201589","2020-03-02T15:55Z","2020-03-02T15:55Z","EcoCore_CSU","TDS",8.6200,"milligramsPerLiter",2.7,,0,,"OK"
"87a1dabe-6052-4560-b2a5-a0e448c9486c","D05","CRAM","CRAM.AOS.buoy.c0","CRAM.C0.20200302.FIL","A00000201589","2020-03-02T15:55Z","2020-03-02T15:55Z","EcoCore_CSU","Cl",0.1200,"milligramsPerLiter",2.7,,0,,"OK"
"25129512-370a-480e-a273-07db7eeda656","D05","CRAM","CRAM.AOS.buoy.c0","CRAM.C0.20200302.FIL","A00000201589","2020-03-02T15:55Z","2020-03-02T15:55Z","EcoCore_CSU","CO3",0.0050,"milligramsPerLiter",2.7,,0,,"OK"
"887c9bb2-1c2c-4fa4-8447-4de3345be085","D05","CRAM","CRAM.AOS.buoy.c0","CRAM.C0.20200302.FIL","A00000201589","2020-03-02T15:55Z","2020-03-02T15:55Z","EcoCore_CSU","Mn",0.0005,"milligramsPerLiter",2.7,,0,,"OK"
"b40b4a72-94b6-4eb2-a7e8-a2ceb950b7c9","D05","CRAM","CRAM.AOS.buoy.c0","CRAM.C0.20200302.FIL","A00000201589","2020-03-02T15:55Z","2020-03-02T15:55Z","EcoCore_CSU","TDP",0.0140,"milligramsPerLiter",2.7,,0,,"OK"
"67c212d9-7d75-4112-9463-fb0f66f7a297","D05","CRAM","CRAM.AOS.buoy.c0","CRAM.C0.20200302.FIL","A00000201589","2020-03-02T15:55Z","2020-03-02T15:55Z","EcoCore_CSU","Ca",1.2050,"milligramsPerLiter",2.7,,0,,"OK"
"5026b51d-d6ee-4f6c-ad0e-1a050a01d8f6","D05","CRAM","CRAM.AOS.buoy.c0","CRAM.C0.20200302.FIL","A00000201589","2020-03-02T15:55Z","2020-03-02T15:55Z","EcoCore_CSU","Na",0.6500,"milligramsPerLiter",2.7,,0,,"OK"
"455d0539-8841-44bd-80c2-56aefa2680aa","D05","CRAM","CRAM.AOS.buoy.c0","CRAM.C0.20200302.FIL","A00000201589","2020-03-02T15:55Z","2020-03-02T15:55Z","EcoCore_CSU","F",0.0050,"milligramsPerLiter",2.7,,0,,"OK"
"3bd373da-d0d0-419a-82af-71852d4d119f","D05","CRAM","CRAM.AOS.buoy.c0","CRAM.C0.20200302.FIL","A00000201589","2020-03-02T15:55Z","2020-03-02T15:55Z","EcoCore_CSU","Fe",0.0080,"milligramsPerLiter",2.7,,0,,"OK"
"46f5fad0-ee86-48b4-a17f-f5cf7bc499c4","D05","CRAM","CRAM.AOS.buoy.c0","CRAM.C0.20200302.FIL","A00000201589","2020-03-02T15:55Z","2020-03-02T15:55Z","EcoCore_CSU","K",0.3190,"milligramsPerLiter",2.7,,0,,"OK"
"56c3661e-cf1f-4135-8e10-e637dabcbf2c","D05","CRAM","CRAM.AOS.buoy.c0","CRAM.C0.20200302.FIL","A00000201589","2020-03-02T15:55Z","2020-03-02T15:55Z","EcoCore_CSU","Si",0.5700,"milligramsPerLiter",2.7,,0,,"OK"
"7e170ffa-7826-49f6-a105-c49cdaa5bbcd","D05","CRAM","CRAM.AOS.buoy.c0","CRAM.C0.20200302.FIL","A00000201589","2020-03-02T15:55Z","2020-03-02T15:55Z","EcoCore_CSU","Br",0.0050,"milligramsPerLiter",2.7,,0,,"OK"
"a4cb7315-968b-4cd4-b219-94974432db37","D05","CRAM","CRAM.AOS.buoy.c0","CRAM.C0.20200302.FIL","A00000201589","2020-03-02T15:55Z","2020-03-02T15:55Z","EcoCore_CSU","SO4",2.2400,"milligramsPerLiter",2.7,,0,,"OK"
"860b0ac4-556e-4d49-87aa-ae229a4fb4e2","D05","CRAM","CRAM.AOS.buoy.c0","CRAM.C0.20200302.FIL","A00000201589","2020-03-02T15:55Z","2020-03-02T15:55Z","EcoCore_CSU","Mg",0.4370,"milligramsPerLiter",2.7,,0,,"OK"
"9d385c5e-af8a-423e-a361-37c4681395e1","D05","CRAM","CRAM.AOS.buoy.c0","CRAM.C0.20200302.RAW","A00000201588","2020-03-02T15:55Z","2020-03-02T15:55Z","EcoCore_CSU","TP",0.0210,"milligramsPerLiter",2.7,,0,,"OK"
"a1d3e2da-f42a-44c9-b87e-2ef738196c97","D05","CRAM","CRAM.AOS.buoy.c0","CRAM.C0.20200302.RAW","A00000201588","2020-03-02T15:55Z","2020-03-02T15:55Z","EcoCore_CSU","TSS - Dry Mass",0.0000,"microgram",2.7,,0,,"OK"
"75fcf5b0-895f-4cf1-856d-f889f9ea9ceb","D05","CRAM","CRAM.AOS.buoy.c0","CRAM.C0.20200302.RAW","A00000201588","2020-03-02T15:55Z","2020-03-02T15:55Z","EcoCore_CSU","pH",7.1800,"pH",2.7,,0,,"OK"
"33d42f97-e342-4afe-950f-bcc47e20ae1b","D05","CRAM","CRAM.AOS.buoy.c0","CRAM.C0.20200302.RAW","A00000201588","2020-03-02T15:55Z","2020-03-02T15:55Z","EcoCore_CSU","specificConductance",12.0900,"microsiemensPerCentimeter",2.7,,0,,"OK"
"5697e3b7-c36a-47bf-aa56-2a77091a4a5f","D05","CRAM","CRAM.AOS.buoy.c0","CRAM.C0.20200302.RAW","A00000201588","2020-03-02T15:55Z","2020-03-02T15:55Z","EcoCore_CSU","TSS",0.0000,"milligramsPerLiter",2.7,,0,,"OK"
"f68bd2a7-41d6-4319-a7ee-d84faa044f06","D05","CRAM","CRAM.AOS.buoy.c0","CRAM.C0.20200302.RAW","A00000201588","2020-03-02T15:55Z","2020-03-02T15:55Z","EcoCore_CSU","ANC",0.1500,"milliequivalentsPerLiter",2.7,,0,,"OK"
"63afd993-c8ab-4e6a-a38b-3f097fc5560a","D05","CRAM","CRAM.AOS.buoy.c0","CRAM.C0.20200302.FIL","A00000201589","2020-03-02T15:55Z","2020-03-02T15:55Z","EcoCore_CSU","UV Absorbance (254 nm)",0.1047,,2.7,,0,,"OK"
"2625d96d-5453-4ca9-ab4d-0fc6e6fb964e","D05","CRAM","CRAM.AOS.buoy.c0","CRAM.C0.20200302.FIL","A00000201589","2020-03-02T15:55Z","2020-03-02T15:55Z","EcoCore_CSU","UV Absorbance (280 nm)",0.0751,,2.7,,0,,"OK"
"b83ee236-508a-40ba-9bdb-50f7e1546e42","D05","CRAM","CRAM.AOS.buoy.c0","CRAM.C0.20200302.FIL","A00000201589","2020-03-02T15:55Z","2020-03-02T15:55Z","EcoCore_CSU","NO2 - N",-0.0003,"milligramsPerLiter",2.7,,0,,"OK"
"abd2e6e5-e7dd-4b1e-b035-4a74b7d6ca70","D05","CRAM","CRAM.AOS.buoy.c0","CRAM.C0.20200302.FIL","A00000201589","2020-03-02T15:55Z","2020-03-02T15:55Z","EcoCore_CSU","Ortho - P",0.0332,"milligramsPerLiter",2.7,,0,,"OK"
"c6a8dc68-261d-4203-9a04-f321ae3288a0","D05","CRAM","CRAM.AOS.buoy.c0","CRAM.C0.20200302.FIL","A00000201589","2020-03-02T15:55Z","2020-03-02T15:55Z","EcoCore_CSU","NO3+NO2 - N",0.0438,"milligramsPerLiter",2.7,,0,,"OK"
"92fd8ded-6b18-434e-b243-6cc5725d98b8","D05","CRAM","CRAM.AOS.buoy.c0","CRAM.C0.20200302.FIL","A00000201589","2020-03-02T15:55Z","2020-03-02T15:55Z","EcoCore_CSU","NH4 - N",0.0878,"milligramsPerLiter",2.7,,0,,"OK"
"d2bd8040-8e45-4408-88cf-1f57f36a7439","D05","CRAM","CRAM.AOS.buoy.c0","CRAM.C0.20200302.RAW","A00000201588","2020-03-02T15:55Z","2020-03-02T15:55Z","EcoCore_CSU","TOC",4.1140,"milligramsPerLiter",2.7,,0,,"OK"
"94f22ce2-3714-4d6b-b6b9-84319f47c674","D05","CRAM","CRAM.AOS.buoy.c0","CRAM.C0.20200302.RAW","A00000201588","2020-03-02T15:55Z","2020-03-02T15:55Z","EcoCore_CSU","TN",0.3603,"milligramsPerLiter",2.7,,0,,"OK"
"65b0abe7-9ffa-4a2a-ae0c-d2a058e6c28e","D05","CRAM","CRAM.AOS.buoy.c0","CRAM.C0.20200302.FIL","A00000201589","2020-03-02T15:55Z","2020-03-02T15:55Z","EcoCore_CSU","TDN",0.3699,"milligramsPerLiter",2.7,,0,,"OK"
"a87dcf2d-64c8-40a2-ba63-6f7e88f151bd","D05","CRAM","CRAM.AOS.buoy.c0","CRAM.C0.20200302.FIL","A00000201589","2020-03-02T15:55Z","2020-03-02T15:55Z","EcoCore_CSU","DOC",4.2570,"milligramsPerLiter",2.7,,0,,"OK"
"207e4d8b-e0eb-4bf4-b55f-78e92dcdb915","D05","CRAM","CRAM.AOS.buoy.c0","CRAM.C0.20200302.FIL","A00000201589","2020-03-02T15:55Z","2020-03-02T15:55Z","EcoCore_CSU","DIC",1.8570,"milligramsPerLiter",2.7,,0,,"OK"
