uid,domainID,siteID,namedLocation,date,eventID,sampleDepth,waterTemp,specificConductance,dissolvedOxygen,dissolvedOxygenSaturation,dataQF
"0bd6f3eb-f9e4-457c-98fe-5c52a45b95ee","D18","TOOK","TOOK.AOS.buoy.c0","2021-03-08T18:50Z","TOOK.c0.20210308",5.0,2.2,123.2,12.3,89.1,
"619728ae-219f-4882-b3c8-3c6c3f682a93","D18","TOOK","TOOK.AOS.buoy.c0","2021-03-08T18:50Z","TOOK.c0.20210308",20.0,2.9,135.8,3.2,23.7,
"7d26f31a-ae73-41c8-890b-083c200bdd20","D18","TOOK","TOOK.AOS.buoy.c0","2021-03-08T18:50Z","TOOK.c0.20210308",15.0,2.3,131.7,10.7,77.9,
"b31f3ec1-0c73-49a1-83d1-28101643633a","D18","TOOK","TOOK.AOS.buoy.c0","2021-03-08T18:50Z","TOOK.c0.20210308",0.5,1.0,131.3,14.0,97.2,
"96854284-8090-43e1-8cc3-b9d0418f77e3","D18","TOOK","TOOK.AOS.buoy.c0","2021-03-08T18:50Z","TOOK.c0.20210308",10.0,2.3,125.8,10.6,76.8,
