uid,domainID,siteID,namedLocation,sampleID,sampleCode,startDate,collectDate,laboratoryName,analyte,analyteConcentration,analyteUnits,coolerTemp,remarks,shipmentWarmQF,externalLabDataQF,sampleCondition
"6f187491-237c-42e2-902a-ff90f398a3bb","D05","CRAM","CRAM.AOS.buoy.c0","CRAM.C0.20200106.POM.1","A00000079222","2020-01-06T17:24Z","2020-01-06T17:24Z","SIRFER Lab at University of Utah","TPC",536.5069,"microgramsPerLiter",,,-1,,"OK"
"8ee5e607-c2ba-4a9c-87b7-168f89a60d26","D05","CRAM","CRAM.AOS.buoy.c0","CRAM.C0.20200106.POM.1","A00000079222","2020-01-06T17:24Z","2020-01-06T17:24Z","SIRFER Lab at University of Utah","TPN",60.6332,"microgramsPerLiter",,,-1,,"OK"
"eacdce78-428e-48a0-a285-e430024933eb","D05","CRAM","CRAM.AOS.buoy.c0","CRAM.C0.20200106.FIL","A00000079230","2020-01-06T17:24Z","2020-01-06T17:24Z","EcoCore_CSU","Ortho - P",0.0158,"milligramsPerLiter",3.6,,0,,"OK"
"4d0ddee0-b356-4551-b064-5d062b549c84","D05","CRAM","CRAM.AOS.buoy.c0","CRAM.C0.20200106.FIL","A00000079230","2020-01-06T17:24Z","2020-01-06T17:24Z","EcoCore_CSU","NO2 - N",-0.0021,"milligramsPerLiter",3.6,,0,,"OK"
"7e6fcf9b-656e-4a4c-87d7-82fc58845888","D05","CRAM","CRAM.AOS.buoy.c0","CRAM.C0.20200106.FIL","A00000079230","2020-01-06T17:24Z","2020-01-06T17:24Z","EcoCore_CSU","NH4 - N",0.0689,"milligramsPerLiter",3.6,,0,,"OK"
"d9d321b0-28c8-4e63-89c9-1dbe4e5ed534","D05","CRAM","CRAM.AOS.buoy.c0","CRAM.C0.20200106.FIL","A00000079230","2020-01-06T17:24Z","2020-01-06T17:24Z","EcoCore_CSU","NO3+NO2 - N",0.0154,"milligramsPerLiter",3.6,,0,,"OK"
"26d42a3f-54d7-4677-8637-e4c371b06124","D05","CRAM","CRAM.AOS.buoy.c0","CRAM.C0.20200106.FIL","A00000079230","2020-01-06T17:24Z","2020-01-06T17:24Z","EcoCore_CSU","HCO3",1.6300,"milligramsPerLiter",3.6,,0,,"OK"
"2b13268c-5b7b-48f9-9dc8-0f5af6f1e927","D05","CRAM","CRAM.AOS.buoy.c0","CRAM.C0.20200106.FIL","A00000079230","2020-01-06T17:24Z","2020-01-06T17:24Z","EcoCore_CSU","Cl",1.5800,"milligramsPerLiter",3.6,,0,,"OK"
"fc5089b6-bf25-47eb-beb9-79f88c7ea587","D05","CRAM","CRAM.AOS.buoy.c0","CRAM.C0.20200106.FIL","A00000079230","2020-01-06T17:24Z","2020-01-06T17:24Z","EcoCore_CSU","TDP",0.0060,"milligramsPerLiter",3.6,,0,,"OK"
"9f34c838-9eb3-403c-a799-b1e5cf599dcd","D05","CRAM","CRAM.AOS.buoy.c0","CRAM.C0.20200106.FIL","A00000079230","2020-01-06T17:24Z","2020-01-06T17:24Z","EcoCore_CSU","Na",0.2530,"milligramsPerLiter",3.6,,0,,"OK"
"0b140a3f-aa99-4d6c-b4c5-0bcc672fab9f","D05","CRAM","CRAM.AOS.buoy.c0","CRAM.C0.20200106.FIL","A00000079230","2020-01-06T17:24Z","2020-01-06T17:24Z","EcoCore_CSU","Ca",1.2360,"milligramsPerLiter",3.6,,0,,"OK"
"5b531ac2-36f2-423b-963a-1cb0272c750a","D05","CRAM","CRAM.AOS.buoy.c0","CRAM.C0.20200106.FIL","A00000079230","2020-01-06T17:24Z","2020-01-06T17:24Z","EcoCore_CSU","Si",0.0005,"milligramsPerLiter",3.6,,0,,"OK"
"88190988-748c-4cac-97b2-c0098421ea5d","D05","CRAM","CRAM.AOS.buoy.c0","CRAM.C0.20200106.FIL","A00000079230","2020-01-06T17:24Z","2020-01-06T17:24Z","EcoCore_CSU","TDS",796.0000,"milligramsPerLiter",3.6,,0,,"OK"
"14faf95c-6ea9-4bf2-a993-67731fd60c33","D05","CRAM","CRAM.AOS.buoy.c0","CRAM.C0.20200106.FIL","A00000079230","2020-01-06T17:24Z","2020-01-06T17:24Z","EcoCore_CSU","Mg",0.3450,"milligramsPerLiter",3.6,,0,,"OK"
"9456e6c0-4708-47e9-a58a-a47152b102aa","D05","CRAM","CRAM.AOS.buoy.c0","CRAM.C0.20200106.FIL","A00000079230","2020-01-06T17:24Z","2020-01-06T17:24Z","EcoCore_CSU","SO4",1.5200,"milligramsPerLiter",3.6,,0,,"OK"
"ac117c4f-5c27-469a-b48b-1601acac42c2","D05","CRAM","CRAM.AOS.buoy.c0","CRAM.C0.20200106.FIL","A00000079230","2020-01-06T17:24Z","2020-01-06T17:24Z","EcoCore_CSU","CO3",0.0050,"milligramsPerLiter",3.6,,0,,"OK"
"2e07364b-cbeb-49b0-a64c-d39f4e5050a0","D05","CRAM","CRAM.AOS.buoy.c0","CRAM.C0.20200106.FIL","A00000079230","2020-01-06T17:24Z","2020-01-06T17:24Z","EcoCore_CSU","F",0.0050,"milligramsPerLiter",3.6,,0,,"OK"
"8768bace-4e19-41c0-b279-3bd5f1ca7eb5","D05","CRAM","CRAM.AOS.buoy.c0","CRAM.C0.20200106.FIL","A00000079230","2020-01-06T17:24Z","2020-01-06T17:24Z","EcoCore_CSU","Fe",0.0133,"milligramsPerLiter",3.6,,0,,"OK"
"c40ccde4-b14c-4db3-89c9-8336a22b60ff","D05","CRAM","CRAM.AOS.buoy.c0","CRAM.C0.20200106.FIL","A00000079230","2020-01-06T17:24Z","2020-01-06T17:24Z","EcoCore_CSU","K",0.0500,"milligramsPerLiter",3.6,,0,,"OK"
"ca4d6924-4fc5-4e6a-a36e-d56304e3c422","D05","CRAM","CRAM.AOS.buoy.c0","CRAM.C0.20200106.FIL","A00000079230","2020-01-06T17:24Z","2020-01-06T17:24Z","EcoCore_CSU","Br",0.0050,"milligramsPerLiter",3.6,,0,,"OK"
"cd015ad6-0375-41e9-9875-a24ff00c0c93","D05","CRAM","CRAM.AOS.buoy.c0","CRAM.C0.20200106.FIL","A00000079230","2020-01-06T17:24Z","2020-01-06T17:24Z","EcoCore_CSU","Mn",0.0010,"milligramsPerLiter",3.6,,0,,"OK"
"a025ffee-cbf5-4b08-a0b8-33952395abe6","D05","CRAM","CRAM.AOS.buoy.c0","CRAM.C0.20200106.RAW","A00000079229","2020-01-06T17:24Z","2020-01-06T17:24Z","EcoCore_CSU","TP",0.0070,"milligramsPerLiter",3.6,,0,,"OK"
"a13cb2c3-372e-400d-a524-a2bcaece0c77","D05","CRAM","CRAM.AOS.buoy.c0","CRAM.C0.20200106.RAW","A00000079229","2020-01-06T17:24Z","2020-01-06T17:24Z","EcoCore_CSU","pH",7.9900,"pH",3.6,,0,,"OK"
"c5a8491f-c769-46bf-ad5c-f54f1de48ed3","D05","CRAM","CRAM.AOS.buoy.c0","CRAM.C0.20200106.RAW","A00000079229","2020-01-06T17:24Z","2020-01-06T17:24Z","EcoCore_CSU","ANC",0.0400,"milliequivalentsPerLiter",3.6,,0,,"OK"
"b4f3c46f-97dd-4a56-a440-25c7c20b0058","D05","CRAM","CRAM.AOS.buoy.c0","CRAM.C0.20200106.RAW","A00000079229","2020-01-06T17:24Z","2020-01-06T17:24Z","EcoCore_CSU","TSS - Dry Mass",0.0000,"microgram",3.6,,0,,"OK"
"92d340d5-b79c-42f1-a40d-80cb49d5ee28","D05","CRAM","CRAM.AOS.buoy.c0","CRAM.C0.20200106.RAW","A00000079229","2020-01-06T17:24Z","2020-01-06T17:24Z","EcoCore_CSU","specificConductance",10.6900,"microsiemensPerCentimeter",3.6,,0,,"OK"
"7b16a9ce-1c73-4ac2-a47d-0416deb21da4","D05","CRAM","CRAM.AOS.buoy.c0","CRAM.C0.20200106.RAW","A00000079229","2020-01-06T17:24Z","2020-01-06T17:24Z","EcoCore_CSU","TSS",0.0000,"milligramsPerLiter",3.6,,0,,"OK"
"b7ac9724-a662-41b6-bcb4-12820aaf67a0","D05","CRAM","CRAM.AOS.buoy.c0","CRAM.C0.20200106.FIL","A00000079230","2020-01-06T17:24Z","2020-01-06T17:24Z","EcoCore_CSU","UV Absorbance (254 nm)",0.1323,,3.6,,0,,"OK"
"78507058-a824-4051-9478-26b2b5b94abe","D05","CRAM","CRAM.AOS.buoy.c0","CRAM.C0.20200106.FIL","A00000079230","2020-01-06T17:24Z","2020-01-06T17:24Z","EcoCore_CSU","UV Absorbance (280 nm)",0.0950,,3.6,,0,,"OK"
"7a2aaaa9-05fe-46a7-8aa0-76d781816e82","D05","CRAM","CRAM.AOS.buoy.c0","CRAM.C0.20200106.RAW","A00000079229","2020-01-06T17:24Z","2020-01-06T17:24Z","EcoCore_CSU","TN",0.2445,"milligramsPerLiter",3.6,,0,,"OK"
"51663d1b-230f-484c-b1ca-25fc1badc59b","D05","CRAM","CRAM.AOS.buoy.c0","CRAM.C0.20200106.RAW","A00000079229","2020-01-06T17:24Z","2020-01-06T17:24Z","EcoCore_CSU","TOC",4.5010,"milligramsPerLiter",3.6,,0,,"OK"
"93aeb7f6-8144-4875-ad48-80bb75ea8c21","D05","CRAM","CRAM.AOS.buoy.c0","CRAM.C0.20200106.FIL","A00000079230","2020-01-06T17:24Z","2020-01-06T17:24Z","EcoCore_CSU","DIC",1.3610,"milligramsPerLiter",3.6,,0,,"OK"
"c2820c4a-929b-4e84-bb62-ddf25d563280","D05","CRAM","CRAM.AOS.buoy.c0","CRAM.C0.20200106.FIL","A00000079230","2020-01-06T17:24Z","2020-01-06T17:24Z","EcoCore_CSU","DOC",4.6240,"milligramsPerLiter",3.6,,0,,"OK"
"2659795b-33f9-498c-882d-a50ae3aaa741","D05","CRAM","CRAM.AOS.buoy.c0","CRAM.C0.20200106.FIL","A00000079230","2020-01-06T17:24Z","2020-01-06T17:24Z","EcoCore_CSU","TDN",0.2406,"milligramsPerLiter",3.6,,0,,"OK"
