uid,domainID,siteID,namedLocation,date,eventID,sampleDepth,waterTemp,specificConductance,dissolvedOxygen,dissolvedOxygenSaturation,dataQF
"6fbdf44d-9e0f-431a-9c3f-dd637becfdd9","D03","BARC","BARC.AOS.buoy.c0","2021-03-09T13:31Z","BARC.c0.20210309",2.5,15.0,33.6,8.4,81.8,
"af60b7f5-df77-4ca4-b1f6-b184209d72db","D03","BARC","BARC.AOS.buoy.c0","2021-03-09T13:31Z","BARC.c0.20210309",3.5,14.9,33.6,8.6,83.2,
"e28259cf-e6bc-40a8-98da-6479184155be","D03","BARC","BARC.AOS.buoy.c0","2021-03-09T13:31Z","BARC.c0.20210309",1.5,15.0,33.7,8.4,81.7,
"7e29c875-eb22-47cf-9289-1ee13d08df9e","D03","BARC","BARC.AOS.buoy.c0","2021-03-09T13:31Z","BARC.c0.20210309",4.0,14.9,33.6,8.5,81.4,
"b159cb33-a101-4750-83a1-1c748e8f0ec5","D03","BARC","BARC.AOS.buoy.c0","2021-03-09T13:31Z","BARC.c0.20210309",2.0,15.0,33.8,8.6,82.3,
"c700356e-e886-40d9-953e-5631ac7de5a7","D03","BARC","BARC.AOS.buoy.c0","2021-03-09T13:31Z","BARC.c0.20210309",0.5,15.0,33.9,8.5,83.1,
"1fcbde65-1adb-4e00-a655-3e370d4fa232","D03","BARC","BARC.AOS.buoy.c0","2021-03-09T13:31Z","BARC.c0.20210309",1.0,15.0,33.9,8.7,83.6,
"c0d5fa7d-95ac-48c2-8ac1-733718a9d234","D03","BARC","BARC.AOS.buoy.c0","2021-03-09T13:31Z","BARC.c0.20210309",4.5,14.9,33.7,8.6,82.4,
"c078fc83-bf5f-4e4b-98da-d5b571475754","D03","BARC","BARC.AOS.buoy.c0","2021-03-09T13:31Z","BARC.c0.20210309",5.0,14.9,33.6,8.6,82.4,
"7ea07371-e656-4d46-9213-c5bf191a4d85","D03","BARC","BARC.AOS.buoy.c0","2021-03-09T13:31Z","BARC.c0.20210309",3.0,15.0,33.6,8.6,82.9,
