uid,domainID,siteID,namedLocation,sampleID,sampleCode,startDate,collectDate,laboratoryName,analyte,analyteConcentration,analyteUnits,coolerTemp,remarks,shipmentWarmQF,externalLabDataQF,sampleCondition
"1685db9f-70b5-4901-b3d1-1cbdd1625f91","D03","BARC","BARC.AOS.buoy.c0","BARC.C0.20201201.FIL.NUT","A00000132133","2020-12-01T13:35Z","2020-12-01T13:35Z","Florida International University","NO3+NO2 - N",0.0098,"milligramsPerLiter",-1.0,,0,,"OK"
"849b5e70-0c7d-443b-9664-b30130590e64","D03","BARC","BARC.AOS.buoy.c0","BARC.C0.20201201.FIL.NUT","A00000132133","2020-12-01T13:35Z","2020-12-01T13:35Z","Florida International University","NO2 - N",0.0001,"milligramsPerLiter",-1.0,,0,,"OK"
"6181b1bf-165a-4a02-8dca-2343ded8d96d","D03","BARC","BARC.AOS.buoy.c0","BARC.C0.20201201.RAW.NUT","A00000132135","2020-12-01T13:35Z","2020-12-01T13:35Z","Florida International University","TP",0.0074,"milligramsPerLiter",-1.0,,0,,"OK"
"a2046e9e-ef0d-4690-862a-d306cf42ef67","D03","BARC","BARC.AOS.buoy.c0","BARC.C0.20201201.FIL.NUT","A00000132133","2020-12-01T13:35Z","2020-12-01T13:35Z","Florida International University","TDP",0.0038,"milligramsPerLiter",-1.0,,0,,"OK"
"a7647841-dd1b-4011-a5f2-91869f95d632","D03","BARC","BARC.AOS.buoy.c0","BARC.C0.20201201.FIL.NUT","A00000132133","2020-12-01T13:35Z","2020-12-01T13:35Z","Florida International University","NH4 - N",0.0138,"milligramsPerLiter",-1.0,,0,,"OK"
"b3f7ae82-1886-448b-a9b5-95d819e8cdd0","D03","BARC","BARC.AOS.buoy.c0","BARC.C0.20201201.FIL.NUT","A00000132133","2020-12-01T13:35Z","2020-12-01T13:35Z","Florida International University","Ortho - P",0.0000,"milligramsPerLiter",-1.0,,0,,"OK"
"6e56d874-b51f-425a-bd8a-daee0f4e381f","D03","BARC","BARC.AOS.buoy.c0","BARC.C0.20201201.FIL","A00000132132","2020-12-01T13:35Z","2020-12-01T13:35Z","EcoCore_CSU","F",0.0137,"milligramsPerLiter",0.8,,0,,"Cold Chain Broken During Storage|Hold Time Exceeded"
"47b663ec-d707-4cee-9ba7-9c73e7d5f98b","D03","BARC","BARC.AOS.buoy.c0","BARC.C0.20201201.FIL","A00000132132","2020-12-01T13:35Z","2020-12-01T13:35Z","EcoCore_CSU","SO4",2.3988,"milligramsPerLiter",0.8,,0,,"Cold Chain Broken During Storage|Hold Time Exceeded"
"221aac34-ebcb-4707-9ce7-ebb2df4b3085","D03","BARC","BARC.AOS.buoy.c0","BARC.C0.20201201.FIL","A00000132132","2020-12-01T13:35Z","2020-12-01T13:35Z","EcoCore_CSU","Br",0.0050,"milligramsPerLiter",0.8,,0,,"Cold Chain Broken During Storage|Hold Time Exceeded"
"631516f9-2e1f-4e68-a7aa-d3a0f6af48ba","D03","BARC","BARC.AOS.buoy.c0","BARC.C0.20201201.FIL","A00000132132","2020-12-01T13:35Z","2020-12-01T13:35Z","EcoCore_CSU","Cl",5.5828,"milligramsPerLiter",0.8,,0,,"Cold Chain Broken During Storage|Hold Time Exceeded"
"00371b06-d04d-4882-aa1c-4f6cf71a3dcc","D03","BARC","BARC.AOS.buoy.c0","BARC.C0.20201201.FIL","A00000132132","2020-12-01T13:35Z","2020-12-01T13:35Z","EcoCore_CSU","K",0.1590,"milligramsPerLiter",0.8,,0,,"Hold Time Exceeded"
"58154af2-4ce1-4538-9b47-2338b420e90e","D03","BARC","BARC.AOS.buoy.c0","BARC.C0.20201201.FIL","A00000132132","2020-12-01T13:35Z","2020-12-01T13:35Z","EcoCore_CSU","Fe",0.0210,"milligramsPerLiter",0.8,,0,,"Hold Time Exceeded"
"70d846d0-b48c-4f00-9bdf-fd2473b5657a","D03","BARC","BARC.AOS.buoy.c0","BARC.C0.20201201.FIL","A00000132132","2020-12-01T13:35Z","2020-12-01T13:35Z","EcoCore_CSU","Na",0.2560,"milligramsPerLiter",0.8,,0,,"Hold Time Exceeded"
"b471a21b-6168-490b-a31c-abc5561218ee","D03","BARC","BARC.AOS.buoy.c0","BARC.C0.20201201.FIL","A00000132132","2020-12-01T13:35Z","2020-12-01T13:35Z","EcoCore_CSU","Si",0.1370,"milligramsPerLiter",0.8,,0,,"Hold Time Exceeded"
"a18316b0-917c-4ffd-a3dd-9390d57bc051","D03","BARC","BARC.AOS.buoy.c0","BARC.C0.20201201.FIL","A00000132132","2020-12-01T13:35Z","2020-12-01T13:35Z","EcoCore_CSU","Mg",0.5310,"milligramsPerLiter",0.8,,0,,"Hold Time Exceeded"
"bf00ce1c-97f5-4299-b0c2-88d011af2160","D03","BARC","BARC.AOS.buoy.c0","BARC.C0.20201201.FIL","A00000132132","2020-12-01T13:35Z","2020-12-01T13:35Z","EcoCore_CSU","Mn",0.0140,"milligramsPerLiter",0.8,,0,,"Hold Time Exceeded"
"f25ff807-f6c9-447e-bfd6-017580b4eb04","D03","BARC","BARC.AOS.buoy.c0","BARC.C0.20201201.FIL","A00000132132","2020-12-01T13:35Z","2020-12-01T13:35Z","EcoCore_CSU","Ca",0.0360,"milligramsPerLiter",0.8,,0,,"Hold Time Exceeded"
"c5e3c09c-03c6-4fa7-a1ec-fa97577b6de3","D03","BARC","BARC.AOS.buoy.c0","BARC.C0.20201201.RAW","A00000132134","2020-12-01T13:35Z","2020-12-01T13:35Z","EcoCore_CSU","TSS - Dry Mass",,"microgram",0.8,,0,,"Cold Chain Broken"
"d8acd76f-c7b6-4d4a-b7a0-422ddac9afd1","D03","BARC","BARC.AOS.buoy.c0","BARC.C0.20201201.FIL","A00000132132","2020-12-01T13:35Z","2020-12-01T13:35Z","EcoCore_CSU","HCO3",,"milligramsPerLiter",0.8,,0,,"Cold Chain Broken"
"875c1c8e-13dd-4af4-8866-6b4370c9ae66","D03","BARC","BARC.AOS.buoy.c0","BARC.C0.20201201.RAW","A00000132134","2020-12-01T13:35Z","2020-12-01T13:35Z","EcoCore_CSU","pH",,"pH",0.8,,0,,"Cold Chain Broken"
"fc8fbf63-e7e8-418f-948c-5a14ee1271e4","D03","BARC","BARC.AOS.buoy.c0","BARC.C0.20201201.RAW","A00000132134","2020-12-01T13:35Z","2020-12-01T13:35Z","EcoCore_CSU","TSS",,"milligramsPerLiter",0.8,,0,,"Cold Chain Broken"
"a277a476-327a-4e98-9e44-42dfa9343057","D03","BARC","BARC.AOS.buoy.c0","BARC.C0.20201201.FIL","A00000132132","2020-12-01T13:35Z","2020-12-01T13:35Z","EcoCore_CSU","TDS",,"milligramsPerLiter",0.8,,0,,"Cold Chain Broken"
"40f0bafb-0d7e-417f-8039-e0906c97ef4e","D03","BARC","BARC.AOS.buoy.c0","BARC.C0.20201201.FIL","A00000132132","2020-12-01T13:35Z","2020-12-01T13:35Z","EcoCore_CSU","CO3",,"milligramsPerLiter",0.8,,0,,"Cold Chain Broken"
"4dc937fd-11e7-4510-bd97-ffe91b5e6254","D03","BARC","BARC.AOS.buoy.c0","BARC.C0.20201201.FIL","A00000132132","2020-12-01T13:35Z","2020-12-01T13:35Z","EcoCore_CSU","UV Absorbance (280 nm)",0.0199,,0.8,,0,,"OK"
"35c6a985-0781-4b23-8d6e-32bbab5feff1","D03","BARC","BARC.AOS.buoy.c0","BARC.C0.20201201.FIL","A00000132132","2020-12-01T13:35Z","2020-12-01T13:35Z","EcoCore_CSU","UV Absorbance (254 nm)",0.0250,,0.8,,0,,"OK"
"6abe65fc-dfd7-4af3-a64c-06c545285af7","D03","BARC","BARC.AOS.buoy.c0","BARC.C0.20201201.FIL","A00000132132","2020-12-01T13:35Z","2020-12-01T13:35Z","EcoCore_CSU","DIC",0.9400,"milligramsPerLiter",0.8,,0,,"OK"
"c39798f4-a4a8-4e07-8948-a4ed23dcda48","D03","BARC","BARC.AOS.buoy.c0","BARC.C0.20201201.FIL","A00000132132","2020-12-01T13:35Z","2020-12-01T13:35Z","EcoCore_CSU","TDN",0.1079,"milligramsPerLiter",0.8,,0,,"OK"
"887b5f65-c203-407e-b9a7-e4dd433fa253","D03","BARC","BARC.AOS.buoy.c0","BARC.C0.20201201.FIL","A00000132132","2020-12-01T13:35Z","2020-12-01T13:35Z","EcoCore_CSU","DOC",2.0950,"milligramsPerLiter",0.8,,0,,"OK"
"7bad0106-4855-4117-9655-c1296c34e7e1","D03","BARC","BARC.AOS.buoy.c0","BARC.C0.20201201.RAW","A00000132134","2020-12-01T13:35Z","2020-12-01T13:35Z","EcoCore_CSU","TOC",2.6310,"milligramsPerLiter",0.8,,0,,"OK"
"b6e7772d-1b07-40aa-932a-3dd24db73fc1","D03","BARC","BARC.AOS.buoy.c0","BARC.C0.20201201.RAW","A00000132134","2020-12-01T13:35Z","2020-12-01T13:35Z","EcoCore_CSU","TN",0.1670,"milligramsPerLiter",0.8,,0,,"OK"
