uid,domainID,siteID,namedLocation,aquaticSiteType,decimalLatitude,decimalLongitude,coordinateUncertainty,elevation,elevationUncertainty,geodeticDatum,collectDate,eventID,parentSampleID,parentSampleCode,samplingImpractical,biophysicalCriteria,affectedByWind,habitatType,algalSampleType,benthicArea,samplingProtocolVersion,phytoDepth1,phytoDepth2,phytoDepth3,substratumSizeClass,remarks,recordedBy,collectedBy,dataQF
"c7c8a0e8-b408-4320-991f-9ba71524d4c9","D03","BARC","BARC.AOS.riparian.point.07","lake",29.674953,-82.009818,5.0,26.4,5.0,"WGS84","2017-07-12T11:43Z","BARC.20170712","BARC.20170712.EPIPHYTON.7",,,,,"littoral","epiphyton",0.010000,"NEON.DOC.003045vB",,,,,,"jcampbell@field-ops.org","echartrand@neoninc.org",
"d56557fa-736f-4b43-bbce-a6c286d7857e","D03","BARC","BARC.AOS.riparian.point.01","lake",29.677784,-82.007670,5.0,24.7,5.0,"WGS84","2017-07-12T11:43Z","BARC.20170712","BARC.20170712.EPIPHYTON.1",,,,,"littoral","epiphyton",0.010000,"NEON.DOC.003045vB",,,,,,"jcampbell@field-ops.org","echartrand@neoninc.org",
"bbfc9fbc-c8eb-490c-8040-7cad3353daf6","D03","BARC","BARC.AOS.littoral1","lake",29.677479,-82.007710,1.1,26.0,1.0,"WGS84","2017-07-12T11:43Z","BARC.20170712","BARC.20170712.PHYTOPLANKTON.2",,,,,"littoral","phytoplankton",,"NEON.DOC.003045vB",0.5,0.5,,,,"jcampbell@field-ops.org","echartrand@neoninc.org",
"846f70f8-924d-40d2-8e6e-343a4af47d4d","D03","BARC","BARC.AOS.riparian.point.09","lake",29.676597,-82.009967,5.0,19.5,5.0,"WGS84","2017-07-12T11:43Z","BARC.20170712","BARC.20170712.EPIPHYTON.9",,,,,"littoral","epiphyton",0.010000,"NEON.DOC.003045vB",,,,,,"jcampbell@field-ops.org","echartrand@neoninc.org",
"d8544f57-253a-4386-a576-a36d8f3eeb43","D03","BARC","BARC.AOS.buoy.c0","lake",29.675982,-82.008414,10.0,27.0,10.0,"WGS84","2017-07-12T11:43Z","BARC.20170712","BARC.20170712.PHYTOPLANKTON.1",,,,,"littoral","phytoplankton",,"NEON.DOC.003045vB",0.5,4.5,,,,"jcampbell@field-ops.org","echartrand@neoninc.org",
"70977705-06d9-4ebd-8b3d-0410cd6e111d","D03","BARC","BARC.AOS.riparian.point.03","lake",29.676118,-82.006564,5.0,22.2,5.0,"WGS84","2017-07-12T11:43Z","BARC.20170712","BARC.20170712.EPIPHYTON.3",,,,,"littoral","epiphyton",0.010000,"NEON.DOC.003045vB",,,,,,"jcampbell@field-ops.org","echartrand@neoninc.org",
"bfcdc92b-ab7a-4755-a2b4-fe4776385b3a","D03","BARC","BARC.AOS.riparian.point.05","lake",29.674476,-82.007454,5.0,25.9,5.0,"WGS84","2017-07-12T11:43Z","BARC.20170712","BARC.20170712.EPIPHYTON.5",,,,,"littoral","epiphyton",0.010000,"NEON.DOC.003045vB",,,,,,"jcampbell@field-ops.org","echartrand@neoninc.org",
"11a187bc-8947-4457-aa4d-2dddc0078f09","D03","BARC","BARC.AOS.littoral2","lake",29.674748,-82.008401,1.1,27.1,1.0,"WGS84","2017-07-12T11:43Z","BARC.20170712","BARC.20170712.PHYTOPLANKTON.3",,,,,"littoral","phytoplankton",,"NEON.DOC.003045vB",0.5,0.5,,,,"jcampbell@field-ops.org","echartrand@neoninc.org",
