uid,domainID,siteID,namedLocation,collectDate,parentSampleID,sampleID,sampleCode,filterNumber,analysisType,fieldSampleVolume,domainFilterVolume,storageDays,remarks,measuredBy,recordedBy,sampleCondition,dataQF
"7a1dfc67-cba9-4ff2-bff8-1da70d4f27c4","D03","BARC","BARC.AOS.riparian.point.09","2017-07-12T11:43Z","BARC.20170712.EPIPHYTON.9","BARC.20170712.EPIPHYTON.9",,1,"CN",126.0,13.0,0.3,,,"jcampbell@field-ops.org","OK",
"e87ad603-4d4c-4e4c-90f8-1cba970ac717","D03","BARC","BARC.AOS.riparian.point.03","2017-07-12T11:43Z","BARC.20170712.EPIPHYTON.3","BARC.20170712.EPIPHYTON.3",,1,"CN",125.0,10.0,0.3,,,"jcampbell@field-ops.org","OK",
"815a3a73-c33d-483a-8abd-465d6d4188d0","D03","BARC","BARC.AOS.littoral2","2017-07-12T11:43Z","BARC.20170712.PHYTOPLANKTON.3","BARC.20170712.PHYTOPLANKTON.3",,1,"CN",5000.0,250.0,0.2,,"jcampbell@field-ops.org","jcampbell@field-ops.org","OK",
"bf923fac-491d-4f93-bfb8-fd49a85f4ae3","D03","BARC","BARC.AOS.riparian.point.07","2017-07-12T11:43Z","BARC.20170712.EPIPHYTON.7","BARC.20170712.EPIPHYTON.7",,1,"CN",125.0,8.0,0.3,,,"jcampbell@field-ops.org","OK",
"63db6a52-32f8-4bc7-bd6b-836518e1a13a","D03","BARC","BARC.AOS.riparian.point.05","2017-07-12T11:43Z","BARC.20170712.EPIPHYTON.5","BARC.20170712.EPIPHYTON.5",,1,"CNS",125.0,10.0,0.3,,,"jcampbell@field-ops.org","OK",
"ee1220dd-3654-4d14-8b8c-6afd52217c63","D03","BARC","BARC.AOS.riparian.point.01","2017-07-12T11:43Z","BARC.20170712.EPIPHYTON.1","BARC.20170712.EPIPHYTON.1",,1,"CNS",125.0,10.0,0.3,,,"jcampbell@field-ops.org","OK",
"fa145946-0267-4adc-a718-232456cae2d9","D03","BARC","BARC.AOS.riparian.point.05","2017-07-12T11:43Z","BARC.20170712.EPIPHYTON.5","BARC.20170712.EPIPHYTON.5",,1,"CN",125.0,10.0,0.3,,,"jcampbell@field-ops.org","OK",
"caaea181-f618-48d2-be85-734eaa2630e9","D03","BARC","BARC.AOS.littoral1","2017-07-12T11:43Z","BARC.20170712.PHYTOPLANKTON.2","BARC.20170712.PHYTOPLANKTON.2",,1,"CN",5000.0,350.0,0.2,,"jcampbell@field-ops.org","jcampbell@field-ops.org","OK",
"fce2536f-c87f-48bb-9569-b96d4de5f40e","D03","BARC","BARC.AOS.riparian.point.03","2017-07-12T11:43Z","BARC.20170712.EPIPHYTON.3","BARC.20170712.EPIPHYTON.3",,1,"CNS",125.0,11.0,0.3,,,"jcampbell@field-ops.org","OK",
"a5b01661-5932-46a4-8fda-86eea3120a8d","D03","BARC","BARC.AOS.riparian.point.09","2017-07-12T11:43Z","BARC.20170712.EPIPHYTON.9","BARC.20170712.EPIPHYTON.9",,1,"CNS",126.0,15.0,0.3,,,"jcampbell@field-ops.org","OK",
"199d1cf9-555d-4d15-94fc-8f925bc59938","D03","BARC","BARC.AOS.riparian.point.07","2017-07-12T11:43Z","BARC.20170712.EPIPHYTON.7","BARC.20170712.EPIPHYTON.7",,1,"CNS",125.0,9.0,0.3,,,"jcampbell@field-ops.org","OK",
"12a17f6f-dbcc-4d55-9531-7f216d99eec2","D03","BARC","BARC.AOS.littoral2","2017-07-12T11:43Z","BARC.20170712.PHYTOPLANKTON.3","BARC.20170712.PHYTOPLANKTON.3",,1,"P",5000.0,250.0,0.2,,"jcampbell@field-ops.org","jcampbell@field-ops.org","OK",
"43adada5-37e2-485f-bc35-e377bd6ccc4d","D03","BARC","BARC.AOS.buoy.c0","2017-07-12T11:43Z","BARC.20170712.PHYTOPLANKTON.1","BARC.20170712.PHYTOPLANKTON.1",,1,"CN",5000.0,400.0,0.1,,"jcampbell@field-ops.org","jcampbell@field-ops.org","OK",
"72f3dbf9-c68b-4742-99f9-f71a07200e83","D03","BARC","BARC.AOS.littoral1","2017-07-12T11:43Z","BARC.20170712.PHYTOPLANKTON.2","BARC.20170712.PHYTOPLANKTON.2",,1,"CNS",5000.0,350.0,0.2,,"jcampbell@field-ops.org","jcampbell@field-ops.org","OK",
"b8ad4a03-7ab6-4780-9402-3380ad2c8fc4","D03","BARC","BARC.AOS.buoy.c0","2017-07-12T11:43Z","BARC.20170712.PHYTOPLANKTON.1","BARC.20170712.PHYTOPLANKTON.1.REP2",,2,"CN",5000.0,400.0,0.1,,"jcampbell@field-ops.org","jcampbell@field-ops.org","OK",
"6d45517b-a5d6-4f4c-932c-666f7af962fb","D03","BARC","BARC.AOS.riparian.point.05","2017-07-12T11:43Z","BARC.20170712.EPIPHYTON.5","BARC.20170712.EPIPHYTON.5",,1,"P",125.0,10.0,0.3,,,"jcampbell@field-ops.org","OK",
"bb38af5f-63a6-49a4-a77c-ed84cbce0592","D03","BARC","BARC.AOS.riparian.point.01","2017-07-12T11:43Z","BARC.20170712.EPIPHYTON.1","BARC.20170712.EPIPHYTON.1",,1,"P",125.0,10.0,0.3,,,"jcampbell@field-ops.org","OK",
"6d0225a4-311a-4a2a-ad07-c48545c46cec","D03","BARC","BARC.AOS.riparian.point.01","2017-07-12T11:43Z","BARC.20170712.EPIPHYTON.1","BARC.20170712.EPIPHYTON.1",,1,"CN",125.0,10.0,0.3,,,"jcampbell@field-ops.org","OK",
"23101aea-d2ff-49c5-8510-fd615ea060a7","D03","BARC","BARC.AOS.riparian.point.03","2017-07-12T11:43Z","BARC.20170712.EPIPHYTON.3","BARC.20170712.EPIPHYTON.3",,1,"P",125.0,10.0,0.3,,,"jcampbell@field-ops.org","OK",
"3e9ecdfc-f134-490e-80ed-5cfcd0a39c6e","D03","BARC","BARC.AOS.buoy.c0","2017-07-12T11:43Z","BARC.20170712.PHYTOPLANKTON.1","BARC.20170712.PHYTOPLANKTON.1.REP2",,2,"CNS",5000.0,400.0,0.1,,"jcampbell@field-ops.org","jcampbell@field-ops.org","OK",
"45f24f36-e371-4fb6-aaa5-db972f984939","D03","BARC","BARC.AOS.riparian.point.09","2017-07-12T11:43Z","BARC.20170712.EPIPHYTON.9","BARC.20170712.EPIPHYTON.9",,1,"P",126.0,13.0,0.3,,,"jcampbell@field-ops.org","OK",
"b8e4dba2-d27e-4daf-93b1-608d40a7b400","D03","BARC","BARC.AOS.buoy.c0","2017-07-12T11:43Z","BARC.20170712.PHYTOPLANKTON.1","BARC.20170712.PHYTOPLANKTON.1",,1,"CNS",5000.0,400.0,0.1,,"jcampbell@field-ops.org","jcampbell@field-ops.org","OK",
"e7f7e5d8-8848-400c-a21b-6030aa792b88","D03","BARC","BARC.AOS.littoral2","2017-07-12T11:43Z","BARC.20170712.PHYTOPLANKTON.3","BARC.20170712.PHYTOPLANKTON.3",,1,"CNS",5000.0,300.0,0.2,,"jcampbell@field-ops.org","jcampbell@field-ops.org","OK",
"8253445f-5601-40bd-a49c-35baa3ffc6ce","D03","BARC","BARC.AOS.littoral1","2017-07-12T11:43Z","BARC.20170712.PHYTOPLANKTON.2","BARC.20170712.PHYTOPLANKTON.2",,1,"P",5000.0,350.0,0.2,,"jcampbell@field-ops.org","jcampbell@field-ops.org","OK",
"548a7b50-8c02-444c-880d-fe816a143c29","D03","BARC","BARC.AOS.buoy.c0","2017-07-12T11:43Z","BARC.20170712.PHYTOPLANKTON.1","BARC.20170712.PHYTOPLANKTON.1",,1,"P",5000.0,400.0,0.1,,"jcampbell@field-ops.org","jcampbell@field-ops.org","OK",
"63cd7911-eead-4eed-a4fe-a1356c07a739","D03","BARC","BARC.AOS.buoy.c0","2017-07-12T11:43Z","BARC.20170712.PHYTOPLANKTON.1","BARC.20170712.PHYTOPLANKTON.1.REP2",,2,"P",5000.0,400.0,0.1,,"jcampbell@field-ops.org","jcampbell@field-ops.org","OK",
"2c87c209-9c66-490b-94f7-bf6b9ffa058d","D03","BARC","BARC.AOS.riparian.point.07","2017-07-12T11:43Z","BARC.20170712.EPIPHYTON.7","BARC.20170712.EPIPHYTON.7",,1,"P",125.0,8.0,0.3,,,"jcampbell@field-ops.org","OK",
