uid,domainID,siteID,namedLocation,collectDate,sampleID,sampleCode,sampleCondition,laboratoryName,analysisDate,analyzedBy,sampleType,replicate,sampleVolumeFiltered,filterSize,percentFilterAnalyzed,dilutionFactor,solventVolume,responseFactor,acidificationResponseFactor,fluorometerSensitivitySetting,preAcidificationFluorescence,postAcidificationFluorescence,analyte,analyteConcentration,plantAlgaeLabUnits,testMethod,method,acidTreatment,externalRemarks,externalLabDataQF
"da3e6208-d566-44c2-8b6b-9d083068be06","D03","BARC","BARC.AOS.riparian.point.05","2017-07-12","BARC.20170712.EPIPHYTON.5",,"condition ok","SIRFER Lab at University of Utah","2018-10-10","a1rVWpE0V4zMCUk591/P0Q==","P","1",,25,100,,,,,,,,"phosphorus",11.26,"microgramsPerLiter","ICPMetalsLab_P_V1.2","Ivanov et al 2012",,,
"bd127ebb-9448-4d2a-866f-d163c7f823b1","D03","BARC","BARC.AOS.littoral1","2017-07-12","BARC.20170712.PHYTOPLANKTON.2",,"condition ok","SIRFER Lab at University of Utah","2018-10-10","a1rVWpE0V4zMCUk591/P0Q==","P","1",,25,100,,,,,,,,"phosphorus",0.08,"microgramsPerLiter","ICPMetalsLab_P_V1.2","Ivanov et al 2012",,,
"4fa0f0ce-c6f9-4726-92ae-e2f74637416f","D03","BARC","BARC.AOS.littoral2","2017-07-12","BARC.20170712.PHYTOPLANKTON.3",,"condition ok","SIRFER Lab at University of Utah","2018-10-10","a1rVWpE0V4zMCUk591/P0Q==","P","1",,25,100,,,,,,,,"phosphorus",0.10,"microgramsPerLiter","ICPMetalsLab_P_V1.2","Ivanov et al 2012",,,
"464012c7-5766-4721-b7a2-379fb3884753","D03","BARC","BARC.AOS.riparian.point.01","2017-07-12","BARC.20170712.EPIPHYTON.1",,"condition ok","SIRFER Lab at University of Utah","2018-10-10","a1rVWpE0V4zMCUk591/P0Q==","P","1",,25,100,,,,,,,,"phosphorus",7.46,"microgramsPerLiter","ICPMetalsLab_P_V1.2","Ivanov et al 2012",,,
"8b83362b-93bf-454f-8d0e-8f9345b17f77","D03","BARC","BARC.AOS.riparian.point.09","2017-07-12","BARC.20170712.EPIPHYTON.9",,"condition ok","SIRFER Lab at University of Utah","2018-10-10","a1rVWpE0V4zMCUk591/P0Q==","P","1",,25,100,,,,,,,,"phosphorus",2.51,"microgramsPerLiter","ICPMetalsLab_P_V1.2","Ivanov et al 2012",,,
"696d276a-ecf2-4fac-84b4-2a4ca8de2378","D03","BARC","BARC.AOS.buoy.c0","2017-07-12","BARC.20170712.PHYTOPLANKTON.1",,"condition ok","SIRFER Lab at University of Utah","2018-10-10","a1rVWpE0V4zMCUk591/P0Q==","P","1",,25,100,,,,,,,,"phosphorus",0.08,"microgramsPerLiter","ICPMetalsLab_P_V1.2","Ivanov et al 2012",,,
"b9e112cb-a917-4b04-b30e-f248242b6859","D03","BARC","BARC.AOS.riparian.point.03","2017-07-12","BARC.20170712.EPIPHYTON.3",,"condition ok","SIRFER Lab at University of Utah","2018-10-10","a1rVWpE0V4zMCUk591/P0Q==","P","1",,25,100,,,,,,,,"phosphorus",6.54,"microgramsPerLiter","ICPMetalsLab_P_V1.2","Ivanov et al 2012",,,
"c33e39d9-9011-44b7-a29c-6cbdab4ede85","D03","BARC","BARC.AOS.riparian.point.07","2017-07-12","BARC.20170712.EPIPHYTON.7",,"condition ok","SIRFER Lab at University of Utah","2018-10-10","a1rVWpE0V4zMCUk591/P0Q==","P","1",,25,100,,,,,,,,"phosphorus",5.10,"microgramsPerLiter","ICPMetalsLab_P_V1.2","Ivanov et al 2012",,,
"cb1e3fe8-2477-4e2c-8704-f3875a680cb4","D03","BARC","BARC.AOS.riparian.point.01","2017-07-12","BARC.20170712.EPIPHYTON.1",,"condition ok","SIRFER Lab at University of Utah","2018-09-24","ElFtGy1kV49xqNP00HfxQA==","CNS","1",,25,100,,,,,,,,"nitrogen",2509.84,"microgramsPerLiter","SIRFER_algalPlantChem_isotopes_V1","Revesz & Coplen 2012a",,,
"71fa086c-2c76-4b5b-965f-b4ae3f9d7754","D03","BARC","BARC.AOS.riparian.point.03","2017-07-12","BARC.20170712.EPIPHYTON.3",,"condition ok","SIRFER Lab at University of Utah","2018-09-20","ElFtGy1kV49xqNP00HfxQA==","CNS","1",,25,100,,,,,,,,"sulfur",478.69,"microgramsPerLiter","SIRFER_algalPlantChem_isotopes_V1","Revesz & Coplen 2012b",,,
"1a9d2d38-9ac2-46df-a5ea-a3d1b5a0b79b","D03","BARC","BARC.AOS.riparian.point.07","2017-07-12","BARC.20170712.EPIPHYTON.7",,"condition ok","SIRFER Lab at University of Utah","2018-09-25","ElFtGy1kV49xqNP00HfxQA==","CNS","1",,25,100,,,,,,,,"d15N",-1.59,"perMill","SIRFER_algalPlantChem_isotopes_V1","Revesz & Coplen 2012a",,,
"7d9d75ef-cb5c-47f4-a631-70d1cb38b218","D03","BARC","BARC.AOS.riparian.point.07","2017-07-12","BARC.20170712.EPIPHYTON.7",,"condition ok","SIRFER Lab at University of Utah","2018-09-25","ElFtGy1kV49xqNP00HfxQA==","CNS","1",,25,100,,,,,,,,"nitrogen",2863.49,"microgramsPerLiter","SIRFER_algalPlantChem_isotopes_V1","Revesz & Coplen 2012a",,,
"7f5e5f55-f7b8-4642-bb00-27f6c9eaa7cf","D03","BARC","BARC.AOS.littoral1","2017-07-12","BARC.20170712.PHYTOPLANKTON.2",,"condition ok","SIRFER Lab at University of Utah","2018-09-25","ElFtGy1kV49xqNP00HfxQA==","CNS","1",,25,100,,,,,,,,"sulfur",9.97,"microgramsPerLiter","SIRFER_algalPlantChem_isotopes_V1","Revesz & Coplen 2012b",,,
"3259c05b-d4f6-4b48-bc7f-5eb342bedca9","D03","BARC","BARC.AOS.littoral2","2017-07-12","BARC.20170712.PHYTOPLANKTON.3",,"condition ok","SIRFER Lab at University of Utah","2018-09-24","ElFtGy1kV49xqNP00HfxQA==","CNS","1",,25,100,,,,,,,,"d13C",-30.84,"perMill","SIRFER_algalPlantChem_isotopes_V1","Revesz & Coplen 2012a","N",,
"e670b95e-f8ec-4a8e-a95c-d799fc27de91","D03","BARC","BARC.AOS.riparian.point.09","2017-07-12","BARC.20170712.EPIPHYTON.9",,"condition ok","SIRFER Lab at University of Utah","2018-09-20","ElFtGy1kV49xqNP00HfxQA==","CNS","1",,25,100,,,,,,,,"sulfur",82.82,"microgramsPerLiter","SIRFER_algalPlantChem_isotopes_V1","Revesz & Coplen 2012b",,,
"8bda6d41-c2e4-4ec7-b061-71e3998b23c8","D03","BARC","BARC.AOS.riparian.point.03","2017-07-12","BARC.20170712.EPIPHYTON.3",,"condition ok","SIRFER Lab at University of Utah","2018-09-20","ElFtGy1kV49xqNP00HfxQA==","CNS","1",,25,100,,,,,,,,"d34S",8.41,"perMill","SIRFER_algalPlantChem_isotopes_V1","Revesz & Coplen 2012b",,,
"ec5c04ce-b0a8-4fab-806e-614427f9183a","D03","BARC","BARC.AOS.riparian.point.01","2017-07-12","BARC.20170712.EPIPHYTON.1",,"condition ok","SIRFER Lab at University of Utah","2018-09-24","ElFtGy1kV49xqNP00HfxQA==","CNS","1",,25,100,,,,,,,,"sulfur",208.59,"microgramsPerLiter","SIRFER_algalPlantChem_isotopes_V1","Revesz & Coplen 2012b",,,
"1dbd7d6b-36a0-4863-9ed1-681cf96a86d4","D03","BARC","BARC.AOS.riparian.point.01","2017-07-12","BARC.20170712.EPIPHYTON.1",,"condition ok","SIRFER Lab at University of Utah","2018-09-24","ElFtGy1kV49xqNP00HfxQA==","CNS","1",,25,100,,,,,,,,"carbon",19215.16,"microgramsPerLiter","SIRFER_algalPlantChem_isotopes_V1","Revesz & Coplen 2012a","N",,
"d358b3d2-dbf4-41f9-af36-e269c68a84cb","D03","BARC","BARC.AOS.riparian.point.03","2017-07-12","BARC.20170712.EPIPHYTON.3",,"condition ok","SIRFER Lab at University of Utah","2018-09-20","ElFtGy1kV49xqNP00HfxQA==","CNS","1",,25,100,,,,,,,,"carbon",17398.64,"microgramsPerLiter","SIRFER_algalPlantChem_isotopes_V1","Revesz & Coplen 2012a","N",,
"167ddbf4-9b2d-4513-9749-6ee01780cffc","D03","BARC","BARC.AOS.littoral1","2017-07-12","BARC.20170712.PHYTOPLANKTON.2",,"condition ok","SIRFER Lab at University of Utah","2018-09-25","ElFtGy1kV49xqNP00HfxQA==","CNS","1",,25,100,,,,,,,,"carbon",257.38,"microgramsPerLiter","SIRFER_algalPlantChem_isotopes_V1","Revesz & Coplen 2012a","N",,
"5894d8cd-e644-4de3-a781-af20b5a05cb4","D03","BARC","BARC.AOS.riparian.point.01","2017-07-12","BARC.20170712.EPIPHYTON.1",,"condition ok","SIRFER Lab at University of Utah","2018-09-24","ElFtGy1kV49xqNP00HfxQA==","CNS","1",,25,100,,,,,,,,"d15N",-2.40,"perMill","SIRFER_algalPlantChem_isotopes_V1","Revesz & Coplen 2012a",,,
"cf5b03c3-d971-4c5f-b98b-a7047e667d34","D03","BARC","BARC.AOS.littoral2","2017-07-12","BARC.20170712.PHYTOPLANKTON.3",,"condition ok","SIRFER Lab at University of Utah","2018-09-24","ElFtGy1kV49xqNP00HfxQA==","CNS","1",,25,100,,,,,,,,"sulfur",6.88,"microgramsPerLiter","SIRFER_algalPlantChem_isotopes_V1","Revesz & Coplen 2012b",,,
"ecd85d86-4756-4d5f-a9db-c89946c060f2","D03","BARC","BARC.AOS.riparian.point.09","2017-07-12","BARC.20170712.EPIPHYTON.9",,"condition ok","SIRFER Lab at University of Utah","2018-09-20","ElFtGy1kV49xqNP00HfxQA==","CNS","1",,25,100,,,,,,,,"nitrogen",1088.47,"microgramsPerLiter","SIRFER_algalPlantChem_isotopes_V1","Revesz & Coplen 2012a",,,
"634185c7-211a-4cab-87c2-a9eccd6dce8d","D03","BARC","BARC.AOS.littoral1","2017-07-12","BARC.20170712.PHYTOPLANKTON.2",,"condition ok","SIRFER Lab at University of Utah","2018-09-25","ElFtGy1kV49xqNP00HfxQA==","CNS","1",,25,100,,,,,,,,"d34S",7.22,"perMill","SIRFER_algalPlantChem_isotopes_V1","Revesz & Coplen 2012b",,,
"71909775-45af-4420-b32f-c22125333759","D03","BARC","BARC.AOS.riparian.point.03","2017-07-12","BARC.20170712.EPIPHYTON.3",,"condition ok","SIRFER Lab at University of Utah","2018-09-20","ElFtGy1kV49xqNP00HfxQA==","CNS","1",,25,100,,,,,,,,"d13C",-29.59,"perMill","SIRFER_algalPlantChem_isotopes_V1","Revesz & Coplen 2012a","N",,
"329ebc55-dfba-4064-bd33-5311531fce7b","D03","BARC","BARC.AOS.buoy.c0","2017-07-12","BARC.20170712.PHYTOPLANKTON.1",,"condition ok","SIRFER Lab at University of Utah","2018-09-25","ElFtGy1kV49xqNP00HfxQA==","CNS","1",,25,100,,,,,,,,"d34S",8.69,"perMill","SIRFER_algalPlantChem_isotopes_V1","Revesz & Coplen 2012b",,,
"7fc054c5-30f3-4956-abb9-7de92143c069","D03","BARC","BARC.AOS.riparian.point.05","2017-07-12","BARC.20170712.EPIPHYTON.5",,"condition ok","SIRFER Lab at University of Utah","2018-09-20","ElFtGy1kV49xqNP00HfxQA==","CNS","1",,25,100,,,,,,,,"carbon",83515.05,"microgramsPerLiter","SIRFER_algalPlantChem_isotopes_V1","Revesz & Coplen 2012a","N",,
"b32dba07-356f-45b9-b7b2-b08f6ddb142f","D03","BARC","BARC.AOS.riparian.point.09","2017-07-12","BARC.20170712.EPIPHYTON.9",,"condition ok","SIRFER Lab at University of Utah","2018-09-20","ElFtGy1kV49xqNP00HfxQA==","CNS","1",,25,100,,,,,,,,"d13C",-31.53,"perMill","SIRFER_algalPlantChem_isotopes_V1","Revesz & Coplen 2012a","N",,
"2cc59267-e4e7-4102-b380-d961da48f7dd","D03","BARC","BARC.AOS.buoy.c0","2017-07-12","BARC.20170712.PHYTOPLANKTON.1",,"condition ok","SIRFER Lab at University of Utah","2018-09-25","ElFtGy1kV49xqNP00HfxQA==","CNS","1",,25,100,,,,,,,,"d13C",-31.29,"perMill","SIRFER_algalPlantChem_isotopes_V1","Revesz & Coplen 2012a","N",,
"dcad78b9-6430-4067-bde4-cb34d6ef1552","D03","BARC","BARC.AOS.littoral2","2017-07-12","BARC.20170712.PHYTOPLANKTON.3",,"condition ok","SIRFER Lab at University of Utah","2018-09-24","ElFtGy1kV49xqNP00HfxQA==","CNS","1",,25,100,,,,,,,,"carbon",416.09,"microgramsPerLiter","SIRFER_algalPlantChem_isotopes_V1","Revesz & Coplen 2012a","N",,
"2f8b910b-da67-40d2-bacb-d9748db64024","D03","BARC","BARC.AOS.buoy.c0","2017-07-12","BARC.20170712.PHYTOPLANKTON.1",,"condition ok","SIRFER Lab at University of Utah","2018-09-25","ElFtGy1kV49xqNP00HfxQA==","CNS","1",,25,100,,,,,,,,"sulfur",4.52,"microgramsPerLiter","SIRFER_algalPlantChem_isotopes_V1","Revesz & Coplen 2012b",,,
"954e25c7-2efc-48fc-8ec6-593e2432ee7b","D03","BARC","BARC.AOS.riparian.point.03","2017-07-12","BARC.20170712.EPIPHYTON.3",,"condition ok","SIRFER Lab at University of Utah","2018-09-20","ElFtGy1kV49xqNP00HfxQA==","CNS","1",,25,100,,,,,,,,"nitrogen",2172.75,"microgramsPerLiter","SIRFER_algalPlantChem_isotopes_V1","Revesz & Coplen 2012a",,,
"d68786a1-9508-463a-a6f8-72574704a0f2","D03","BARC","BARC.AOS.riparian.point.09","2017-07-12","BARC.20170712.EPIPHYTON.9",,"condition ok","SIRFER Lab at University of Utah","2018-09-20","ElFtGy1kV49xqNP00HfxQA==","CNS","1",,25,100,,,,,,,,"carbon",7811.80,"microgramsPerLiter","SIRFER_algalPlantChem_isotopes_V1","Revesz & Coplen 2012a","N",,
"0e044397-04c4-4482-b5cc-48fbae1f648b","D03","BARC","BARC.AOS.riparian.point.05","2017-07-12","BARC.20170712.EPIPHYTON.5",,"condition ok","SIRFER Lab at University of Utah","2018-09-20","ElFtGy1kV49xqNP00HfxQA==","CNS","1",,25,100,,,,,,,,"d34S",13.00,"perMill","SIRFER_algalPlantChem_isotopes_V1","Revesz & Coplen 2012b",,,
"96dda7e4-edb6-4019-a1f9-03377172a6e7","D03","BARC","BARC.AOS.littoral2","2017-07-12","BARC.20170712.PHYTOPLANKTON.3",,"condition ok","SIRFER Lab at University of Utah","2018-09-24","ElFtGy1kV49xqNP00HfxQA==","CNS","1",,25,100,,,,,,,,"d15N",-3.82,"perMill","SIRFER_algalPlantChem_isotopes_V1","Revesz & Coplen 2012a",,,
"6b38e70a-ed4b-4b82-8d0a-ddf424b7c1a3","D03","BARC","BARC.AOS.riparian.point.07","2017-07-12","BARC.20170712.EPIPHYTON.7",,"condition ok","SIRFER Lab at University of Utah","2018-09-25","ElFtGy1kV49xqNP00HfxQA==","CNS","1",,25,100,,,,,,,,"sulfur",278.42,"microgramsPerLiter","SIRFER_algalPlantChem_isotopes_V1","Revesz & Coplen 2012b",,,
"dd9ff381-b14a-43be-8357-a5d551ef7205","D03","BARC","BARC.AOS.littoral1","2017-07-12","BARC.20170712.PHYTOPLANKTON.2",,"condition ok","SIRFER Lab at University of Utah","2018-09-25","ElFtGy1kV49xqNP00HfxQA==","CNS","1",,25,100,,,,,,,,"d13C",-30.89,"perMill","SIRFER_algalPlantChem_isotopes_V1","Revesz & Coplen 2012a","N",,
"d6d4ff6e-d2c3-4e5f-9774-574bd2d44c51","D03","BARC","BARC.AOS.buoy.c0","2017-07-12","BARC.20170712.PHYTOPLANKTON.1",,"condition ok","SIRFER Lab at University of Utah","2018-09-25","ElFtGy1kV49xqNP00HfxQA==","CNS","1",,25,100,,,,,,,,"d15N",-2.86,"perMill","SIRFER_algalPlantChem_isotopes_V1","Revesz & Coplen 2012a",,,
"6031c3b6-d1da-4655-9234-b90814364d0a","D03","BARC","BARC.AOS.littoral2","2017-07-12","BARC.20170712.PHYTOPLANKTON.3",,"condition ok","SIRFER Lab at University of Utah","2018-09-24","ElFtGy1kV49xqNP00HfxQA==","CNS","1",,25,100,,,,,,,,"d34S",13.24,"perMill","SIRFER_algalPlantChem_isotopes_V1","Revesz & Coplen 2012b",,,
"ad128568-1ab4-4896-b1c2-5abeee0e7886","D03","BARC","BARC.AOS.riparian.point.09","2017-07-12","BARC.20170712.EPIPHYTON.9",,"condition ok","SIRFER Lab at University of Utah","2018-09-20","ElFtGy1kV49xqNP00HfxQA==","CNS","1",,25,100,,,,,,,,"d34S",12.24,"perMill","SIRFER_algalPlantChem_isotopes_V1","Revesz & Coplen 2012b",,,
"ef820f8a-8fbb-4fb9-a7d1-0567ef4481cf","D03","BARC","BARC.AOS.buoy.c0","2017-07-12","BARC.20170712.PHYTOPLANKTON.1",,"condition ok","SIRFER Lab at University of Utah","2018-09-25","ElFtGy1kV49xqNP00HfxQA==","CNS","1",,25,100,,,,,,,,"carbon",254.53,"microgramsPerLiter","SIRFER_algalPlantChem_isotopes_V1","Revesz & Coplen 2012a","N",,
"c4fc3a4c-0721-4379-b80c-4e624b8f8d97","D03","BARC","BARC.AOS.riparian.point.07","2017-07-12","BARC.20170712.EPIPHYTON.7",,"condition ok","SIRFER Lab at University of Utah","2018-09-25","ElFtGy1kV49xqNP00HfxQA==","CNS","1",,25,100,,,,,,,,"d34S",11.65,"perMill","SIRFER_algalPlantChem_isotopes_V1","Revesz & Coplen 2012b",,,
"6c2dc7e9-2ad4-494c-b91e-3d23332ad272","D03","BARC","BARC.AOS.riparian.point.09","2017-07-12","BARC.20170712.EPIPHYTON.9",,"condition ok","SIRFER Lab at University of Utah","2018-09-20","ElFtGy1kV49xqNP00HfxQA==","CNS","1",,25,100,,,,,,,,"d15N",-1.09,"perMill","SIRFER_algalPlantChem_isotopes_V1","Revesz & Coplen 2012a",,,
"06d4386d-773f-40ca-830f-73c497b2261d","D03","BARC","BARC.AOS.riparian.point.07","2017-07-12","BARC.20170712.EPIPHYTON.7",,"condition ok","SIRFER Lab at University of Utah","2018-09-25","ElFtGy1kV49xqNP00HfxQA==","CNS","1",,25,100,,,,,,,,"d13C",-29.71,"perMill","SIRFER_algalPlantChem_isotopes_V1","Revesz & Coplen 2012a","N",,
"125010d8-a6c9-443a-ac8d-4541edaeb858","D03","BARC","BARC.AOS.riparian.point.01","2017-07-12","BARC.20170712.EPIPHYTON.1",,"condition ok","SIRFER Lab at University of Utah","2018-09-24","ElFtGy1kV49xqNP00HfxQA==","CNS","1",,25,100,,,,,,,,"d13C",-29.91,"perMill","SIRFER_algalPlantChem_isotopes_V1","Revesz & Coplen 2012a","N",,
"e51a4a36-b255-453b-95bb-f27835c3c657","D03","BARC","BARC.AOS.buoy.c0","2017-07-12","BARC.20170712.PHYTOPLANKTON.1",,"condition ok","SIRFER Lab at University of Utah","2018-09-25","ElFtGy1kV49xqNP00HfxQA==","CNS","1",,25,100,,,,,,,,"nitrogen",44.64,"microgramsPerLiter","SIRFER_algalPlantChem_isotopes_V1","Revesz & Coplen 2012a",,,
"2bdee1f6-1ae7-45db-91ea-580aeaa970eb","D03","BARC","BARC.AOS.riparian.point.05","2017-07-12","BARC.20170712.EPIPHYTON.5",,"condition ok","SIRFER Lab at University of Utah","2018-09-20","ElFtGy1kV49xqNP00HfxQA==","CNS","1",,25,100,,,,,,,,"d13C",-29.96,"perMill","SIRFER_algalPlantChem_isotopes_V1","Revesz & Coplen 2012a","N",,
"50225485-6105-4503-be47-bff2f8ce323a","D03","BARC","BARC.AOS.riparian.point.05","2017-07-12","BARC.20170712.EPIPHYTON.5",,"condition ok","SIRFER Lab at University of Utah","2018-09-20","ElFtGy1kV49xqNP00HfxQA==","CNS","1",,25,100,,,,,,,,"d15N",4.54,"perMill","SIRFER_algalPlantChem_isotopes_V1","Revesz & Coplen 2012a",,,
"a442bc5a-f310-4015-a63b-eb24bbe36625","D03","BARC","BARC.AOS.littoral2","2017-07-12","BARC.20170712.PHYTOPLANKTON.3",,"condition ok","SIRFER Lab at University of Utah","2018-09-24","ElFtGy1kV49xqNP00HfxQA==","CNS","1",,25,100,,,,,,,,"nitrogen",71.32,"microgramsPerLiter","SIRFER_algalPlantChem_isotopes_V1","Revesz & Coplen 2012a",,,
"a6d86872-e484-4fde-9588-70e8b1c72bf4","D03","BARC","BARC.AOS.riparian.point.05","2017-07-12","BARC.20170712.EPIPHYTON.5",,"condition ok","SIRFER Lab at University of Utah","2018-09-20","ElFtGy1kV49xqNP00HfxQA==","CNS","1",,25,100,,,,,,,,"nitrogen",9809.35,"microgramsPerLiter","SIRFER_algalPlantChem_isotopes_V1","Revesz & Coplen 2012a",,,
"39e9d234-0fcb-44c5-8f4b-57764a3ab20d","D03","BARC","BARC.AOS.riparian.point.01","2017-07-12","BARC.20170712.EPIPHYTON.1",,"condition ok","SIRFER Lab at University of Utah","2018-09-24","ElFtGy1kV49xqNP00HfxQA==","CNS","1",,25,100,,,,,,,,"d34S",14.31,"perMill","SIRFER_algalPlantChem_isotopes_V1","Revesz & Coplen 2012b",,,
"14c31099-dc05-4ca4-8d2e-2fd1c8b86b37","D03","BARC","BARC.AOS.littoral1","2017-07-12","BARC.20170712.PHYTOPLANKTON.2",,"condition ok","SIRFER Lab at University of Utah","2018-09-25","ElFtGy1kV49xqNP00HfxQA==","CNS","1",,25,100,,,,,,,,"nitrogen",44.91,"microgramsPerLiter","SIRFER_algalPlantChem_isotopes_V1","Revesz & Coplen 2012a",,,
"f060ce82-6bde-427e-a327-470217f76797","D03","BARC","BARC.AOS.riparian.point.03","2017-07-12","BARC.20170712.EPIPHYTON.3",,"condition ok","SIRFER Lab at University of Utah","2018-09-20","ElFtGy1kV49xqNP00HfxQA==","CNS","1",,25,100,,,,,,,,"d15N",-3.65,"perMill","SIRFER_algalPlantChem_isotopes_V1","Revesz & Coplen 2012a",,,
"e64be49a-71b5-4d95-ba19-c98d0da0d858","D03","BARC","BARC.AOS.riparian.point.07","2017-07-12","BARC.20170712.EPIPHYTON.7",,"condition ok","SIRFER Lab at University of Utah","2018-09-25","ElFtGy1kV49xqNP00HfxQA==","CNS","1",,25,100,,,,,,,,"carbon",27819.63,"microgramsPerLiter","SIRFER_algalPlantChem_isotopes_V1","Revesz & Coplen 2012a","N",,
"69f1392b-bed1-401f-b6cd-df2f1ae71d81","D03","BARC","BARC.AOS.littoral1","2017-07-12","BARC.20170712.PHYTOPLANKTON.2",,"condition ok","SIRFER Lab at University of Utah","2018-09-25","ElFtGy1kV49xqNP00HfxQA==","CNS","1",,25,100,,,,,,,,"d15N",-3.87,"perMill","SIRFER_algalPlantChem_isotopes_V1","Revesz & Coplen 2012a",,,
"a5f26a15-6579-4dff-acc1-ff0b5d702367","D03","BARC","BARC.AOS.riparian.point.05","2017-07-12","BARC.20170712.EPIPHYTON.5",,"condition ok","SIRFER Lab at University of Utah","2018-09-20","ElFtGy1kV49xqNP00HfxQA==","CNS","1",,25,100,,,,,,,,"sulfur",695.50,"microgramsPerLiter","SIRFER_algalPlantChem_isotopes_V1","Revesz & Coplen 2012b",,,
