uid,domainID,siteID,namedLocation,collectDate,titrationDate,parentSampleID,domainSampleID,domainSampleCode,titrationLocation,sampleType,initialSamplepH,initialSampleTemp,normality,sampleVolume,methodType,remarks,measuredBy,alkMeqPerL,alkMgPerL,ancMeqPerL,ancMgPerL,dataQF
"d6ec5d5b-3dfe-40df-a0cf-e17721896317","D05","CRAM","CRAM.AOS.buoy.c1","2021-07-06T15:12Z","2021-07-06T21:38Z","CRAM.C1.20210706","CRAM.C1.20210706.ANC",,"support facility","ANC",6.29,22.4,"0.16",150.0,"Gran",,"powersmr@battelleecology.org",,,0.040,1.940,
"ca15af7a-e21b-439a-b29e-afbbc07fad8b","D05","CRAM","CRAM.AOS.buoy.c1","2021-07-06T15:12Z","2021-07-06T21:09Z","CRAM.C1.20210706","CRAM.C1.20210706.ALK",,"support facility","ALK",6.26,21.3,"0.16",150.0,"Gran",,"powersmr@battelleecology.org",0.040,2.030,,,
"3d8ed957-7708-4cf1-a91d-b89e155b66de","D05","CRAM","CRAM.AOS.buoy.c2","2021-07-06T15:30Z","2021-07-06T22:20Z","CRAM.C2.20210706","CRAM.C2.20210706.ANC",,"support facility","ANC",6.05,23.1,"0.16",150.0,"Gran",,"powersmr@battelleecology.org",,,0.060,3.150,
"da07095e-6155-4f94-9bc1-bc15b6e44145","D05","CRAM","CRAM.AOS.buoy.c2","2021-07-06T15:30Z","2021-07-06T22:00Z","CRAM.C2.20210706","CRAM.C2.20210706.ALK",,"support facility","ALK",5.86,22.8,"0.16",150.0,"Gran",,"powersmr@battelleecology.org",0.070,3.560,,,
