uid,domainID,siteID,namedLocation,sampleID,sampleCode,startDate,collectDate,laboratoryName,analyte,analyteConcentration,analyteUnits,belowDetectionQF,coolerTemp,remarks,shipmentWarmQF,externalLabDataQF,sampleCondition
"6353fedf-f7f5-4fe7-a757-e2697d9ed5a5","D05","CRAM","CRAM.AOS.buoy.c1","CRAM.C1.20210706.FIL","A00000206001","2021-07-06T15:12Z","2021-07-06T15:12Z","EcoCore_CSU","DOC",5.3870,"milligramsPerLiter",,3.2,,0,,"OK"
"5bea8e52-8d31-4023-9afc-2b6166d9950f","D05","CRAM","CRAM.AOS.buoy.c1","CRAM.C1.20210706.FIL","A00000206001","2021-07-06T15:12Z","2021-07-06T15:12Z","EcoCore_CSU","DIC",1.1500,"milligramsPerLiter",,3.2,,0,,"OK"
"cdf2d3be-69a1-428e-b096-584089aba77b","D05","CRAM","CRAM.AOS.buoy.c1","CRAM.C1.20210706.RAW","A00000206019","2021-07-06T15:12Z","2021-07-06T15:12Z","EcoCore_CSU","TN",0.2088,"milligramsPerLiter",,3.2,,0,,"OK"
"a73e9c3e-3665-4825-b333-a6bdb7f44c65","D05","CRAM","CRAM.AOS.buoy.c1","CRAM.C1.20210706.FIL","A00000206001","2021-07-06T15:12Z","2021-07-06T15:12Z","EcoCore_CSU","TDN",0.1964,"milligramsPerLiter",,3.2,,0,,"OK"
"cbe7c27b-0040-4601-a06b-4502b0a39541","D05","CRAM","CRAM.AOS.buoy.c1","CRAM.C1.20210706.RAW","A00000206019","2021-07-06T15:12Z","2021-07-06T15:12Z","EcoCore_CSU","TOC",4.7880,"milligramsPerLiter",,3.2,,0,,"OK"
"2b34de56-8134-4239-97c4-7ad124d5fb9e","D05","CRAM","CRAM.AOS.buoy.c2","CRAM.C2.20210706.RAW","A00000205605","2021-07-06T15:30Z","2021-07-06T15:30Z","EcoCore_CSU","TOC",4.5600,"milligramsPerLiter",,3.2,,0,,"OK"
"d9b01ed6-7516-45da-8b67-3d35ea95bc61","D05","CRAM","CRAM.AOS.buoy.c2","CRAM.C2.20210706.FIL","A00000206002","2021-07-06T15:30Z","2021-07-06T15:30Z","EcoCore_CSU","DOC",4.2570,"milligramsPerLiter",,3.2,,0,,"OK"
"ce3bb393-1b64-4f10-8090-ea390a331560","D05","CRAM","CRAM.AOS.buoy.c2","CRAM.C2.20210706.FIL","A00000206002","2021-07-06T15:30Z","2021-07-06T15:30Z","EcoCore_CSU","TDN",0.3055,"milligramsPerLiter",,3.2,,0,,"OK"
"0706400b-cfe2-4a71-a39a-f01560922670","D05","CRAM","CRAM.AOS.buoy.c2","CRAM.C2.20210706.RAW","A00000205605","2021-07-06T15:30Z","2021-07-06T15:30Z","EcoCore_CSU","TN",0.2768,"milligramsPerLiter",,3.2,,0,,"OK"
"a1dd6c72-a5c8-4e2e-abf2-7c114427ceac","D05","CRAM","CRAM.AOS.buoy.c2","CRAM.C2.20210706.FIL","A00000206002","2021-07-06T15:30Z","2021-07-06T15:30Z","EcoCore_CSU","DIC",3.0930,"milligramsPerLiter",,3.2,,0,,"OK"
