uid,domainID,siteID,namedLocation,date,eventID,sampleDepth,waterTemp,specificConductance,dissolvedOxygen,dissolvedOxygenSaturation,dataQF
"7fa9b3b8-c076-4986-829d-05f944354674","D09","PRLA","PRLA.AOS.buoy.c0","2021-08-03T15:06Z","PRLA.c0.20210803",0.5,22.9,1363.0,8.4,103.6,
"38afc2a0-4af5-420b-a006-07088da7f54f","D09","PRLA","PRLA.AOS.buoy.c0","2021-08-03T15:06Z","PRLA.c0.20210803",2.0,22.2,1390.0,0.1,1.3,
"b4031b4a-d2af-42f1-b4c5-8cfe5caaf1a6","D09","PRLA","PRLA.AOS.buoy.c0","2021-08-03T15:06Z","PRLA.c0.20210803",1.0,22.9,1363.0,8.0,98.5,
"484e417e-7ec8-4881-809a-3202885cc457","D09","PRLA","PRLA.AOS.buoy.c0","2021-08-03T15:06Z","PRLA.c0.20210803",1.5,22.8,1365.0,7.6,94.5,
