uid,domainID,siteID,namedLocation,date,eventID,sampleDepth,waterTemp,specificConductance,dissolvedOxygen,dissolvedOxygenSaturation,dataQF
"8c1b6771-346b-4d08-b33a-54aab2dce65f","D18","TOOK","TOOK.AOS.buoy.c0","2021-04-19T21:22Z","TOOK.c0.20210419",5.0,2.3,127.7,10.0,73.2,
"58966684-c983-4c05-8cbe-483f54b8fdaf","D18","TOOK","TOOK.AOS.buoy.c0","2021-04-19T21:22Z","TOOK.c0.20210419",15.0,2.4,136.8,8.4,61.6,
"3cc936fe-8223-42a0-93a1-8994df0e242e","D18","TOOK","TOOK.AOS.buoy.c0","2021-04-19T21:22Z","TOOK.c0.20210419",20.0,3.0,158.2,2.4,17.9,
"9a206c66-7e6d-421b-9d04-f80783c1b37e","D18","TOOK","TOOK.AOS.buoy.c0","2021-04-19T21:22Z","TOOK.c0.20210419",0.5,0.7,133.5,13.0,90.8,
"21e6b361-6c89-4931-ba67-632e57e601ce","D18","TOOK","TOOK.AOS.buoy.c0","2021-04-19T21:22Z","TOOK.c0.20210419",10.0,2.3,132.8,9.0,65.8,
