uid,domainID,siteID,namedLocation,aquaticSiteType,decimalLatitude,decimalLongitude,coordinateUncertainty,elevation,elevationUncertainty,geodeticDatum,collectDate,eventID,parentSampleID,parentSampleCode,samplingImpractical,biophysicalCriteria,affectedByWind,habitatType,algalSampleType,benthicArea,samplingProtocolVersion,phytoDepth1,phytoDepth2,phytoDepth3,substratumSizeClass,remarks,recordedBy,collectedBy,dataQF
"39be83df-1338-4e17-95c3-2a529af60780","D18","TOOK","TOOK.AOS.buoy.c1","lake",68.630699,-149.611405,10.0,715.0,10.0,"WGS84","2020-07-19T18:06Z","TOOK.20200719","TOOK.20200719.PHYTOPLANKTON.1",,,"OK - no known exceptions","N","pelagic","phytoplankton",,"NEON.DOC.003045vE",0.5,7.0,12.6,,,"0000-0001-5131-1181","0000-0001-6124-7021",
"58675759-049b-4772-8da9-94d0f8089bf7","D18","TOOK","TOOK.AOS.riparian.point.01","lake",68.625357,-149.599723,0.1,715.3,0.1,"WGS84","2020-07-19T18:06Z","TOOK.20200719","TOOK.20200719.EPILITHON.1",,,"OK - no known exceptions",,"littoral","epilithon",0.002406,"NEON.DOC.003045vE",,,,,,"0000-0001-5131-1181","0000-0001-6124-7021",
"d983cd93-650e-4551-9fae-de35dfbb73d0","D18","TOOK","TOOK.AOS.riparian.point.03","lake",68.631898,-149.622142,0.3,716.3,0.4,"WGS84","2020-07-19T18:06Z","TOOK.20200719","TOOK.20200719.EPILITHON.3",,,"OK - no known exceptions",,"littoral","epilithon",0.002406,"NEON.DOC.003045vE",,,,,,"0000-0001-5131-1181","0000-0001-6124-7021",
"0950a26b-26ca-40da-b613-6d48ba122923","D18","TOOK","TOOK.AOS.riparian.point.09","lake",68.633035,-149.589626,0.4,715.5,0.6,"WGS84","2020-07-19T18:06Z","TOOK.20200719","TOOK.20200719.EPILITHON.9",,,"OK - no known exceptions",,"littoral","epilithon",0.002406,"NEON.DOC.003045vE",,,,,,"0000-0001-5131-1181","0000-0001-6124-7021",
"f7f0bd62-1c3e-479f-b87f-22a0fa387015","D18","TOOK","TOOK.AOS.riparian.point.05","lake",68.635208,-149.614970,0.1,716.6,0.1,"WGS84","2020-07-19T18:06Z","TOOK.20200719","TOOK.20200719.EPILITHON.5",,,"OK - no known exceptions",,"littoral","epilithon",0.002406,"NEON.DOC.003045vE",,,,,,"0000-0001-5131-1181","0000-0001-6124-7021",
"e406c887-2035-4e66-8ba1-308eb8c7f70c","D18","TOOK","TOOK.AOS.riparian.point.07","lake",68.640063,-149.597864,0.1,716.2,0.1,"WGS84","2020-07-19T18:06Z","TOOK.20200719","TOOK.20200719.EPILITHON.7",,,"OK - no known exceptions",,"littoral","epilithon",0.002406,"NEON.DOC.003045vE",,,,,,"0000-0001-5131-1181","0000-0001-6124-7021",
"df6b8847-0476-4620-8492-f96b62f205cb","D18","TOOK","TOOK.AOS.littoral2","lake",68.640502,-149.596089,1.0,717.0,1.0,"WGS84","2020-07-19T18:06Z","TOOK.20200719","TOOK.20200719.PHYTOPLANKTON.3",,,"OK - no known exceptions","N","pelagic","phytoplankton",,"NEON.DOC.003045vE",0.5,3.4,,,,"0000-0001-5131-1181","0000-0001-6124-7021",
"5d54c32e-82f6-4c1a-9aec-72499af00156","D18","TOOK","TOOK.AOS.littoral1","lake",68.625566,-149.595360,1.0,717.3,1.0,"WGS84","2020-07-19T18:06Z","TOOK.20200719","TOOK.20200719.PHYTOPLANKTON.2",,,"OK - no known exceptions","N","pelagic","phytoplankton",,"NEON.DOC.003045vE",0.5,3.5,,,,"0000-0001-5131-1181","0000-0001-6124-7021",
