uid,domainID,siteID,namedLocation,collectDate,sampleID,sampleCode,sampleCondition,laboratoryName,analysisDate,analyzedBy,sampleType,replicate,sampleVolumeFiltered,filterSize,percentFilterAnalyzed,dilutionFactor,solventVolume,responseFactor,acidificationResponseFactor,fluorometerSensitivitySetting,preAcidificationFluorescence,postAcidificationFluorescence,analyte,analyteConcentration,plantAlgaeLabUnits,testMethod,method,acidTreatment,externalRemarks,externalLabDataQF
"8458d75e-ca79-4da0-a785-14957ad3fecf","D18","TOOK","TOOK.AOS.riparian.point.05","2020-07-19","TOOK.20200719.EPILITHON.5.REP2.CNSA.2","A00000102975","condition ok","SIRFER Lab at University of Utah","2021-07-07","ElFtGy1kV49xqNP00HfxQA==","CNS","1",5,25,100,,,,,,,,"nitrogen",11408.76,"microgramsPerLiter","SIRFER_algalPlantChem_isotopes_V1","Revesz & Coplen 2012a","N",,
"cfb1633c-2cd5-45e4-9d9e-bbbb0d0a0b41","D18","TOOK","TOOK.AOS.riparian.point.09","2020-07-19","TOOK.20200719.EPILITHON.9.CNSB.1","A00000102922","condition ok","SIRFER Lab at University of Utah","2021-06-15","ElFtGy1kV49xqNP00HfxQA==","CNS","1",5,25,100,,,,,,,,"carbon",78018.17,"microgramsPerLiter","SIRFER_algalPlantChem_isotopes_V1","Revesz & Coplen 2012a","Y",,
"745f0163-b412-498e-942f-e5d6583d815d","D18","TOOK","TOOK.AOS.riparian.point.09","2020-07-19","TOOK.20200719.EPILITHON.9.CNSA.1","A00000102939","condition ok","SIRFER Lab at University of Utah","2021-05-20","ElFtGy1kV49xqNP00HfxQA==","CNS","1",5,25,100,,,,,,,,"d34S",5.77,"perMill","SIRFER_algalPlantChem_isotopes_V1","Revesz & Coplen 2012b","N",,
"8a8e776b-a703-4ed7-b898-3681f1501ed6","D18","TOOK","TOOK.AOS.riparian.point.01","2020-07-19","TOOK.20200719.EPILITHON.1.CNSA.1","A00000102956","condition ok","SIRFER Lab at University of Utah","2021-05-21","ElFtGy1kV49xqNP00HfxQA==","CNS","1",5,25,100,,,,,,,,"carbon",53405.43,"microgramsPerLiter","SIRFER_algalPlantChem_isotopes_V1","Revesz & Coplen 2012a","N",,
"b1cbfc78-3418-4018-b7bb-dcd40a6b0aca","D18","TOOK","TOOK.AOS.littoral1","2020-07-19","TOOK.20200719.PHYTOPLANKTON.2.CNSA.1","A00000102928","condition ok","SIRFER Lab at University of Utah","2021-05-20","ElFtGy1kV49xqNP00HfxQA==","CNS","1",500,25,100,,,,,,,,"sulfur",3.19,"microgramsPerLiter","SIRFER_algalPlantChem_isotopes_V1","Revesz & Coplen 2012b","N",,
"b3424057-0d28-42b9-86cf-547f1520b8ae","D18","TOOK","TOOK.AOS.littoral2","2020-07-19","TOOK.20200719.PHYTOPLANKTON.3.CNSB.1","A00000102930","condition ok","SIRFER Lab at University of Utah","2021-06-15","ElFtGy1kV49xqNP00HfxQA==","CNS","1",500,25,100,,,,,,,,"carbon",304.05,"microgramsPerLiter","SIRFER_algalPlantChem_isotopes_V1","Revesz & Coplen 2012a","Y",,
"88abc3cd-3c5a-4fd4-9808-1951e9389622","D18","TOOK","TOOK.AOS.littoral2","2020-07-19","TOOK.20200719.PHYTOPLANKTON.3.CNSA.1","A00000102931","condition ok","SIRFER Lab at University of Utah","2021-05-20","ElFtGy1kV49xqNP00HfxQA==","CNS","1",500,25,100,,,,,,,,"sulfur",13.41,"microgramsPerLiter","SIRFER_algalPlantChem_isotopes_V1","Revesz & Coplen 2012b","N",,
"395551e5-3e6b-40ae-98d1-174cd925923d","D18","TOOK","TOOK.AOS.riparian.point.03","2020-07-19","TOOK.20200719.EPILITHON.3.CNSB.1","A00000102940","condition ok","SIRFER Lab at University of Utah","2021-06-15","ElFtGy1kV49xqNP00HfxQA==","CNS","1",5,25,100,,,,,,,,"carbon",75132.02,"microgramsPerLiter","SIRFER_algalPlantChem_isotopes_V1","Revesz & Coplen 2012a","Y",,
"408e3629-ef5c-48c4-9fd0-cc19eb212087","D18","TOOK","TOOK.AOS.riparian.point.05","2020-07-19","TOOK.20200719.EPILITHON.5.CNSA.1","A00000102924","condition ok","SIRFER Lab at University of Utah","2021-05-21","ElFtGy1kV49xqNP00HfxQA==","CNS","1",5,25,100,,,,,,,,"carbon",80658.20,"microgramsPerLiter","SIRFER_algalPlantChem_isotopes_V1","Revesz & Coplen 2012a","N",,
"adf1b2bc-043e-4420-bb3c-2997ea4aac37","D18","TOOK","TOOK.AOS.riparian.point.03","2020-07-19","TOOK.20200719.EPILITHON.3.CNSA.1","A00000102957","condition ok","SIRFER Lab at University of Utah","2021-05-21","ElFtGy1kV49xqNP00HfxQA==","CNS","1",5,25,100,,,,,,,,"sulfur",1146.15,"microgramsPerLiter","SIRFER_algalPlantChem_isotopes_V1","Revesz & Coplen 2012b","N",,
"db2a2472-7192-4d92-9c89-f20d467bce6d","D18","TOOK","TOOK.AOS.riparian.point.05","2020-07-19","TOOK.20200719.EPILITHON.5.CNSA.1","A00000102924","condition ok","SIRFER Lab at University of Utah","2021-05-21","ElFtGy1kV49xqNP00HfxQA==","CNS","1",5,25,100,,,,,,,,"sulfur",2180.51,"microgramsPerLiter","SIRFER_algalPlantChem_isotopes_V1","Revesz & Coplen 2012b","N",,
"06412075-e3e2-4216-a4af-bde05b787380","D18","TOOK","TOOK.AOS.buoy.c1","2020-07-19","TOOK.20200719.PHYTOPLANKTON.1.CNSA.1","A00000102943","condition ok","SIRFER Lab at University of Utah","2021-05-20","ElFtGy1kV49xqNP00HfxQA==","CNS","1",500,25,100,,,,,,,,"sulfur",2.35,"microgramsPerLiter","SIRFER_algalPlantChem_isotopes_V1","Revesz & Coplen 2012b","N",,
"1f98d385-b39b-4332-9ac8-d5aa8ccc38a0","D18","TOOK","TOOK.AOS.buoy.c1","2020-07-19","TOOK.20200719.PHYTOPLANKTON.1.CNSB.1","A00000102977","condition ok","SIRFER Lab at University of Utah","2021-06-15","ElFtGy1kV49xqNP00HfxQA==","CNS","1",500,25,100,,,,,,,,"carbon",278.97,"microgramsPerLiter","SIRFER_algalPlantChem_isotopes_V1","Revesz & Coplen 2012a","Y",,
"90a86d96-af2b-48e5-aaa5-682c1fe54110","D18","TOOK","TOOK.AOS.riparian.point.03","2020-07-19","TOOK.20200719.EPILITHON.3.CNSA.1","A00000102957","condition ok","SIRFER Lab at University of Utah","2021-05-21","ElFtGy1kV49xqNP00HfxQA==","CNS","1",5,25,100,,,,,,,,"carbon",118903.07,"microgramsPerLiter","SIRFER_algalPlantChem_isotopes_V1","Revesz & Coplen 2012a","N",,
"78b3a8f7-3083-4498-a3b0-28da8e9eee13","D18","TOOK","TOOK.AOS.riparian.point.05","2020-07-19","TOOK.20200719.EPILITHON.5.CNSA.1","A00000102924","condition ok","SIRFER Lab at University of Utah","2021-05-21","ElFtGy1kV49xqNP00HfxQA==","CNS","1",5,25,100,,,,,,,,"d34S",4.37,"perMill","SIRFER_algalPlantChem_isotopes_V1","Revesz & Coplen 2012b","N",,
"7cfdfb1e-a213-4b20-9136-52c113da8c11","D18","TOOK","TOOK.AOS.littoral2","2020-07-19","TOOK.20200719.PHYTOPLANKTON.3.CNSA.1","A00000102931","condition ok","SIRFER Lab at University of Utah","2021-05-20","ElFtGy1kV49xqNP00HfxQA==","CNS","1",500,25,100,,,,,,,,"nitrogen",38.07,"microgramsPerLiter","SIRFER_algalPlantChem_isotopes_V1","Revesz & Coplen 2012a","N",,
"d6cf9537-432b-4f38-9270-a1fc16b70ede","D18","TOOK","TOOK.AOS.riparian.point.09","2020-07-19","TOOK.20200719.EPILITHON.9.CNSA.1","A00000102939","condition ok","SIRFER Lab at University of Utah","2021-05-20","ElFtGy1kV49xqNP00HfxQA==","CNS","1",5,25,100,,,,,,,,"sulfur",706.15,"microgramsPerLiter","SIRFER_algalPlantChem_isotopes_V1","Revesz & Coplen 2012b","N",,
"541c0e8d-f394-40e1-9052-4fea40c32679","D18","TOOK","TOOK.AOS.riparian.point.03","2020-07-19","TOOK.20200719.EPILITHON.3.CNSA.1","A00000102957","condition ok","SIRFER Lab at University of Utah","2021-05-21","ElFtGy1kV49xqNP00HfxQA==","CNS","1",5,25,100,,,,,,,,"d34S",5.76,"perMill","SIRFER_algalPlantChem_isotopes_V1","Revesz & Coplen 2012b","N",,
"cbac1531-f1ef-45cf-bcd2-7bd2967d2459","D18","TOOK","TOOK.AOS.littoral2","2020-07-19","TOOK.20200719.PHYTOPLANKTON.3.CNSA.1","A00000102931","condition ok","SIRFER Lab at University of Utah","2021-05-20","ElFtGy1kV49xqNP00HfxQA==","CNS","1",500,25,100,,,,,,,,"d34S",5.93,"perMill","SIRFER_algalPlantChem_isotopes_V1","Revesz & Coplen 2012b","N",,
"4cf080ba-f085-432b-9d30-dcee7db0b275","D18","TOOK","TOOK.AOS.littoral1","2020-07-19","TOOK.20200719.PHYTOPLANKTON.2.CNSA.1","A00000102928","condition ok","SIRFER Lab at University of Utah","2021-05-20","ElFtGy1kV49xqNP00HfxQA==","CNS","1",500,25,100,,,,,,,,"d15N",2.86,"perMill","SIRFER_algalPlantChem_isotopes_V1","Revesz & Coplen 2012a","N",,
"30c5f3ce-176f-4ec7-88aa-a073b30458a3","D18","TOOK","TOOK.AOS.riparian.point.09","2020-07-19","TOOK.20200719.EPILITHON.9.CNSA.1","A00000102939","condition ok","SIRFER Lab at University of Utah","2021-05-20","ElFtGy1kV49xqNP00HfxQA==","CNS","1",5,25,100,,,,,,,,"carbon",81188.35,"microgramsPerLiter","SIRFER_algalPlantChem_isotopes_V1","Revesz & Coplen 2012a","N",,
"78c58046-fb97-4d64-b789-1723171afd66","D18","TOOK","TOOK.AOS.buoy.c1","2020-07-19","TOOK.20200719.PHYTOPLANKTON.1.CNSA.1","A00000102943","condition ok","SIRFER Lab at University of Utah","2021-05-20","ElFtGy1kV49xqNP00HfxQA==","CNS","1",500,25,100,,,,,,,,"d34S",8.35,"perMill","SIRFER_algalPlantChem_isotopes_V1","Revesz & Coplen 2012b","N",,
"db2d17e6-9e41-4696-9e0c-4ee4a0e77fec","D18","TOOK","TOOK.AOS.riparian.point.05","2020-07-19","TOOK.20200719.EPILITHON.5.CNSA.1","A00000102924","condition ok","SIRFER Lab at University of Utah","2021-05-21","ElFtGy1kV49xqNP00HfxQA==","CNS","1",5,25,100,,,,,,,,"d13C",-27.89,"perMill","SIRFER_algalPlantChem_isotopes_V1","Revesz & Coplen 2012a","N",,
"29523a34-5576-47d0-859c-bf1c3b1f2e4f","D18","TOOK","TOOK.AOS.littoral1","2020-07-19","TOOK.20200719.PHYTOPLANKTON.2.CNSA.1","A00000102928","condition ok","SIRFER Lab at University of Utah","2021-05-20","ElFtGy1kV49xqNP00HfxQA==","CNS","1",500,25,100,,,,,,,,"carbon",346.43,"microgramsPerLiter","SIRFER_algalPlantChem_isotopes_V1","Revesz & Coplen 2012a","N",,
"4c70354e-9316-48d2-8d1b-fe8d27ade633","D18","TOOK","TOOK.AOS.littoral2","2020-07-19","TOOK.20200719.PHYTOPLANKTON.3.CNSA.1","A00000102931","condition ok","SIRFER Lab at University of Utah","2021-05-20","ElFtGy1kV49xqNP00HfxQA==","CNS","1",500,25,100,,,,,,,,"d13C",-31.46,"perMill","SIRFER_algalPlantChem_isotopes_V1","Revesz & Coplen 2012a","N",,
"8f56d58e-f9ba-42fb-bc85-d9ac4742e97f","D18","TOOK","TOOK.AOS.riparian.point.01","2020-07-19","TOOK.20200719.EPILITHON.1.CNSA.1","A00000102956","condition ok","SIRFER Lab at University of Utah","2021-05-21","ElFtGy1kV49xqNP00HfxQA==","CNS","1",5,25,100,,,,,,,,"d15N",1.30,"perMill","SIRFER_algalPlantChem_isotopes_V1","Revesz & Coplen 2012a","N",,
"603e3f50-fb40-4dbd-9cea-f9c4c301db10","D18","TOOK","TOOK.AOS.riparian.point.03","2020-07-19","TOOK.20200719.EPILITHON.3.CNSB.1","A00000102940","condition ok","SIRFER Lab at University of Utah","2021-06-15","ElFtGy1kV49xqNP00HfxQA==","CNS","1",5,25,100,,,,,,,,"d13C",-25.96,"perMill","SIRFER_algalPlantChem_isotopes_V1","Revesz & Coplen 2012a","Y",,
"759ec92f-776e-4957-b92c-93077abd0e7b","D18","TOOK","TOOK.AOS.buoy.c1","2020-07-19","TOOK.20200719.PHYTOPLANKTON.1.CNSA.1","A00000102943","condition ok","SIRFER Lab at University of Utah","2021-05-20","ElFtGy1kV49xqNP00HfxQA==","CNS","1",500,25,100,,,,,,,,"d15N",1.40,"perMill","SIRFER_algalPlantChem_isotopes_V1","Revesz & Coplen 2012a","N",,
"b4f90ebf-1307-42d0-9d42-92c8cd6ea93e","D18","TOOK","TOOK.AOS.littoral1","2020-07-19","TOOK.20200719.PHYTOPLANKTON.2.CNSB.1","A00000102927","condition ok","SIRFER Lab at University of Utah","2021-06-15","ElFtGy1kV49xqNP00HfxQA==","CNS","1",500,25,100,,,,,,,,"carbon",227.34,"microgramsPerLiter","SIRFER_algalPlantChem_isotopes_V1","Revesz & Coplen 2012a","Y",,
"d25e0251-5e1c-4efa-a6fb-65285d360dff","D18","TOOK","TOOK.AOS.riparian.point.01","2020-07-19","TOOK.20200719.EPILITHON.1.CNSA.1","A00000102956","condition ok","SIRFER Lab at University of Utah","2021-05-21","ElFtGy1kV49xqNP00HfxQA==","CNS","1",5,25,100,,,,,,,,"sulfur",717.41,"microgramsPerLiter","SIRFER_algalPlantChem_isotopes_V1","Revesz & Coplen 2012b","N",,
"afb9c487-26cb-4fbd-8a54-e3b2e8cf902e","D18","TOOK","TOOK.AOS.riparian.point.03","2020-07-19","TOOK.20200719.EPILITHON.3.CNSA.1","A00000102957","condition ok","SIRFER Lab at University of Utah","2021-05-21","ElFtGy1kV49xqNP00HfxQA==","CNS","1",5,25,100,,,,,,,,"nitrogen",4939.37,"microgramsPerLiter","SIRFER_algalPlantChem_isotopes_V1","Revesz & Coplen 2012a","N",,
"aa46b5ee-fb07-4b95-9b21-beed5cbe089a","D18","TOOK","TOOK.AOS.riparian.point.07","2020-07-19","TOOK.20200719.EPILITHON.7.CNSB.1","A00000102942","condition ok","SIRFER Lab at University of Utah","2021-06-15","ElFtGy1kV49xqNP00HfxQA==","CNS","1",5,25,100,,,,,,,,"carbon",48698.98,"microgramsPerLiter","SIRFER_algalPlantChem_isotopes_V1","Revesz & Coplen 2012a","Y",,
"27d503d6-6f5c-47c3-8cb3-f6fc1406b584","D18","TOOK","TOOK.AOS.littoral1","2020-07-19","TOOK.20200719.PHYTOPLANKTON.2.CNSA.1","A00000102928","condition ok","SIRFER Lab at University of Utah","2021-05-20","ElFtGy1kV49xqNP00HfxQA==","CNS","1",500,25,100,,,,,,,,"d13C",-32.82,"perMill","SIRFER_algalPlantChem_isotopes_V1","Revesz & Coplen 2012a","N",,
"323871a5-4838-4acb-a1e1-b95de42c51c7","D18","TOOK","TOOK.AOS.riparian.point.07","2020-07-19","TOOK.20200719.EPILITHON.7.CNSB.1","A00000102942","condition ok","SIRFER Lab at University of Utah","2021-06-15","ElFtGy1kV49xqNP00HfxQA==","CNS","1",5,25,100,,,,,,,,"d13C",-27.78,"perMill","SIRFER_algalPlantChem_isotopes_V1","Revesz & Coplen 2012a","Y",,
"0fff33e6-7adf-4698-bfc7-77c13d9eb111","D18","TOOK","TOOK.AOS.buoy.c1","2020-07-19","TOOK.20200719.PHYTOPLANKTON.1.CNSA.1","A00000102943","condition ok","SIRFER Lab at University of Utah","2021-05-20","ElFtGy1kV49xqNP00HfxQA==","CNS","1",500,25,100,,,,,,,,"nitrogen",34.79,"microgramsPerLiter","SIRFER_algalPlantChem_isotopes_V1","Revesz & Coplen 2012a","N",,
"d2570e66-2d93-4e31-97b5-37e2cc0d2812","D18","TOOK","TOOK.AOS.riparian.point.07","2020-07-19","TOOK.20200719.EPILITHON.7.CNSA.1","A00000102959","condition ok","SIRFER Lab at University of Utah","2021-05-21","ElFtGy1kV49xqNP00HfxQA==","CNS","1",5,25,100,,,,,,,,"d15N",1.12,"perMill","SIRFER_algalPlantChem_isotopes_V1","Revesz & Coplen 2012a","N",,
"6b3f458c-9058-484b-8704-eae34d7961ce","D18","TOOK","TOOK.AOS.riparian.point.01","2020-07-19","TOOK.20200719.EPILITHON.1.CNSA.1","A00000102956","condition ok","SIRFER Lab at University of Utah","2021-05-21","ElFtGy1kV49xqNP00HfxQA==","CNS","1",5,25,100,,,,,,,,"nitrogen",3787.04,"microgramsPerLiter","SIRFER_algalPlantChem_isotopes_V1","Revesz & Coplen 2012a","N",,
"9846d7d8-893c-4a87-81fd-a350bf6b946d","D18","TOOK","TOOK.AOS.riparian.point.05","2020-07-19","TOOK.20200719.EPILITHON.5.REP2.CNSA.2","A00000102975","condition ok","SIRFER Lab at University of Utah","2021-07-07","ElFtGy1kV49xqNP00HfxQA==","CNS","1",5,25,100,,,,,,,,"carbon",80701.37,"microgramsPerLiter","SIRFER_algalPlantChem_isotopes_V1","Revesz & Coplen 2012a","N",,
"45f3d858-f89d-4315-aa92-ebc26216338a","D18","TOOK","TOOK.AOS.riparian.point.05","2020-07-19","TOOK.20200719.EPILITHON.5.REP2.CNSB.2","A00000102925","condition ok","SIRFER Lab at University of Utah","2021-08-03","ElFtGy1kV49xqNP00HfxQA==","CNS","1",5,25,100,,,,,,,,"carbon",76099.20,"microgramsPerLiter","SIRFER_algalPlantChem_isotopes_V1","Revesz & Coplen 2012a","Y",,
"b880c7bf-6816-4164-93c6-eca5d1a28249","D18","TOOK","TOOK.AOS.riparian.point.07","2020-07-19","TOOK.20200719.EPILITHON.7.CNSA.1","A00000102959","condition ok","SIRFER Lab at University of Utah","2021-05-21","ElFtGy1kV49xqNP00HfxQA==","CNS","1",5,25,100,,,,,,,,"sulfur",1413.94,"microgramsPerLiter","SIRFER_algalPlantChem_isotopes_V1","Revesz & Coplen 2012b","N",,
"95cbbf5e-5666-4fba-a376-71a3dfad53bc","D18","TOOK","TOOK.AOS.riparian.point.05","2020-07-19","TOOK.20200719.EPILITHON.5.CNSA.1","A00000102924","condition ok","SIRFER Lab at University of Utah","2021-05-21","ElFtGy1kV49xqNP00HfxQA==","CNS","1",5,25,100,,,,,,,,"nitrogen",4936.87,"microgramsPerLiter","SIRFER_algalPlantChem_isotopes_V1","Revesz & Coplen 2012a","N",,
"d3dc5eee-5aa8-40a8-8c5b-dfd3dde1a929","D18","TOOK","TOOK.AOS.riparian.point.07","2020-07-19","TOOK.20200719.EPILITHON.7.CNSA.1","A00000102959","condition ok","SIRFER Lab at University of Utah","2021-05-21","ElFtGy1kV49xqNP00HfxQA==","CNS","1",5,25,100,,,,,,,,"carbon",66220.96,"microgramsPerLiter","SIRFER_algalPlantChem_isotopes_V1","Revesz & Coplen 2012a","N",,
"c2ecb786-151b-4bf9-9668-2579a0c9e3a8","D18","TOOK","TOOK.AOS.riparian.point.09","2020-07-19","TOOK.20200719.EPILITHON.9.CNSB.1","A00000102922","condition ok","SIRFER Lab at University of Utah","2021-06-15","ElFtGy1kV49xqNP00HfxQA==","CNS","1",5,25,100,,,,,,,,"d13C",-30.12,"perMill","SIRFER_algalPlantChem_isotopes_V1","Revesz & Coplen 2012a","Y",,
"7a45f1f8-c37e-44d7-9f3a-22d2254a350b","D18","TOOK","TOOK.AOS.riparian.point.01","2020-07-19","TOOK.20200719.EPILITHON.1.CNSB.1","A00000102973","condition ok","SIRFER Lab at University of Utah","2021-06-15","ElFtGy1kV49xqNP00HfxQA==","CNS","1",5,25,100,,,,,,,,"carbon",44606.24,"microgramsPerLiter","SIRFER_algalPlantChem_isotopes_V1","Revesz & Coplen 2012a","Y",,
"71d0e412-b6a5-4023-9be8-865f65b689be","D18","TOOK","TOOK.AOS.riparian.point.01","2020-07-19","TOOK.20200719.EPILITHON.1.CNSA.1","A00000102956","condition ok","SIRFER Lab at University of Utah","2021-05-21","ElFtGy1kV49xqNP00HfxQA==","CNS","1",5,25,100,,,,,,,,"d13C",-28.41,"perMill","SIRFER_algalPlantChem_isotopes_V1","Revesz & Coplen 2012a","N",,
"5c9437ee-b6fd-4403-8ebf-86a12ef63f0f","D18","TOOK","TOOK.AOS.littoral2","2020-07-19","TOOK.20200719.PHYTOPLANKTON.3.CNSA.1","A00000102931","condition ok","SIRFER Lab at University of Utah","2021-05-20","ElFtGy1kV49xqNP00HfxQA==","CNS","1",500,25,100,,,,,,,,"carbon",293.98,"microgramsPerLiter","SIRFER_algalPlantChem_isotopes_V1","Revesz & Coplen 2012a","N",,
"b82804fc-64e3-4ab5-ba73-ca3e84effee2","D18","TOOK","TOOK.AOS.riparian.point.05","2020-07-19","TOOK.20200719.EPILITHON.5.REP2.CNSA.2","A00000102975","condition ok","SIRFER Lab at University of Utah","2021-07-07","ElFtGy1kV49xqNP00HfxQA==","CNS","1",5,25,100,,,,,,,,"d34S",3.99,"perMill","SIRFER_algalPlantChem_isotopes_V1","Revesz & Coplen 2012b","N",,
"37544030-30af-40ae-8a00-f703d1af683c","D18","TOOK","TOOK.AOS.riparian.point.05","2020-07-19","TOOK.20200719.EPILITHON.5.REP2.CNSA.2","A00000102975","condition ok","SIRFER Lab at University of Utah","2021-07-07","ElFtGy1kV49xqNP00HfxQA==","CNS","1",5,25,100,,,,,,,,"d13C",-28.05,"perMill","SIRFER_algalPlantChem_isotopes_V1","Revesz & Coplen 2012a","N",,
"4885f31e-8588-40de-950d-08fa9ad85e4f","D18","TOOK","TOOK.AOS.riparian.point.05","2020-07-19","TOOK.20200719.EPILITHON.5.REP2.CNSA.2","A00000102975","condition ok","SIRFER Lab at University of Utah","2021-07-07","ElFtGy1kV49xqNP00HfxQA==","CNS","1",5,25,100,,,,,,,,"d15N",1.99,"perMill","SIRFER_algalPlantChem_isotopes_V1","Revesz & Coplen 2012a","N",,
"caae0312-b341-4a37-97a3-af88801fc180","D18","TOOK","TOOK.AOS.riparian.point.07","2020-07-19","TOOK.20200719.EPILITHON.7.CNSA.1","A00000102959","condition ok","SIRFER Lab at University of Utah","2021-05-21","ElFtGy1kV49xqNP00HfxQA==","CNS","1",5,25,100,,,,,,,,"d13C",-22.40,"perMill","SIRFER_algalPlantChem_isotopes_V1","Revesz & Coplen 2012a","N",,
"6bb9ba63-f92a-45f8-8503-a81655326e6f","D18","TOOK","TOOK.AOS.littoral1","2020-07-19","TOOK.20200719.PHYTOPLANKTON.2.CNSA.1","A00000102928","condition ok","SIRFER Lab at University of Utah","2021-05-20","ElFtGy1kV49xqNP00HfxQA==","CNS","1",500,25,100,,,,,,,,"nitrogen",48.18,"microgramsPerLiter","SIRFER_algalPlantChem_isotopes_V1","Revesz & Coplen 2012a","N",,
"06ef1d8e-5313-41db-a788-2814d9c76515","D18","TOOK","TOOK.AOS.buoy.c1","2020-07-19","TOOK.20200719.PHYTOPLANKTON.1.CNSB.1","A00000102977","condition ok","SIRFER Lab at University of Utah","2021-06-15","ElFtGy1kV49xqNP00HfxQA==","CNS","1",500,25,100,,,,,,,,"d13C",-33.07,"perMill","SIRFER_algalPlantChem_isotopes_V1","Revesz & Coplen 2012a","Y",,
"9ea9550b-edc4-43f9-b363-a7e08e55ba24","D18","TOOK","TOOK.AOS.littoral2","2020-07-19","TOOK.20200719.PHYTOPLANKTON.3.CNSB.1","A00000102930","condition ok","SIRFER Lab at University of Utah","2021-06-15","ElFtGy1kV49xqNP00HfxQA==","CNS","1",500,25,100,,,,,,,,"d13C",-31.45,"perMill","SIRFER_algalPlantChem_isotopes_V1","Revesz & Coplen 2012a","Y",,
"a94fb0de-e17d-47b9-9942-b80cd2afc203","D18","TOOK","TOOK.AOS.littoral1","2020-07-19","TOOK.20200719.PHYTOPLANKTON.2.CNSA.1","A00000102928","condition ok","SIRFER Lab at University of Utah","2021-05-20","ElFtGy1kV49xqNP00HfxQA==","CNS","1",500,25,100,,,,,,,,"d34S",6.98,"perMill","SIRFER_algalPlantChem_isotopes_V1","Revesz & Coplen 2012b","N",,
"e63478b5-acd3-456b-ab5f-cca3247e4789","D18","TOOK","TOOK.AOS.riparian.point.01","2020-07-19","TOOK.20200719.EPILITHON.1.CNSA.1","A00000102956","condition ok","SIRFER Lab at University of Utah","2021-05-21","ElFtGy1kV49xqNP00HfxQA==","CNS","1",5,25,100,,,,,,,,"d34S",8.39,"perMill","SIRFER_algalPlantChem_isotopes_V1","Revesz & Coplen 2012b","N",,
"ab77041a-5bbc-4e35-ba9a-3fe76263a6a5","D18","TOOK","TOOK.AOS.riparian.point.01","2020-07-19","TOOK.20200719.EPILITHON.1.CNSB.1","A00000102973","condition ok","SIRFER Lab at University of Utah","2021-06-15","ElFtGy1kV49xqNP00HfxQA==","CNS","1",5,25,100,,,,,,,,"d13C",-28.91,"perMill","SIRFER_algalPlantChem_isotopes_V1","Revesz & Coplen 2012a","Y",,
"d2757a3d-91f4-4313-9ef5-b9ca320ced2d","D18","TOOK","TOOK.AOS.riparian.point.05","2020-07-19","TOOK.20200719.EPILITHON.5.CNSB.1","A00000102958","condition ok","SIRFER Lab at University of Utah","2021-06-15","ElFtGy1kV49xqNP00HfxQA==","CNS","1",5,25,100,,,,,,,,"carbon",76073.53,"microgramsPerLiter","SIRFER_algalPlantChem_isotopes_V1","Revesz & Coplen 2012a","Y",,
"485581fc-536b-4f7d-ad86-b52a3c35a48d","D18","TOOK","TOOK.AOS.riparian.point.09","2020-07-19","TOOK.20200719.EPILITHON.9.CNSA.1","A00000102939","condition ok","SIRFER Lab at University of Utah","2021-05-20","ElFtGy1kV49xqNP00HfxQA==","CNS","1",5,25,100,,,,,,,,"nitrogen",5477.08,"microgramsPerLiter","SIRFER_algalPlantChem_isotopes_V1","Revesz & Coplen 2012a","N",,
"869d9d41-ff26-4569-bba7-eeb9b323ce5c","D18","TOOK","TOOK.AOS.riparian.point.07","2020-07-19","TOOK.20200719.EPILITHON.7.CNSA.1","A00000102959","condition ok","SIRFER Lab at University of Utah","2021-05-21","ElFtGy1kV49xqNP00HfxQA==","CNS","1",5,25,100,,,,,,,,"d34S",8.34,"perMill","SIRFER_algalPlantChem_isotopes_V1","Revesz & Coplen 2012b","N",,
"f3773d42-9bb8-4859-a14a-66d10867cf5a","D18","TOOK","TOOK.AOS.riparian.point.07","2020-07-19","TOOK.20200719.EPILITHON.7.CNSA.1","A00000102959","condition ok","SIRFER Lab at University of Utah","2021-05-21","ElFtGy1kV49xqNP00HfxQA==","CNS","1",5,25,100,,,,,,,,"nitrogen",4148.89,"microgramsPerLiter","SIRFER_algalPlantChem_isotopes_V1","Revesz & Coplen 2012a","N",,
"3a0933e0-8b5e-4c70-9a29-fa4ef1665d7f","D18","TOOK","TOOK.AOS.riparian.point.03","2020-07-19","TOOK.20200719.EPILITHON.3.CNSA.1","A00000102957","condition ok","SIRFER Lab at University of Utah","2021-05-21","ElFtGy1kV49xqNP00HfxQA==","CNS","1",5,25,100,,,,,,,,"d13C",-25.38,"perMill","SIRFER_algalPlantChem_isotopes_V1","Revesz & Coplen 2012a","N",,
"aee01afe-92ee-4a25-8532-292c2315a7ce","D18","TOOK","TOOK.AOS.buoy.c1","2020-07-19","TOOK.20200719.PHYTOPLANKTON.1.CNSA.1","A00000102943","condition ok","SIRFER Lab at University of Utah","2021-05-20","ElFtGy1kV49xqNP00HfxQA==","CNS","1",500,25,100,,,,,,,,"carbon",260.55,"microgramsPerLiter","SIRFER_algalPlantChem_isotopes_V1","Revesz & Coplen 2012a","N",,
"be19c03d-00da-44c0-a755-a89f7ad791e9","D18","TOOK","TOOK.AOS.riparian.point.09","2020-07-19","TOOK.20200719.EPILITHON.9.CNSA.1","A00000102939","condition ok","SIRFER Lab at University of Utah","2021-05-20","ElFtGy1kV49xqNP00HfxQA==","CNS","1",5,25,100,,,,,,,,"d13C",-29.65,"perMill","SIRFER_algalPlantChem_isotopes_V1","Revesz & Coplen 2012a","N",,
"e4d6fcb1-9ead-4c30-a1cc-e45b50f514bf","D18","TOOK","TOOK.AOS.littoral2","2020-07-19","TOOK.20200719.PHYTOPLANKTON.3.CNSA.1","A00000102931","condition ok","SIRFER Lab at University of Utah","2021-05-20","ElFtGy1kV49xqNP00HfxQA==","CNS","1",500,25,100,,,,,,,,"d15N",2.42,"perMill","SIRFER_algalPlantChem_isotopes_V1","Revesz & Coplen 2012a","N",,
"bfd5ef6b-c51a-42ed-9fe4-ae7211a407e4","D18","TOOK","TOOK.AOS.buoy.c1","2020-07-19","TOOK.20200719.PHYTOPLANKTON.1.CNSA.1","A00000102943","condition ok","SIRFER Lab at University of Utah","2021-05-20","ElFtGy1kV49xqNP00HfxQA==","CNS","1",500,25,100,,,,,,,,"d13C",-32.99,"perMill","SIRFER_algalPlantChem_isotopes_V1","Revesz & Coplen 2012a","N",,
"bd482b82-9593-4dae-86bf-2359100ffada","D18","TOOK","TOOK.AOS.riparian.point.05","2020-07-19","TOOK.20200719.EPILITHON.5.CNSB.1","A00000102958","condition ok","SIRFER Lab at University of Utah","2021-06-15","ElFtGy1kV49xqNP00HfxQA==","CNS","1",5,25,100,,,,,,,,"d13C",-28.16,"perMill","SIRFER_algalPlantChem_isotopes_V1","Revesz & Coplen 2012a","Y",,
"aee89d9e-6e2a-4521-af9c-76e5df8aeeb0","D18","TOOK","TOOK.AOS.riparian.point.09","2020-07-19","TOOK.20200719.EPILITHON.9.CNSA.1","A00000102939","condition ok","SIRFER Lab at University of Utah","2021-05-20","ElFtGy1kV49xqNP00HfxQA==","CNS","1",5,25,100,,,,,,,,"d15N",2.82,"perMill","SIRFER_algalPlantChem_isotopes_V1","Revesz & Coplen 2012a","N",,
"39066b00-339a-4bf4-a0e9-23b9226e88d7","D18","TOOK","TOOK.AOS.riparian.point.05","2020-07-19","TOOK.20200719.EPILITHON.5.REP2.CNSA.2","A00000102975","condition ok","SIRFER Lab at University of Utah","2021-07-07","ElFtGy1kV49xqNP00HfxQA==","CNS","1",5,25,100,,,,,,,,"sulfur",2893.91,"microgramsPerLiter","SIRFER_algalPlantChem_isotopes_V1","Revesz & Coplen 2012b","N",,
"19a6d11d-70eb-4dac-ab9d-8d15bb2dd412","D18","TOOK","TOOK.AOS.riparian.point.05","2020-07-19","TOOK.20200719.EPILITHON.5.CNSA.1","A00000102924","condition ok","SIRFER Lab at University of Utah","2021-05-21","ElFtGy1kV49xqNP00HfxQA==","CNS","1",5,25,100,,,,,,,,"d15N",1.69,"perMill","SIRFER_algalPlantChem_isotopes_V1","Revesz & Coplen 2012a","N",,
"39322045-8b4e-4adf-bc14-6d2735fadfac","D18","TOOK","TOOK.AOS.littoral1","2020-07-19","TOOK.20200719.PHYTOPLANKTON.2.CNSB.1","A00000102927","condition ok","SIRFER Lab at University of Utah","2021-06-15","ElFtGy1kV49xqNP00HfxQA==","CNS","1",500,25,100,,,,,,,,"d13C",-32.91,"perMill","SIRFER_algalPlantChem_isotopes_V1","Revesz & Coplen 2012a","Y",,
"6a6e13e8-a846-4b45-aec8-a07e17d45ee3","D18","TOOK","TOOK.AOS.riparian.point.05","2020-07-19","TOOK.20200719.EPILITHON.5.REP2.CNSB.2","A00000102925","condition ok","SIRFER Lab at University of Utah","2021-08-03","ElFtGy1kV49xqNP00HfxQA==","CNS","1",5,25,100,,,,,,,,"d13C",-28.11,"perMill","SIRFER_algalPlantChem_isotopes_V1","Revesz & Coplen 2012a","Y",,
"4d60d397-5570-4665-97cd-dc22696a55ed","D18","TOOK","TOOK.AOS.riparian.point.03","2020-07-19","TOOK.20200719.EPILITHON.3.CNSA.1","A00000102957","condition ok","SIRFER Lab at University of Utah","2021-05-21","ElFtGy1kV49xqNP00HfxQA==","CNS","1",5,25,100,,,,,,,,"d15N",1.73,"perMill","SIRFER_algalPlantChem_isotopes_V1","Revesz & Coplen 2012a","N",,
"1494bcc7-3666-4299-9076-d740aefbb37d","D18","TOOK","TOOK.AOS.buoy.c1","2020-07-19","TOOK.20200719.PHYTOPLANKTON.1.CHL/PHEO.1","B00000047020","condition ok","Great Lakes Environmental Center, Inc.","2020-07-29","4CajRO/thb0=","chlorophyll/pheophytin","1",500,25,100,1,7,421.1957,,,0.3300,0.0710,"chlorophyll a",1.82,"microgramsPerLiter","GLEC_algalChlorophyll_V1","APHA 10200H",,,
"811bfe38-c0e6-427e-872c-543376f946c8","D18","TOOK","TOOK.AOS.littoral1","2020-07-19","TOOK.20200719.PHYTOPLANKTON.2.CHL/PHEO.1","B00000046310","condition ok","Great Lakes Environmental Center, Inc.","2020-07-29","4CajRO/thb0=","chlorophyll/pheophytin","1",500,25,100,1,7,421.1957,,,0.2780,0.0720,"chlorophyll a",1.44,"microgramsPerLiter","GLEC_algalChlorophyll_V1","APHA 10200H",,,
"d9b6a2c9-7956-4506-b7f3-fa011a262430","D18","TOOK","TOOK.AOS.littoral2","2020-07-19","TOOK.20200719.PHYTOPLANKTON.3.CHL/PHEO.1","B00000046311","condition ok","Great Lakes Environmental Center, Inc.","2020-07-29","4CajRO/thb0=","chlorophyll/pheophytin","1",500,25,100,1,7,421.1957,,,0.2250,0.0590,"chlorophyll a",1.16,"microgramsPerLiter","GLEC_algalChlorophyll_V1","APHA 10200H",,,
"37ea7c45-069a-43ff-a47c-4f9eee6f01f7","D18","TOOK","TOOK.AOS.riparian.point.05","2020-07-19","TOOK.20200719.EPILITHON.5.REP2.CHL/PHEO.2","B00000047539","condition ok","Great Lakes Environmental Center, Inc.","2020-07-29","4CajRO/thb0=","chlorophyll/pheophytin","2",5,25,100,1,7,421.1957,,,0.4440,0.0930,"chlorophyll a",246.05,"microgramsPerLiter","GLEC_algalChlorophyll_V1","APHA 10200H",,,
"9714f704-0c65-47b7-b33d-bb7af9342ad7","D18","TOOK","TOOK.AOS.riparian.point.01","2020-07-19","TOOK.20200719.EPILITHON.1.CHL/PHEO.1","B00000047541","condition ok","Great Lakes Environmental Center, Inc.","2020-07-29","4CajRO/thb0=","chlorophyll/pheophytin","1",5,25,100,1,7,421.1957,,,0.1240,0.0640,"chlorophyll a",42.06,"microgramsPerLiter","GLEC_algalChlorophyll_V1","APHA 10200H",,,
"134c039b-3502-49dc-b928-eb214ccd4ec0","D18","TOOK","TOOK.AOS.riparian.point.09","2020-07-19","TOOK.20200719.EPILITHON.9.CHL/PHEO.1","B00000047021","condition ok","Great Lakes Environmental Center, Inc.","2020-07-29","4CajRO/thb0=","chlorophyll/pheophytin","1",5,25,100,1,7,421.1957,,,0.1890,0.0610,"chlorophyll a",89.73,"microgramsPerLiter","GLEC_algalChlorophyll_V1","APHA 10200H",,,
"5cc8ca38-ebfb-48ce-a16f-28fd0522f63e","D18","TOOK","TOOK.AOS.littoral1","2020-07-19","TOOK.20200719.PHYTOPLANKTON.2.CHL/PHEO.1","B00000046310","condition ok","Great Lakes Environmental Center, Inc.","2020-07-29","4CajRO/thb0=","chlorophyll/pheophytin","1",500,25,100,1,7,421.1957,,,0.2780,0.0720,"pheophytin",1.23,"microgramsPerLiter","GLEC_algalChlorophyll_V1","APHA 10200H",,,
"b7d43f8d-5795-4c84-a9fc-8cc70610c880","D18","TOOK","TOOK.AOS.riparian.point.01","2020-07-19","TOOK.20200719.EPILITHON.1.CHL/PHEO.1","B00000047541","condition ok","Great Lakes Environmental Center, Inc.","2020-07-29","4CajRO/thb0=","chlorophyll/pheophytin","1",5,25,100,1,7,421.1957,,,0.1240,0.0640,"pheophytin",195.58,"microgramsPerLiter","GLEC_algalChlorophyll_V1","APHA 10200H",,,
"58507a14-404d-423e-82dd-4540927c8175","D18","TOOK","TOOK.AOS.riparian.point.03","2020-07-19","TOOK.20200719.EPILITHON.3.CHL/PHEO.1","B00000047540","condition ok","Great Lakes Environmental Center, Inc.","2020-07-29","4CajRO/thb0=","chlorophyll/pheophytin","1",5,25,100,1,7,421.1957,,,0.2450,0.0520,"pheophytin",57.79,"microgramsPerLiter","GLEC_algalChlorophyll_V1","APHA 10200H",,,
"bcd0a637-469c-48ef-8c52-b08dc277f01c","D18","TOOK","TOOK.AOS.riparian.point.05","2020-07-19","TOOK.20200719.EPILITHON.5.CHL/PHEO.1","B00000047538","condition ok","Great Lakes Environmental Center, Inc.","2020-07-29","4CajRO/thb0=","chlorophyll/pheophytin","1",5,25,100,1,7,421.1957,,,0.4500,0.0930,"chlorophyll a",250.26,"microgramsPerLiter","GLEC_algalChlorophyll_V1","APHA 10200H",,,
"c701e92f-eace-4e75-8c23-c3a3a8b1b179","D18","TOOK","TOOK.AOS.littoral2","2020-07-19","TOOK.20200719.PHYTOPLANKTON.3.CHL/PHEO.1","B00000046311","condition ok","Great Lakes Environmental Center, Inc.","2020-07-29","4CajRO/thb0=","chlorophyll/pheophytin","1",500,25,100,1,7,421.1957,,,0.2250,0.0590,"pheophytin",1.03,"microgramsPerLiter","GLEC_algalChlorophyll_V1","APHA 10200H",,,
"b9d19b5d-6291-4a69-997a-b333eef31886","D18","TOOK","TOOK.AOS.riparian.point.07","2020-07-19","TOOK.20200719.EPILITHON.7.CHL/PHEO.1","B00000047537","condition ok","Great Lakes Environmental Center, Inc.","2020-07-29","4CajRO/thb0=","chlorophyll/pheophytin","1",5,25,100,1,7,421.1957,,,0.3060,0.0670,"chlorophyll a",167.54,"microgramsPerLiter","GLEC_algalChlorophyll_V1","APHA 10200H",,,
"c9b81c86-3690-4532-a7fa-f7b781bfbeb6","D18","TOOK","TOOK.AOS.buoy.c1","2020-07-19","TOOK.20200719.PHYTOPLANKTON.1.CHL/PHEO.1","B00000047020","condition ok","Great Lakes Environmental Center, Inc.","2020-07-29","4CajRO/thb0=","chlorophyll/pheophytin","1",500,25,100,1,7,421.1957,,,0.3300,0.0710,"pheophytin",0.82,"microgramsPerLiter","GLEC_algalChlorophyll_V1","APHA 10200H",,,
"e9400d8b-9477-4da8-9732-eda731129695","D18","TOOK","TOOK.AOS.riparian.point.07","2020-07-19","TOOK.20200719.EPILITHON.7.CHL/PHEO.1","B00000047537","condition ok","Great Lakes Environmental Center, Inc.","2020-07-29","4CajRO/thb0=","chlorophyll/pheophytin","1",5,25,100,1,7,421.1957,,,0.3060,0.0670,"pheophytin",81.24,"microgramsPerLiter","GLEC_algalChlorophyll_V1","APHA 10200H",,,
"4968c422-9afd-4752-90f9-1ffb62891cde","D18","TOOK","TOOK.AOS.riparian.point.05","2020-07-19","TOOK.20200719.EPILITHON.5.REP2.CHL/PHEO.2","B00000047539","condition ok","Great Lakes Environmental Center, Inc.","2020-07-29","4CajRO/thb0=","chlorophyll/pheophytin","2",5,25,100,1,7,421.1957,,,0.4440,0.0930,"pheophytin",99.27,"microgramsPerLiter","GLEC_algalChlorophyll_V1","APHA 10200H",,,
"7d2a8749-c389-4360-bb56-acce5c5f2474","D18","TOOK","TOOK.AOS.riparian.point.05","2020-07-19","TOOK.20200719.EPILITHON.5.CHL/PHEO.1","B00000047538","condition ok","Great Lakes Environmental Center, Inc.","2020-07-29","4CajRO/thb0=","chlorophyll/pheophytin","1",5,25,100,1,7,421.1957,,,0.4500,0.0930,"pheophytin",95.06,"microgramsPerLiter","GLEC_algalChlorophyll_V1","APHA 10200H",,,
"23197bc1-85b7-4390-a33c-7a6d63ae2e2e","D18","TOOK","TOOK.AOS.riparian.point.09","2020-07-19","TOOK.20200719.EPILITHON.9.CHL/PHEO.1","B00000047021","condition ok","Great Lakes Environmental Center, Inc.","2020-07-29","4CajRO/thb0=","chlorophyll/pheophytin","1",5,25,100,1,7,421.1957,,,0.1890,0.0610,"pheophytin",136.77,"microgramsPerLiter","GLEC_algalChlorophyll_V1","APHA 10200H",,,
"5df17c33-5bc6-4425-9fea-f497f210d44f","D18","TOOK","TOOK.AOS.riparian.point.03","2020-07-19","TOOK.20200719.EPILITHON.3.CHL/PHEO.1","B00000047540","condition ok","Great Lakes Environmental Center, Inc.","2020-07-29","4CajRO/thb0=","chlorophyll/pheophytin","1",5,25,100,1,7,421.1957,,,0.2450,0.0520,"chlorophyll a",135.29,"microgramsPerLiter","GLEC_algalChlorophyll_V1","APHA 10200H",,,
