uid,domainID,siteID,namedLocation,collectDate,parentSampleID,sampleID,sampleCode,filterNumber,analysisType,fieldSampleVolume,domainFilterVolume,storageDays,remarks,measuredBy,recordedBy,sampleCondition,dataQF
"28bbc25a-9b11-43c9-b39c-b7311fffa735","D18","TOOK","TOOK.AOS.riparian.point.05","2020-07-19T18:06Z","TOOK.20200719.EPILITHON.5","TOOK.20200719.EPILITHON.5.CNSB.1","A00000102958",1,"CNSb",125.0,5.0,0.3,,"0000-0001-6124-7021","0000-0001-5131-1181","OK",
"c012e7fc-413b-4af7-bad5-fbd575079157","D18","TOOK","TOOK.AOS.riparian.point.05","2020-07-19T18:06Z","TOOK.20200719.EPILITHON.5","TOOK.20200719.EPILITHON.5.P.1","A00000102941",1,"P",125.0,5.0,0.3,,"0000-0001-6124-7021","0000-0001-5131-1181","OK",
"f140aff4-8c3d-4517-a094-fa6fc90a50f9","D18","TOOK","TOOK.AOS.riparian.point.03","2020-07-19T18:06Z","TOOK.20200719.EPILITHON.3","TOOK.20200719.EPILITHON.3.CNSB.1","A00000102940",1,"CNSb",125.0,5.0,0.3,,"0000-0001-6124-7021","0000-0001-5131-1181","OK",
"39976df7-3b59-4aac-9e16-6ccbcae26a23","D18","TOOK","TOOK.AOS.littoral2","2020-07-19T18:06Z","TOOK.20200719.PHYTOPLANKTON.3","TOOK.20200719.PHYTOPLANKTON.3.CNSA.1","A00000102931",1,"CNSa",4000.0,500.0,0.3,,"0000-0001-6124-7021","0000-0001-5131-1181","OK",
"a88bda1a-238a-4f4f-aa2b-c5760abc0897","D18","TOOK","TOOK.AOS.riparian.point.03","2020-07-19T18:06Z","TOOK.20200719.EPILITHON.3","TOOK.20200719.EPILITHON.3.CHL/PHEO.1","B00000047540",1,"chlorophyll/pheophytin",125.0,5.0,0.3,,"0000-0001-6124-7021","0000-0001-5131-1181","OK",
"aaacaa39-7d82-41d6-8f76-ed206a559423","D18","TOOK","TOOK.AOS.buoy.c1","2020-07-19T18:06Z","TOOK.20200719.PHYTOPLANKTON.1","TOOK.20200719.PHYTOPLANKTON.1.CNSB.1","A00000102977",1,"CNSb",4000.0,500.0,0.3,,"0000-0001-6124-7021","0000-0001-5131-1181","OK",
"0a4217ed-ae77-4eeb-aeaa-19e997734d4f","D18","TOOK","TOOK.AOS.riparian.point.01","2020-07-19T18:06Z","TOOK.20200719.EPILITHON.1","TOOK.20200719.EPILITHON.1.P.1","A00000102923",1,"P",125.0,5.0,0.3,,"0000-0001-6124-7021","0000-0001-5131-1181","OK",
"9be14cb0-3248-4e36-a6b8-68fe2e6a0b73","D18","TOOK","TOOK.AOS.riparian.point.03","2020-07-19T18:06Z","TOOK.20200719.EPILITHON.3","TOOK.20200719.EPILITHON.3.P.1","A00000102974",1,"P",125.0,5.0,0.3,,"0000-0001-6124-7021","0000-0001-5131-1181","OK",
"ecdcf524-8ffa-4412-bb50-34da454e1a04","D18","TOOK","TOOK.AOS.littoral2","2020-07-19T18:06Z","TOOK.20200719.PHYTOPLANKTON.3","TOOK.20200719.PHYTOPLANKTON.3.P.1","A00000102932",1,"P",4000.0,500.0,0.3,,"0000-0001-6124-7021","0000-0001-5131-1181","OK",
"1b29bc93-17ff-4bac-9a29-2db88ed3a7f1","D18","TOOK","TOOK.AOS.littoral1","2020-07-19T18:06Z","TOOK.20200719.PHYTOPLANKTON.2","TOOK.20200719.PHYTOPLANKTON.2.CNSA.1","A00000102928",1,"CNSa",4000.0,500.0,0.3,,"0000-0001-6124-7021","0000-0001-5131-1181","OK",
"a308bca7-933f-4659-b3e0-a4ae2398b853","D18","TOOK","TOOK.AOS.riparian.point.07","2020-07-19T18:06Z","TOOK.20200719.EPILITHON.7","TOOK.20200719.EPILITHON.7.P.1","A00000102926",1,"P",125.0,5.0,0.3,,"0000-0001-6124-7021","0000-0001-5131-1181","OK",
"387e88bc-a204-4f8a-8e12-3c287babd546","D18","TOOK","TOOK.AOS.riparian.point.05","2020-07-19T18:06Z","TOOK.20200719.EPILITHON.5","TOOK.20200719.EPILITHON.5.REP2.CHL/PHEO.2","B00000047539",2,"chlorophyll/pheophytin",125.0,5.0,0.3,,"0000-0001-6124-7021","0000-0001-5131-1181","OK",
"ede2b0ba-ec5b-4e05-b5c1-3d39c56f5ae1","D18","TOOK","TOOK.AOS.riparian.point.05","2020-07-19T18:06Z","TOOK.20200719.EPILITHON.5","TOOK.20200719.EPILITHON.5.CHL/PHEO.1","B00000047538",1,"chlorophyll/pheophytin",125.0,5.0,0.3,,"0000-0001-6124-7021","0000-0001-5131-1181","OK",
"4b2872eb-d244-4d56-a914-71b2ccb42dc3","D18","TOOK","TOOK.AOS.riparian.point.09","2020-07-19T18:06Z","TOOK.20200719.EPILITHON.9","TOOK.20200719.EPILITHON.9.CHL/PHEO.1","B00000047021",1,"chlorophyll/pheophytin",125.0,5.0,0.3,,"0000-0001-6124-7021","0000-0001-5131-1181","OK",
"351b781f-c70a-4892-b1b2-7695d0aff153","D18","TOOK","TOOK.AOS.riparian.point.01","2020-07-19T18:06Z","TOOK.20200719.EPILITHON.1","TOOK.20200719.EPILITHON.1.CNSA.1","A00000102956",1,"CNSa",125.0,5.0,0.3,,"0000-0001-6124-7021","0000-0001-5131-1181","OK",
"9ff57e4e-809d-4d70-a742-c6435da87d63","D18","TOOK","TOOK.AOS.riparian.point.01","2020-07-19T18:06Z","TOOK.20200719.EPILITHON.1","TOOK.20200719.EPILITHON.1.CNSB.1","A00000102973",1,"CNSb",125.0,5.0,0.3,,"0000-0001-6124-7021","0000-0001-5131-1181","OK",
"4b550c22-04cc-4ad4-be9b-910d8eafb026","D18","TOOK","TOOK.AOS.riparian.point.07","2020-07-19T18:06Z","TOOK.20200719.EPILITHON.7","TOOK.20200719.EPILITHON.7.CNSB.1","A00000102942",1,"CNSb",125.0,5.0,0.3,,"0000-0001-6124-7021","0000-0001-5131-1181","OK",
"36587253-324e-47c1-ae86-e41488613022","D18","TOOK","TOOK.AOS.littoral2","2020-07-19T18:06Z","TOOK.20200719.PHYTOPLANKTON.3","TOOK.20200719.PHYTOPLANKTON.3.CNSB.1","A00000102930",1,"CNSb",4000.0,500.0,0.3,,"0000-0001-6124-7021","0000-0001-5131-1181","OK",
"93eff5d2-1c5b-4f62-9f86-0814ff0482d7","D18","TOOK","TOOK.AOS.buoy.c1","2020-07-19T18:06Z","TOOK.20200719.PHYTOPLANKTON.1","TOOK.20200719.PHYTOPLANKTON.1.P.1","A00000102960",1,"P",4000.0,500.0,0.3,,"0000-0001-6124-7021","0000-0001-5131-1181","OK",
"e1ffdb31-094a-4ddf-a427-6d4f26af1158","D18","TOOK","TOOK.AOS.littoral1","2020-07-19T18:06Z","TOOK.20200719.PHYTOPLANKTON.2","TOOK.20200719.PHYTOPLANKTON.2.CNSB.1","A00000102927",1,"CNSb",4000.0,500.0,0.3,,"0000-0001-6124-7021","0000-0001-5131-1181","OK",
"56dc341a-69a5-4a30-8d6b-9cc40e5185e5","D18","TOOK","TOOK.AOS.riparian.point.01","2020-07-19T18:06Z","TOOK.20200719.EPILITHON.1","TOOK.20200719.EPILITHON.1.CHL/PHEO.1","B00000047541",1,"chlorophyll/pheophytin",125.0,5.0,0.3,,"0000-0001-6124-7021","0000-0001-5131-1181","OK",
"0c49b0ab-c967-49de-92f1-59b4f5e23877","D18","TOOK","TOOK.AOS.riparian.point.05","2020-07-19T18:06Z","TOOK.20200719.EPILITHON.5","TOOK.20200719.EPILITHON.5.REP2.P.2","A00000102976",2,"P",125.0,5.0,0.3,,"0000-0001-6124-7021","0000-0001-5131-1181","OK",
"31eac755-332a-403d-9d8f-0e3d12441dd4","D18","TOOK","TOOK.AOS.riparian.point.05","2020-07-19T18:06Z","TOOK.20200719.EPILITHON.5","TOOK.20200719.EPILITHON.5.REP2.CNSB.2","A00000102925",2,"CNSb",125.0,5.0,0.3,,"0000-0001-6124-7021","0000-0001-5131-1181","OK",
"c26fdeb2-fa3a-4695-b149-6a1b96c348e2","D18","TOOK","TOOK.AOS.riparian.point.07","2020-07-19T18:06Z","TOOK.20200719.EPILITHON.7","TOOK.20200719.EPILITHON.7.CHL/PHEO.1","B00000047537",1,"chlorophyll/pheophytin",125.0,5.0,0.3,,"0000-0001-6124-7021","0000-0001-5131-1181","OK",
"a8b736fd-3bff-4939-abe1-8c649914de1e","D18","TOOK","TOOK.AOS.buoy.c1","2020-07-19T18:06Z","TOOK.20200719.PHYTOPLANKTON.1","TOOK.20200719.PHYTOPLANKTON.1.CNSA.1","A00000102943",1,"CNSa",4000.0,500.0,0.3,,"0000-0001-6124-7021","0000-0001-5131-1181","OK",
"9d20381e-739f-4442-831e-234b493f17fe","D18","TOOK","TOOK.AOS.riparian.point.05","2020-07-19T18:06Z","TOOK.20200719.EPILITHON.5","TOOK.20200719.EPILITHON.5.REP2.CNSA.2","A00000102975",2,"CNSa",125.0,5.0,0.3,,"0000-0001-6124-7021","0000-0001-5131-1181","OK",
"ed1aba2d-0c74-4e6b-b6ab-6def6c26638e","D18","TOOK","TOOK.AOS.riparian.point.05","2020-07-19T18:06Z","TOOK.20200719.EPILITHON.5","TOOK.20200719.EPILITHON.5.CNSA.1","A00000102924",1,"CNSa",125.0,5.0,0.3,,"0000-0001-6124-7021","0000-0001-5131-1181","OK",
"13695500-689c-4935-9121-defb6d523f1c","D18","TOOK","TOOK.AOS.buoy.c1","2020-07-19T18:06Z","TOOK.20200719.PHYTOPLANKTON.1","TOOK.20200719.PHYTOPLANKTON.1.CHL/PHEO.1","B00000047020",1,"chlorophyll/pheophytin",4000.0,500.0,0.3,,"0000-0001-6124-7021","0000-0001-5131-1181","OK",
"296ba2c7-4bd4-474f-a302-6e9c97c142c4","D18","TOOK","TOOK.AOS.littoral1","2020-07-19T18:06Z","TOOK.20200719.PHYTOPLANKTON.2","TOOK.20200719.PHYTOPLANKTON.2.CHL/PHEO.1","B00000046310",1,"chlorophyll/pheophytin",4000.0,500.0,0.3,,"0000-0001-6124-7021","0000-0001-5131-1181","OK",
"d2701ca4-6838-4646-a522-de050bded77e","D18","TOOK","TOOK.AOS.littoral1","2020-07-19T18:06Z","TOOK.20200719.PHYTOPLANKTON.2","TOOK.20200719.PHYTOPLANKTON.2.P.1","A00000102929",1,"P",4000.0,400.0,0.3,,"0000-0001-6124-7021","0000-0001-5131-1181","OK",
"8635e447-20fe-4939-a0d5-09cf60b973d8","D18","TOOK","TOOK.AOS.riparian.point.09","2020-07-19T18:06Z","TOOK.20200719.EPILITHON.9","TOOK.20200719.EPILITHON.9.CNSB.1","A00000102922",1,"CNSb",125.0,5.0,0.3,,"0000-0001-6124-7021","0000-0001-5131-1181","OK",
"e920aa4c-c458-4caa-b0ea-fc2654b4181e","D18","TOOK","TOOK.AOS.littoral2","2020-07-19T18:06Z","TOOK.20200719.PHYTOPLANKTON.3","TOOK.20200719.PHYTOPLANKTON.3.CHL/PHEO.1","B00000046311",1,"chlorophyll/pheophytin",4000.0,500.0,0.3,,"0000-0001-6124-7021","0000-0001-5131-1181","OK",
"495e83c1-c7b1-4a84-97b9-5d8559c4c58e","D18","TOOK","TOOK.AOS.riparian.point.09","2020-07-19T18:06Z","TOOK.20200719.EPILITHON.9","TOOK.20200719.EPILITHON.9.P.1","A00000102972",1,"P",125.0,5.0,0.3,,"0000-0001-6124-7021","0000-0001-5131-1181","OK",
"414d6639-0ed4-4913-84ee-0ddb567bc57d","D18","TOOK","TOOK.AOS.riparian.point.03","2020-07-19T18:06Z","TOOK.20200719.EPILITHON.3","TOOK.20200719.EPILITHON.3.CNSA.1","A00000102957",1,"CNSa",125.0,5.0,0.3,,"0000-0001-6124-7021","0000-0001-5131-1181","OK",
"ff7e748a-51ac-490f-886a-a3de906e71e6","D18","TOOK","TOOK.AOS.riparian.point.07","2020-07-19T18:06Z","TOOK.20200719.EPILITHON.7","TOOK.20200719.EPILITHON.7.CNSA.1","A00000102959",1,"CNSa",125.0,5.0,0.3,,"0000-0001-6124-7021","0000-0001-5131-1181","OK",
"e6bac634-ddd7-4b29-8bce-fba1c32adac6","D18","TOOK","TOOK.AOS.riparian.point.09","2020-07-19T18:06Z","TOOK.20200719.EPILITHON.9","TOOK.20200719.EPILITHON.9.CNSA.1","A00000102939",1,"CNSa",125.0,5.0,0.3,,"0000-0001-6124-7021","0000-0001-5131-1181","OK",
