uid,domainID,siteID,namedLocation,sampleID,sampleCode,startDate,collectDate,laboratoryName,analyte,analyteConcentration,analyteUnits,coolerTemp,remarks,shipmentWarmQF,externalLabDataQF,sampleCondition
"b4971029-b53c-4be0-9ca7-3cd5cb0fe679","D05","CRAM","CRAM.AOS.buoy.c1","CRAM.C1.20210504.RAW","A00000203010","2021-05-04T17:03Z","2021-05-04T17:03Z","EcoCore_CSU","TOC",5.0130,"milligramsPerLiter",4.2,,0,,"OK"
"2977a899-0b56-4963-b07c-e9dc8da68207","D05","CRAM","CRAM.AOS.buoy.c1","CRAM.C1.20210504.FIL","A00000205141","2021-05-04T17:03Z","2021-05-04T17:03Z","EcoCore_CSU","HCO3",4.8048,"milligramsPerLiter",4.2,,0,,"OK"
"38f4a104-fc18-409a-9a60-8acd9885e16f","D05","CRAM","CRAM.AOS.buoy.c1","CRAM.C1.20210504.FIL","A00000205141","2021-05-04T17:03Z","2021-05-04T17:03Z","EcoCore_CSU","CO3",0.0050,"milligramsPerLiter",4.2,,0,,"OK"
"0d849a4a-d502-448c-81a1-d67bce0bb248","D05","CRAM","CRAM.AOS.buoy.c1","CRAM.C1.20210504.FIL","A00000205141","2021-05-04T17:03Z","2021-05-04T17:03Z","EcoCore_CSU","Cl",0.2592,"milligramsPerLiter",4.2,,0,,"OK"
"1989cd84-7d45-4abf-9e43-f2dfefe14c2e","D05","CRAM","CRAM.AOS.buoy.c1","CRAM.C1.20210504.FIL","A00000205141","2021-05-04T17:03Z","2021-05-04T17:03Z","EcoCore_CSU","Br",0.0050,"milligramsPerLiter",4.2,,0,,"OK"
"9db492f5-b5e1-4f65-990e-632ce9abc82a","D05","CRAM","CRAM.AOS.buoy.c1","CRAM.C1.20210504.FIL","A00000205141","2021-05-04T17:03Z","2021-05-04T17:03Z","EcoCore_CSU","F",0.0050,"milligramsPerLiter",4.2,,0,,"OK"
"10f18922-d68c-41ea-9500-249274572a8f","D05","CRAM","CRAM.AOS.buoy.c1","CRAM.C1.20210504.FIL","A00000205141","2021-05-04T17:03Z","2021-05-04T17:03Z","EcoCore_CSU","SO4",1.6075,"milligramsPerLiter",4.2,,0,,"OK"
"baa46e06-340c-4dc8-a9a2-142ab237fbc0","D05","CRAM","CRAM.AOS.buoy.c1","CRAM.C1.20210504.FIL","A00000205141","2021-05-04T17:03Z","2021-05-04T17:03Z","EcoCore_CSU","Si",0.1870,"milligramsPerLiter",4.2,,0,,"OK"
"89094905-304e-4afd-a764-f2d4aca80187","D05","CRAM","CRAM.AOS.buoy.c1","CRAM.C1.20210504.FIL","A00000205141","2021-05-04T17:03Z","2021-05-04T17:03Z","EcoCore_CSU","Na",0.0260,"milligramsPerLiter",4.2,,0,,"OK"
"485b17c3-3ecc-4ad0-ad60-7afbd065b7c0","D05","CRAM","CRAM.AOS.buoy.c1","CRAM.C1.20210504.FIL","A00000205141","2021-05-04T17:03Z","2021-05-04T17:03Z","EcoCore_CSU","Mg",0.3880,"milligramsPerLiter",4.2,,0,,"OK"
"d412e364-d8b3-4bac-89f4-98c9cf2f2b37","D05","CRAM","CRAM.AOS.buoy.c1","CRAM.C1.20210504.FIL","A00000205141","2021-05-04T17:03Z","2021-05-04T17:03Z","EcoCore_CSU","K",0.2270,"milligramsPerLiter",4.2,,0,,"OK"
"ce8fa2fc-a07b-4c2d-b8c9-44b9a5d38817","D05","CRAM","CRAM.AOS.buoy.c1","CRAM.C1.20210504.FIL","A00000205141","2021-05-04T17:03Z","2021-05-04T17:03Z","EcoCore_CSU","Mn",0.0005,"milligramsPerLiter",4.2,,0,,"OK"
"2e445f03-4395-4207-80cb-3357919a3220","D05","CRAM","CRAM.AOS.buoy.c1","CRAM.C1.20210504.FIL","A00000205141","2021-05-04T17:03Z","2021-05-04T17:03Z","EcoCore_CSU","Fe",0.0190,"milligramsPerLiter",4.2,,0,,"OK"
"ccc40934-e3d3-488c-872a-62a4f661bd92","D05","CRAM","CRAM.AOS.buoy.c1","CRAM.C1.20210504.FIL","A00000205141","2021-05-04T17:03Z","2021-05-04T17:03Z","EcoCore_CSU","Ca",0.1240,"milligramsPerLiter",4.2,,0,,"OK"
"162621e5-76c4-4aaf-bf78-e8a42144279a","D05","CRAM","CRAM.AOS.buoy.c1","CRAM.C1.20210504.RAW","A00000203010","2021-05-04T17:03Z","2021-05-04T17:03Z","EcoCore_CSU","TSS",5.0000,"milligramsPerLiter",4.2,"TSS vol in ml = 100",0,,"OK"
"a8a1a3f5-c080-4798-8240-a87a8023bc95","D05","CRAM","CRAM.AOS.buoy.c1","CRAM.C1.20210504.FIL","A00000205141","2021-05-04T17:03Z","2021-05-04T17:03Z","EcoCore_CSU","UV Absorbance (254 nm)",0.1161,,4.2,,0,,"OK"
"496271ef-bb86-4cd2-ab06-eb1739ee7d3c","D05","CRAM","CRAM.AOS.buoy.c1","CRAM.C1.20210504.FIL","A00000205141","2021-05-04T17:03Z","2021-05-04T17:03Z","EcoCore_CSU","UV Absorbance (280 nm)",0.0867,,4.2,,0,,"OK"
"d5a5bedb-3dc1-4446-a5e3-631add03882e","D05","CRAM","CRAM.AOS.buoy.c1","CRAM.C1.20210504.FIL","A00000205141","2021-05-04T17:03Z","2021-05-04T17:03Z","EcoCore_CSU","DOC",4.2970,"milligramsPerLiter",4.2,,0,,"OK"
"d721157c-12f3-4a38-9377-5338981e012a","D05","CRAM","CRAM.AOS.buoy.c1","CRAM.C1.20210504.FIL","A00000205141","2021-05-04T17:03Z","2021-05-04T17:03Z","EcoCore_CSU","DIC",1.0410,"milligramsPerLiter",4.2,,0,,"OK"
"340b6fb9-e874-4a6e-825b-e3ae2d2034de","D05","CRAM","CRAM.AOS.buoy.c1","CRAM.C1.20210504.FIL","A00000205141","2021-05-04T17:03Z","2021-05-04T17:03Z","EcoCore_CSU","TDN",0.2579,"milligramsPerLiter",4.2,,0,,"OK"
"40f35d24-4880-4bbb-860a-6d3a877e13e8","D05","CRAM","CRAM.AOS.buoy.c1","CRAM.C1.20210504.RAW","A00000203010","2021-05-04T17:03Z","2021-05-04T17:03Z","EcoCore_CSU","TN",0.2896,"milligramsPerLiter",4.2,,0,,"OK"
"c44f79d0-eee8-4daa-9ac2-9c8343a62bf2","D05","CRAM","CRAM.AOS.buoy.c2","CRAM.C2.20210504.FIL","A00000205140","2021-05-04T17:04Z","2021-05-04T17:04Z","EcoCore_CSU","HCO3",2.0020,"milligramsPerLiter",4.2,,0,,"OK"
"92ad542e-9af7-4e04-8667-96ad83e0acc1","D05","CRAM","CRAM.AOS.buoy.c2","CRAM.C2.20210504.FIL","A00000205140","2021-05-04T17:04Z","2021-05-04T17:04Z","EcoCore_CSU","CO3",0.0050,"milligramsPerLiter",4.2,,0,,"OK"
"d09ee850-dfa3-407c-bc08-96fb608e26c3","D05","CRAM","CRAM.AOS.buoy.c2","CRAM.C2.20210504.FIL","A00000205140","2021-05-04T17:04Z","2021-05-04T17:04Z","EcoCore_CSU","SO4",1.6914,"milligramsPerLiter",4.2,,0,,"OK"
"3ef447e7-d8e3-4f8d-81ad-3fc9bc2522eb","D05","CRAM","CRAM.AOS.buoy.c2","CRAM.C2.20210504.FIL","A00000205140","2021-05-04T17:04Z","2021-05-04T17:04Z","EcoCore_CSU","Cl",0.2739,"milligramsPerLiter",4.2,,0,,"OK"
"0cfeb25f-1a05-40c7-834d-33d4fb373cd3","D05","CRAM","CRAM.AOS.buoy.c2","CRAM.C2.20210504.FIL","A00000205140","2021-05-04T17:04Z","2021-05-04T17:04Z","EcoCore_CSU","Br",0.0050,"milligramsPerLiter",4.2,,0,,"OK"
"48bda828-c1ce-4c72-a984-82860ad22cea","D05","CRAM","CRAM.AOS.buoy.c2","CRAM.C2.20210504.FIL","A00000205140","2021-05-04T17:04Z","2021-05-04T17:04Z","EcoCore_CSU","F",0.0050,"milligramsPerLiter",4.2,,0,,"OK"
"20e4b297-d30d-4a12-b1f0-d8f06e5d2f25","D05","CRAM","CRAM.AOS.buoy.c2","CRAM.C2.20210504.FIL","A00000205140","2021-05-04T17:04Z","2021-05-04T17:04Z","EcoCore_CSU","K",0.2130,"milligramsPerLiter",4.2,,0,,"OK"
"4d88cef4-31da-4e68-9319-06a3598e58b4","D05","CRAM","CRAM.AOS.buoy.c2","CRAM.C2.20210504.FIL","A00000205140","2021-05-04T17:04Z","2021-05-04T17:04Z","EcoCore_CSU","Fe",0.0360,"milligramsPerLiter",4.2,,0,,"OK"
"fa058310-3de2-4c7a-9379-2b6f5e06dea3","D05","CRAM","CRAM.AOS.buoy.c2","CRAM.C2.20210504.FIL","A00000205140","2021-05-04T17:04Z","2021-05-04T17:04Z","EcoCore_CSU","Mg",0.3860,"milligramsPerLiter",4.2,,0,,"OK"
"8b47811e-c538-40ea-a089-270d0dd00406","D05","CRAM","CRAM.AOS.buoy.c2","CRAM.C2.20210504.FIL","A00000205140","2021-05-04T17:04Z","2021-05-04T17:04Z","EcoCore_CSU","Ca",0.1210,"milligramsPerLiter",4.2,,0,,"OK"
"a89abc2d-6fd9-49b1-87d7-043b4b99fa41","D05","CRAM","CRAM.AOS.buoy.c2","CRAM.C2.20210504.FIL","A00000205140","2021-05-04T17:04Z","2021-05-04T17:04Z","EcoCore_CSU","Si",0.2210,"milligramsPerLiter",4.2,,0,,"OK"
"4bb0f86b-03fa-4022-aff5-249b526c2532","D05","CRAM","CRAM.AOS.buoy.c2","CRAM.C2.20210504.FIL","A00000205140","2021-05-04T17:04Z","2021-05-04T17:04Z","EcoCore_CSU","Na",0.0270,"milligramsPerLiter",4.2,,0,,"OK"
"cd25a633-0900-4af6-a10d-2d454f91805b","D05","CRAM","CRAM.AOS.buoy.c2","CRAM.C2.20210504.FIL","A00000205140","2021-05-04T17:04Z","2021-05-04T17:04Z","EcoCore_CSU","Mn",0.0020,"milligramsPerLiter",4.2,,0,,"OK"
"1162f644-3b13-4a89-a35c-efbb9903cd41","D05","CRAM","CRAM.AOS.buoy.c2","CRAM.C2.20210504.RAW","A00000203009","2021-05-04T17:04Z","2021-05-04T17:04Z","EcoCore_CSU","TSS",0.0000,"milligramsPerLiter",4.2,"TSS vol in ml = 100",0,,"OK"
"e603d802-a60e-4036-9f52-78c4af3d1eae","D05","CRAM","CRAM.AOS.buoy.c2","CRAM.C2.20210504.FIL","A00000205140","2021-05-04T17:04Z","2021-05-04T17:04Z","EcoCore_CSU","UV Absorbance (254 nm)",0.1141,,4.2,,0,,"OK"
"606afe03-b6ad-430b-b638-8096ad2aa724","D05","CRAM","CRAM.AOS.buoy.c2","CRAM.C2.20210504.FIL","A00000205140","2021-05-04T17:04Z","2021-05-04T17:04Z","EcoCore_CSU","UV Absorbance (280 nm)",0.0835,,4.2,,0,,"OK"
"8af80dc0-e7c2-491a-bee0-6f9cc8ceabdf","D05","CRAM","CRAM.AOS.buoy.c2","CRAM.C2.20210504.FIL","A00000205140","2021-05-04T17:04Z","2021-05-04T17:04Z","EcoCore_CSU","DIC",2.0070,"milligramsPerLiter",4.2,,0,,"OK"
"525d5ab5-db4d-4383-94e4-d923aba31699","D05","CRAM","CRAM.AOS.buoy.c2","CRAM.C2.20210504.FIL","A00000205140","2021-05-04T17:04Z","2021-05-04T17:04Z","EcoCore_CSU","DOC",4.0370,"milligramsPerLiter",4.2,,0,,"OK"
"36640d20-c860-4d20-821d-780bf526371a","D05","CRAM","CRAM.AOS.buoy.c2","CRAM.C2.20210504.RAW","A00000203009","2021-05-04T17:04Z","2021-05-04T17:04Z","EcoCore_CSU","TOC",4.8090,"milligramsPerLiter",4.2,,0,,"OK"
"633ca670-8595-43bf-8b51-0307d6b9c680","D05","CRAM","CRAM.AOS.buoy.c2","CRAM.C2.20210504.RAW","A00000203009","2021-05-04T17:04Z","2021-05-04T17:04Z","EcoCore_CSU","TN",0.3001,"milligramsPerLiter",4.2,,0,,"OK"
"3d86f45f-619f-4369-a45d-a81439a1add4","D05","CRAM","CRAM.AOS.buoy.c2","CRAM.C2.20210504.FIL","A00000205140","2021-05-04T17:04Z","2021-05-04T17:04Z","EcoCore_CSU","TDN",0.2531,"milligramsPerLiter",4.2,,0,,"OK"
