uid,domainID,siteID,namedLocation,collectDate,titrationDate,parentSampleID,domainSampleID,domainSampleCode,titrationLocation,sampleType,initialSamplepH,initialSampleTemp,normality,sampleVolume,methodType,remarks,measuredBy,alkMeqPerL,alkMgPerL,ancMeqPerL,ancMgPerL,dataQF
"c5258b14-2794-419f-9837-e61eb54cd4dd","D05","CRAM","CRAM.AOS.buoy.c1","2021-05-04T17:03Z","2021-05-05T19:01Z","CRAM.C1.20210504","CRAM.C1.20210504.ALK",,"support facility","ALK",6.16,23.5,"0.16",150.0,"Gran",,"schoofs@battelleecology.org",0.050,2.450,,,
"55174448-fc8c-4c60-b22a-df0816238d51","D05","CRAM","CRAM.AOS.buoy.c1","2021-05-04T17:03Z","2021-05-05T19:25Z","CRAM.C1.20210504","CRAM.C1.20210504.ANC",,"support facility","ANC",6.13,23.8,"0.16",150.0,"Gran",,"schoofs@battelleecology.org",,,0.030,1.740,
"c706faf9-9cdf-492c-b616-de607c9789f6","D05","CRAM","CRAM.AOS.buoy.c2","2021-05-04T17:04Z","2021-05-05T20:13Z","CRAM.C2.20210504","CRAM.C2.20210504.ANC",,"support facility","ANC",5.87,24.5,"0.16",150.0,"Gran",,"schoofs@battelleecology.org",,,0.040,1.880,
"2116b760-ad30-4d5a-be60-2452025e5fc0","D05","CRAM","CRAM.AOS.buoy.c2","2021-05-04T17:04Z","2021-05-05T19:59Z","CRAM.C2.20210504","CRAM.C2.20210504.ALK",,"support facility","ALK",5.88,24.3,"0.16",150.0,"Gran",,"schoofs@battelleecology.org",0.050,2.360,,,
