uid,domainID,siteID,namedLocation,date,eventID,sampleDepth,waterTemp,specificConductance,dissolvedOxygen,dissolvedOxygenSaturation,dataQF
"977455ec-a018-4769-9739-f4d5abf7700b","D03","BARC","BARC.AOS.buoy.c0","2021-06-07T14:35Z","BARC.c0.20210607",2.5,25.9,9.0,9.5,111.3,
"4eae2fbb-7862-4b3a-a5a3-720147a672b3","D03","BARC","BARC.AOS.buoy.c0","2021-06-07T14:35Z","BARC.c0.20210607",4.0,25.7,35.3,7.3,87.8,
"eef70ad9-f87b-4e2a-b940-106dc844ee35","D03","BARC","BARC.AOS.buoy.c0","2021-06-07T14:35Z","BARC.c0.20210607",0.5,26.0,35.1,8.2,99.4,
"32de5334-f009-46b3-9a08-a2e11fca2845","D03","BARC","BARC.AOS.buoy.c0","2021-06-07T14:35Z","BARC.c0.20210607",1.5,26.0,34.8,8.4,99.2,
"c6fc1684-66ad-4bde-aeac-67eeedd4ba5f","D03","BARC","BARC.AOS.buoy.c0","2021-06-07T14:35Z","BARC.c0.20210607",1.0,26.0,34.8,8.5,99.3,
"6a2a4033-a3d0-4910-8100-cd90e2cc85f2","D03","BARC","BARC.AOS.buoy.c0","2021-06-07T14:35Z","BARC.c0.20210607",2.0,26.0,34.9,8.4,96.4,
"a4c7c94e-5c8b-417a-8f25-c9550b0d848c","D03","BARC","BARC.AOS.buoy.c0","2021-06-07T14:35Z","BARC.c0.20210607",3.5,25.8,35.3,7.3,93.6,
"d51e3561-3558-47db-86e5-8e95bd601c3d","D03","BARC","BARC.AOS.buoy.c0","2021-06-07T14:35Z","BARC.c0.20210607",4.5,25.6,35.3,6.3,75.1,
"cd8bed35-75c6-4552-b413-5978b065d4ec","D03","BARC","BARC.AOS.buoy.c0","2021-06-07T14:35Z","BARC.c0.20210607",3.0,25.9,35.4,6.8,81.2,
