uid,domainID,siteID,namedLocation,collectDate,titrationDate,parentSampleID,domainSampleID,domainSampleCode,titrationLocation,sampleType,initialSamplepH,initialSampleTemp,normality,sampleVolume,methodType,remarks,measuredBy,alkMeqPerL,alkMgPerL,ancMeqPerL,ancMgPerL,dataQF
"7d5bca93-5f5d-440f-ab7a-f673d36c98e2","D05","CRAM","CRAM.AOS.buoy.c1","2021-08-09T17:25Z","2021-08-10T19:06Z","CRAM.C1.20210809","CRAM.C1.20210809.ANC",,"support facility","ANC",6.36,19.5,"0.16",150.0,"Gran",,"schoofs@battelleecology.org",,,0.050,2.360,
"1b99662f-c7ea-48ba-a28c-c8830e40c407","D05","CRAM","CRAM.AOS.buoy.c1","2021-08-09T17:25Z","2021-08-10T19:35Z","CRAM.C1.20210809","CRAM.C1.20210809.ALK",,"support facility","ALK",6.19,20.1,"0.16",150.0,"Gran",,"schoofs@battelleecology.org",0.040,1.770,,,
"ee030223-6a9a-4b31-8a2f-d85ad19ae9c5","D05","CRAM","CRAM.AOS.buoy.c2","2021-08-09T17:41Z","2021-08-10T20:00Z","CRAM.C2.20210809","CRAM.C2.20210809.ALK",,"support facility","ALK",6.15,20.4,"0.16",150.0,"Gran",,"schoofs@battelleecology.org",0.090,4.700,,,
"71a10df8-53e8-43cf-8849-4b5608fb173a","D05","CRAM","CRAM.AOS.buoy.c2","2021-08-09T17:41Z","2021-08-10T20:19Z","CRAM.C2.20210809","CRAM.C2.20210809.ANC",,"support facility","ANC",6.12,20.6,"0.16",150.0,"Gran",,"schoofs@battelleecology.org",,,0.090,4.750,
