uid,domainID,siteID,namedLocation,sampleID,sampleCode,startDate,collectDate,laboratoryName,analyte,analyteConcentration,analyteUnits,belowDetectionQF,coolerTemp,remarks,shipmentWarmQF,externalLabDataQF,sampleCondition
"3f461463-5e28-40aa-b8dd-10fb155e39e3","D05","CRAM","CRAM.AOS.buoy.c1","CRAM.C1.20210809.FIL.2","A00000206374","2021-08-09T17:25Z","2021-08-09T17:25Z","EcoCore_CSU","DIC",1.3310,"milligramsPerLiter",,4.2,,0,,"OK"
"ad5cb4dd-70ba-48e0-b4fa-f1df943cc84f","D05","CRAM","CRAM.AOS.buoy.c1","CRAM.C1.20210809.FIL.2","A00000206374","2021-08-09T17:25Z","2021-08-09T17:25Z","EcoCore_CSU","UV Absorbance (254 nm)",0.1032,,,4.2,,0,,"OK"
"42357177-55da-4308-80ea-078c30c3277c","D05","CRAM","CRAM.AOS.buoy.c1","CRAM.C1.20210809.FIL.3","A00000206375","2021-08-09T17:25Z","2021-08-09T17:25Z","EcoCore_CSU","UV Absorbance (280 nm)",0.0745,,,3.1,,0,,"OK"
"648bd422-91b7-41d8-a33c-6ae931e5c18c","D05","CRAM","CRAM.AOS.buoy.c1","CRAM.C1.20210809.FIL.3","A00000206375","2021-08-09T17:25Z","2021-08-09T17:25Z","EcoCore_CSU","UV Absorbance (254 nm)",0.1018,,,3.1,,0,,"OK"
"01567af1-bb66-46a7-8103-095115eddadf","D05","CRAM","CRAM.AOS.buoy.c1","CRAM.C1.20210809.FIL.2","A00000206374","2021-08-09T17:25Z","2021-08-09T17:25Z","EcoCore_CSU","UV Absorbance (280 nm)",0.0746,,,4.2,,0,,"OK"
"fea2d826-4194-4853-a7f9-d65b045624ad","D05","CRAM","CRAM.AOS.buoy.c1","CRAM.C1.20210809.FIL","A00000206373","2021-08-09T17:25Z","2021-08-09T17:25Z","EcoCore_CSU","UV Absorbance (280 nm)",0.0751,,,4.2,,0,,"OK"
"4bce3aa6-81cb-4327-bd13-d02f2729e245","D05","CRAM","CRAM.AOS.buoy.c1","CRAM.C1.20210809.FIL","A00000206373","2021-08-09T17:25Z","2021-08-09T17:25Z","EcoCore_CSU","UV Absorbance (254 nm)",0.1029,,,4.2,,0,,"OK"
"9c491f42-bc80-4678-9821-bc64c9f8abfe","D05","CRAM","CRAM.AOS.buoy.c1","CRAM.C1.20210809.FIL.2","A00000206374","2021-08-09T17:25Z","2021-08-09T17:25Z","EcoCore_CSU","DOC",4.5210,"milligramsPerLiter",,4.2,,0,,"OK"
"52e547f8-5854-4e1a-bf0c-2c788c50c979","D05","CRAM","CRAM.AOS.buoy.c1","CRAM.C1.20210809.FIL.2","A00000206374","2021-08-09T17:25Z","2021-08-09T17:25Z","EcoCore_CSU","TDN",0.1616,"milligramsPerLiter",,4.2,,0,,"OK"
"a1d12b76-aa24-4d1e-a894-771177a47758","D05","CRAM","CRAM.AOS.buoy.c1","CRAM.C1.20210809.FIL.3","A00000206375","2021-08-09T17:25Z","2021-08-09T17:25Z","EcoCore_CSU","DOC",4.8520,"milligramsPerLiter",,3.1,,0,,"OK"
"857d1ad3-ff5d-4609-a198-548ac111e1ae","D05","CRAM","CRAM.AOS.buoy.c1","CRAM.C1.20210809.RAW.2","A00000205607","2021-08-09T17:25Z","2021-08-09T17:25Z","EcoCore_CSU","TOC",4.8510,"milligramsPerLiter",,4.2,,0,,"OK"
"7e430aed-e2fc-4fa5-b504-3f6756c07beb","D05","CRAM","CRAM.AOS.buoy.c1","CRAM.C1.20210809.FIL","A00000206373","2021-08-09T17:25Z","2021-08-09T17:25Z","EcoCore_CSU","DIC",1.3300,"milligramsPerLiter",,4.2,,0,,"OK"
"c8445d81-03b5-4a91-ba10-76a11e30ea21","D05","CRAM","CRAM.AOS.buoy.c1","CRAM.C1.20210809.RAW","A00000206016","2021-08-09T17:25Z","2021-08-09T17:25Z","EcoCore_CSU","TN",0.2037,"milligramsPerLiter",,4.2,,0,,"OK"
"b896da29-878d-4be6-8d6f-2056b8cec2b5","D05","CRAM","CRAM.AOS.buoy.c1","CRAM.C1.20210809.FIL.3","A00000206375","2021-08-09T17:25Z","2021-08-09T17:25Z","EcoCore_CSU","TDN",0.1814,"milligramsPerLiter",,3.1,,0,,"OK"
"0e1766d3-8c64-45c4-bc88-4a69742f5e47","D05","CRAM","CRAM.AOS.buoy.c1","CRAM.C1.20210809.RAW.3","A00000206015","2021-08-09T17:25Z","2021-08-09T17:25Z","EcoCore_CSU","TOC",4.9810,"milligramsPerLiter",,3.1,,0,,"OK"
"4fd41ab4-ba44-4984-af5a-688e3012d47c","D05","CRAM","CRAM.AOS.buoy.c1","CRAM.C1.20210809.FIL","A00000206373","2021-08-09T17:25Z","2021-08-09T17:25Z","EcoCore_CSU","DOC",4.6190,"milligramsPerLiter",,4.2,,0,,"OK"
"f17da9be-45ac-45cb-acf2-6413c8d7b707","D05","CRAM","CRAM.AOS.buoy.c1","CRAM.C1.20210809.FIL.3","A00000206375","2021-08-09T17:25Z","2021-08-09T17:25Z","EcoCore_CSU","DIC",1.0420,"milligramsPerLiter",,3.1,,0,,"OK"
"6657beb1-38f9-423e-8cf9-336d859a904c","D05","CRAM","CRAM.AOS.buoy.c1","CRAM.C1.20210809.RAW.3","A00000206015","2021-08-09T17:25Z","2021-08-09T17:25Z","EcoCore_CSU","TN",0.1985,"milligramsPerLiter",,3.1,,0,,"OK"
"23c3e818-400d-4696-88ca-dacda3d9b239","D05","CRAM","CRAM.AOS.buoy.c1","CRAM.C1.20210809.RAW","A00000206016","2021-08-09T17:25Z","2021-08-09T17:25Z","EcoCore_CSU","TOC",4.9030,"milligramsPerLiter",,4.2,,0,,"OK"
"a58d052f-7c4a-4478-81a5-f4bebc554a2b","D05","CRAM","CRAM.AOS.buoy.c1","CRAM.C1.20210809.FIL","A00000206373","2021-08-09T17:25Z","2021-08-09T17:25Z","EcoCore_CSU","TDN",0.1840,"milligramsPerLiter",,4.2,,0,,"OK"
"a9f6cd8a-4b04-4116-95a9-645d5fb8d6da","D05","CRAM","CRAM.AOS.buoy.c1","CRAM.C1.20210809.RAW.2","A00000205607","2021-08-09T17:25Z","2021-08-09T17:25Z","EcoCore_CSU","TN",0.2064,"milligramsPerLiter",,4.2,,0,,"OK"
"6628dd70-9f29-44a3-843a-d752fd95ee1e","D05","CRAM","CRAM.AOS.buoy.c2","CRAM.C2.20210809.FIL.2","A00000207725","2021-08-09T17:41Z","2021-08-09T17:41Z","EcoCore_CSU","UV Absorbance (280 nm)",0.0950,,,3.1,,0,,"OK"
"e61cbcb5-7447-4285-9c47-b372d8625f9d","D05","CRAM","CRAM.AOS.buoy.c2","CRAM.C2.20210809.FIL","A00000207709","2021-08-09T17:41Z","2021-08-09T17:41Z","EcoCore_CSU","UV Absorbance (280 nm)",0.0859,,,3.1,,0,,"OK"
"ca66ff27-a1f7-4662-aa8d-5a0f97a6c789","D05","CRAM","CRAM.AOS.buoy.c2","CRAM.C2.20210809.FIL.3","A00000207741","2021-08-09T17:41Z","2021-08-09T17:41Z","EcoCore_CSU","UV Absorbance (254 nm)",0.1270,,,4.2,,0,,"OK"
"c2ce55c0-7ff8-4bd4-852f-50f87d2dc1e7","D05","CRAM","CRAM.AOS.buoy.c2","CRAM.C2.20210809.FIL.2","A00000207725","2021-08-09T17:41Z","2021-08-09T17:41Z","EcoCore_CSU","UV Absorbance (254 nm)",0.1282,,,3.1,,0,,"OK"
"c506c325-05a0-4501-b356-80d76a06a46b","D05","CRAM","CRAM.AOS.buoy.c2","CRAM.C2.20210809.FIL.3","A00000207741","2021-08-09T17:41Z","2021-08-09T17:41Z","EcoCore_CSU","UV Absorbance (280 nm)",0.0933,,,4.2,,0,,"OK"
"163834a2-9e8a-46db-9212-96742b6e23af","D05","CRAM","CRAM.AOS.buoy.c2","CRAM.C2.20210809.FIL","A00000207709","2021-08-09T17:41Z","2021-08-09T17:41Z","EcoCore_CSU","UV Absorbance (254 nm)",0.1151,,,3.1,,0,,"OK"
"61a83f0a-2ccf-4af8-b640-c4a0d5620652","D05","CRAM","CRAM.AOS.buoy.c2","CRAM.C2.20210809.RAW.3","A00000207711","2021-08-09T17:41Z","2021-08-09T17:41Z","EcoCore_CSU","TN",0.3192,"milligramsPerLiter",,4.2,,0,,"OK"
"783f3dbc-1f29-46c6-b19f-d966d6a8dcd5","D05","CRAM","CRAM.AOS.buoy.c2","CRAM.C2.20210809.RAW","A00000206380","2021-08-09T17:41Z","2021-08-09T17:41Z","EcoCore_CSU","TN",0.3293,"milligramsPerLiter",,3.1,,0,,"OK"
"d8e04474-a94c-4230-9a8b-af219fd4a761","D05","CRAM","CRAM.AOS.buoy.c2","CRAM.C2.20210809.FIL.3","A00000207741","2021-08-09T17:41Z","2021-08-09T17:41Z","EcoCore_CSU","DIC",3.9630,"milligramsPerLiter",,4.2,,0,,"OK"
"596db246-0968-4b3b-826d-ba91afee5b26","D05","CRAM","CRAM.AOS.buoy.c2","CRAM.C2.20210809.FIL.3","A00000207741","2021-08-09T17:41Z","2021-08-09T17:41Z","EcoCore_CSU","TDN",0.3113,"milligramsPerLiter",,4.2,,0,,"OK"
"8011533c-f6ab-4150-88f1-c32110a3d715","D05","CRAM","CRAM.AOS.buoy.c2","CRAM.C2.20210809.FIL","A00000207709","2021-08-09T17:41Z","2021-08-09T17:41Z","EcoCore_CSU","TDN",0.2699,"milligramsPerLiter",,3.1,,0,,"OK"
"63d00396-941f-43c8-857b-396fea78813c","D05","CRAM","CRAM.AOS.buoy.c2","CRAM.C2.20210809.FIL.2","A00000207725","2021-08-09T17:41Z","2021-08-09T17:41Z","EcoCore_CSU","DOC",4.1780,"milligramsPerLiter",,3.1,,0,,"OK"
"27308df5-13e3-46fb-ba10-0cd92b5b4504","D05","CRAM","CRAM.AOS.buoy.c2","CRAM.C2.20210809.FIL","A00000207709","2021-08-09T17:41Z","2021-08-09T17:41Z","EcoCore_CSU","DIC",3.5280,"milligramsPerLiter",,3.1,,0,,"OK"
"fef7db1f-8b4e-48d4-9b2d-2d168371e7e1","D05","CRAM","CRAM.AOS.buoy.c2","CRAM.C2.20210809.RAW.2","A00000207710","2021-08-09T17:41Z","2021-08-09T17:41Z","EcoCore_CSU","TOC",4.7740,"milligramsPerLiter",,3.1,,0,,"OK"
"6f5c5eae-e449-4ffa-a7be-10667976efdb","D05","CRAM","CRAM.AOS.buoy.c2","CRAM.C2.20210809.RAW.3","A00000207711","2021-08-09T17:41Z","2021-08-09T17:41Z","EcoCore_CSU","TOC",4.8130,"milligramsPerLiter",,4.2,,0,,"OK"
"f8ba449a-0ebb-4b16-a313-1cabc64f78bb","D05","CRAM","CRAM.AOS.buoy.c2","CRAM.C2.20210809.RAW","A00000206380","2021-08-09T17:41Z","2021-08-09T17:41Z","EcoCore_CSU","TOC",4.7850,"milligramsPerLiter",,3.1,,0,,"OK"
"e3c1432e-45bb-4b47-9405-9fe1abfd56e1","D05","CRAM","CRAM.AOS.buoy.c2","CRAM.C2.20210809.FIL.2","A00000207725","2021-08-09T17:41Z","2021-08-09T17:41Z","EcoCore_CSU","TDN",0.3349,"milligramsPerLiter",,3.1,,0,,"OK"
"3b4890b5-f952-4072-ac24-451560f580d9","D05","CRAM","CRAM.AOS.buoy.c2","CRAM.C2.20210809.FIL.2","A00000207725","2021-08-09T17:41Z","2021-08-09T17:41Z","EcoCore_CSU","DIC",3.4560,"milligramsPerLiter",,3.1,,0,,"OK"
"89de5058-6495-4035-8430-1bdb758efcb3","D05","CRAM","CRAM.AOS.buoy.c2","CRAM.C2.20210809.FIL","A00000207709","2021-08-09T17:41Z","2021-08-09T17:41Z","EcoCore_CSU","DOC",4.2890,"milligramsPerLiter",,3.1,,0,,"OK"
"75e70f55-cee2-4839-9736-0cc6e3e329a7","D05","CRAM","CRAM.AOS.buoy.c2","CRAM.C2.20210809.RAW.2","A00000207710","2021-08-09T17:41Z","2021-08-09T17:41Z","EcoCore_CSU","TN",0.3295,"milligramsPerLiter",,3.1,,0,,"OK"
"9862439c-5f9a-424e-aebc-ff2a90388a68","D05","CRAM","CRAM.AOS.buoy.c2","CRAM.C2.20210809.FIL.3","A00000207741","2021-08-09T17:41Z","2021-08-09T17:41Z","EcoCore_CSU","DOC",4.2960,"milligramsPerLiter",,4.2,,0,,"OK"
