uid,domainID,siteID,namedLocation,collectDate,parentSampleID,sampleCondition,sampleID,replicateNumber,processedDate,processedDateFilters,sampleVolumeFiltered,shipmentTimeRange,filtSampleCond,filtSampleID,filtSampleCode,filtNutSampleCond,filtNutSampleID,filtNutSampleBarcode,rawSampleCond,rawSampleID,rawSampleCode,rawNutSampleCond,rawNutSampleID,rawNutSampleBarcode,pcnSampleCond,pcnSampleID,pcnSampleCode,fieldDataQF
"f25e720f-3489-4e85-a413-cfbf5f5b573b","D05","CRAM","CRAM.AOS.buoy.c1","2021-08-09T17:25Z","CRAM.C1.20210809","Sample condition ok","CRAM.C1.20210809",1,"2021-08-09T20:24Z","2021-08-09T21:01Z",150.0,"within 24 hours of collection","Sample condition ok","CRAM.C1.20210809.FIL","A00000206373","Sample condition ok","CRAM.C1.20210809.FIL.NUT","B00000082547","Sample condition ok","CRAM.C1.20210809.RAW","A00000206016","Sample condition ok","CRAM.C1.20210809.RAW.NUT","B00000082546","Sample condition ok","CRAM.C1.20210809.PCN","A00000206346",
"687d7cbf-468d-477f-9394-4f014f790be5","D05","CRAM","CRAM.AOS.buoy.c1","2021-08-09T17:25Z","CRAM.C1.20210809","Sample condition ok","CRAM.C1.20210809.2",2,"2021-08-09T21:46Z","2021-08-09T21:01Z",150.0,"within 24 hours of collection","Sample condition ok","CRAM.C1.20210809.FIL.2","A00000206374","Sample condition ok","CRAM.C1.20210809.FIL.NUT.2","B00000082545","Sample condition ok","CRAM.C1.20210809.RAW.2","A00000205607","Sample condition ok","CRAM.C1.20210809.RAW.NUT.2","B00000082548","Sample condition ok","CRAM.C1.20210809.PCN.2","A00000206361",
"77251acd-1baa-40e5-9922-3f4561667838","D05","CRAM","CRAM.AOS.buoy.c1","2021-08-09T17:25Z","CRAM.C1.20210809","Sample condition ok","CRAM.C1.20210809.3",3,"2021-08-09T21:49Z","2021-08-09T21:01Z",150.0,"within 24 hours of collection","Sample condition ok","CRAM.C1.20210809.FIL.3","A00000206375","Sample condition ok","CRAM.C1.20210809.FIL.NUT.3","B00000082549","Sample condition ok","CRAM.C1.20210809.RAW.3","A00000206015","Sample condition ok","CRAM.C1.20210809.RAW.NUT.3","B00000082550","Sample condition ok","CRAM.C1.20210809.PCN.3","A00000206294",
"b3a02a7f-221f-473f-88ee-e7f16bb58a0d","D05","CRAM","CRAM.AOS.buoy.c2","2021-08-09T17:41Z","CRAM.C2.20210809","Sample condition ok","CRAM.C2.20210809.3",3,"2021-08-09T22:08Z","2021-08-09T21:17Z",100.0,"within 24 hours of collection","Sample condition ok","CRAM.C2.20210809.FIL.3","A00000207741","Sample condition ok","CRAM.C2.20210809.FIL.NUT.3","B00000082555","Sample condition ok","CRAM.C2.20210809.RAW.3","A00000207711","Sample condition ok","CRAM.C2.20210809.RAW.NUT.3","B00000082556",,,,
"3d7ac7f4-2bb7-4218-9e65-8e7eebc14bdd","D05","CRAM","CRAM.AOS.buoy.c2","2021-08-09T17:41Z","CRAM.C2.20210809","Sample condition ok","CRAM.C2.20210809.2",2,"2021-08-09T22:07Z","2021-08-09T21:17Z",100.0,"within 24 hours of collection","Sample condition ok","CRAM.C2.20210809.FIL.2","A00000207725","Sample condition ok","CRAM.C2.20210809.FIL.NUT.2","B00000082553","Sample condition ok","CRAM.C2.20210809.RAW.2","A00000207710","Sample condition ok","CRAM.C2.20210809.RAW.NUT.2","B00000082554",,,,
"e78f1c84-01b2-4891-8a73-aad9d707872e","D05","CRAM","CRAM.AOS.buoy.c2","2021-08-09T17:41Z","CRAM.C2.20210809","Sample condition ok","CRAM.C2.20210809",1,"2021-08-09T22:03Z","2021-08-09T21:17Z",100.0,"within 24 hours of collection","Sample condition ok","CRAM.C2.20210809.FIL","A00000207709","Sample condition ok","CRAM.C2.20210809.FIL.NUT","B00000082551","Sample condition ok","CRAM.C2.20210809.RAW","A00000206380","Sample condition ok","CRAM.C2.20210809.RAW.NUT","B00000082552",,,,
