uid,domainID,siteID,namedLocation,collectDate,parentSampleID,parentSampleCode,isotopePOMRep2SampleCond,isotopePOMRep2SampleID,isotopePOMRep2SampleCode,isotopePOMSampleCond,isotopePOMSampleID,isotopePOMSampleCode,processedDateFilters,sampleVolumeFilteredPOMRep1,sampleVolumeFilteredPOMRep2,fieldDataQF
"3506cce6-f8bc-4b25-89b9-baeae4d5df26","D05","CRAM","CRAM.AOS.buoy.c1","2021-08-09T17:25Z","CRAM.C1.20210809",,,,,,,,,,,
"6bb5cd31-6eea-43ef-a823-023325631ac7","D05","CRAM","CRAM.AOS.buoy.c1","2021-08-09T17:25Z","CRAM.C1.20210809",,"Sample condition ok","CRAM.C1.20210809.POM.2","A00000206314","Sample condition ok","CRAM.C1.20210809.POM.1","A00000206360","2021-08-09T21:01Z",150,150,
"0ae7c058-07b3-419f-a489-a4e7716c3ee8","D05","CRAM","CRAM.AOS.buoy.c1","2021-08-09T17:25Z","CRAM.C1.20210809",,,,,,,,,,,
"7f37e203-d656-4563-a8b1-2ad6fd6bc959","D05","CRAM","CRAM.AOS.buoy.c2","2021-08-09T17:41Z","CRAM.C2.20210809",,,,,,,,,,,
"e43653b9-59c2-4a2b-9f48-f26fd6d085a7","D05","CRAM","CRAM.AOS.buoy.c2","2021-08-09T17:41Z","CRAM.C2.20210809",,"Sample condition ok","CRAM.C2.20210809.POM.2","A00000206338","Sample condition ok","CRAM.C2.20210809.POM.1","A00000206279",,100,100,
"fcdfbe12-7d09-45fd-93b8-58567905b77c","D05","CRAM","CRAM.AOS.buoy.c2","2021-08-09T17:41Z","CRAM.C2.20210809",,,,,,,,,,,
