uid,domainID,siteID,namedLocation,date,eventID,sampleDepth,waterTemp,specificConductance,dissolvedOxygen,dissolvedOxygenSaturation,dataQF
"791afc9f-9b95-4be6-9610-717e942cbc4f","D03","BARC","BARC.AOS.buoy.c0","2015-02-10T17:00Z","BARC.c0.20150210",3.5,15.4,59.8,,87.4,
"bfc098d7-d310-49d4-a77a-c08cb1b3ef56","D03","BARC","BARC.AOS.buoy.c0","2015-02-10T17:00Z","BARC.c0.20150210",2.0,15.4,59.2,,89.2,
"5c104c15-48dc-4eb7-8cd6-dcd77e260eea","D03","BARC","BARC.AOS.buoy.c0","2015-02-10T17:00Z","BARC.c0.20150210",4.0,15.4,59.9,,88.5,
"b4c2f6f5-e199-452d-8188-4f32903d21e8","D03","BARC","BARC.AOS.buoy.c0","2015-02-10T17:00Z","BARC.c0.20150210",1.5,15.4,59.0,,91.8,
"cf1518d7-7787-4993-ae5c-34ca41d5bdfd","D03","BARC","BARC.AOS.buoy.c0","2015-02-10T17:00Z","BARC.c0.20150210",3.0,15.4,59.6,,90.6,
"52f57db7-ea95-4905-8888-f732acc7605f","D03","BARC","BARC.AOS.buoy.c0","2015-02-10T17:00Z","BARC.c0.20150210",1.0,15.4,59.2,,92.0,
"5981dee8-44c2-4abd-97e2-f9f73dfe5bdc","D03","BARC","BARC.AOS.buoy.c0","2015-02-10T17:00Z","BARC.c0.20150210",4.5,15.4,60.5,,87.1,
"7c035ad1-be7c-4b03-a3f3-ce986bccc78d","D03","BARC","BARC.AOS.buoy.c0","2015-02-10T17:00Z","BARC.c0.20150210",2.5,15.4,59.3,,88.6,
"ed351b53-0b22-4733-9797-792edddf7296","D03","BARC","BARC.AOS.buoy.c0","2015-02-10T17:00Z","BARC.c0.20150210",0.5,15.3,59.4,,93.8,
