uid,domainID,siteID,namedLocation,collectDate,parentSampleID,sampleID,sampleCode,filterNumber,analysisType,fieldSampleVolume,domainFilterVolume,storageDays,remarks,measuredBy,recordedBy,sampleCondition,dataQF
"7a99f517-d379-422b-8f6f-bd361d26c22a","D03","BARC","BARC.AOS.riparian.point.01","2019-02-20T14:33Z","BARC.20190220.EPIPHYTON.1","BARC.20190220.EPIPHYTON.1.CHL/PHEO.1","A00000037620",1,"chlorophyll/pheophytin",125.0,7.0,0.9,,"fsanchez@battelleecology.org","fsanchez@battelleecology.org","OK",
"03137943-eeec-4d43-8c8c-ab143db6fdfd","D03","BARC","BARC.AOS.riparian.point.03","2019-02-20T14:33Z","BARC.20190220.EPIPHYTON.3","BARC.20190220.EPIPHYTON.3.CHL/PHEO.1","A00000037616",1,"chlorophyll/pheophytin",125.0,7.0,0.9,,"fsanchez@battelleecology.org","fsanchez@battelleecology.org","OK",
"279414e7-c8ec-45d3-ab27-73fb038b4340","D03","BARC","BARC.AOS.riparian.point.05","2019-02-20T14:33Z","BARC.20190220.EPIPHYTON.5","BARC.20190220.EPIPHYTON.5.P.1","A00000037615",1,"P",125.0,8.0,0.9,,"fsanchez@battelleecology.org","fsanchez@battelleecology.org","OK",
"4bec85d9-de70-4b50-bb1c-8b3eed85393b","D03","BARC","BARC.AOS.riparian.point.01","2019-02-20T14:33Z","BARC.20190220.EPIPHYTON.1","BARC.20190220.EPIPHYTON.1.P.1","A00000037623",1,"P",125.0,7.0,0.9,,"fsanchez@battelleecology.org","fsanchez@battelleecology.org","OK",
"c528c51c-d001-44a0-b457-de6e94eae0d5","D03","BARC","BARC.AOS.riparian.point.03","2019-02-20T14:33Z","BARC.20190220.EPIPHYTON.3","BARC.20190220.EPIPHYTON.3.CNSA.1","A00000037617",1,"CNSa",125.0,7.0,0.9,,"fsanchez@battelleecology.org","fsanchez@battelleecology.org","OK",
"e43cd013-e856-446d-84d0-4083584c28ae","D03","BARC","BARC.AOS.riparian.point.09","2019-02-20T14:33Z","BARC.20190220.EPIPHYTON.9","BARC.20190220.EPIPHYTON.9.CNSA.1","A00000037625",1,"CNSa",125.0,7.0,0.9,,"fsanchez@battelleecology.org","fsanchez@battelleecology.org","OK",
"b17979a9-9011-40b7-80c5-e26a7dc54c69","D03","BARC","BARC.AOS.riparian.point.03","2019-02-20T14:33Z","BARC.20190220.EPIPHYTON.3","BARC.20190220.EPIPHYTON.3.CNSB.1","A00000037618",1,"CNSb",125.0,7.0,0.9,,"fsanchez@battelleecology.org","fsanchez@battelleecology.org","OK",
"4ae68402-a718-424d-8781-947e6e697b8f","D03","BARC","BARC.AOS.riparian.point.01","2019-02-20T14:33Z","BARC.20190220.EPIPHYTON.1","BARC.20190220.EPIPHYTON.1.CNSB.1","A00000037622",1,"CNSb",125.0,7.0,0.9,,"fsanchez@battelleecology.org","fsanchez@battelleecology.org","OK",
"31d4f228-3ab9-4e4a-985f-d36d43239d69","D03","BARC","BARC.AOS.riparian.point.05","2019-02-20T14:33Z","BARC.20190220.EPIPHYTON.5","BARC.20190220.EPIPHYTON.5.CNSA.1","A00000037613",1,"CNSa",125.0,8.0,0.9,,"fsanchez@battelleecology.org","fsanchez@battelleecology.org","OK",
"859c8074-597d-4bcc-a4e6-2ce08de78343","D03","BARC","BARC.AOS.riparian.point.05","2019-02-20T14:33Z","BARC.20190220.EPIPHYTON.5","BARC.20190220.EPIPHYTON.5.CNSB.1","A00000037614",1,"CNSb",125.0,8.0,0.9,,"fsanchez@battelleecology.org","fsanchez@battelleecology.org","OK",
"69d25c49-cb51-42fb-b807-239282aaeeff","D03","BARC","BARC.AOS.riparian.point.07","2019-02-20T14:33Z","BARC.20190220.EPIPHYTON.7","BARC.20190220.EPIPHYTON.7.CNSA.1","A00000037629",1,"CNSa",125.0,7.0,0.9,,"fsanchez@battelleecology.org","fsanchez@battelleecology.org","OK",
"f42b3259-0a50-47d5-971a-c3497d1dd889","D03","BARC","BARC.AOS.riparian.point.09","2019-02-20T14:33Z","BARC.20190220.EPIPHYTON.9","BARC.20190220.EPIPHYTON.9.CNSB.1","A00000037626",1,"CNSb",125.0,7.0,0.9,,"fsanchez@battelleecology.org","fsanchez@battelleecology.org","OK",
"5eb7897c-199a-4fc0-b091-d18856ba48de","D03","BARC","BARC.AOS.riparian.point.03","2019-02-20T14:33Z","BARC.20190220.EPIPHYTON.3","BARC.20190220.EPIPHYTON.3.P.1","A00000037619",1,"P",125.0,7.0,0.9,,"fsanchez@battelleecology.org","fsanchez@battelleecology.org","OK",
"cdc2c9aa-5d59-4cff-92b7-0608621585bf","D03","BARC","BARC.AOS.riparian.point.07","2019-02-20T14:33Z","BARC.20190220.EPIPHYTON.7","BARC.20190220.EPIPHYTON.7.P.1","A00000037631",1,"P",125.0,7.0,0.9,,"fsanchez@battelleecology.org","fsanchez@battelleecology.org","OK",
"f0bddfa3-af3a-4036-acad-c150acd6e113","D03","BARC","BARC.AOS.riparian.point.01","2019-02-20T14:33Z","BARC.20190220.EPIPHYTON.1","BARC.20190220.EPIPHYTON.1.CNSA.1","A00000037621",1,"CNSa",125.0,7.0,0.9,,"fsanchez@battelleecology.org","fsanchez@battelleecology.org","OK",
"82151ec5-05d6-4b4d-8336-480a00032182","D03","BARC","BARC.AOS.riparian.point.07","2019-02-20T14:33Z","BARC.20190220.EPIPHYTON.7","BARC.20190220.EPIPHYTON.7.CHL/PHEO.1","A00000037628",1,"chlorophyll/pheophytin",125.0,7.0,0.9,,"fsanchez@battelleecology.org","fsanchez@battelleecology.org","OK",
"6a16e656-d71c-4279-8136-a1e5ff9fcc56","D03","BARC","BARC.AOS.riparian.point.07","2019-02-20T14:33Z","BARC.20190220.EPIPHYTON.7","BARC.20190220.EPIPHYTON.7.CNSB.1","A00000037630",1,"CNSb",125.0,7.0,0.9,,"fsanchez@battelleecology.org","fsanchez@battelleecology.org","OK",
"5fcd0393-5f04-4145-936e-e7ed68b0d4bd","D03","BARC","BARC.AOS.riparian.point.05","2019-02-20T14:33Z","BARC.20190220.EPIPHYTON.5","BARC.20190220.EPIPHYTON.5.CHL/PHEO.1","A00000037612",1,"chlorophyll/pheophytin",125.0,8.0,0.9,,"fsanchez@battelleecology.org","fsanchez@battelleecology.org","OK",
"6220f7b2-dcc0-44cc-9d63-2c2cba39eff7","D03","BARC","BARC.AOS.riparian.point.09","2019-02-20T14:33Z","BARC.20190220.EPIPHYTON.9","BARC.20190220.EPIPHYTON.9.P.1","A00000037627",1,"P",125.0,7.0,0.9,,"fsanchez@battelleecology.org","fsanchez@battelleecology.org","OK",
"87073ec0-0094-4be3-a02e-03d2cd9d89fe","D03","BARC","BARC.AOS.riparian.point.09","2019-02-20T14:33Z","BARC.20190220.EPIPHYTON.9","BARC.20190220.EPIPHYTON.9.CHL/PHEO.1","A00000037624",1,"chlorophyll/pheophytin",125.0,7.0,0.9,,"fsanchez@battelleecology.org","fsanchez@battelleecology.org","OK",
"32b05354-55a1-4efa-a5da-e38cb50133df","D03","BARC","BARC.AOS.littoral2","2019-02-20T14:33Z","BARC.20190220.PHYTOPLANKTON.3","BARC.20190220.PHYTOPLANKTON.3.CNSB.1","A00000037607",1,"CNSb",5000.0,300.0,0.3,,"fsanchez@battelleecology.org","fsanchez@battelleecology.org","OK",
"48e872ec-509d-4eb1-93fb-6fa223347ac9","D03","BARC","BARC.AOS.buoy.c0","2019-02-20T14:33Z","BARC.20190220.PHYTOPLANKTON.1","BARC.20190220.PHYTOPLANKTON.1.CHL/PHEO.1","A00000037594",1,"chlorophyll/pheophytin",5000.0,500.0,0.2,,"fsanchez@battelleecology.org","fsanchez@battelleecology.org","OK",
"d572ac28-ebe4-4291-a4fe-298b58866907","D03","BARC","BARC.AOS.littoral1","2019-02-20T14:33Z","BARC.20190220.PHYTOPLANKTON.2","BARC.20190220.PHYTOPLANKTON.2.CNSA.1","A00000037602",1,"CNSa",500.0,300.0,0.2,,"fsanchez@battelleecology.org","fsanchez@battelleecology.org","OK",
"ab5db583-fc0d-4171-b2ef-cd6d4f8d9dba","D03","BARC","BARC.AOS.littoral2","2019-02-20T14:33Z","BARC.20190220.PHYTOPLANKTON.3","BARC.20190220.PHYTOPLANKTON.3.CNSA.1","A00000037606",1,"CNSa",5000.0,300.0,0.3,,"fsanchez@battelleecology.org","fsanchez@battelleecology.org","OK",
"fbcbc01a-3065-498b-92eb-42aaf1a585a9","D03","BARC","BARC.AOS.littoral1","2019-02-20T14:33Z","BARC.20190220.PHYTOPLANKTON.2","BARC.20190220.PHYTOPLANKTON.2.CNSB.1","A00000037603",1,"CNSb",500.0,300.0,0.2,,"fsanchez@battelleecology.org","fsanchez@battelleecology.org","OK",
"6e7217f2-2c14-4028-b278-351dcde31d82","D03","BARC","BARC.AOS.buoy.c0","2019-02-20T14:33Z","BARC.20190220.PHYTOPLANKTON.1","BARC.20190220.PHYTOPLANKTON.1.CNSB.1","A00000037596",1,"CNSb",5000.0,500.0,0.2,,"fsanchez@battelleecology.org","fsanchez@battelleecology.org","OK",
"ed6a613a-cfd5-4883-9805-e99f7f5f25f1","D03","BARC","BARC.AOS.littoral2","2019-02-20T14:33Z","BARC.20190220.PHYTOPLANKTON.3","BARC.20190220.PHYTOPLANKTON.3.CHL/PHEO.1","A00000037605",1,"chlorophyll/pheophytin",5000.0,300.0,0.3,,"fsanchez@battelleecology.org","fsanchez@battelleecology.org","OK",
"a818ad03-33f7-4f93-be9b-be1def535a55","D03","BARC","BARC.AOS.littoral2","2019-02-20T14:33Z","BARC.20190220.PHYTOPLANKTON.3","BARC.20190220.PHYTOPLANKTON.3.REP2.CHL/PHEO.2","A00000037608",2,"chlorophyll/pheophytin",5000.0,300.0,0.3,,"fsanchez@battelleecology.org","fsanchez@battelleecology.org","OK",
"06c34373-d5bf-4289-8a59-38159a70aa56","D03","BARC","BARC.AOS.littoral2","2019-02-20T14:33Z","BARC.20190220.PHYTOPLANKTON.3","BARC.20190220.PHYTOPLANKTON.3.REP2.CNSB.2","A00000037610",2,"CNSb",5000.0,300.0,0.3,,"fsanchez@battelleecology.org","fsanchez@battelleecology.org","OK",
"0d34513c-4d9c-4182-956a-7116b3c9155c","D03","BARC","BARC.AOS.littoral1","2019-02-20T14:33Z","BARC.20190220.PHYTOPLANKTON.2","BARC.20190220.PHYTOPLANKTON.2.P.1","A00000037604",1,"P",500.0,300.0,0.2,,"fsanchez@battelleecology.org","fsanchez@battelleecology.org","OK",
"c3889c2e-0654-4909-a6ff-716a739ce28b","D03","BARC","BARC.AOS.buoy.c0","2019-02-20T14:33Z","BARC.20190220.PHYTOPLANKTON.1","BARC.20190220.PHYTOPLANKTON.1.P.1","A00000037600",1,"P",5000.0,500.0,0.2,,"fsanchez@battelleecology.org","fsanchez@battelleecology.org","OK",
"411465e5-9d8f-4971-a084-0e02a19f779f","D03","BARC","BARC.AOS.littoral2","2019-02-20T14:33Z","BARC.20190220.PHYTOPLANKTON.3","BARC.20190220.PHYTOPLANKTON.3.REP2.P.2","A00000037611",2,"P",5000.0,300.0,0.3,,"fsanchez@battelleecology.org","fsanchez@battelleecology.org","OK",
"a9c26bae-7830-4542-8f36-5478526e0a8b","D03","BARC","BARC.AOS.buoy.c0","2019-02-20T14:33Z","BARC.20190220.PHYTOPLANKTON.1","BARC.20190220.PHYTOPLANKTON.1.CNSA.1","A00000037595",1,"CNSa",5000.0,500.0,0.2,,"fsanchez@battelleecology.org","fsanchez@battelleecology.org","OK",
"e12db97e-90c0-4340-a361-7584829690d8","D03","BARC","BARC.AOS.littoral2","2019-02-20T14:33Z","BARC.20190220.PHYTOPLANKTON.3","BARC.20190220.PHYTOPLANKTON.3.REP2.CNSA.2","A00000037609",2,"CNSa",5000.0,300.0,0.3,,"fsanchez@battelleecology.org","fsanchez@battelleecology.org","OK",
"2794924c-e3dc-4866-b9ba-df273288b4ee","D03","BARC","BARC.AOS.littoral1","2019-02-20T14:33Z","BARC.20190220.PHYTOPLANKTON.2","BARC.20190220.PHYTOPLANKTON.2.CHL/PHEO.1","A00000037601",1,"chlorophyll/pheophytin",500.0,300.0,0.2,,"fsanchez@battelleecology.org","fsanchez@battelleecology.org","OK",
"6c3899ce-794e-414c-8a93-1664eb9c2c3e","D03","BARC","BARC.AOS.littoral2","2019-02-20T14:33Z","BARC.20190220.PHYTOPLANKTON.3","BARC.20190220.PHYTOPLANKTON.3.P.1","A00000037364",1,"P",5000.0,300.0,0.3,,"fsanchez@battelleecology.org","fsanchez@battelleecology.org","OK",
