uid,domainID,siteID,namedLocation,aquaticSiteType,decimalLatitude,decimalLongitude,coordinateUncertainty,elevation,elevationUncertainty,geodeticDatum,collectDate,eventID,parentSampleID,parentSampleCode,samplingImpractical,biophysicalCriteria,affectedByWind,habitatType,algalSampleType,benthicArea,samplingProtocolVersion,phytoDepth1,phytoDepth2,phytoDepth3,substratumSizeClass,remarks,recordedBy,collectedBy,dataQF
"4b49fa52-be2e-44c6-b9fb-1de9d07578e1","D03","BARC","BARC.AOS.riparian.point.09","lake",29.676597,-82.009967,5.0,19.5,5.0,"WGS84","2019-02-20T14:33Z","BARC.20190220","BARC.20190220.EPIPHYTON.9",,,,,"littoral","epiphyton",0.010000,"NEON.DOC.003045vC",,,,,,"kross@BattelleEcology.org","fsanchez@battelleecology.org",
"665eaa86-65d0-4c88-87a5-5428c8fa7fcd","D03","BARC","BARC.AOS.riparian.point.03","lake",29.676118,-82.006564,5.0,22.2,5.0,"WGS84","2019-02-20T14:33Z","BARC.20190220","BARC.20190220.EPIPHYTON.3",,,,,"littoral","epiphyton",0.010000,"NEON.DOC.003045vC",,,,,,"kross@BattelleEcology.org","fsanchez@battelleecology.org",
"fc215f05-0e45-480b-b015-4ddc5419b28e","D03","BARC","BARC.AOS.littoral2","lake",29.674748,-82.008401,1.1,27.1,1.0,"WGS84","2019-02-20T14:33Z","BARC.20190220","BARC.20190220.PHYTOPLANKTON.3",,,,,"littoral","phytoplankton",,"NEON.DOC.003045vC",0.5,2.5,2.5,,"Max depth = 4.5. Sample depths= 0.5 ; 2.5","kross@BattelleEcology.org","fsanchez@battelleecology.org",
"e7372a73-4917-4761-9df3-5897511d2044","D03","BARC","BARC.AOS.riparian.point.07","lake",29.674953,-82.009818,5.0,26.4,5.0,"WGS84","2019-02-20T14:33Z","BARC.20190220","BARC.20190220.EPIPHYTON.7",,,,,"littoral","epiphyton",0.010000,"NEON.DOC.003045vC",,,,,,"kross@BattelleEcology.org","fsanchez@battelleecology.org",
"aa7f320c-9fca-47e3-b9fa-d25ecf77d742","D03","BARC","BARC.AOS.buoy.c0","lake",29.675982,-82.008414,10.0,27.0,10.0,"WGS84","2019-02-20T14:33Z","BARC.20190220","BARC.20190220.PHYTOPLANKTON.1",,,,,"littoral","phytoplankton",,"NEON.DOC.003045vC",0.5,2.5,6.1,,,"kross@BattelleEcology.org","fsanchez@battelleecology.org",
"45b6d6dc-d512-4d96-9e9f-6b89f893ba4f","D03","BARC","BARC.AOS.riparian.point.01","lake",29.677784,-82.007670,5.0,24.7,5.0,"WGS84","2019-02-20T14:33Z","BARC.20190220","BARC.20190220.EPIPHYTON.1",,,,,"littoral","epiphyton",0.010000,"NEON.DOC.003045vC",,,,,,"kross@BattelleEcology.org","fsanchez@battelleecology.org",
"630112aa-b1c6-4727-a866-811b60d51ce1","D03","BARC","BARC.AOS.riparian.point.05","lake",29.674476,-82.007454,5.0,25.9,5.0,"WGS84","2019-02-20T14:33Z","BARC.20190220","BARC.20190220.EPIPHYTON.5",,,,,"littoral","epiphyton",0.010000,"NEON.DOC.003045vC",,,,,,"kross@BattelleEcology.org","fsanchez@battelleecology.org",
"c04b600e-571f-4078-be2c-1661b37b2d06","D03","BARC","BARC.AOS.littoral1","lake",29.677479,-82.007710,1.1,26.0,1.0,"WGS84","2019-02-20T14:33Z","BARC.20190220","BARC.20190220.PHYTOPLANKTON.2",,,,,"littoral","phytoplankton",,"NEON.DOC.003045vC",0.5,2.5,2.5,,"Max Depth= 4.9; Sampling depths=0.5; 2.5","kross@BattelleEcology.org","fsanchez@battelleecology.org",
