uid,startDate,endDate,analyte,sampleType,instrument,testMethod,method,qaReferenceID,standardReferenceKnownValue,standardReferenceMeasuredMean,analyteAccuracy,analyteStandardDeviation,analyteMetricsCount,laboratoryName,labSpecificStartDate,labSpecificEndDate
"0bc93331-9f23-4705-95ba-a5bcabe41dee","2020-04-24","2020-04-24","chlorophyll a","algae","Turner Design 10-AU Fluorometer","HPL_algalChlorophyll_V1","EPA Method 445.0","Spinach-4",174.23,174.93,0.70,2.66,,"University of Maryland Center for Environmental Science","2019-10-08","2019-12-04"
"771f39c1-e513-45fe-9896-1ac530e27ecb","2020-04-24","2020-04-24","chlorophyll a","algae","Turner Design 10-AU Fluorometer","HPL_algalChlorophyll_V1","EPA Method 445.0","Spinach-3",173.32,177.75,4.44,2.77,,"University of Maryland Center for Environmental Science","2019-07-30","2019-09-25"
"3acb2a71-db31-47f2-9568-ed631494fe10","2020-04-24","2020-04-24","chlorophyll a","algae","Turner Design 10-AU Fluorometer","HPL_algalChlorophyll_V1","EPA Method 445.0","Spinach-2",182.10,182.94,0.84,2.41,,"University of Maryland Center for Environmental Science","2019-05-24","2019-07-23"
"8f99ac37-1741-4a5e-8067-b5f03bff0522","2020-04-24","2020-04-24","chlorophyll a","algae","Turner Design 10-AU Fluorometer","HPL_algalChlorophyll_V1","EPA Method 445.0","Spinach-1",113.91,115.85,1.93,1.31,,"University of Maryland Center for Environmental Science","2019-02-03","2019-05-20"
