uid,domainID,siteID,namedLocation,collectDate,sampleID,sampleCode,sampleCondition,laboratoryName,analysisDate,analyzedBy,sampleType,replicate,sampleVolumeFiltered,filterSize,percentFilterAnalyzed,dilutionFactor,solventVolume,responseFactor,acidificationResponseFactor,fluorometerSensitivitySetting,preAcidificationFluorescence,postAcidificationFluorescence,analyte,analyteConcentration,plantAlgaeLabUnits,testMethod,method,acidTreatment,externalRemarks,externalLabDataQF
"73efe9e1-6bf0-4bf1-b5ea-47bcec74c8d4","D03","BARC","BARC.AOS.riparian.point.03","2019-02-20","BARC.20190220.EPIPHYTON.3.CHL/PHEO.1","A00000037616","condition ok","University of Maryland Center for Environmental Science","2019-03-02","tO3Lchp2lPI=","chlorophyll/pheophytin","1",7,25,100,1,9,,,,277.0000,147.0000,"chlorophyll a",226.89,"microgramsPerLiter","HPL_algalChlorophyll_V1","EPA Method 445.0",,,
"7045aeff-1e51-4206-a5f2-65f37136cd79","D03","BARC","BARC.AOS.riparian.point.03","2019-02-20","BARC.20190220.EPIPHYTON.3.CHL/PHEO.1","A00000037616","condition ok","University of Maryland Center for Environmental Science","2019-03-02","tO3Lchp2lPI=","chlorophyll/pheophytin","1",7,25,100,1,9,,,,277.0000,147.0000,"pheophytin",27.06,"microgramsPerLiter","HPL_algalChlorophyll_V1","EPA Method 445.0",,,
"e1d9b41f-9cd7-4923-9756-bd30316ca7dc","D03","BARC","BARC.AOS.littoral2","2019-02-20","BARC.20190220.PHYTOPLANKTON.3.REP2.CHL/PHEO.2","A00000037608","condition ok","University of Maryland Center for Environmental Science","2019-03-02","tO3Lchp2lPI=","chlorophyll/pheophytin","2",300,25,100,1,9,,,,76.5000,47.4000,"pheophytin",0.72,"microgramsPerLiter","HPL_algalChlorophyll_V1","EPA Method 445.0",,,
"2a7ce84e-f6c8-4421-9df0-ad7502104a3b","D03","BARC","BARC.AOS.riparian.point.09","2019-02-20","BARC.20190220.EPIPHYTON.9.CHL/PHEO.1","A00000037624","condition ok","University of Maryland Center for Environmental Science","2019-03-02","tO3Lchp2lPI=","chlorophyll/pheophytin","1",7,25,100,1,9,,,,135.0000,78.8000,"pheophytin",37.96,"microgramsPerLiter","HPL_algalChlorophyll_V1","EPA Method 445.0",,,
"fa43d2d2-43b9-4ebf-8418-7cb77684a333","D03","BARC","BARC.AOS.littoral2","2019-02-20","BARC.20190220.PHYTOPLANKTON.3.CHL/PHEO.1","A00000037605","condition ok","University of Maryland Center for Environmental Science","2019-03-02","tO3Lchp2lPI=","chlorophyll/pheophytin","1",300,25,100,1,9,,,,77.7000,48.4000,"chlorophyll a",1.19,"microgramsPerLiter","HPL_algalChlorophyll_V1","EPA Method 445.0",,,
"f9b6999c-f06a-43ce-a549-e7428a74e5cd","D03","BARC","BARC.AOS.littoral2","2019-02-20","BARC.20190220.PHYTOPLANKTON.3.REP2.CHL/PHEO.2","A00000037608","condition ok","University of Maryland Center for Environmental Science","2019-03-02","tO3Lchp2lPI=","chlorophyll/pheophytin","2",300,25,100,1,9,,,,76.5000,47.4000,"chlorophyll a",1.19,"microgramsPerLiter","HPL_algalChlorophyll_V1","EPA Method 445.0",,,
"cedc6c25-37e6-47f2-8772-5acaa644c8c6","D03","BARC","BARC.AOS.littoral1","2019-02-20","BARC.20190220.PHYTOPLANKTON.2.CHL/PHEO.1","A00000037601","condition ok","University of Maryland Center for Environmental Science","2019-03-02","tO3Lchp2lPI=","chlorophyll/pheophytin","1",300,25,100,1,9,,,,84.7000,53.7000,"chlorophyll a",1.26,"microgramsPerLiter","HPL_algalChlorophyll_V1","EPA Method 445.0",,,
"66d8bf1f-18e1-4e91-9664-5c9cf233b4da","D03","BARC","BARC.AOS.buoy.c0","2019-02-20","BARC.20190220.PHYTOPLANKTON.1.CHL/PHEO.1","A00000037594","condition ok","University of Maryland Center for Environmental Science","2019-03-02","tO3Lchp2lPI=","chlorophyll/pheophytin","1",500,25,100,1,9,,,,141.0000,90.8000,"chlorophyll a",1.23,"microgramsPerLiter","HPL_algalChlorophyll_V1","EPA Method 445.0",,,
"f174c7a5-3528-41fa-aa4c-7403f161d0d5","D03","BARC","BARC.AOS.buoy.c0","2019-02-20","BARC.20190220.PHYTOPLANKTON.1.CHL/PHEO.1","A00000037594","condition ok","University of Maryland Center for Environmental Science","2019-03-02","tO3Lchp2lPI=","chlorophyll/pheophytin","1",500,25,100,1,9,,,,141.0000,90.8000,"pheophytin",0.97,"microgramsPerLiter","HPL_algalChlorophyll_V1","EPA Method 445.0",,,
"4e58b7f6-f5a8-4c5f-a080-521999642cc6","D03","BARC","BARC.AOS.riparian.point.01","2019-02-20","BARC.20190220.EPIPHYTON.1.CHL/PHEO.1","A00000037620","condition ok","University of Maryland Center for Environmental Science","2019-03-02","tO3Lchp2lPI=","chlorophyll/pheophytin","1",7,25,100,1,9,,,,135.0000,76.9000,"chlorophyll a",101.40,"microgramsPerLiter","HPL_algalChlorophyll_V1","EPA Method 445.0",,,
"3cd76a10-16b0-41ec-8e9b-a9f656d3ec98","D03","BARC","BARC.AOS.riparian.point.05","2019-02-20","BARC.20190220.EPIPHYTON.5.CHL/PHEO.1","A00000037612","condition ok","University of Maryland Center for Environmental Science","2019-03-02","tO3Lchp2lPI=","chlorophyll/pheophytin","1",8,25,100,1,9,,,,27.5000,15.3000,"chlorophyll a",18.63,"microgramsPerLiter","HPL_algalChlorophyll_V1","EPA Method 445.0",,,
"0b396896-a1a5-4b88-bca2-e25646ea7134","D03","BARC","BARC.AOS.littoral2","2019-02-20","BARC.20190220.PHYTOPLANKTON.3.CHL/PHEO.1","A00000037605","condition ok","University of Maryland Center for Environmental Science","2019-03-02","tO3Lchp2lPI=","chlorophyll/pheophytin","1",300,25,100,1,9,,,,77.7000,48.4000,"pheophytin",0.75,"microgramsPerLiter","HPL_algalChlorophyll_V1","EPA Method 445.0",,,
"0db6ebbc-46a6-47a9-a34c-2c49698961e3","D03","BARC","BARC.AOS.littoral1","2019-02-20","BARC.20190220.PHYTOPLANKTON.2.CHL/PHEO.1","A00000037601","condition ok","University of Maryland Center for Environmental Science","2019-03-02","tO3Lchp2lPI=","chlorophyll/pheophytin","1",300,25,100,1,9,,,,84.7000,53.7000,"pheophytin",0.90,"microgramsPerLiter","HPL_algalChlorophyll_V1","EPA Method 445.0",,,
"1b30076f-a10d-4f3d-8db5-301ccebe742c","D03","BARC","BARC.AOS.riparian.point.07","2019-02-20","BARC.20190220.EPIPHYTON.7.CHL/PHEO.1","A00000037628","condition ok","University of Maryland Center for Environmental Science","2019-03-02","tO3Lchp2lPI=","chlorophyll/pheophytin","1",7,25,100,1,9,,,,294.0000,163.0000,"pheophytin",52.97,"microgramsPerLiter","HPL_algalChlorophyll_V1","EPA Method 445.0",,,
"252e8a07-d123-4465-8580-0eba8905c495","D03","BARC","BARC.AOS.riparian.point.09","2019-02-20","BARC.20190220.EPIPHYTON.9.CHL/PHEO.1","A00000037624","condition ok","University of Maryland Center for Environmental Science","2019-03-02","tO3Lchp2lPI=","chlorophyll/pheophytin","1",7,25,100,1,9,,,,135.0000,78.8000,"chlorophyll a",98.09,"microgramsPerLiter","HPL_algalChlorophyll_V1","EPA Method 445.0",,,
"48fb79fb-e891-4d47-b90a-6f5b7784dcc1","D03","BARC","BARC.AOS.riparian.point.07","2019-02-20","BARC.20190220.EPIPHYTON.7.CHL/PHEO.1","A00000037628","condition ok","University of Maryland Center for Environmental Science","2019-03-02","tO3Lchp2lPI=","chlorophyll/pheophytin","1",7,25,100,1,9,,,,294.0000,163.0000,"chlorophyll a",228.64,"microgramsPerLiter","HPL_algalChlorophyll_V1","EPA Method 445.0",,,
"27bdf45c-75f1-446e-aa85-816b30bead10","D03","BARC","BARC.AOS.riparian.point.01","2019-02-20","BARC.20190220.EPIPHYTON.1.CHL/PHEO.1","A00000037620","condition ok","University of Maryland Center for Environmental Science","2019-03-02","tO3Lchp2lPI=","chlorophyll/pheophytin","1",7,25,100,1,9,,,,135.0000,76.9000,"pheophytin",31.36,"microgramsPerLiter","HPL_algalChlorophyll_V1","EPA Method 445.0",,,
"530c54a6-d4ed-47c2-8b99-81eea83539ac","D03","BARC","BARC.AOS.riparian.point.05","2019-02-20","BARC.20190220.EPIPHYTON.5.CHL/PHEO.1","A00000037612","condition ok","University of Maryland Center for Environmental Science","2019-03-02","tO3Lchp2lPI=","chlorophyll/pheophytin","1",8,25,100,1,9,,,,27.5000,15.3000,"pheophytin",4.36,"microgramsPerLiter","HPL_algalChlorophyll_V1","EPA Method 445.0",,,
"12780fef-787d-4363-bb18-5d608c8dadc0","D03","BARC","BARC.AOS.riparian.point.05","2019-02-20","BARC.20190220.EPIPHYTON.5.P.1","A00000037615","condition ok","SIRFER Lab at University of Utah","2019-07-23","a1rVWpE0V4zMCUk591/P0Q==","P","1",8,25,100,,,,,,,,"phosphorus",46.55,"microgramsPerLiter","ICPMetalsLab_P_V1.2","Ivanov et al 2012",,,
"87e0546a-9f44-4dd6-9067-e8856b6f74a2","D03","BARC","BARC.AOS.littoral2","2019-02-20","BARC.20190220.PHYTOPLANKTON.3.P.1","A00000037364","condition ok","SIRFER Lab at University of Utah","2019-07-23","a1rVWpE0V4zMCUk591/P0Q==","P","1",300,25,100,,,,,,,,"phosphorus",3.10,"microgramsPerLiter","ICPMetalsLab_P_V1.2","Ivanov et al 2012",,,
"2f4529f5-206a-4cf4-9381-849507bce5aa","D03","BARC","BARC.AOS.riparian.point.01","2019-02-20","BARC.20190220.EPIPHYTON.1.P.1","A00000037623","condition ok","SIRFER Lab at University of Utah","2019-07-23","a1rVWpE0V4zMCUk591/P0Q==","P","1",7,25,100,,,,,,,,"phosphorus",91.28,"microgramsPerLiter","ICPMetalsLab_P_V1.2","Ivanov et al 2012",,,
"e90a3a87-b7d7-47af-b816-faea7965b2be","D03","BARC","BARC.AOS.littoral1","2019-02-20","BARC.20190220.PHYTOPLANKTON.2.P.1","A00000037604","condition ok","SIRFER Lab at University of Utah","2019-07-23","a1rVWpE0V4zMCUk591/P0Q==","P","1",300,25,100,,,,,,,,"phosphorus",2.79,"microgramsPerLiter","ICPMetalsLab_P_V1.2","Ivanov et al 2012",,,
"9e277be1-6d64-45d6-b6cc-e9ae36aa9331","D03","BARC","BARC.AOS.riparian.point.03","2019-02-20","BARC.20190220.EPIPHYTON.3.P.1","A00000037619","condition ok","SIRFER Lab at University of Utah","2019-07-23","a1rVWpE0V4zMCUk591/P0Q==","P","1",7,25,100,,,,,,,,"phosphorus",100.95,"microgramsPerLiter","ICPMetalsLab_P_V1.2","Ivanov et al 2012",,,
"63e2da93-c48a-45b4-8611-3fc818fe90f1","D03","BARC","BARC.AOS.riparian.point.07","2019-02-20","BARC.20190220.EPIPHYTON.7.P.1","A00000037631","condition ok","SIRFER Lab at University of Utah","2019-07-23","a1rVWpE0V4zMCUk591/P0Q==","P","1",7,25,100,,,,,,,,"phosphorus",186.60,"microgramsPerLiter","ICPMetalsLab_P_V1.2","Ivanov et al 2012",,,
"d754b1c9-8b0b-40a2-b3bb-237c5871609a","D03","BARC","BARC.AOS.riparian.point.09","2019-02-20","BARC.20190220.EPIPHYTON.9.P.1","A00000037627","condition ok","SIRFER Lab at University of Utah","2019-07-23","a1rVWpE0V4zMCUk591/P0Q==","P","1",7,25,100,,,,,,,,"phosphorus",134.96,"microgramsPerLiter","ICPMetalsLab_P_V1.2","Ivanov et al 2012",,,
"54ba0e66-aa9a-4338-8384-9e818088f717","D03","BARC","BARC.AOS.buoy.c0","2019-02-20","BARC.20190220.PHYTOPLANKTON.1.P.1","A00000037600","condition ok","SIRFER Lab at University of Utah","2019-07-23","a1rVWpE0V4zMCUk591/P0Q==","P","1",500,25,100,,,,,,,,"phosphorus",3.62,"microgramsPerLiter","ICPMetalsLab_P_V1.2","Ivanov et al 2012",,,
"2291f314-c865-4eac-a1d7-21b755f4fd31","D03","BARC","BARC.AOS.riparian.point.05","2019-02-20","BARC.20190220.EPIPHYTON.5.CNSA.1","A00000037613","condition ok","SIRFER Lab at University of Utah","2019-06-26","ElFtGy1kV49xqNP00HfxQA==","CNS","1",8,25,100,,,,,,,,"d13C",-28.85,"perMill","SIRFER_algalPlantChem_isotopes_V1","Revesz & Coplen 2012a","N",,
"0bf60a8d-672e-41c2-ad94-ae39afb482c5","D03","BARC","BARC.AOS.buoy.c0","2019-02-20","BARC.20190220.PHYTOPLANKTON.1.CNSA.1","A00000037595","condition ok","SIRFER Lab at University of Utah","2019-06-26","ElFtGy1kV49xqNP00HfxQA==","CNS","1",500,25,100,,,,,,,,"carbon",396.70,"microgramsPerLiter","SIRFER_algalPlantChem_isotopes_V1","Revesz & Coplen 2012a","N",,
"05727b1d-30a8-4bc4-8350-2f6d9159829c","D03","BARC","BARC.AOS.littoral1","2019-02-20","BARC.20190220.PHYTOPLANKTON.2.CNSA.1","A00000037602","condition ok","SIRFER Lab at University of Utah","2019-06-26","ElFtGy1kV49xqNP00HfxQA==","CNS","1",300,25,100,,,,,,,,"carbon",426.52,"microgramsPerLiter","SIRFER_algalPlantChem_isotopes_V1","Revesz & Coplen 2012a","N",,
"6a1e0963-6740-432a-a1b5-6d007596e391","D03","BARC","BARC.AOS.riparian.point.01","2019-02-20","BARC.20190220.EPIPHYTON.1.CNSA.1","A00000037621","condition ok","SIRFER Lab at University of Utah","2019-06-26","ElFtGy1kV49xqNP00HfxQA==","CNS","1",7,25,100,,,,,,,,"sulfur",155.09,"microgramsPerLiter","SIRFER_algalPlantChem_isotopes_V1","Revesz & Coplen 2012b",,,
"5ae1bda2-33b7-4e46-95ec-c4b380faacf4","D03","BARC","BARC.AOS.littoral2","2019-02-20","BARC.20190220.PHYTOPLANKTON.3.CNSA.1","A00000037606","condition ok","SIRFER Lab at University of Utah","2019-06-26","ElFtGy1kV49xqNP00HfxQA==","CNS","1",300,25,100,,,,,,,,"d34S",9.48,"perMill","SIRFER_algalPlantChem_isotopes_V1","Revesz & Coplen 2012b",,,
"64bbc86a-b546-4bea-903c-9dfdbca1c152","D03","BARC","BARC.AOS.riparian.point.05","2019-02-20","BARC.20190220.EPIPHYTON.5.CNSA.1","A00000037613","condition ok","SIRFER Lab at University of Utah","2019-06-26","ElFtGy1kV49xqNP00HfxQA==","CNS","1",8,25,100,,,,,,,,"carbon",6867.68,"microgramsPerLiter","SIRFER_algalPlantChem_isotopes_V1","Revesz & Coplen 2012a","N",,
"382ef8ae-8970-436c-914c-2f96ac7219b7","D03","BARC","BARC.AOS.riparian.point.07","2019-02-20","BARC.20190220.EPIPHYTON.7.CNSA.1","A00000037629","condition ok","SIRFER Lab at University of Utah","2019-06-26","ElFtGy1kV49xqNP00HfxQA==","CNS","1",7,25,100,,,,,,,,"d15N",0.92,"perMill","SIRFER_algalPlantChem_isotopes_V1","Revesz & Coplen 2012a",,,
"e8389fe5-836e-4554-8445-9ef38bf3a573","D03","BARC","BARC.AOS.riparian.point.01","2019-02-20","BARC.20190220.EPIPHYTON.1.CNSA.1","A00000037621","condition ok","SIRFER Lab at University of Utah","2019-06-26","ElFtGy1kV49xqNP00HfxQA==","CNS","1",7,25,100,,,,,,,,"d13C",-29.41,"perMill","SIRFER_algalPlantChem_isotopes_V1","Revesz & Coplen 2012a","N",,
"76fe6681-1eaa-444b-9d65-516d0e8888b3","D03","BARC","BARC.AOS.buoy.c0","2019-02-20","BARC.20190220.PHYTOPLANKTON.1.CNSA.1","A00000037595","condition ok","SIRFER Lab at University of Utah","2019-06-26","ElFtGy1kV49xqNP00HfxQA==","CNS","1",500,25,100,,,,,,,,"d15N",1.34,"perMill","SIRFER_algalPlantChem_isotopes_V1","Revesz & Coplen 2012a",,,
"751cb4fe-9fa6-47f7-be11-ebce130aa2dd","D03","BARC","BARC.AOS.littoral2","2019-02-20","BARC.20190220.PHYTOPLANKTON.3.CNSA.1","A00000037606","condition ok","SIRFER Lab at University of Utah","2019-06-26","ElFtGy1kV49xqNP00HfxQA==","CNS","1",300,25,100,,,,,,,,"d15N",0.03,"perMill","SIRFER_algalPlantChem_isotopes_V1","Revesz & Coplen 2012a",,,
"45513aae-a931-4e0c-b1eb-8508230e8fe7","D03","BARC","BARC.AOS.riparian.point.03","2019-02-20","BARC.20190220.EPIPHYTON.3.CNSA.1","A00000037617","condition ok","SIRFER Lab at University of Utah","2019-06-26","ElFtGy1kV49xqNP00HfxQA==","CNS","1",7,25,100,,,,,,,,"sulfur",352.31,"microgramsPerLiter","SIRFER_algalPlantChem_isotopes_V1","Revesz & Coplen 2012b",,,
"ae8f9941-fa6f-43cb-a879-66b93418bcde","D03","BARC","BARC.AOS.riparian.point.07","2019-02-20","BARC.20190220.EPIPHYTON.7.CNSA.1","A00000037629","condition ok","SIRFER Lab at University of Utah","2019-06-26","ElFtGy1kV49xqNP00HfxQA==","CNS","1",7,25,100,,,,,,,,"d13C",-29.73,"perMill","SIRFER_algalPlantChem_isotopes_V1","Revesz & Coplen 2012a","N",,
"46867eb7-937f-4a47-b2be-df5080a6d21a","D03","BARC","BARC.AOS.riparian.point.03","2019-02-20","BARC.20190220.EPIPHYTON.3.CNSA.1","A00000037617","condition ok","SIRFER Lab at University of Utah","2019-06-26","ElFtGy1kV49xqNP00HfxQA==","CNS","1",7,25,100,,,,,,,,"carbon",65902.43,"microgramsPerLiter","SIRFER_algalPlantChem_isotopes_V1","Revesz & Coplen 2012a","N",,
"d34e4779-cfaa-4724-8727-cd0f0bc8764b","D03","BARC","BARC.AOS.riparian.point.03","2019-02-20","BARC.20190220.EPIPHYTON.3.CNSA.1","A00000037617","condition ok","SIRFER Lab at University of Utah","2019-06-26","ElFtGy1kV49xqNP00HfxQA==","CNS","1",7,25,100,,,,,,,,"d34S",11.26,"perMill","SIRFER_algalPlantChem_isotopes_V1","Revesz & Coplen 2012b",,,
"0ff3e775-2b5e-4350-9e65-8d82be3fc696","D03","BARC","BARC.AOS.buoy.c0","2019-02-20","BARC.20190220.PHYTOPLANKTON.1.CNSA.1","A00000037595","condition ok","SIRFER Lab at University of Utah","2019-06-26","ElFtGy1kV49xqNP00HfxQA==","CNS","1",500,25,100,,,,,,,,"d13C",-31.64,"perMill","SIRFER_algalPlantChem_isotopes_V1","Revesz & Coplen 2012a","N",,
"084a6cae-e934-48ee-b922-4cc5ec6b7355","D03","BARC","BARC.AOS.littoral2","2019-02-20","BARC.20190220.PHYTOPLANKTON.3.CNSA.1","A00000037606","condition ok","SIRFER Lab at University of Utah","2019-06-26","ElFtGy1kV49xqNP00HfxQA==","CNS","1",300,25,100,,,,,,,,"carbon",394.92,"microgramsPerLiter","SIRFER_algalPlantChem_isotopes_V1","Revesz & Coplen 2012a","N",,
"24bb4694-1323-4731-a338-4ca28081f395","D03","BARC","BARC.AOS.riparian.point.01","2019-02-20","BARC.20190220.EPIPHYTON.1.CNSA.1","A00000037621","condition ok","SIRFER Lab at University of Utah","2019-06-26","ElFtGy1kV49xqNP00HfxQA==","CNS","1",7,25,100,,,,,,,,"d15N",1.47,"perMill","SIRFER_algalPlantChem_isotopes_V1","Revesz & Coplen 2012a",,,
"22bea380-ca85-44cd-831d-ae44d93cdd90","D03","BARC","BARC.AOS.riparian.point.01","2019-02-20","BARC.20190220.EPIPHYTON.1.CNSA.1","A00000037621","condition ok","SIRFER Lab at University of Utah","2019-06-26","ElFtGy1kV49xqNP00HfxQA==","CNS","1",7,25,100,,,,,,,,"d34S",10.40,"perMill","SIRFER_algalPlantChem_isotopes_V1","Revesz & Coplen 2012b",,,
"fc72c201-51da-4c22-b571-cb9f151aad6e","D03","BARC","BARC.AOS.littoral1","2019-02-20","BARC.20190220.PHYTOPLANKTON.2.CNSA.1","A00000037602","condition ok","SIRFER Lab at University of Utah","2019-06-26","ElFtGy1kV49xqNP00HfxQA==","CNS","1",300,25,100,,,,,,,,"d34S",12.56,"perMill","SIRFER_algalPlantChem_isotopes_V1","Revesz & Coplen 2012b",,,
"9c18eab8-c3ca-47cd-b354-8acaed3be4ba","D03","BARC","BARC.AOS.riparian.point.07","2019-02-20","BARC.20190220.EPIPHYTON.7.CNSA.1","A00000037629","condition ok","SIRFER Lab at University of Utah","2019-06-26","ElFtGy1kV49xqNP00HfxQA==","CNS","1",7,25,100,,,,,,,,"sulfur",322.29,"microgramsPerLiter","SIRFER_algalPlantChem_isotopes_V1","Revesz & Coplen 2012b",,,
"36903e31-b2fb-4f45-96c1-45c9dc67cbf8","D03","BARC","BARC.AOS.riparian.point.01","2019-02-20","BARC.20190220.EPIPHYTON.1.CNSA.1","A00000037621","condition ok","SIRFER Lab at University of Utah","2019-06-26","ElFtGy1kV49xqNP00HfxQA==","CNS","1",7,25,100,,,,,,,,"nitrogen",2746.79,"microgramsPerLiter","SIRFER_algalPlantChem_isotopes_V1","Revesz & Coplen 2012a",,,
"b8299b69-ed61-4130-b7a1-ef7546565cf9","D03","BARC","BARC.AOS.littoral1","2019-02-20","BARC.20190220.PHYTOPLANKTON.2.CNSA.1","A00000037602","condition ok","SIRFER Lab at University of Utah","2019-06-26","ElFtGy1kV49xqNP00HfxQA==","CNS","1",300,25,100,,,,,,,,"d15N",0.00,"perMill","SIRFER_algalPlantChem_isotopes_V1","Revesz & Coplen 2012a",,,
"f93f21a5-e9b3-46ac-bbcf-169bc130ffff","D03","BARC","BARC.AOS.riparian.point.09","2019-02-20","BARC.20190220.EPIPHYTON.9.CNSA.1","A00000037625","condition ok","SIRFER Lab at University of Utah","2019-06-26","ElFtGy1kV49xqNP00HfxQA==","CNS","1",7,25,100,,,,,,,,"d34S",14.02,"perMill","SIRFER_algalPlantChem_isotopes_V1","Revesz & Coplen 2012b",,,
"f7f47017-4e06-4600-9ef3-d5d1122eac1f","D03","BARC","BARC.AOS.buoy.c0","2019-02-20","BARC.20190220.PHYTOPLANKTON.1.CNSA.1","A00000037595","condition ok","SIRFER Lab at University of Utah","2019-06-26","ElFtGy1kV49xqNP00HfxQA==","CNS","1",500,25,100,,,,,,,,"nitrogen",54.80,"microgramsPerLiter","SIRFER_algalPlantChem_isotopes_V1","Revesz & Coplen 2012a",,,
"d305656e-38a8-4ed0-b7f9-d1791d54bf98","D03","BARC","BARC.AOS.littoral2","2019-02-20","BARC.20190220.PHYTOPLANKTON.3.CNSA.1","A00000037606","condition ok","SIRFER Lab at University of Utah","2019-06-26","ElFtGy1kV49xqNP00HfxQA==","CNS","1",300,25,100,,,,,,,,"d13C",-30.79,"perMill","SIRFER_algalPlantChem_isotopes_V1","Revesz & Coplen 2012a","N",,
"2f3e88ce-348a-47de-8613-3a700c7da5b0","D03","BARC","BARC.AOS.littoral1","2019-02-20","BARC.20190220.PHYTOPLANKTON.2.CNSA.1","A00000037602","condition ok","SIRFER Lab at University of Utah","2019-06-26","ElFtGy1kV49xqNP00HfxQA==","CNS","1",300,25,100,,,,,,,,"d13C",-30.67,"perMill","SIRFER_algalPlantChem_isotopes_V1","Revesz & Coplen 2012a","N",,
"7bc0870b-bcc1-488d-96fb-9c52e2a89a40","D03","BARC","BARC.AOS.riparian.point.09","2019-02-20","BARC.20190220.EPIPHYTON.9.CNSA.1","A00000037625","condition ok","SIRFER Lab at University of Utah","2019-06-26","ElFtGy1kV49xqNP00HfxQA==","CNS","1",7,25,100,,,,,,,,"d15N",-0.30,"perMill","SIRFER_algalPlantChem_isotopes_V1","Revesz & Coplen 2012a",,,
"95570f02-9fc1-4bdf-84b3-07ca9b524cce","D03","BARC","BARC.AOS.riparian.point.09","2019-02-20","BARC.20190220.EPIPHYTON.9.CNSA.1","A00000037625","condition ok","SIRFER Lab at University of Utah","2019-06-26","ElFtGy1kV49xqNP00HfxQA==","CNS","1",7,25,100,,,,,,,,"carbon",31001.77,"microgramsPerLiter","SIRFER_algalPlantChem_isotopes_V1","Revesz & Coplen 2012a","N",,
"ea291709-6625-4f0d-9f15-b0036b5c50cb","D03","BARC","BARC.AOS.riparian.point.09","2019-02-20","BARC.20190220.EPIPHYTON.9.CNSA.1","A00000037625","condition ok","SIRFER Lab at University of Utah","2019-06-26","ElFtGy1kV49xqNP00HfxQA==","CNS","1",7,25,100,,,,,,,,"d13C",-30.35,"perMill","SIRFER_algalPlantChem_isotopes_V1","Revesz & Coplen 2012a","N",,
"7d169088-8c87-41e8-b69d-7f0897e18827","D03","BARC","BARC.AOS.littoral1","2019-02-20","BARC.20190220.PHYTOPLANKTON.2.CNSA.1","A00000037602","condition ok","SIRFER Lab at University of Utah","2019-06-26","ElFtGy1kV49xqNP00HfxQA==","CNS","1",300,25,100,,,,,,,,"sulfur",5.92,"microgramsPerLiter","SIRFER_algalPlantChem_isotopes_V1","Revesz & Coplen 2012b",,,
"5761fa0b-d3e4-4361-a339-a9188b863b41","D03","BARC","BARC.AOS.littoral2","2019-02-20","BARC.20190220.PHYTOPLANKTON.3.CNSA.1","A00000037606","condition ok","SIRFER Lab at University of Utah","2019-06-26","ElFtGy1kV49xqNP00HfxQA==","CNS","1",300,25,100,,,,,,,,"sulfur",9.00,"microgramsPerLiter","SIRFER_algalPlantChem_isotopes_V1","Revesz & Coplen 2012b",,,
"e47c9ceb-fec1-4fe4-8014-207ac63e29df","D03","BARC","BARC.AOS.riparian.point.05","2019-02-20","BARC.20190220.EPIPHYTON.5.CNSA.1","A00000037613","condition ok","SIRFER Lab at University of Utah","2019-06-26","ElFtGy1kV49xqNP00HfxQA==","CNS","1",8,25,100,,,,,,,,"nitrogen",810.85,"microgramsPerLiter","SIRFER_algalPlantChem_isotopes_V1","Revesz & Coplen 2012a",,,
"fce984e4-847b-413f-9449-87b26a45a395","D03","BARC","BARC.AOS.buoy.c0","2019-02-20","BARC.20190220.PHYTOPLANKTON.1.CNSA.1","A00000037595","condition ok","SIRFER Lab at University of Utah","2019-06-26","ElFtGy1kV49xqNP00HfxQA==","CNS","1",500,25,100,,,,,,,,"sulfur",5.42,"microgramsPerLiter","SIRFER_algalPlantChem_isotopes_V1","Revesz & Coplen 2012b",,,
"df8842c6-47b5-4102-84d4-7972353a3153","D03","BARC","BARC.AOS.riparian.point.05","2019-02-20","BARC.20190220.EPIPHYTON.5.CNSA.1","A00000037613","condition ok","SIRFER Lab at University of Utah","2019-06-26","ElFtGy1kV49xqNP00HfxQA==","CNS","1",8,25,100,,,,,,,,"d15N",0.33,"perMill","SIRFER_algalPlantChem_isotopes_V1","Revesz & Coplen 2012a",,,
"4630d91e-07fc-484a-8eb3-c793c3da5972","D03","BARC","BARC.AOS.buoy.c0","2019-02-20","BARC.20190220.PHYTOPLANKTON.1.CNSA.1","A00000037595","condition ok","SIRFER Lab at University of Utah","2019-06-26","ElFtGy1kV49xqNP00HfxQA==","CNS","1",500,25,100,,,,,,,,"d34S",11.84,"perMill","SIRFER_algalPlantChem_isotopes_V1","Revesz & Coplen 2012b",,,
"8ed424b5-1aec-403c-97b8-100ab5e0cfe6","D03","BARC","BARC.AOS.riparian.point.05","2019-02-20","BARC.20190220.EPIPHYTON.5.CNSA.1","A00000037613","condition ok","SIRFER Lab at University of Utah","2019-06-26","ElFtGy1kV49xqNP00HfxQA==","CNS","1",8,25,100,,,,,,,,"d34S",10.63,"perMill","SIRFER_algalPlantChem_isotopes_V1","Revesz & Coplen 2012b",,,
"1477edfb-dfc8-490e-a748-02927a55784a","D03","BARC","BARC.AOS.riparian.point.03","2019-02-20","BARC.20190220.EPIPHYTON.3.CNSA.1","A00000037617","condition ok","SIRFER Lab at University of Utah","2019-06-26","ElFtGy1kV49xqNP00HfxQA==","CNS","1",7,25,100,,,,,,,,"nitrogen",7238.30,"microgramsPerLiter","SIRFER_algalPlantChem_isotopes_V1","Revesz & Coplen 2012a",,,
"a0f5f540-0056-4b2b-aaf7-3ccbceebc566","D03","BARC","BARC.AOS.riparian.point.01","2019-02-20","BARC.20190220.EPIPHYTON.1.CNSA.1","A00000037621","condition ok","SIRFER Lab at University of Utah","2019-06-26","ElFtGy1kV49xqNP00HfxQA==","CNS","1",7,25,100,,,,,,,,"carbon",30964.74,"microgramsPerLiter","SIRFER_algalPlantChem_isotopes_V1","Revesz & Coplen 2012a","N",,
"e8833fb5-c9d3-46e7-b9ea-e29fd3c620b2","D03","BARC","BARC.AOS.riparian.point.03","2019-02-20","BARC.20190220.EPIPHYTON.3.CNSA.1","A00000037617","condition ok","SIRFER Lab at University of Utah","2019-06-26","ElFtGy1kV49xqNP00HfxQA==","CNS","1",7,25,100,,,,,,,,"d15N",0.19,"perMill","SIRFER_algalPlantChem_isotopes_V1","Revesz & Coplen 2012a",,,
"5e4cfb03-ff31-40b3-aa0c-5e344b07c141","D03","BARC","BARC.AOS.riparian.point.05","2019-02-20","BARC.20190220.EPIPHYTON.5.CNSA.1","A00000037613","condition ok","SIRFER Lab at University of Utah","2019-06-26","ElFtGy1kV49xqNP00HfxQA==","CNS","1",8,25,100,,,,,,,,"sulfur",72.06,"microgramsPerLiter","SIRFER_algalPlantChem_isotopes_V1","Revesz & Coplen 2012b",,,
"6c14af09-88dd-4817-977a-5f321d9823d9","D03","BARC","BARC.AOS.littoral2","2019-02-20","BARC.20190220.PHYTOPLANKTON.3.CNSA.1","A00000037606","condition ok","SIRFER Lab at University of Utah","2019-06-26","ElFtGy1kV49xqNP00HfxQA==","CNS","1",300,25,100,,,,,,,,"nitrogen",51.27,"microgramsPerLiter","SIRFER_algalPlantChem_isotopes_V1","Revesz & Coplen 2012a",,,
"d7eace64-2f20-43f3-935a-5333869460d7","D03","BARC","BARC.AOS.littoral1","2019-02-20","BARC.20190220.PHYTOPLANKTON.2.CNSA.1","A00000037602","condition ok","SIRFER Lab at University of Utah","2019-06-26","ElFtGy1kV49xqNP00HfxQA==","CNS","1",300,25,100,,,,,,,,"nitrogen",58.54,"microgramsPerLiter","SIRFER_algalPlantChem_isotopes_V1","Revesz & Coplen 2012a",,,
"35c591bd-f9c9-4757-aba2-1a27475e58a1","D03","BARC","BARC.AOS.riparian.point.07","2019-02-20","BARC.20190220.EPIPHYTON.7.CNSA.1","A00000037629","condition ok","SIRFER Lab at University of Utah","2019-06-26","ElFtGy1kV49xqNP00HfxQA==","CNS","1",7,25,100,,,,,,,,"d34S",10.92,"perMill","SIRFER_algalPlantChem_isotopes_V1","Revesz & Coplen 2012b",,,
"d6470a32-a6ff-4d34-8ba2-453623076d69","D03","BARC","BARC.AOS.riparian.point.07","2019-02-20","BARC.20190220.EPIPHYTON.7.CNSA.1","A00000037629","condition ok","SIRFER Lab at University of Utah","2019-06-26","ElFtGy1kV49xqNP00HfxQA==","CNS","1",7,25,100,,,,,,,,"nitrogen",6037.51,"microgramsPerLiter","SIRFER_algalPlantChem_isotopes_V1","Revesz & Coplen 2012a",,,
"c754c9f4-5096-4365-9ad0-02feccbe9f1d","D03","BARC","BARC.AOS.riparian.point.09","2019-02-20","BARC.20190220.EPIPHYTON.9.CNSA.1","A00000037625","condition ok","SIRFER Lab at University of Utah","2019-06-26","ElFtGy1kV49xqNP00HfxQA==","CNS","1",7,25,100,,,,,,,,"sulfur",338.76,"microgramsPerLiter","SIRFER_algalPlantChem_isotopes_V1","Revesz & Coplen 2012b",,,
"f8d1add8-12a1-4d4e-848a-40596e377132","D03","BARC","BARC.AOS.riparian.point.07","2019-02-20","BARC.20190220.EPIPHYTON.7.CNSA.1","A00000037629","condition ok","SIRFER Lab at University of Utah","2019-06-26","ElFtGy1kV49xqNP00HfxQA==","CNS","1",7,25,100,,,,,,,,"carbon",60169.45,"microgramsPerLiter","SIRFER_algalPlantChem_isotopes_V1","Revesz & Coplen 2012a","N",,
"cccd694e-9297-4428-b9aa-b30953909af7","D03","BARC","BARC.AOS.riparian.point.03","2019-02-20","BARC.20190220.EPIPHYTON.3.CNSA.1","A00000037617","condition ok","SIRFER Lab at University of Utah","2019-06-26","ElFtGy1kV49xqNP00HfxQA==","CNS","1",7,25,100,,,,,,,,"d13C",-28.94,"perMill","SIRFER_algalPlantChem_isotopes_V1","Revesz & Coplen 2012a","N",,
"4904339e-124c-404f-b83b-9fa21d8423b7","D03","BARC","BARC.AOS.riparian.point.09","2019-02-20","BARC.20190220.EPIPHYTON.9.CNSA.1","A00000037625","condition ok","SIRFER Lab at University of Utah","2019-06-26","ElFtGy1kV49xqNP00HfxQA==","CNS","1",7,25,100,,,,,,,,"nitrogen",2864.00,"microgramsPerLiter","SIRFER_algalPlantChem_isotopes_V1","Revesz & Coplen 2012a",,,
