uid,domainID,siteID,namedLocation,date,eventID,sampleDepth,waterTemp,specificConductance,dissolvedOxygen,dissolvedOxygenSaturation,dataQF
"cb38bfa6-fcd9-4d6e-b6ee-965a0dbf5a79","D05","LIRO","LIRO.AOS.buoy.c0","2021-02-02T18:56Z","LIRO.c0.20210202",6.5,4.1,10.3,5.5,41.8,
"b98c59ed-0860-45b3-8aab-38c68a1fe886","D05","LIRO","LIRO.AOS.buoy.c0","2021-02-02T18:56Z","LIRO.c0.20210202",0.5,0.8,10.6,9.8,68.1,
"32650cf3-eb99-4fe4-8bc7-40a9ec5e0014","D05","LIRO","LIRO.AOS.buoy.c0","2021-02-02T18:56Z","LIRO.c0.20210202",2.5,3.9,9.9,6.5,49.5,
"9dd0e191-065d-4208-9428-2514727b7d6a","D05","LIRO","LIRO.AOS.buoy.c0","2021-02-02T18:56Z","LIRO.c0.20210202",4.5,3.9,10.0,6.4,48.4,
"267dd563-b3d1-453d-820a-99464c520043","D05","LIRO","LIRO.AOS.buoy.c0","2021-02-02T18:56Z","LIRO.c0.20210202",8.5,4.2,10.9,2.6,19.9,
