uid,domainID,siteID,namedLocation,collectDate,sampleID,sampleCode,sampleCondition,laboratoryName,analysisDate,analyzedBy,sampleType,replicate,sampleVolumeFiltered,filterSize,percentFilterAnalyzed,dilutionFactor,solventVolume,responseFactor,acidificationResponseFactor,fluorometerSensitivitySetting,preAcidificationFluorescence,postAcidificationFluorescence,analyte,analyteConcentration,plantAlgaeLabUnits,testMethod,method,acidTreatment,externalRemarks,externalLabDataQF
"19b13e7d-6fff-4ce7-a901-a98db10655b2","D05","CRAM","CRAM.AOS.littoral1","2021-04-27","CRAM.20210427.PHYTOPLANKTON.2.CHL/PHEO.1","B00000081435","condition ok","Great Lakes Environmental Center, Inc.","2021-05-10","4CajRO/thb0=","chlorophyll/pheophytin","1",200,25,100,1,7,416.0920,,,0.2500,0.0660,"chlorophyll a",3.18,"microgramsPerLiter","GLEC_algalChlorophyll_V1","APHA 10200H",,"Samples exceeded 8-day hold time at Domain 5 by 2 days but are within 14 day hold time for analysis.",
"a28b125b-4053-45fd-8209-4397139f3b44","D05","CRAM","CRAM.AOS.littoral2","2021-04-27","CRAM.20210427.PHYTOPLANKTON.4.CHL/PHEO.1","B00000081440","condition ok","Great Lakes Environmental Center, Inc.","2021-05-10","4CajRO/thb0=","chlorophyll/pheophytin","1",200,25,100,1,7,416.0920,,,0.2000,0.0490,"chlorophyll a",2.61,"microgramsPerLiter","GLEC_algalChlorophyll_V1","APHA 10200H",,"Samples exceeded 8-day hold time at Domain 5 by 2 days but are within 14 day hold time for analysis.",
"a68426c6-6c1a-43a4-8c17-f9cf124aa9f5","D05","CRAM","CRAM.AOS.riparian.point.03","2021-04-27","CRAM.20210427.EPIXYLON.5.CHL/PHEO.1","B00000081438","condition ok","Great Lakes Environmental Center, Inc.","2021-05-10","4CajRO/thb0=","chlorophyll/pheophytin","1",4,25,100,1,7,416.0920,,,0.1180,0.0480,"chlorophyll a",60.45,"microgramsPerLiter","GLEC_algalChlorophyll_V1","APHA 10200H",,"Samples exceeded 8-day hold time at Domain 5 by 2 days but are within 14 day hold time for analysis.",
"b8da38d2-ceb2-41fc-b62d-dbe6429547b8","D05","CRAM","CRAM.AOS.riparian.point.03","2021-04-27","CRAM.20210427.EPIXYLON.5.REP2.CHL/PHEO.2","B00000081441","condition ok","Great Lakes Environmental Center, Inc.","2021-05-10","4CajRO/thb0=","chlorophyll/pheophytin","2",4,25,100,1,7,416.0920,,,0.1160,0.0460,"chlorophyll a",60.45,"microgramsPerLiter","GLEC_algalChlorophyll_V1","APHA 10200H",,"Samples exceeded 8-day hold time at Domain 5 by 2 days but are within 14 day hold time for analysis.",
"5328d441-0d11-43ee-880c-bd55a34890a8","D05","CRAM","CRAM.AOS.riparian.point.05","2021-04-27","CRAM.20210427.EPIXYLON.6.CHL/PHEO.1","B00000080609","condition ok","Great Lakes Environmental Center, Inc.","2021-05-10","4CajRO/thb0=","chlorophyll/pheophytin","1",4,25,100,1,7,416.0920,,,0.2010,0.0820,"chlorophyll a",102.77,"microgramsPerLiter","GLEC_algalChlorophyll_V1","APHA 10200H",,"Samples exceeded 8-day hold time at Domain 5 by 2 days but are within 14 day hold time for analysis.",
"516ebd79-4c1c-4661-90a3-55ef06500445","D05","CRAM","CRAM.AOS.buoy.c0","2021-04-27","CRAM.20210427.PHYTOPLANKTON.1.CHL/PHEO.1","B00000080608","condition ok","Great Lakes Environmental Center, Inc.","2021-05-10","4CajRO/thb0=","chlorophyll/pheophytin","1",200,25,100,1,7,416.0920,,,0.2470,0.0640,"chlorophyll a",3.16,"microgramsPerLiter","GLEC_algalChlorophyll_V1","APHA 10200H",,"Samples exceeded 8-day hold time at Domain 5 by 2 days but are within 14 day hold time for analysis.",
"3c2f3c47-3ad0-459a-86cf-cd181430cafe","D05","CRAM","CRAM.AOS.riparian.point.05","2021-04-27","CRAM.20210427.EPIXYLON.6.CHL/PHEO.1","B00000080609","condition ok","Great Lakes Environmental Center, Inc.","2021-05-10","4CajRO/thb0=","chlorophyll/pheophytin","1",4,25,100,1,7,416.0920,,,0.2010,0.0820,"pheophytin",277.87,"microgramsPerLiter","GLEC_algalChlorophyll_V1","APHA 10200H",,"Samples exceeded 8-day hold time at Domain 5 by 2 days but are within 14 day hold time for analysis.",
"095c1aaa-18ba-4feb-9c17-5db013f07638","D05","CRAM","CRAM.AOS.riparian.point.09","2021-04-27","CRAM.20210427.EPIXYLON.8.CHL/PHEO.1","B00000081439","condition ok","Great Lakes Environmental Center, Inc.","2021-05-10","4CajRO/thb0=","chlorophyll/pheophytin","1",4,25,100,1,7,416.0920,,,0.1600,0.0560,"pheophytin",170.14,"microgramsPerLiter","GLEC_algalChlorophyll_V1","APHA 10200H",,"Samples exceeded 8-day hold time at Domain 5 by 2 days but are within 14 day hold time for analysis.",
"f3054c8c-9b9f-49e5-8cc6-faab6498b769","D05","CRAM","CRAM.AOS.riparian.point.07","2021-04-27","CRAM.20210427.EPIXYLON.7.CHL/PHEO.1","B00000081437","condition ok","Great Lakes Environmental Center, Inc.","2021-05-10","4CajRO/thb0=","chlorophyll/pheophytin","1",4,25,100,1,7,416.0920,,,0.1410,0.0670,"pheophytin",247.11,"microgramsPerLiter","GLEC_algalChlorophyll_V1","APHA 10200H",,"Samples exceeded 8-day hold time at Domain 5 by 2 days but are within 14 day hold time for analysis.",
"d2c87bdb-159a-45c3-9d80-15ed7bf02167","D05","CRAM","CRAM.AOS.riparian.point.01","2021-04-27","CRAM.20210427.EPIXYLON.3.CHL/PHEO.1","B00000081436","condition ok","Great Lakes Environmental Center, Inc.","2021-05-10","4CajRO/thb0=","chlorophyll/pheophytin","1",4,25,100,1,7,416.0920,,,0.0680,0.0240,"pheophytin",73.41,"microgramsPerLiter","GLEC_algalChlorophyll_V1","APHA 10200H",,"Samples exceeded 8-day hold time at Domain 5 by 2 days but are within 14 day hold time for analysis.",
"52e4fde4-45c4-47c7-9053-2bed67ed2d41","D05","CRAM","CRAM.AOS.riparian.point.07","2021-04-27","CRAM.20210427.EPIXYLON.7.CHL/PHEO.1","B00000081437","condition ok","Great Lakes Environmental Center, Inc.","2021-05-10","4CajRO/thb0=","chlorophyll/pheophytin","1",4,25,100,1,7,416.0920,,,0.1410,0.0670,"chlorophyll a",63.91,"microgramsPerLiter","GLEC_algalChlorophyll_V1","APHA 10200H",,"Samples exceeded 8-day hold time at Domain 5 by 2 days but are within 14 day hold time for analysis.",
"69120e20-677d-47c0-9c81-546ad5318154","D05","CRAM","CRAM.AOS.riparian.point.03","2021-04-27","CRAM.20210427.EPIXYLON.5.CHL/PHEO.1","B00000081438","condition ok","Great Lakes Environmental Center, Inc.","2021-05-10","4CajRO/thb0=","chlorophyll/pheophytin","1",4,25,100,1,7,416.0920,,,0.1180,0.0480,"pheophytin",162.36,"microgramsPerLiter","GLEC_algalChlorophyll_V1","APHA 10200H",,"Samples exceeded 8-day hold time at Domain 5 by 2 days but are within 14 day hold time for analysis.",
"51ebd6f4-ed42-4a4b-8594-2bbbff3016a0","D05","CRAM","CRAM.AOS.littoral2","2021-04-27","CRAM.20210427.PHYTOPLANKTON.4.CHL/PHEO.1","B00000081440","condition ok","Great Lakes Environmental Center, Inc.","2021-05-10","4CajRO/thb0=","chlorophyll/pheophytin","1",200,25,100,1,7,416.0920,,,0.2000,0.0490,"pheophytin",1.94,"microgramsPerLiter","GLEC_algalChlorophyll_V1","APHA 10200H",,"Samples exceeded 8-day hold time at Domain 5 by 2 days but are within 14 day hold time for analysis.",
"bdd7cb60-ac53-4dc1-bd98-dc2964dc38bf","D05","CRAM","CRAM.AOS.buoy.c0","2021-04-27","CRAM.20210427.PHYTOPLANKTON.1.CHL/PHEO.1","B00000080608","condition ok","Great Lakes Environmental Center, Inc.","2021-05-10","4CajRO/thb0=","chlorophyll/pheophytin","1",200,25,100,1,7,416.0920,,,0.2470,0.0640,"pheophytin",2.78,"microgramsPerLiter","GLEC_algalChlorophyll_V1","APHA 10200H",,"Samples exceeded 8-day hold time at Domain 5 by 2 days but are within 14 day hold time for analysis.",
"cdeb5658-5d54-45f0-9342-6bbddb6bdcbd","D05","CRAM","CRAM.AOS.riparian.point.03","2021-04-27","CRAM.20210427.EPIXYLON.5.REP2.CHL/PHEO.2","B00000081441","condition ok","Great Lakes Environmental Center, Inc.","2021-05-10","4CajRO/thb0=","chlorophyll/pheophytin","2",4,25,100,1,7,416.0920,,,0.1160,0.0460,"pheophytin",153.08,"microgramsPerLiter","GLEC_algalChlorophyll_V1","APHA 10200H",,"Samples exceeded 8-day hold time at Domain 5 by 2 days but are within 14 day hold time for analysis.",
"82a30ed5-ff00-4d9b-af2a-6c6c9fcb8652","D05","CRAM","CRAM.AOS.riparian.point.01","2021-04-27","CRAM.20210427.EPIXYLON.3.CHL/PHEO.1","B00000081436","condition ok","Great Lakes Environmental Center, Inc.","2021-05-10","4CajRO/thb0=","chlorophyll/pheophytin","1",4,25,100,1,7,416.0920,,,0.0680,0.0240,"chlorophyll a",38.00,"microgramsPerLiter","GLEC_algalChlorophyll_V1","APHA 10200H",,"Samples exceeded 8-day hold time at Domain 5 by 2 days but are within 14 day hold time for analysis.",
"336ff2b2-0e0d-4555-a0e5-58ab93918747","D05","CRAM","CRAM.AOS.littoral1","2021-04-27","CRAM.20210427.PHYTOPLANKTON.2.CHL/PHEO.1","B00000081435","condition ok","Great Lakes Environmental Center, Inc.","2021-05-10","4CajRO/thb0=","chlorophyll/pheophytin","1",200,25,100,1,7,416.0920,,,0.2500,0.0660,"pheophytin",2.95,"microgramsPerLiter","GLEC_algalChlorophyll_V1","APHA 10200H",,"Samples exceeded 8-day hold time at Domain 5 by 2 days but are within 14 day hold time for analysis.",
"b34a208c-7d65-4751-98df-84cb47a2815d","D05","CRAM","CRAM.AOS.riparian.point.09","2021-04-27","CRAM.20210427.EPIXYLON.8.CHL/PHEO.1","B00000081439","condition ok","Great Lakes Environmental Center, Inc.","2021-05-10","4CajRO/thb0=","chlorophyll/pheophytin","1",4,25,100,1,7,416.0920,,,0.1600,0.0560,"chlorophyll a",89.82,"microgramsPerLiter","GLEC_algalChlorophyll_V1","APHA 10200H",,"Samples exceeded 8-day hold time at Domain 5 by 2 days but are within 14 day hold time for analysis.",
