uid,domainID,siteID,namedLocation,aquaticSiteType,decimalLatitude,decimalLongitude,coordinateUncertainty,elevation,elevationUncertainty,geodeticDatum,collectDate,eventID,parentSampleID,parentSampleCode,samplingImpractical,biophysicalCriteria,affectedByWind,habitatType,algalSampleType,benthicArea,samplingProtocolVersion,phytoDepth1,phytoDepth2,phytoDepth3,substratumSizeClass,remarks,recordedBy,collectedBy,dataQF
"1ab99ad5-eba3-4e72-aa9c-82fcdaa805b0","D05","CRAM","CRAM.AOS.riparian.point.05","lake",46.208228,-89.471270,0.1,510.4,0.1,"WGS84","2021-04-27T16:37Z","CRAM.20210427","CRAM.20210427.EPIXYLON.6",,,"OK - no known exceptions",,"littoral","epixylon",0.002406,"NEON.DOC.003045vE",,,,,,"0000-0003-1075-1249","0000-0002-9707-6073",
"28ac278c-cd57-4b91-9a02-245c00ce22ff","D05","CRAM","CRAM.AOS.littoral1","lake",46.207952,-89.476193,1.1,512.5,1.0,"WGS84","2021-04-27T16:37Z","CRAM.20210427","CRAM.20210427.PHYTOPLANKTON.2",,,"OK - no known exceptions","N","pelagic","phytoplankton",,"NEON.DOC.003045vE",0.5,1.2,,,,"0000-0003-1075-1249","0000-0002-9707-6073",
"052ceade-2ce0-49bd-81f7-0e51555f67de","D05","CRAM","CRAM.AOS.littoral2","lake",46.211995,-89.474460,1.1,512.5,1.0,"WGS84","2021-04-27T16:37Z","CRAM.20210427","CRAM.20210427.PHYTOPLANKTON.4",,,"OK - no known exceptions","N","pelagic","phytoplankton",,"NEON.DOC.003045vE",0.5,1.3,,,,"0000-0003-1075-1249","0000-0002-9707-6073",
"bfb9f028-defe-4fe2-a68a-ec1ccccdfa78","D05","CRAM","CRAM.AOS.riparian.point.03","lake",46.211728,-89.470910,0.1,510.6,0.1,"WGS84","2021-04-27T16:37Z","CRAM.20210427","CRAM.20210427.EPIXYLON.5",,,"OK - no known exceptions",,"littoral","epixylon",0.002406,"NEON.DOC.003045vE",,,,,,"0000-0003-1075-1249","0000-0002-9707-6073",
"b8bd0101-b344-4b37-bb6e-54d47e42feab","D05","CRAM","CRAM.AOS.riparian.point.07","lake",46.207433,-89.475220,0.5,514.4,0.6,"WGS84","2021-04-27T16:37Z","CRAM.20210427","CRAM.20210427.EPIXYLON.7",,,"OK - no known exceptions",,"littoral","epixylon",0.002406,"NEON.DOC.003045vE",,,,,,"0000-0003-1075-1249","0000-0002-9707-6073",
"5b38e8bc-58d5-4b8d-bb89-8c93398c193e","D05","CRAM","CRAM.AOS.riparian.point.09","lake",46.206543,-89.476401,0.1,510.5,0.1,"WGS84","2021-04-27T16:37Z","CRAM.20210427","CRAM.20210427.EPIXYLON.8",,,"OK - no known exceptions",,"littoral","epixylon",0.002406,"NEON.DOC.003045vE",,,,,,"0000-0003-1075-1249","0000-0002-9707-6073",
"4cd6e820-133a-4e25-ab96-11631545cc19","D05","CRAM","CRAM.AOS.riparian.point.01","lake",46.211208,-89.478274,0.2,511.0,0.2,"WGS84","2021-04-27T16:37Z","CRAM.20210427","CRAM.20210427.EPIXYLON.3",,,"OK - no known exceptions",,"littoral","epixylon",0.002406,"NEON.DOC.003045vE",,,,,,"0000-0003-1075-1249","0000-0002-9707-6073",
"5c71553a-bdbe-4cd8-8943-f92c3230b335","D05","CRAM","CRAM.AOS.buoy.c0","lake",46.210592,-89.476861,10.0,509.0,10.0,"WGS84","2021-04-27T16:37Z","CRAM.20210427","CRAM.20210427.PHYTOPLANKTON.1",,,"OK - no known exceptions","N","pelagic","phytoplankton",,"NEON.DOC.003045vE",0.5,4.1,7.2,,,"0000-0003-1075-1249","0000-0002-9707-6073",
