uid,domainID,siteID,namedLocation,date,eventID,sampleDepth,waterTemp,specificConductance,dissolvedOxygen,dissolvedOxygenSaturation,dataQF
"5f217751-2872-4ccc-b3ee-32e90b72eea4","D09","PRLA","PRLA.AOS.buoy.c0","2021-01-07T15:53Z","PRLA.c0.20210107",1.5,3.3,1267.0,7.3,57.4,
"c1e0b0a1-65de-4c3a-9304-4feebdeddb97","D09","PRLA","PRLA.AOS.buoy.c0","2021-01-07T15:53Z","PRLA.c0.20210107",2.0,3.5,1277.0,3.0,23.6,
"ae7ddbe8-47fe-46ff-9779-0643662f7db4","D09","PRLA","PRLA.AOS.buoy.c0","2021-01-07T15:53Z","PRLA.c0.20210107",0.5,3.2,1256.0,15.8,125.1,
"b0e3a3a9-4d03-47a1-996e-86bc77d8a70d","D09","PRLA","PRLA.AOS.buoy.c0","2021-01-07T15:53Z","PRLA.c0.20210107",2.5,3.5,1286.0,4.3,35.0,
"13f9bf7b-80c6-4a6a-b693-a37fd13d3d6c","D09","PRLA","PRLA.AOS.buoy.c0","2021-01-07T15:53Z","PRLA.c0.20210107",1.0,3.2,1260.0,13.8,110.6,
"487e3565-5cde-4a08-a47f-d225811920d5","D09","PRLA","PRLA.AOS.buoy.c0","2021-01-07T15:53Z","PRLA.c0.20210107",3.0,4.1,1301.0,0.4,2.9,
