uid,domainID,siteID,namedLocation,date,eventID,sampleDepth,waterTemp,specificConductance,dissolvedOxygen,dissolvedOxygenSaturation,dataQF
"d6256c66-22d3-4e31-993b-25b7dfdc174d","D03","BARC","BARC.AOS.buoy.c0","2021-04-07T14:31Z","BARC.c0.20210407",4.0,18.3,33.6,8.7,91.4,
"1740b2f7-fc7d-4bd5-a37c-12fd89e5bd97","D03","BARC","BARC.AOS.buoy.c0","2021-04-07T14:31Z","BARC.c0.20210407",1.5,18.6,33.4,8.9,94.0,
"44d1a871-0d87-41ad-815c-ffe3c67fd5e3","D03","BARC","BARC.AOS.buoy.c0","2021-04-07T14:31Z","BARC.c0.20210407",0.5,18.7,33.7,8.9,94.1,
"5c48a162-323b-41e0-8d13-9568953e26aa","D03","BARC","BARC.AOS.buoy.c0","2021-04-07T14:31Z","BARC.c0.20210407",2.0,18.6,33.5,8.5,92.4,
"c05497c8-b345-4869-992f-5d8bd2f8d2c2","D03","BARC","BARC.AOS.buoy.c0","2021-04-07T14:31Z","BARC.c0.20210407",1.0,18.6,33.5,8.7,93.1,
"1bff94ef-4617-40d9-b83b-a2709466ed68","D03","BARC","BARC.AOS.buoy.c0","2021-04-07T14:31Z","BARC.c0.20210407",3.5,18.3,33.7,8.6,90.0,
"f182f01c-8edb-4dfb-83b2-1ad936734936","D03","BARC","BARC.AOS.buoy.c0","2021-04-07T14:31Z","BARC.c0.20210407",3.0,18.5,33.6,8.4,88.6,
"c3236009-bb43-43fc-9857-e5821841a93e","D03","BARC","BARC.AOS.buoy.c0","2021-04-07T14:31Z","BARC.c0.20210407",4.5,18.0,33.7,8.7,91.6,
"e3c6c540-e320-4658-95e1-ebd77a0c1b0e","D03","BARC","BARC.AOS.buoy.c0","2021-04-07T14:31Z","BARC.c0.20210407",2.5,18.5,33.4,8.0,85.4,
