uid,domainID,siteID,namedLocation,aquaticSiteType,decimalLatitude,decimalLongitude,coordinateUncertainty,elevation,elevationUncertainty,geodeticDatum,collectDate,eventID,parentSampleID,parentSampleCode,samplingImpractical,biophysicalCriteria,affectedByWind,habitatType,algalSampleType,benthicArea,samplingProtocolVersion,phytoDepth1,phytoDepth2,phytoDepth3,substratumSizeClass,remarks,recordedBy,collectedBy,dataQF
"b61ee845-ef7a-4818-be5e-a9151ba23fa8","D18","TOOK","TOOK.AOS.riparian.point.02","lake",68.627870,-149.612396,0.1,715.7,0.1,"WGS84","2020-09-05T17:37Z","TOOK.20200905","TOOK.20200905.EPILITHON.2",,,"OK - no known exceptions",,"littoral","epilithon",0.002406,"NEON.DOC.003045vE",,,,,,"0000-0001-5131-1181","0000-0001-6124-7021",
"d43e6869-6811-4357-9a74-f09d4774a64a","D18","TOOK","TOOK.AOS.riparian.point.08","lake",68.636829,-149.591496,0.4,716.2,0.5,"WGS84","2020-09-05T17:37Z","TOOK.20200905","TOOK.20200905.EPILITHON.8",,,"OK - no known exceptions",,"littoral","epilithon",0.002406,"NEON.DOC.003045vE",,,,,,"0000-0001-5131-1181","0000-0001-6124-7021",
"c7aa4209-6eaa-41e6-91e3-c23525205a31","D18","TOOK","TOOK.AOS.littoral2","lake",68.640502,-149.596089,1.0,717.0,1.0,"WGS84","2020-09-05T17:37Z","TOOK.20200905","TOOK.20200905.PHYTOPLANKTON.3",,,"OK - no known exceptions","N","littoral","phytoplankton",,"NEON.DOC.003045vE",0.5,3.0,,,,"0000-0001-5131-1181","0000-0001-6124-7021",
"5aec8038-4f20-493f-9cf1-0be916d6c6ad","D18","TOOK","TOOK.AOS.riparian.point.04","lake",68.633829,-149.630783,0.3,716.7,0.5,"WGS84","2020-09-05T17:37Z","TOOK.20200905","TOOK.20200905.EPILITHON.4",,,"OK - no known exceptions",,"littoral","epilithon",0.002406,"NEON.DOC.003045vE",,,,,,"0000-0001-5131-1181","0000-0001-6124-7021",
"107d6709-c585-4489-89fd-1f053ef53e6f","D18","TOOK","TOOK.AOS.littoral1","lake",68.625566,-149.595360,1.0,717.3,1.0,"WGS84","2020-09-05T17:37Z","TOOK.20200905","TOOK.20200905.PHYTOPLANKTON.2",,,"OK - no known exceptions","N","littoral","phytoplankton",,"NEON.DOC.003045vE",0.5,3.4,,,,"0000-0001-5131-1181","0000-0001-6124-7021",
"38b0a9d8-d8a6-4936-8ff1-0afeb1bb0055","D18","TOOK","TOOK.AOS.riparian.point.10","lake",68.629073,-149.592146,0.6,715.2,0.8,"WGS84","2020-09-05T17:37Z","TOOK.20200905","TOOK.20200905.EPILITHON.10",,,"OK - no known exceptions",,"littoral","epilithon",0.002406,"NEON.DOC.003045vE",,,,,,"0000-0001-5131-1181","0000-0001-6124-7021",
"e97eca33-2b91-4b89-b1ab-2e823f93f2fe","D18","TOOK","TOOK.AOS.buoy.c1","lake",68.630699,-149.611405,10.0,715.0,10.0,"WGS84","2020-09-05T17:37Z","TOOK.20200905","TOOK.20200905.PHYTOPLANKTON.1",,,"OK - no known exceptions","N","pelagic","phytoplankton",,"NEON.DOC.003045vE",0.5,10.3,11.0,,,"0000-0001-5131-1181","0000-0001-6124-7021",
"59023ad4-795e-441c-a01b-661dfc9a80fb","D18","TOOK","TOOK.AOS.riparian.point.06","lake",68.637315,-149.606243,0.4,717.1,0.5,"WGS84","2020-09-05T17:37Z","TOOK.20200905","TOOK.20200905.EPILITHON.6",,,"OK - no known exceptions",,"littoral","epilithon",0.002406,"NEON.DOC.003045vE",,,,,,"0000-0001-5131-1181","0000-0001-6124-7021",
