uid,domainID,siteID,namedLocation,collectDate,sampleID,sampleCode,sampleCondition,laboratoryName,analysisDate,analyzedBy,sampleType,replicate,sampleVolumeFiltered,filterSize,percentFilterAnalyzed,dilutionFactor,solventVolume,responseFactor,acidificationResponseFactor,fluorometerSensitivitySetting,preAcidificationFluorescence,postAcidificationFluorescence,analyte,analyteConcentration,plantAlgaeLabUnits,testMethod,method,acidTreatment,externalRemarks,externalLabDataQF
"f041d27c-0d91-48bc-a869-b3bf95987a9d","D18","TOOK","TOOK.AOS.buoy.c1","2020-09-05","TOOK.20200905.PHYTOPLANKTON.1.CHL/PHEO.1","B00000125910","condition ok","Great Lakes Environmental Center, Inc.","2020-09-17","4CajRO/thb0=","chlorophyll/pheophytin","1",250,25,100,1,7,420.2586,,,0.1760,0.0810,"pheophytin",4.69,"microgramsPerLiter","GLEC_algalChlorophyll_V1","APHA 10200H",,,
"b04d8071-d3a2-498c-aa8d-3936668d631d","D18","TOOK","TOOK.AOS.riparian.point.08","2020-09-05","TOOK.20200905.EPILITHON.8.REP2.CHL/PHEO.2","B00000125906","condition ok","Great Lakes Environmental Center, Inc.","2020-09-17","4CajRO/thb0=","chlorophyll/pheophytin","2",5,25,100,1,7,420.2586,,,0.1590,0.0400,"pheophytin",65.37,"microgramsPerLiter","GLEC_algalChlorophyll_V1","APHA 10200H",,,
"01aa6c7a-a6df-4f0f-b510-e1dcd6470776","D18","TOOK","TOOK.AOS.littoral1","2020-09-05","TOOK.20200905.PHYTOPLANKTON.2.CHL/PHEO.1","B00000125908","condition ok","Great Lakes Environmental Center, Inc.","2020-09-17","4CajRO/thb0=","chlorophyll/pheophytin","1",250,25,100,1,7,420.2586,,,0.1860,0.0500,"chlorophyll a",1.90,"microgramsPerLiter","GLEC_algalChlorophyll_V1","APHA 10200H",,,
"5918a6c6-f059-47fe-9897-d415f657dc3c","D18","TOOK","TOOK.AOS.buoy.c1","2020-09-05","TOOK.20200905.PHYTOPLANKTON.1.CHL/PHEO.1","B00000125910","condition ok","Great Lakes Environmental Center, Inc.","2020-09-17","4CajRO/thb0=","chlorophyll/pheophytin","1",250,25,100,1,7,420.2586,,,0.1760,0.0810,"chlorophyll a",1.33,"microgramsPerLiter","GLEC_algalChlorophyll_V1","APHA 10200H",,,
"3e733911-bb19-4528-858d-cbae79933bb5","D18","TOOK","TOOK.AOS.riparian.point.06","2020-09-05","TOOK.20200905.EPILITHON.6.CHL/PHEO.1","B00000125904","condition ok","Great Lakes Environmental Center, Inc.","2020-09-17","4CajRO/thb0=","chlorophyll/pheophytin","1",5,25,100,1,7,420.2586,,,0.1070,0.0480,"chlorophyll a",41.25,"microgramsPerLiter","GLEC_algalChlorophyll_V1","APHA 10200H",,,
"a2395d53-f941-4ddf-ba5b-3dc3d8ab06bf","D18","TOOK","TOOK.AOS.riparian.point.02","2020-09-05","TOOK.20200905.EPILITHON.2.CHL/PHEO.1","B00000125902","condition ok","Great Lakes Environmental Center, Inc.","2020-09-17","4CajRO/thb0=","chlorophyll/pheophytin","1",5,25,100,1,7,420.2586,,,0.1930,0.0500,"chlorophyll a",99.97,"microgramsPerLiter","GLEC_algalChlorophyll_V1","APHA 10200H",,,
"9f3bb995-b315-4e4a-8e45-6014e8d85bae","D18","TOOK","TOOK.AOS.riparian.point.10","2020-09-05","TOOK.20200905.EPILITHON.10.CHL/PHEO.1","B00000125907","condition ok","Great Lakes Environmental Center, Inc.","2020-09-17","4CajRO/thb0=","chlorophyll/pheophytin","1",5,25,100,1,7,420.2586,,,0.0860,0.0300,"chlorophyll a",39.15,"microgramsPerLiter","GLEC_algalChlorophyll_V1","APHA 10200H",,,
"1ac4ff56-7f16-41e0-83d0-1f011537eed6","D18","TOOK","TOOK.AOS.littoral2","2020-09-05","TOOK.20200905.PHYTOPLANKTON.3.CHL/PHEO.1","B00000125909","condition ok","Great Lakes Environmental Center, Inc.","2020-09-17","4CajRO/thb0=","chlorophyll/pheophytin","1",250,25,100,1,7,420.2586,,,0.5240,0.4500,"pheophytin",32.39,"microgramsPerLiter","GLEC_algalChlorophyll_V1","APHA 10200H",,,
"765a1815-b36a-4f47-aac2-4d0256b8cf45","D18","TOOK","TOOK.AOS.riparian.point.02","2020-09-05","TOOK.20200905.EPILITHON.2.CHL/PHEO.1","B00000125902","condition ok","Great Lakes Environmental Center, Inc.","2020-09-17","4CajRO/thb0=","chlorophyll/pheophytin","1",5,25,100,1,7,420.2586,,,0.1930,0.0500,"pheophytin",85.73,"microgramsPerLiter","GLEC_algalChlorophyll_V1","APHA 10200H",,,
"631f3cd1-3298-49d5-9847-3603d5989d7e","D18","TOOK","TOOK.AOS.riparian.point.06","2020-09-05","TOOK.20200905.EPILITHON.6.CHL/PHEO.1","B00000125904","condition ok","Great Lakes Environmental Center, Inc.","2020-09-17","4CajRO/thb0=","chlorophyll/pheophytin","1",5,25,100,1,7,420.2586,,,0.1070,0.0480,"pheophytin",137.03,"microgramsPerLiter","GLEC_algalChlorophyll_V1","APHA 10200H",,,
"67f997ed-7759-404f-b7a6-968a98955239","D18","TOOK","TOOK.AOS.riparian.point.08","2020-09-05","TOOK.20200905.EPILITHON.8.CHL/PHEO.1","B00000125905","condition ok","Great Lakes Environmental Center, Inc.","2020-09-17","4CajRO/thb0=","chlorophyll/pheophytin","1",5,25,100,1,7,420.2586,,,0.1500,0.0370,"chlorophyll a",79.00,"microgramsPerLiter","GLEC_algalChlorophyll_V1","APHA 10200H",,,
"cd60bc0c-eeaf-4134-aa37-8a931a9802c3","D18","TOOK","TOOK.AOS.littoral2","2020-09-05","TOOK.20200905.PHYTOPLANKTON.3.CHL/PHEO.1","B00000125909","condition ok","Great Lakes Environmental Center, Inc.","2020-09-17","4CajRO/thb0=","chlorophyll/pheophytin","1",250,25,100,1,7,420.2586,,,0.5240,0.4500,"chlorophyll a",1.03,"microgramsPerLiter","GLEC_algalChlorophyll_V1","APHA 10200H",,,
"7075f2a9-f38f-48d2-911e-8b69ab454e32","D18","TOOK","TOOK.AOS.riparian.point.04","2020-09-05","TOOK.20200905.EPILITHON.4.CHL/PHEO.1","B00000125903","condition ok","Great Lakes Environmental Center, Inc.","2020-09-17","4CajRO/thb0=","chlorophyll/pheophytin","1",5,25,100,1,7,420.2586,,,0.1010,0.0300,"chlorophyll a",49.64,"microgramsPerLiter","GLEC_algalChlorophyll_V1","APHA 10200H",,,
"0098c9b1-4ac6-4008-81ce-7695a95c8fbb","D18","TOOK","TOOK.AOS.riparian.point.08","2020-09-05","TOOK.20200905.EPILITHON.8.REP2.CHL/PHEO.2","B00000125906","condition ok","Great Lakes Environmental Center, Inc.","2020-09-17","4CajRO/thb0=","chlorophyll/pheophytin","2",5,25,100,1,7,420.2586,,,0.1590,0.0400,"chlorophyll a",83.19,"microgramsPerLiter","GLEC_algalChlorophyll_V1","APHA 10200H",,,
"9e4f9b79-bd20-4a06-9826-c81dddc5b2ae","D18","TOOK","TOOK.AOS.littoral1","2020-09-05","TOOK.20200905.PHYTOPLANKTON.2.CHL/PHEO.1","B00000125908","condition ok","Great Lakes Environmental Center, Inc.","2020-09-17","4CajRO/thb0=","chlorophyll/pheophytin","1",250,25,100,1,7,420.2586,,,0.1860,0.0500,"pheophytin",1.81,"microgramsPerLiter","GLEC_algalChlorophyll_V1","APHA 10200H",,,
"4e698e04-7436-4179-97c7-bd3bd001f6a6","D18","TOOK","TOOK.AOS.riparian.point.08","2020-09-05","TOOK.20200905.EPILITHON.8.CHL/PHEO.1","B00000125905","condition ok","Great Lakes Environmental Center, Inc.","2020-09-17","4CajRO/thb0=","chlorophyll/pheophytin","1",5,25,100,1,7,420.2586,,,0.1500,0.0370,"pheophytin",58.42,"microgramsPerLiter","GLEC_algalChlorophyll_V1","APHA 10200H",,,
"daea5411-f40b-4195-891f-29e5dd413767","D18","TOOK","TOOK.AOS.riparian.point.10","2020-09-05","TOOK.20200905.EPILITHON.10.CHL/PHEO.1","B00000125907","condition ok","Great Lakes Environmental Center, Inc.","2020-09-17","4CajRO/thb0=","chlorophyll/pheophytin","1",5,25,100,1,7,420.2586,,,0.0860,0.0300,"pheophytin",72.27,"microgramsPerLiter","GLEC_algalChlorophyll_V1","APHA 10200H",,,
"901c568e-964a-445d-bcf2-dcf6d59f43d2","D18","TOOK","TOOK.AOS.riparian.point.04","2020-09-05","TOOK.20200905.EPILITHON.4.CHL/PHEO.1","B00000125903","condition ok","Great Lakes Environmental Center, Inc.","2020-09-17","4CajRO/thb0=","chlorophyll/pheophytin","1",5,25,100,1,7,420.2586,,,0.1010,0.0300,"pheophytin",61.78,"microgramsPerLiter","GLEC_algalChlorophyll_V1","APHA 10200H",,,
