uid,domainID,siteID,namedLocation,collectDate,parentSampleID,sampleID,sampleCode,filterNumber,analysisType,fieldSampleVolume,domainFilterVolume,storageDays,remarks,measuredBy,recordedBy,sampleCondition,dataQF
"84d33db9-ae14-4d6f-b1bb-0042b1b6f50b","D18","TOOK","TOOK.AOS.riparian.point.04","2020-09-05T17:37Z","TOOK.20200905.EPILITHON.4","TOOK.20200905.EPILITHON.4.CNSB.1","A00000301871",1,"CNSb",125.0,5.0,0.2,,"0000-0001-6124-7021","0000-0001-5131-1181","OK",
"ddf4e4ed-ea15-4328-b345-d6ad966e3492","D18","TOOK","TOOK.AOS.buoy.c1","2020-09-05T17:37Z","TOOK.20200905.PHYTOPLANKTON.1","TOOK.20200905.PHYTOPLANKTON.1.P.1","A00000301914",1,"P",4000.0,500.0,0.2,,"0000-0001-6124-7021","0000-0001-5131-1181","OK",
"fd77813c-da53-43df-a7af-009b431cd085","D18","TOOK","TOOK.AOS.riparian.point.06","2020-09-05T17:37Z","TOOK.20200905.EPILITHON.6","TOOK.20200905.EPILITHON.6.CHL/PHEO.1","B00000125904",1,"chlorophyll/pheophytin",125.0,5.0,0.2,,"0000-0001-6124-7021","0000-0001-5131-1181","OK",
"3f18f106-9b14-4748-8136-2678da272f60","D18","TOOK","TOOK.AOS.riparian.point.04","2020-09-05T17:37Z","TOOK.20200905.EPILITHON.4","TOOK.20200905.EPILITHON.4.CHL/PHEO.1","B00000125903",1,"chlorophyll/pheophytin",125.0,5.0,0.2,,"0000-0001-6124-7021","0000-0001-5131-1181","OK",
"508d5d65-1fa0-44b0-9332-526ed7401e4f","D18","TOOK","TOOK.AOS.riparian.point.08","2020-09-05T17:37Z","TOOK.20200905.EPILITHON.8","TOOK.20200905.EPILITHON.8.CNSB.1","A00000301900",1,"CNSb",125.0,5.0,0.2,,"0000-0001-6124-7021","0000-0001-5131-1181","OK",
"2a5cab98-7a1b-49a6-807a-d6812bf9ddf5","D18","TOOK","TOOK.AOS.riparian.point.02","2020-09-05T17:37Z","TOOK.20200905.EPILITHON.2","TOOK.20200905.EPILITHON.2.CHL/PHEO.1","B00000125902",1,"chlorophyll/pheophytin",125.0,5.0,0.2,,"0000-0001-6124-7021","0000-0001-5131-1181","OK",
"6728662d-7af4-47c8-bbbd-bf308253a131","D18","TOOK","TOOK.AOS.buoy.c1","2020-09-05T17:37Z","TOOK.20200905.PHYTOPLANKTON.1","TOOK.20200905.PHYTOPLANKTON.1.CNSA.1","A00000301979",1,"CNSa",4000.0,500.0,0.2,,"0000-0001-6124-7021","0000-0001-5131-1181","OK",
"69fe570a-569f-4e44-bdc4-47d4d0e33465","D18","TOOK","TOOK.AOS.riparian.point.08","2020-09-05T17:37Z","TOOK.20200905.EPILITHON.8","TOOK.20200905.EPILITHON.8.P.1","A00000301870",1,"P",125.0,5.0,0.2,,"0000-0001-6124-7021","0000-0001-5131-1181","OK",
"a60a2921-44d1-4fe3-8818-4b94be51cc1d","D18","TOOK","TOOK.AOS.riparian.point.06","2020-09-05T17:37Z","TOOK.20200905.EPILITHON.6","TOOK.20200905.EPILITHON.6.CNSA.1","A00000301869",1,"CNSa",125.0,5.0,0.2,,"0000-0001-6124-7021","0000-0001-5131-1181","OK",
"6b5a2f74-6a04-49d8-8476-28db9de18d90","D18","TOOK","TOOK.AOS.littoral2","2020-09-05T17:37Z","TOOK.20200905.PHYTOPLANKTON.3","TOOK.20200905.PHYTOPLANKTON.3.CHL/PHEO.1","B00000125909",1,"chlorophyll/pheophytin",4000.0,250.0,0.3,,"0000-0001-6124-7021","0000-0001-5131-1181","OK",
"8e23966d-9edc-4d46-b562-ce0d5fd9f7d7","D18","TOOK","TOOK.AOS.riparian.point.04","2020-09-05T17:37Z","TOOK.20200905.EPILITHON.4","TOOK.20200905.EPILITHON.4.CNSA.1","A00000301838",1,"CNSa",125.0,5.0,0.2,,"0000-0001-6124-7021","0000-0001-5131-1181","OK",
"9799c5af-22a0-4c97-b1bb-0122d6dcae42","D18","TOOK","TOOK.AOS.riparian.point.08","2020-09-05T17:37Z","TOOK.20200905.EPILITHON.8","TOOK.20200905.EPILITHON.8.REP2.P.2","A00000301964",2,"P",125.0,5.0,0.2,,"0000-0001-6124-7021","0000-0001-5131-1181","OK",
"2376c812-9c34-43cb-9961-02d68f4c2fd5","D18","TOOK","TOOK.AOS.riparian.point.10","2020-09-05T17:37Z","TOOK.20200905.EPILITHON.10","TOOK.20200905.EPILITHON.10.CNSA.1","A00000301899",1,"CNSa",125.0,5.0,0.2,,"0000-0001-6124-7021","0000-0001-5131-1181","OK",
"fc7e900b-0d00-46d2-8e85-8636b724df8e","D18","TOOK","TOOK.AOS.buoy.c1","2020-09-05T17:37Z","TOOK.20200905.PHYTOPLANKTON.1","TOOK.20200905.PHYTOPLANKTON.1.CHL/PHEO.1","B00000125910",1,"chlorophyll/pheophytin",4000.0,250.0,0.2,,"0000-0001-6124-7021","0000-0001-5131-1181","OK",
"3e9019c6-a065-422b-9040-bbcec21ae969","D18","TOOK","TOOK.AOS.riparian.point.02","2020-09-05T17:37Z","TOOK.20200905.EPILITHON.2","TOOK.20200905.EPILITHON.2.P.1","A00000301874",1,"P",125.0,5.0,0.2,,"0000-0001-6124-7021","0000-0001-5131-1181","OK",
"93c7a606-978c-47ed-b44d-f7b0853fc79b","D18","TOOK","TOOK.AOS.littoral1","2020-09-05T17:37Z","TOOK.20200905.PHYTOPLANKTON.2","TOOK.20200905.PHYTOPLANKTON.2.P.1","A00000301963",1,"P",4000.0,500.0,0.2,,"0000-0001-6124-7021","0000-0001-5131-1181","OK",
"00bdc435-39c4-4a46-a0be-862c5fea4a74","D18","TOOK","TOOK.AOS.riparian.point.04","2020-09-05T17:37Z","TOOK.20200905.EPILITHON.4","TOOK.20200905.EPILITHON.4.P.1","A00000301837",1,"P",125.0,5.0,0.2,,"0000-0001-6124-7021","0000-0001-5131-1181","OK",
"aa7bb4d3-b14f-4975-b536-278a49d5b2c3","D18","TOOK","TOOK.AOS.riparian.point.02","2020-09-05T17:37Z","TOOK.20200905.EPILITHON.2","TOOK.20200905.EPILITHON.2.CNSA.1","A00000301842",1,"CNSa",125.0,5.0,0.2,,"0000-0001-6124-7021","0000-0001-5131-1181","OK",
"fa3c5d86-5d20-4888-a663-ea51a86ed887","D18","TOOK","TOOK.AOS.riparian.point.08","2020-09-05T17:37Z","TOOK.20200905.EPILITHON.8","TOOK.20200905.EPILITHON.8.REP2.CHL/PHEO.2","B00000125906",2,"chlorophyll/pheophytin",125.0,5.0,0.2,,"0000-0001-6124-7021","0000-0001-5131-1181","OK",
"347d2021-ad7c-43a6-86c8-41fceb6f7f49","D18","TOOK","TOOK.AOS.littoral1","2020-09-05T17:37Z","TOOK.20200905.PHYTOPLANKTON.2","TOOK.20200905.PHYTOPLANKTON.2.CHL/PHEO.1","B00000125908",1,"chlorophyll/pheophytin",4000.0,250.0,0.2,,"0000-0001-6124-7021","0000-0001-5131-1181","OK",
"141cea4d-4fe7-4e08-bc5c-3532853651f2","D18","TOOK","TOOK.AOS.riparian.point.10","2020-09-05T17:37Z","TOOK.20200905.EPILITHON.10","TOOK.20200905.EPILITHON.10.CHL/PHEO.1","B00000125907",1,"chlorophyll/pheophytin",125.0,5.0,0.2,,"0000-0001-6124-7021","0000-0001-5131-1181","OK",
"9079b207-fc6f-4e5a-8543-1e7af95083f4","D18","TOOK","TOOK.AOS.littoral2","2020-09-05T17:37Z","TOOK.20200905.PHYTOPLANKTON.3","TOOK.20200905.PHYTOPLANKTON.3.CNSB.1","A00000301962",1,"CNSb",4000.0,500.0,0.3,,"0000-0001-6124-7021","0000-0001-5131-1181","OK",
"77c17cd9-c99a-451f-a873-d7008bf99227","D18","TOOK","TOOK.AOS.littoral1","2020-09-05T17:37Z","TOOK.20200905.PHYTOPLANKTON.2","TOOK.20200905.PHYTOPLANKTON.2.CNSA.1","A00000301931",1,"CNSa",4000.0,500.0,0.2,,"0000-0001-6124-7021","0000-0001-5131-1181","OK",
"0173b78c-082b-4f06-bd6d-1f90a341602d","D18","TOOK","TOOK.AOS.riparian.point.10","2020-09-05T17:37Z","TOOK.20200905.EPILITHON.10","TOOK.20200905.EPILITHON.10.P.1","A00000301915",1,"P",125.0,5.0,0.2,,"0000-0001-6124-7021","0000-0001-5131-1181","OK",
"0d738450-402d-4961-bd6d-7bc322aa2319","D18","TOOK","TOOK.AOS.riparian.point.08","2020-09-05T17:37Z","TOOK.20200905.EPILITHON.8","TOOK.20200905.EPILITHON.8.CNSA.1","A00000301916",1,"CNSa",125.0,5.0,0.2,,"0000-0001-6124-7021","0000-0001-5131-1181","OK",
"2d7ae0d9-bbb8-4fea-9b0a-1fef48cc35fc","D18","TOOK","TOOK.AOS.riparian.point.06","2020-09-05T17:37Z","TOOK.20200905.EPILITHON.6","TOOK.20200905.EPILITHON.6.CNSB.1","A00000301853",1,"CNSb",125.0,5.0,0.2,,"0000-0001-6124-7021","0000-0001-5131-1181","OK",
"a4fbd544-0f63-49fe-ac8f-c8df303c8330","D18","TOOK","TOOK.AOS.littoral2","2020-09-05T17:37Z","TOOK.20200905.PHYTOPLANKTON.3","TOOK.20200905.PHYTOPLANKTON.3.P.1","A00000301930",1,"P",4000.0,500.0,0.3,,"0000-0001-6124-7021","0000-0001-5131-1181","OK",
"6954ce3e-bfce-46f4-9f71-7fa59199c2eb","D18","TOOK","TOOK.AOS.riparian.point.10","2020-09-05T17:37Z","TOOK.20200905.EPILITHON.10","TOOK.20200905.EPILITHON.10.CNSB.1","A00000301980",1,"CNSb",125.0,5.0,0.2,,"0000-0001-6124-7021","0000-0001-5131-1181","OK",
"b2a7e4da-e09c-4a56-b032-8df50cbde508","D18","TOOK","TOOK.AOS.buoy.c1","2020-09-05T17:37Z","TOOK.20200905.PHYTOPLANKTON.1","TOOK.20200905.PHYTOPLANKTON.1.CNSB.1","A00000301897",1,"CNSb",4000.0,500.0,0.2,,"0000-0001-6124-7021","0000-0001-5131-1181","OK",
"becb58ee-bf36-4bb3-996c-2b83c50ddf78","D18","TOOK","TOOK.AOS.riparian.point.08","2020-09-05T17:37Z","TOOK.20200905.EPILITHON.8","TOOK.20200905.EPILITHON.8.REP2.CNSA.2","A00000301932",2,"CNSa",125.0,5.0,0.2,,"0000-0001-6124-7021","0000-0001-5131-1181","OK",
"e531423e-d4c3-4406-82ef-a20827a68f5a","D18","TOOK","TOOK.AOS.riparian.point.08","2020-09-05T17:37Z","TOOK.20200905.EPILITHON.8","TOOK.20200905.EPILITHON.8.REP2.CNSB.2","A00000301948",2,"CNSb",125.0,5.0,0.2,,"0000-0001-6124-7021","0000-0001-5131-1181","OK",
"32f97bf6-601c-4bd2-9c0d-884d5b3083d7","D18","TOOK","TOOK.AOS.riparian.point.02","2020-09-05T17:37Z","TOOK.20200905.EPILITHON.2","TOOK.20200905.EPILITHON.2.CNSB.1","A00000301858",1,"CNSb",125.0,5.0,0.2,,"0000-0001-6124-7021","0000-0001-5131-1181","OK",
"1ec60276-c1f9-469b-ba36-9cf43971f6a6","D18","TOOK","TOOK.AOS.littoral1","2020-09-05T17:37Z","TOOK.20200905.PHYTOPLANKTON.2","TOOK.20200905.PHYTOPLANKTON.2.CNSB.1","A00000301947",1,"CNSb",4000.0,500.0,0.2,,"0000-0001-6124-7021","0000-0001-5131-1181","OK",
"8f519748-7c0b-4999-a86a-c8c32bc8c019","D18","TOOK","TOOK.AOS.riparian.point.08","2020-09-05T17:37Z","TOOK.20200905.EPILITHON.8","TOOK.20200905.EPILITHON.8.CHL/PHEO.1","B00000125905",1,"chlorophyll/pheophytin",125.0,5.0,0.2,,"0000-0001-6124-7021","0000-0001-5131-1181","OK",
"ce856d29-ea0f-4df5-a13d-2dab398a4606","D18","TOOK","TOOK.AOS.littoral2","2020-09-05T17:37Z","TOOK.20200905.PHYTOPLANKTON.3","TOOK.20200905.PHYTOPLANKTON.3.CNSA.1","A00000301946",1,"CNSa",4000.0,500.0,0.3,,"0000-0001-6124-7021","0000-0001-5131-1181","OK",
"81ca9167-3469-4a05-b659-38d899856a5b","D18","TOOK","TOOK.AOS.riparian.point.06","2020-09-05T17:37Z","TOOK.20200905.EPILITHON.6","TOOK.20200905.EPILITHON.6.P.1","A00000301854",1,"P",125.0,5.0,0.2,,"0000-0001-6124-7021","0000-0001-5131-1181","OK",
