uid,domainID,siteID,namedLocation,collectDate,sampleID,sampleCode,sampleCondition,laboratoryName,analysisDate,analyzedBy,sampleType,replicate,sampleVolumeFiltered,filterSize,percentFilterAnalyzed,dilutionFactor,solventVolume,responseFactor,acidificationResponseFactor,fluorometerSensitivitySetting,preAcidificationFluorescence,postAcidificationFluorescence,analyte,analyteConcentration,plantAlgaeLabUnits,testMethod,method,acidTreatment,externalRemarks,externalLabDataQF
"c509973a-75c4-49cc-b89a-9de0697216da","D05","LIRO","LIRO.AOS.riparian.point.03","2020-09-10","LIRO.20200910.EPIXYLON.5.CNSA.1","A00000204472","condition ok","SIRFER Lab at University of Utah","2021-09-20","ElFtGy1kV49xqNP00HfxQA==","CNS","1",4,25,100,,,,,,,,"d13C",-28.19,"perMill","SIRFER_algalPlantChem_isotopes_V1","Revesz & Coplen 2012a","N",,
"66eec5b0-5aaf-4dd9-8cfe-5f7cdec6132f","D05","LIRO","LIRO.AOS.buoy.c1","2020-09-10","LIRO.20200910.PHYTOPLANKTON.1.CNSA.1","A00000204487","condition ok","SIRFER Lab at University of Utah","2021-09-20","ElFtGy1kV49xqNP00HfxQA==","CNS","1",100,25,100,,,,,,,,"d13C",-34.44,"perMill","SIRFER_algalPlantChem_isotopes_V1","Revesz & Coplen 2012a","N",,
"78b7df10-b025-4a76-8c66-aacc4475f95a","D05","LIRO","LIRO.AOS.buoy.c1","2020-09-10","LIRO.20200910.PHYTOPLANKTON.1.REP2.CNSA.2","A00000204461","condition ok","SIRFER Lab at University of Utah","2021-09-20","ElFtGy1kV49xqNP00HfxQA==","CNS","1",100,25,100,,,,,,,,"carbon",1417.75,"microgramsPerLiter","SIRFER_algalPlantChem_isotopes_V1","Revesz & Coplen 2012a","N",,
"31ffa197-55a0-4d38-8ef2-5bf026d7b79e","D05","LIRO","LIRO.AOS.riparian.point.07","2020-09-10","LIRO.20200910.EPIXYLON.3.CNSB.1","A00000204468","condition ok","SIRFER Lab at University of Utah","2021-09-22","ElFtGy1kV49xqNP00HfxQA==","CNS","1",4,25,100,,,,,,,,"d13C",-28.16,"perMill","SIRFER_algalPlantChem_isotopes_V1","Revesz & Coplen 2012a","Y",,
"ddfec639-185f-40f4-9f01-3954e7d98303","D05","LIRO","LIRO.AOS.riparian.point.03","2020-09-10","LIRO.20200910.EPIXYLON.5.CNSA.1","A00000204472","condition ok","SIRFER Lab at University of Utah","2021-09-20","ElFtGy1kV49xqNP00HfxQA==","CNS","1",4,25,100,,,,,,,,"carbon",105290.66,"microgramsPerLiter","SIRFER_algalPlantChem_isotopes_V1","Revesz & Coplen 2012a","N",,
"5bc7e122-9cbd-4fc6-98a5-d84b8bb59892","D05","LIRO","LIRO.AOS.riparian.point.07","2020-09-10","LIRO.20200910.EPIXYLON.3.CNSA.1","A00000204467","condition ok","SIRFER Lab at University of Utah","2021-09-20","ElFtGy1kV49xqNP00HfxQA==","CNS","1",4,25,100,,,,,,,,"carbon",96616.19,"microgramsPerLiter","SIRFER_algalPlantChem_isotopes_V1","Revesz & Coplen 2012a","N",,
"08a6bf22-247a-4fc3-be68-2181785982cd","D05","LIRO","LIRO.AOS.buoy.c1","2020-09-10","LIRO.20200910.PHYTOPLANKTON.1.CNSA.1","A00000204487","condition ok","SIRFER Lab at University of Utah","2021-09-20","ElFtGy1kV49xqNP00HfxQA==","CNS","1",100,25,100,,,,,,,,"carbon",1400.44,"microgramsPerLiter","SIRFER_algalPlantChem_isotopes_V1","Revesz & Coplen 2012a","N",,
"f579e338-0398-4eae-a762-73e0d803e592","D05","LIRO","LIRO.AOS.riparian.point.01","2020-09-10","LIRO.20200910.EPIXYLON.7.CNSB.1","A00000204458","condition ok","SIRFER Lab at University of Utah","2021-09-23","ElFtGy1kV49xqNP00HfxQA==","CNS","1",4,25,100,,,,,,,,"d13C",-30.35,"perMill","SIRFER_algalPlantChem_isotopes_V1","Revesz & Coplen 2012a","Y",,
"29f787a7-28da-4e6d-9488-65535184f5d9","D05","LIRO","LIRO.AOS.riparian.point.05","2020-09-10","LIRO.20200910.EPIXYLON.4.CNSA.1","A00000204469","condition ok","SIRFER Lab at University of Utah","2021-09-20","ElFtGy1kV49xqNP00HfxQA==","CNS","1",4,25,100,,,,,,,,"d15N",0.17,"perMill","SIRFER_algalPlantChem_isotopes_V1","Revesz & Coplen 2012a","N",,
"2f9b5dd4-aff4-4eb0-8544-b9fb8f91bc71","D05","LIRO","LIRO.AOS.riparian.point.01","2020-09-10","LIRO.20200910.EPIXYLON.7.CNSB.1","A00000204458","condition ok","SIRFER Lab at University of Utah","2021-09-23","ElFtGy1kV49xqNP00HfxQA==","CNS","1",4,25,100,,,,,,,,"carbon",124679.57,"microgramsPerLiter","SIRFER_algalPlantChem_isotopes_V1","Revesz & Coplen 2012a","Y",,
"cd18c0a8-9beb-4dc7-837d-86b0c8366ca8","D05","LIRO","LIRO.AOS.littoral1","2020-09-10","LIRO.20200910.PHYTOPLANKTON.2.CNSA.1","A00000204490","condition ok","SIRFER Lab at University of Utah","2021-09-17","ElFtGy1kV49xqNP00HfxQA==","CNS","1",100,25,100,,,,,,,,"d34S",2.47,"perMill","SIRFER_algalPlantChem_isotopes_V1","Revesz & Coplen 2012b","N",,
"3b8cc551-dc53-4613-ab6c-0e29f69e60c0","D05","LIRO","LIRO.AOS.riparian.point.01","2020-09-10","LIRO.20200910.EPIXYLON.7.CNSA.1","A00000204459","condition ok","SIRFER Lab at University of Utah","2021-09-20","ElFtGy1kV49xqNP00HfxQA==","CNS","1",4,25,100,,,,,,,,"sulfur",857.06,"microgramsPerLiter","SIRFER_algalPlantChem_isotopes_V1","Revesz & Coplen 2012b","N",,
"8fa008a7-082e-4c35-aeb1-7382bbf67332","D05","LIRO","LIRO.AOS.riparian.point.09","2020-09-10","LIRO.20200910.EPIXYLON.6.CNSB.1","A00000204476","condition ok","SIRFER Lab at University of Utah","2021-09-22","ElFtGy1kV49xqNP00HfxQA==","CNS","1",4,25,100,,,,,,,,"d13C",-28.28,"perMill","SIRFER_algalPlantChem_isotopes_V1","Revesz & Coplen 2012a","Y",,
"a4b0d99e-5b6a-4324-ab1f-fc1efe9b12bf","D05","LIRO","LIRO.AOS.buoy.c1","2020-09-10","LIRO.20200910.PHYTOPLANKTON.1.REP2.CNSA.2","A00000204461","condition ok","SIRFER Lab at University of Utah","2021-09-20","ElFtGy1kV49xqNP00HfxQA==","CNS","1",100,25,100,,,,,,,,"nitrogen",167.44,"microgramsPerLiter","SIRFER_algalPlantChem_isotopes_V1","Revesz & Coplen 2012a","N",,
"2470c052-99f4-41cd-91bb-b21aaf8b528f","D05","LIRO","LIRO.AOS.littoral1","2020-09-10","LIRO.20200910.PHYTOPLANKTON.2.CNSB.1","A00000204491","condition ok","SIRFER Lab at University of Utah","2021-09-23","ElFtGy1kV49xqNP00HfxQA==","CNS","1",100,25,100,,,,,,,,"d13C",-30.61,"perMill","SIRFER_algalPlantChem_isotopes_V1","Revesz & Coplen 2012a","Y",,
"78ab0962-4363-4ade-a2be-259d9d1c39b6","D05","LIRO","LIRO.AOS.riparian.point.01","2020-09-10","LIRO.20200910.EPIXYLON.7.CNSA.1","A00000204459","condition ok","SIRFER Lab at University of Utah","2021-09-20","ElFtGy1kV49xqNP00HfxQA==","CNS","1",4,25,100,,,,,,,,"d15N",0.78,"perMill","SIRFER_algalPlantChem_isotopes_V1","Revesz & Coplen 2012a","N",,
"0665beb0-5914-4028-8665-803c0d79f5b3","D05","LIRO","LIRO.AOS.buoy.c1","2020-09-10","LIRO.20200910.PHYTOPLANKTON.1.CNSA.1","A00000204487","condition ok","SIRFER Lab at University of Utah","2021-09-20","ElFtGy1kV49xqNP00HfxQA==","CNS","1",100,25,100,,,,,,,,"d15N",2.83,"perMill","SIRFER_algalPlantChem_isotopes_V1","Revesz & Coplen 2012a","N",,
"8eb67656-fa57-41ca-8e17-07a3ab94ca0c","D05","LIRO","LIRO.AOS.riparian.point.03","2020-09-10","LIRO.20200910.EPIXYLON.5.CNSA.1","A00000204472","condition ok","SIRFER Lab at University of Utah","2021-09-20","ElFtGy1kV49xqNP00HfxQA==","CNS","1",4,25,100,,,,,,,,"d15N",0.31,"perMill","SIRFER_algalPlantChem_isotopes_V1","Revesz & Coplen 2012a","N",,
"ef60d62c-d662-4c8f-ba69-82e6a098ce0a","D05","LIRO","LIRO.AOS.littoral1","2020-09-10","LIRO.20200910.PHYTOPLANKTON.2.CNSA.1","A00000204490","condition ok","SIRFER Lab at University of Utah","2021-09-17","ElFtGy1kV49xqNP00HfxQA==","CNS","1",100,25,100,,,,,,,,"sulfur",6.07,"microgramsPerLiter","SIRFER_algalPlantChem_isotopes_V1","Revesz & Coplen 2012b","N",,
"6d4db2bf-9ad6-4b1a-a70c-e902893dbb2e","D05","LIRO","LIRO.AOS.littoral1","2020-09-10","LIRO.20200910.PHYTOPLANKTON.2.CNSA.1","A00000204490","condition ok","SIRFER Lab at University of Utah","2021-09-17","ElFtGy1kV49xqNP00HfxQA==","CNS","1",100,25,100,,,,,,,,"d15N",2.12,"perMill","SIRFER_algalPlantChem_isotopes_V1","Revesz & Coplen 2012a","N",,
"58ae9ff8-0508-4243-96c3-88a73564abb6","D05","LIRO","LIRO.AOS.littoral1","2020-09-10","LIRO.20200910.PHYTOPLANKTON.2.CNSA.1","A00000204490","condition ok","SIRFER Lab at University of Utah","2021-09-17","ElFtGy1kV49xqNP00HfxQA==","CNS","1",100,25,100,,,,,,,,"carbon",626.56,"microgramsPerLiter","SIRFER_algalPlantChem_isotopes_V1","Revesz & Coplen 2012a","N",,
"2f0e0190-260e-4b75-adb6-1da7ac3145f2","D05","LIRO","LIRO.AOS.buoy.c1","2020-09-10","LIRO.20200910.PHYTOPLANKTON.1.REP2.CNSB.2","A00000204462","condition ok","SIRFER Lab at University of Utah","2021-09-23","ElFtGy1kV49xqNP00HfxQA==","CNS","1",100,25,100,,,,,,,,"carbon",1465.06,"microgramsPerLiter","SIRFER_algalPlantChem_isotopes_V1","Revesz & Coplen 2012a","Y",,
"a7b5837b-d93a-4fc2-ad0a-88f9e28fbe9c","D05","LIRO","LIRO.AOS.riparian.point.01","2020-09-10","LIRO.20200910.EPIXYLON.7.CNSA.1","A00000204459","condition ok","SIRFER Lab at University of Utah","2021-09-20","ElFtGy1kV49xqNP00HfxQA==","CNS","1",4,25,100,,,,,,,,"d34S",3.36,"perMill","SIRFER_algalPlantChem_isotopes_V1","Revesz & Coplen 2012b","N",,
"b015fb12-6e31-45fb-8ecd-066dfdd8b410","D05","LIRO","LIRO.AOS.riparian.point.07","2020-09-10","LIRO.20200910.EPIXYLON.3.CNSA.1","A00000204467","condition ok","SIRFER Lab at University of Utah","2021-09-20","ElFtGy1kV49xqNP00HfxQA==","CNS","1",4,25,100,,,,,,,,"d15N",1.00,"perMill","SIRFER_algalPlantChem_isotopes_V1","Revesz & Coplen 2012a","N",,
"ca3c50f0-dba4-4f21-befa-6a07f02a6c55","D05","LIRO","LIRO.AOS.riparian.point.09","2020-09-10","LIRO.20200910.EPIXYLON.6.CNSA.1","A00000204475","condition ok","SIRFER Lab at University of Utah","2021-09-20","ElFtGy1kV49xqNP00HfxQA==","CNS","1",4,25,100,,,,,,,,"carbon",101407.29,"microgramsPerLiter","SIRFER_algalPlantChem_isotopes_V1","Revesz & Coplen 2012a","N",,
"bbc0b74f-e9c1-4243-a9fd-a16376003269","D05","LIRO","LIRO.AOS.buoy.c1","2020-09-10","LIRO.20200910.PHYTOPLANKTON.1.CNSB.1","A00000204488","condition ok","SIRFER Lab at University of Utah","2021-09-23","ElFtGy1kV49xqNP00HfxQA==","CNS","1",100,25,100,,,,,,,,"d13C",-34.01,"perMill","SIRFER_algalPlantChem_isotopes_V1","Revesz & Coplen 2012a","Y",,
"5fc6b84f-bcb0-447d-94cb-a3b3bda51f9b","D05","LIRO","LIRO.AOS.riparian.point.05","2020-09-10","LIRO.20200910.EPIXYLON.4.CNSA.1","A00000204469","condition ok","SIRFER Lab at University of Utah","2021-09-20","ElFtGy1kV49xqNP00HfxQA==","CNS","1",4,25,100,,,,,,,,"d13C",-28.40,"perMill","SIRFER_algalPlantChem_isotopes_V1","Revesz & Coplen 2012a","N",,
"173fe740-5dac-42b0-b41a-8526d89586e4","D05","LIRO","LIRO.AOS.riparian.point.09","2020-09-10","LIRO.20200910.EPIXYLON.6.CNSA.1","A00000204475","condition ok","SIRFER Lab at University of Utah","2021-09-20","ElFtGy1kV49xqNP00HfxQA==","CNS","1",4,25,100,,,,,,,,"d13C",-28.30,"perMill","SIRFER_algalPlantChem_isotopes_V1","Revesz & Coplen 2012a","N",,
"7be5ca18-e9a3-49f8-933a-ac73e543090c","D05","LIRO","LIRO.AOS.riparian.point.05","2020-09-10","LIRO.20200910.EPIXYLON.4.CNSA.1","A00000204469","condition ok","SIRFER Lab at University of Utah","2021-09-20","ElFtGy1kV49xqNP00HfxQA==","CNS","1",4,25,100,,,,,,,,"d34S",3.28,"perMill","SIRFER_algalPlantChem_isotopes_V1","Revesz & Coplen 2012b","N",,
"5cf4fd22-74b5-4cf9-a890-e9c3bd909d97","D05","LIRO","LIRO.AOS.riparian.point.09","2020-09-10","LIRO.20200910.EPIXYLON.6.CNSB.1","A00000204476","condition ok","SIRFER Lab at University of Utah","2021-09-22","ElFtGy1kV49xqNP00HfxQA==","CNS","1",4,25,100,,,,,,,,"carbon",99826.52,"microgramsPerLiter","SIRFER_algalPlantChem_isotopes_V1","Revesz & Coplen 2012a","Y",,
"7f5d9f56-9e1d-4d81-a03f-9c2905ee9095","D05","LIRO","LIRO.AOS.riparian.point.05","2020-09-10","LIRO.20200910.EPIXYLON.4.CNSB.1","A00000204470","condition ok","SIRFER Lab at University of Utah","2021-09-22","ElFtGy1kV49xqNP00HfxQA==","CNS","1",4,25,100,,,,,,,,"carbon",44541.78,"microgramsPerLiter","SIRFER_algalPlantChem_isotopes_V1","Revesz & Coplen 2012a","Y",,
"5863998a-b262-407d-ad1d-7490adfb6fdb","D05","LIRO","LIRO.AOS.buoy.c1","2020-09-10","LIRO.20200910.PHYTOPLANKTON.1.CNSA.1","A00000204487","condition ok","SIRFER Lab at University of Utah","2021-09-20","ElFtGy1kV49xqNP00HfxQA==","CNS","1",100,25,100,,,,,,,,"nitrogen",162.03,"microgramsPerLiter","SIRFER_algalPlantChem_isotopes_V1","Revesz & Coplen 2012a","N",,
"20fb1aa2-bc25-480c-826a-a4278b9f3bb7","D05","LIRO","LIRO.AOS.littoral2","2020-09-10","LIRO.20200910.PHYTOPLANKTON.8.CNSA.1","A00000204464","condition ok","SIRFER Lab at University of Utah","2021-09-17","ElFtGy1kV49xqNP00HfxQA==","CNS","1",100,25,100,,,,,,,,"d13C",-30.58,"perMill","SIRFER_algalPlantChem_isotopes_V1","Revesz & Coplen 2012a","N",,
"8b5927a3-3ca3-4a19-b1c5-09b9f74d194e","D05","LIRO","LIRO.AOS.riparian.point.03","2020-09-10","LIRO.20200910.EPIXYLON.5.CNSA.1","A00000204472","condition ok","SIRFER Lab at University of Utah","2021-09-20","ElFtGy1kV49xqNP00HfxQA==","CNS","1",4,25,100,,,,,,,,"sulfur",536.01,"microgramsPerLiter","SIRFER_algalPlantChem_isotopes_V1","Revesz & Coplen 2012b","N",,
"19f3156e-df07-4da5-9497-d15a85c57183","D05","LIRO","LIRO.AOS.littoral1","2020-09-10","LIRO.20200910.PHYTOPLANKTON.2.CNSB.1","A00000204491","condition ok","SIRFER Lab at University of Utah","2021-09-23","ElFtGy1kV49xqNP00HfxQA==","CNS","1",100,25,100,,,,,,,,"carbon",773.80,"microgramsPerLiter","SIRFER_algalPlantChem_isotopes_V1","Revesz & Coplen 2012a","Y",,
"53e3d375-94bd-46b8-9802-ea3a5dfc0f05","D05","LIRO","LIRO.AOS.littoral2","2020-09-10","LIRO.20200910.PHYTOPLANKTON.8.CNSA.1","A00000204464","condition ok","SIRFER Lab at University of Utah","2021-09-17","ElFtGy1kV49xqNP00HfxQA==","CNS","1",100,25,100,,,,,,,,"d34S",2.21,"perMill","SIRFER_algalPlantChem_isotopes_V1","Revesz & Coplen 2012b","N",,
"03e2edb3-e60d-436b-a6ec-83abc2b4d208","D05","LIRO","LIRO.AOS.riparian.point.03","2020-09-10","LIRO.20200910.EPIXYLON.5.CNSA.1","A00000204472","condition ok","SIRFER Lab at University of Utah","2021-09-20","ElFtGy1kV49xqNP00HfxQA==","CNS","1",4,25,100,,,,,,,,"nitrogen",4790.61,"microgramsPerLiter","SIRFER_algalPlantChem_isotopes_V1","Revesz & Coplen 2012a","N",,
"9ebcc8b6-1256-4365-b333-a5e05d71007e","D05","LIRO","LIRO.AOS.riparian.point.01","2020-09-10","LIRO.20200910.EPIXYLON.7.CNSA.1","A00000204459","condition ok","SIRFER Lab at University of Utah","2021-09-20","ElFtGy1kV49xqNP00HfxQA==","CNS","1",4,25,100,,,,,,,,"carbon",125314.83,"microgramsPerLiter","SIRFER_algalPlantChem_isotopes_V1","Revesz & Coplen 2012a","N",,
"f0fc44e1-bd63-4e7f-b8e5-550e3c8f75cf","D05","LIRO","LIRO.AOS.riparian.point.09","2020-09-10","LIRO.20200910.EPIXYLON.6.CNSA.1","A00000204475","condition ok","SIRFER Lab at University of Utah","2021-09-20","ElFtGy1kV49xqNP00HfxQA==","CNS","1",4,25,100,,,,,,,,"sulfur",951.60,"microgramsPerLiter","SIRFER_algalPlantChem_isotopes_V1","Revesz & Coplen 2012b","N",,
"56bc24d4-18df-4c16-bec6-6359a102a5b4","D05","LIRO","LIRO.AOS.buoy.c1","2020-09-10","LIRO.20200910.PHYTOPLANKTON.1.REP2.CNSB.2","A00000204462","condition ok","SIRFER Lab at University of Utah","2021-09-23","ElFtGy1kV49xqNP00HfxQA==","CNS","1",100,25,100,,,,,,,,"d13C",-34.28,"perMill","SIRFER_algalPlantChem_isotopes_V1","Revesz & Coplen 2012a","Y",,
"6894a9a9-0326-4064-89bf-d6dba53253f1","D05","LIRO","LIRO.AOS.riparian.point.07","2020-09-10","LIRO.20200910.EPIXYLON.3.CNSA.1","A00000204467","condition ok","SIRFER Lab at University of Utah","2021-09-20","ElFtGy1kV49xqNP00HfxQA==","CNS","1",4,25,100,,,,,,,,"d13C",-28.39,"perMill","SIRFER_algalPlantChem_isotopes_V1","Revesz & Coplen 2012a","N",,
"09b6125d-6a29-45c6-877e-fb57c7b23ec6","D05","LIRO","LIRO.AOS.riparian.point.05","2020-09-10","LIRO.20200910.EPIXYLON.4.CNSA.1","A00000204469","condition ok","SIRFER Lab at University of Utah","2021-09-20","ElFtGy1kV49xqNP00HfxQA==","CNS","1",4,25,100,,,,,,,,"nitrogen",7204.71,"microgramsPerLiter","SIRFER_algalPlantChem_isotopes_V1","Revesz & Coplen 2012a","N",,
"e4fcb6ae-7c9a-4833-a7d7-f1d902904c99","D05","LIRO","LIRO.AOS.riparian.point.07","2020-09-10","LIRO.20200910.EPIXYLON.3.CNSA.1","A00000204467","condition ok","SIRFER Lab at University of Utah","2021-09-20","ElFtGy1kV49xqNP00HfxQA==","CNS","1",4,25,100,,,,,,,,"nitrogen",4606.61,"microgramsPerLiter","SIRFER_algalPlantChem_isotopes_V1","Revesz & Coplen 2012a","N",,
"80037810-336f-48af-ad45-b62fea02df88","D05","LIRO","LIRO.AOS.littoral2","2020-09-10","LIRO.20200910.PHYTOPLANKTON.8.CNSA.1","A00000204464","condition ok","SIRFER Lab at University of Utah","2021-09-17","ElFtGy1kV49xqNP00HfxQA==","CNS","1",100,25,100,,,,,,,,"nitrogen",44.48,"microgramsPerLiter","SIRFER_algalPlantChem_isotopes_V1","Revesz & Coplen 2012a","N",,
"57ab0167-8a69-4e69-8790-55eeeb397d3b","D05","LIRO","LIRO.AOS.buoy.c1","2020-09-10","LIRO.20200910.PHYTOPLANKTON.1.CNSB.1","A00000204488","condition ok","SIRFER Lab at University of Utah","2021-09-23","ElFtGy1kV49xqNP00HfxQA==","CNS","1",100,25,100,,,,,,,,"carbon",1446.60,"microgramsPerLiter","SIRFER_algalPlantChem_isotopes_V1","Revesz & Coplen 2012a","Y",,
"fbafdd4e-cf73-41a9-ba0e-79f191dfdf19","D05","LIRO","LIRO.AOS.littoral2","2020-09-10","LIRO.20200910.PHYTOPLANKTON.8.CNSB.1","A00000204465","condition ok","SIRFER Lab at University of Utah","2021-09-23","ElFtGy1kV49xqNP00HfxQA==","CNS","1",100,25,100,,,,,,,,"carbon",1776.35,"microgramsPerLiter","SIRFER_algalPlantChem_isotopes_V1","Revesz & Coplen 2012a","Y",,
"c96b549c-4ec2-4be5-a9a4-f603b1e4f37d","D05","LIRO","LIRO.AOS.littoral1","2020-09-10","LIRO.20200910.PHYTOPLANKTON.2.CNSA.1","A00000204490","condition ok","SIRFER Lab at University of Utah","2021-09-17","ElFtGy1kV49xqNP00HfxQA==","CNS","1",100,25,100,,,,,,,,"nitrogen",48.46,"microgramsPerLiter","SIRFER_algalPlantChem_isotopes_V1","Revesz & Coplen 2012a","N",,
"2320f265-56fb-40a5-8006-286ad6b6a7b8","D05","LIRO","LIRO.AOS.littoral2","2020-09-10","LIRO.20200910.PHYTOPLANKTON.8.CNSB.1","A00000204465","condition ok","SIRFER Lab at University of Utah","2021-09-23","ElFtGy1kV49xqNP00HfxQA==","CNS","1",100,25,100,,,,,,,,"d13C",-26.87,"perMill","SIRFER_algalPlantChem_isotopes_V1","Revesz & Coplen 2012a","Y",,
"2a1db5d1-b48b-4ab0-a047-b1a830a4ebd8","D05","LIRO","LIRO.AOS.riparian.point.01","2020-09-10","LIRO.20200910.EPIXYLON.7.CNSA.1","A00000204459","condition ok","SIRFER Lab at University of Utah","2021-09-20","ElFtGy1kV49xqNP00HfxQA==","CNS","1",4,25,100,,,,,,,,"nitrogen",8529.41,"microgramsPerLiter","SIRFER_algalPlantChem_isotopes_V1","Revesz & Coplen 2012a","N",,
"616e70d2-b5b8-4468-bdad-bb4420ba9cb2","D05","LIRO","LIRO.AOS.riparian.point.09","2020-09-10","LIRO.20200910.EPIXYLON.6.CNSA.1","A00000204475","condition ok","SIRFER Lab at University of Utah","2021-09-20","ElFtGy1kV49xqNP00HfxQA==","CNS","1",4,25,100,,,,,,,,"nitrogen",13193.96,"microgramsPerLiter","SIRFER_algalPlantChem_isotopes_V1","Revesz & Coplen 2012a","N",,
"3458dae0-47ad-49d6-993d-fccd8024f47b","D05","LIRO","LIRO.AOS.littoral1","2020-09-10","LIRO.20200910.PHYTOPLANKTON.2.CNSA.1","A00000204490","condition ok","SIRFER Lab at University of Utah","2021-09-17","ElFtGy1kV49xqNP00HfxQA==","CNS","1",100,25,100,,,,,,,,"d13C",-30.41,"perMill","SIRFER_algalPlantChem_isotopes_V1","Revesz & Coplen 2012a","N",,
"4d4d6653-c82b-45e9-9326-52d4b3c80a2f","D05","LIRO","LIRO.AOS.littoral2","2020-09-10","LIRO.20200910.PHYTOPLANKTON.8.CNSA.1","A00000204464","condition ok","SIRFER Lab at University of Utah","2021-09-17","ElFtGy1kV49xqNP00HfxQA==","CNS","1",100,25,100,,,,,,,,"d15N",1.48,"perMill","SIRFER_algalPlantChem_isotopes_V1","Revesz & Coplen 2012a","N",,
"55c6033c-5960-4c6d-87ac-faf82ae8df26","D05","LIRO","LIRO.AOS.littoral2","2020-09-10","LIRO.20200910.PHYTOPLANKTON.8.CNSA.1","A00000204464","condition ok","SIRFER Lab at University of Utah","2021-09-17","ElFtGy1kV49xqNP00HfxQA==","CNS","1",100,25,100,,,,,,,,"carbon",1600.26,"microgramsPerLiter","SIRFER_algalPlantChem_isotopes_V1","Revesz & Coplen 2012a","N",,
"cb0948ef-8716-4e18-adc4-77aeba056c07","D05","LIRO","LIRO.AOS.buoy.c1","2020-09-10","LIRO.20200910.PHYTOPLANKTON.1.REP2.CNSA.2","A00000204461","condition ok","SIRFER Lab at University of Utah","2021-09-20","ElFtGy1kV49xqNP00HfxQA==","CNS","1",100,25,100,,,,,,,,"d15N",3.02,"perMill","SIRFER_algalPlantChem_isotopes_V1","Revesz & Coplen 2012a","N",,
"32f13e5f-6098-46fd-8ecd-e23dbc6a2b5e","D05","LIRO","LIRO.AOS.riparian.point.03","2020-09-10","LIRO.20200910.EPIXYLON.5.CNSB.1","A00000204473","condition ok","SIRFER Lab at University of Utah","2021-09-22","ElFtGy1kV49xqNP00HfxQA==","CNS","1",4,25,100,,,,,,,,"d13C",-27.95,"perMill","SIRFER_algalPlantChem_isotopes_V1","Revesz & Coplen 2012a","Y",,
"df70b395-acbb-4f06-a142-0361720233d1","D05","LIRO","LIRO.AOS.buoy.c1","2020-09-10","LIRO.20200910.PHYTOPLANKTON.1.REP2.CNSA.2","A00000204461","condition ok","SIRFER Lab at University of Utah","2021-09-20","ElFtGy1kV49xqNP00HfxQA==","CNS","1",100,25,100,,,,,,,,"sulfur",17.13,"microgramsPerLiter","SIRFER_algalPlantChem_isotopes_V1","Revesz & Coplen 2012b","N",,
"f25130e4-866a-476b-aaf5-a34bb73615ad","D05","LIRO","LIRO.AOS.riparian.point.07","2020-09-10","LIRO.20200910.EPIXYLON.3.CNSA.1","A00000204467","condition ok","SIRFER Lab at University of Utah","2021-09-20","ElFtGy1kV49xqNP00HfxQA==","CNS","1",4,25,100,,,,,,,,"d34S",4.29,"perMill","SIRFER_algalPlantChem_isotopes_V1","Revesz & Coplen 2012b","N",,
"1921bea1-1e8e-419d-9397-59d9c55d413a","D05","LIRO","LIRO.AOS.riparian.point.05","2020-09-10","LIRO.20200910.EPIXYLON.4.CNSB.1","A00000204470","condition ok","SIRFER Lab at University of Utah","2021-09-22","ElFtGy1kV49xqNP00HfxQA==","CNS","1",4,25,100,,,,,,,,"d13C",-29.26,"perMill","SIRFER_algalPlantChem_isotopes_V1","Revesz & Coplen 2012a","Y",,
"663e8a3a-7acb-4352-a20c-e74610021ba4","D05","LIRO","LIRO.AOS.riparian.point.07","2020-09-10","LIRO.20200910.EPIXYLON.3.CNSB.1","A00000204468","condition ok","SIRFER Lab at University of Utah","2021-09-22","ElFtGy1kV49xqNP00HfxQA==","CNS","1",4,25,100,,,,,,,,"carbon",98763.85,"microgramsPerLiter","SIRFER_algalPlantChem_isotopes_V1","Revesz & Coplen 2012a","Y",,
"c2388e6f-68b9-4e97-bc3f-9b2550d79326","D05","LIRO","LIRO.AOS.buoy.c1","2020-09-10","LIRO.20200910.PHYTOPLANKTON.1.REP2.CNSA.2","A00000204461","condition ok","SIRFER Lab at University of Utah","2021-09-20","ElFtGy1kV49xqNP00HfxQA==","CNS","1",100,25,100,,,,,,,,"d34S",-1.13,"perMill","SIRFER_algalPlantChem_isotopes_V1","Revesz & Coplen 2012b","N",,
"3ba9be78-92a9-43b7-b57e-eebc940e2b80","D05","LIRO","LIRO.AOS.riparian.point.09","2020-09-10","LIRO.20200910.EPIXYLON.6.CNSA.1","A00000204475","condition ok","SIRFER Lab at University of Utah","2021-09-20","ElFtGy1kV49xqNP00HfxQA==","CNS","1",4,25,100,,,,,,,,"d34S",4.75,"perMill","SIRFER_algalPlantChem_isotopes_V1","Revesz & Coplen 2012b","N",,
"75fefcc9-45d1-463a-a83e-2a8af6d2420d","D05","LIRO","LIRO.AOS.buoy.c1","2020-09-10","LIRO.20200910.PHYTOPLANKTON.1.CNSA.1","A00000204487","condition ok","SIRFER Lab at University of Utah","2021-09-20","ElFtGy1kV49xqNP00HfxQA==","CNS","1",100,25,100,,,,,,,,"d34S",-1.37,"perMill","SIRFER_algalPlantChem_isotopes_V1","Revesz & Coplen 2012b","N",,
"d71abbe3-a5cf-49dc-9fa3-28bdc496c71e","D05","LIRO","LIRO.AOS.riparian.point.07","2020-09-10","LIRO.20200910.EPIXYLON.3.CNSA.1","A00000204467","condition ok","SIRFER Lab at University of Utah","2021-09-20","ElFtGy1kV49xqNP00HfxQA==","CNS","1",4,25,100,,,,,,,,"sulfur",533.47,"microgramsPerLiter","SIRFER_algalPlantChem_isotopes_V1","Revesz & Coplen 2012b","N",,
"45b21882-2ba2-42ec-ae10-cbee17ac8a2c","D05","LIRO","LIRO.AOS.buoy.c1","2020-09-10","LIRO.20200910.PHYTOPLANKTON.1.CNSA.1","A00000204487","condition ok","SIRFER Lab at University of Utah","2021-09-20","ElFtGy1kV49xqNP00HfxQA==","CNS","1",100,25,100,,,,,,,,"sulfur",16.61,"microgramsPerLiter","SIRFER_algalPlantChem_isotopes_V1","Revesz & Coplen 2012b","N",,
"b5f44d65-15c5-49b9-af27-3ca1307554c4","D05","LIRO","LIRO.AOS.riparian.point.05","2020-09-10","LIRO.20200910.EPIXYLON.4.CNSA.1","A00000204469","condition ok","SIRFER Lab at University of Utah","2021-09-20","ElFtGy1kV49xqNP00HfxQA==","CNS","1",4,25,100,,,,,,,,"sulfur",611.82,"microgramsPerLiter","SIRFER_algalPlantChem_isotopes_V1","Revesz & Coplen 2012b","N",,
"3f2e5f84-ac24-4afe-90cb-d359ccf7bb35","D05","LIRO","LIRO.AOS.buoy.c1","2020-09-10","LIRO.20200910.PHYTOPLANKTON.1.REP2.CNSA.2","A00000204461","condition ok","SIRFER Lab at University of Utah","2021-09-20","ElFtGy1kV49xqNP00HfxQA==","CNS","1",100,25,100,,,,,,,,"d13C",-34.30,"perMill","SIRFER_algalPlantChem_isotopes_V1","Revesz & Coplen 2012a","N",,
"9be80cc0-23cb-4400-b874-6f4be2bef872","D05","LIRO","LIRO.AOS.riparian.point.03","2020-09-10","LIRO.20200910.EPIXYLON.5.CNSB.1","A00000204473","condition ok","SIRFER Lab at University of Utah","2021-09-22","ElFtGy1kV49xqNP00HfxQA==","CNS","1",4,25,100,,,,,,,,"carbon",105979.73,"microgramsPerLiter","SIRFER_algalPlantChem_isotopes_V1","Revesz & Coplen 2012a","Y",,
"5f174ee4-a4e1-4382-ba3c-eabec0a2b68e","D05","LIRO","LIRO.AOS.littoral2","2020-09-10","LIRO.20200910.PHYTOPLANKTON.8.CNSA.1","A00000204464","condition ok","SIRFER Lab at University of Utah","2021-09-17","ElFtGy1kV49xqNP00HfxQA==","CNS","1",100,25,100,,,,,,,,"sulfur",6.85,"microgramsPerLiter","SIRFER_algalPlantChem_isotopes_V1","Revesz & Coplen 2012b","N",,
"cf400e77-b446-46e8-98a2-94ab73ebabff","D05","LIRO","LIRO.AOS.riparian.point.05","2020-09-10","LIRO.20200910.EPIXYLON.4.CNSA.1","A00000204469","condition ok","SIRFER Lab at University of Utah","2021-09-20","ElFtGy1kV49xqNP00HfxQA==","CNS","1",4,25,100,,,,,,,,"carbon",46390.43,"microgramsPerLiter","SIRFER_algalPlantChem_isotopes_V1","Revesz & Coplen 2012a","N",,
"bdad4316-0957-46ba-8275-46e152e682a7","D05","LIRO","LIRO.AOS.riparian.point.03","2020-09-10","LIRO.20200910.EPIXYLON.5.CNSA.1","A00000204472","condition ok","SIRFER Lab at University of Utah","2021-09-20","ElFtGy1kV49xqNP00HfxQA==","CNS","1",4,25,100,,,,,,,,"d34S",2.37,"perMill","SIRFER_algalPlantChem_isotopes_V1","Revesz & Coplen 2012b","N",,
"a2082070-e537-4a61-ba35-59f718eeb7b8","D05","LIRO","LIRO.AOS.riparian.point.01","2020-09-10","LIRO.20200910.EPIXYLON.7.CNSA.1","A00000204459","condition ok","SIRFER Lab at University of Utah","2021-09-20","ElFtGy1kV49xqNP00HfxQA==","CNS","1",4,25,100,,,,,,,,"d13C",-29.97,"perMill","SIRFER_algalPlantChem_isotopes_V1","Revesz & Coplen 2012a","N",,
"2ef9b5c7-d5b8-4187-bee7-19fe0ff561b1","D05","LIRO","LIRO.AOS.riparian.point.09","2020-09-10","LIRO.20200910.EPIXYLON.6.CNSA.1","A00000204475","condition ok","SIRFER Lab at University of Utah","2021-09-20","ElFtGy1kV49xqNP00HfxQA==","CNS","1",4,25,100,,,,,,,,"d15N",-1.06,"perMill","SIRFER_algalPlantChem_isotopes_V1","Revesz & Coplen 2012a","N",,
"1a8c8317-f305-4a97-9583-f981884450e9","D05","LIRO","LIRO.AOS.buoy.c1","2020-09-10","LIRO.20200910.PHYTOPLANKTON.1.CHL/PHEO.1","B00000080635","condition ok","Great Lakes Environmental Center, Inc.","2020-09-17","4CajRO/thb0=","chlorophyll/pheophytin","1",100,25,100,1,7,420.2586,,,0.5150,0.1600,"pheophytin",17.30,"microgramsPerLiter","GLEC_algalChlorophyll_V1","APHA 10200H",,,
"e070eb6c-d670-47e4-9bc7-9622f7079009","D05","LIRO","LIRO.AOS.buoy.c1","2020-09-10","LIRO.20200910.PHYTOPLANKTON.1.REP2.CHL/PHEO.2","B00000080633","condition ok","Great Lakes Environmental Center, Inc.","2020-09-17","4CajRO/thb0=","chlorophyll/pheophytin","2",100,25,100,1,7,420.2586,,,0.4950,0.1520,"pheophytin",16.24,"microgramsPerLiter","GLEC_algalChlorophyll_V1","APHA 10200H",,,
"4d837ce6-f006-4554-8f4a-839daeca3502","D05","LIRO","LIRO.AOS.littoral1","2020-09-10","LIRO.20200910.PHYTOPLANKTON.2.CHL/PHEO.1","B00000080634","condition ok","Great Lakes Environmental Center, Inc.","2020-09-17","4CajRO/thb0=","chlorophyll/pheophytin","1",100,25,100,1,7,420.2586,,,0.1140,0.0460,"pheophytin",6.17,"microgramsPerLiter","GLEC_algalChlorophyll_V1","APHA 10200H",,,
"96dd54cd-e604-4882-8b04-5f1b251d0fb6","D05","LIRO","LIRO.AOS.riparian.point.05","2020-09-10","LIRO.20200910.EPIXYLON.4.CHL/PHEO.1","B00000080630","condition ok","Great Lakes Environmental Center, Inc.","2020-09-17","4CajRO/thb0=","chlorophyll/pheophytin","1",4,25,100,1,7,420.2586,,,0.3760,0.1790,"chlorophyll a",172.16,"microgramsPerLiter","GLEC_algalChlorophyll_V1","APHA 10200H",,,
"55a09b8c-2172-4382-ba33-e9396dde6438","D05","LIRO","LIRO.AOS.riparian.point.07","2020-09-10","LIRO.20200910.EPIXYLON.3.CHL/PHEO.1","B00000080631","condition ok","Great Lakes Environmental Center, Inc.","2020-09-17","4CajRO/thb0=","chlorophyll/pheophytin","1",4,25,100,1,7,420.2586,,,0.2740,0.1190,"chlorophyll a",135.45,"microgramsPerLiter","GLEC_algalChlorophyll_V1","APHA 10200H",,,
"e86ce565-6eed-4091-9e20-4f4e3b52a779","D05","LIRO","LIRO.AOS.riparian.point.01","2020-09-10","LIRO.20200910.EPIXYLON.7.CHL/PHEO.1","B00000080627","condition ok","Great Lakes Environmental Center, Inc.","2020-09-17","4CajRO/thb0=","chlorophyll/pheophytin","1",4,25,100,1,7,420.2586,,,0.3990,0.1740,"pheophytin",611.18,"microgramsPerLiter","GLEC_algalChlorophyll_V1","APHA 10200H",,,
"5645332c-be74-46ef-ae3a-2ccd580c5133","D05","LIRO","LIRO.AOS.riparian.point.03","2020-09-10","LIRO.20200910.EPIXYLON.5.CHL/PHEO.1","B00000080629","condition ok","Great Lakes Environmental Center, Inc.","2020-09-17","4CajRO/thb0=","chlorophyll/pheophytin","1",4,25,100,1,7,420.2586,,,0.3770,0.1530,"chlorophyll a",195.75,"microgramsPerLiter","GLEC_algalChlorophyll_V1","APHA 10200H",,,
"34c29197-153d-439f-a06c-62fa6142dd96","D05","LIRO","LIRO.AOS.buoy.c1","2020-09-10","LIRO.20200910.PHYTOPLANKTON.1.REP2.CHL/PHEO.2","B00000080633","condition ok","Great Lakes Environmental Center, Inc.","2020-09-17","4CajRO/thb0=","chlorophyll/pheophytin","2",100,25,100,1,7,420.2586,,,0.4950,0.1520,"chlorophyll a",11.99,"microgramsPerLiter","GLEC_algalChlorophyll_V1","APHA 10200H",,,
"02ebf902-de4d-4a8c-8704-dbca944c3e11","D05","LIRO","LIRO.AOS.riparian.point.07","2020-09-10","LIRO.20200910.EPIXYLON.3.CHL/PHEO.1","B00000080631","condition ok","Great Lakes Environmental Center, Inc.","2020-09-17","4CajRO/thb0=","chlorophyll/pheophytin","1",4,25,100,1,7,420.2586,,,0.2740,0.1190,"pheophytin",417.01,"microgramsPerLiter","GLEC_algalChlorophyll_V1","APHA 10200H",,,
"a4014dc0-4fb7-4b68-b404-b559886d3e8b","D05","LIRO","LIRO.AOS.riparian.point.05","2020-09-10","LIRO.20200910.EPIXYLON.4.CHL/PHEO.1","B00000080630","condition ok","Great Lakes Environmental Center, Inc.","2020-09-17","4CajRO/thb0=","chlorophyll/pheophytin","1",4,25,100,1,7,420.2586,,,0.3760,0.1790,"pheophytin",658.86,"microgramsPerLiter","GLEC_algalChlorophyll_V1","APHA 10200H",,,
"1f9d921d-76ec-42ae-9ccc-8d83c9d0194b","D05","LIRO","LIRO.AOS.riparian.point.01","2020-09-10","LIRO.20200910.EPIXYLON.7.CHL/PHEO.1","B00000080627","condition ok","Great Lakes Environmental Center, Inc.","2020-09-17","4CajRO/thb0=","chlorophyll/pheophytin","1",4,25,100,1,7,420.2586,,,0.3990,0.1740,"chlorophyll a",196.63,"microgramsPerLiter","GLEC_algalChlorophyll_V1","APHA 10200H",,,
"7e301d01-82cb-430f-afba-c9304667a569","D05","LIRO","LIRO.AOS.riparian.point.09","2020-09-10","LIRO.20200910.EPIXYLON.6.CHL/PHEO.1","B00000080628","condition ok","Great Lakes Environmental Center, Inc.","2020-09-17","4CajRO/thb0=","chlorophyll/pheophytin","1",4,25,100,1,7,420.2586,,,0.5390,0.2550,"chlorophyll a",248.18,"microgramsPerLiter","GLEC_algalChlorophyll_V1","APHA 10200H",,,
"5dacbc9f-c328-4104-9384-1ffa6f110e93","D05","LIRO","LIRO.AOS.littoral1","2020-09-10","LIRO.20200910.PHYTOPLANKTON.2.CHL/PHEO.1","B00000080634","condition ok","Great Lakes Environmental Center, Inc.","2020-09-17","4CajRO/thb0=","chlorophyll/pheophytin","1",100,25,100,1,7,420.2586,,,0.1140,0.0460,"chlorophyll a",2.38,"microgramsPerLiter","GLEC_algalChlorophyll_V1","APHA 10200H",,,
"04adb2f5-37f5-41f0-9ed5-36c0500c2e8a","D05","LIRO","LIRO.AOS.buoy.c1","2020-09-10","LIRO.20200910.PHYTOPLANKTON.1.CHL/PHEO.1","B00000080635","condition ok","Great Lakes Environmental Center, Inc.","2020-09-17","4CajRO/thb0=","chlorophyll/pheophytin","1",100,25,100,1,7,420.2586,,,0.5150,0.1600,"chlorophyll a",12.41,"microgramsPerLiter","GLEC_algalChlorophyll_V1","APHA 10200H",,,
"2a2abc30-f22d-4c71-a9fa-9e645ba1f281","D05","LIRO","LIRO.AOS.riparian.point.09","2020-09-10","LIRO.20200910.EPIXYLON.6.CHL/PHEO.1","B00000080628","condition ok","Great Lakes Environmental Center, Inc.","2020-09-17","4CajRO/thb0=","chlorophyll/pheophytin","1",4,25,100,1,7,420.2586,,,0.5390,0.2550,"pheophytin",935.66,"microgramsPerLiter","GLEC_algalChlorophyll_V1","APHA 10200H",,,
"1d98290d-39a9-4e22-bf25-59efd1eee197","D05","LIRO","LIRO.AOS.littoral2","2020-09-10","LIRO.20200910.PHYTOPLANKTON.8.CHL/PHEO.1","B00000080632","condition ok","Great Lakes Environmental Center, Inc.","2020-09-17","4CajRO/thb0=","chlorophyll/pheophytin","1",100,25,100,1,7,420.2586,,,0.1460,0.0690,"chlorophyll a",2.69,"microgramsPerLiter","GLEC_algalChlorophyll_V1","APHA 10200H",,,
"36965f91-dd1d-41ed-a30e-048e37c9c141","D05","LIRO","LIRO.AOS.riparian.point.03","2020-09-10","LIRO.20200910.EPIXYLON.5.CHL/PHEO.1","B00000080629","condition ok","Great Lakes Environmental Center, Inc.","2020-09-17","4CajRO/thb0=","chlorophyll/pheophytin","1",4,25,100,1,7,420.2586,,,0.3770,0.1530,"pheophytin",514.56,"microgramsPerLiter","GLEC_algalChlorophyll_V1","APHA 10200H",,,
"489ff1f5-4f8d-4299-871e-b862c5276ad5","D05","LIRO","LIRO.AOS.littoral2","2020-09-10","LIRO.20200910.PHYTOPLANKTON.8.CHL/PHEO.1","B00000080632","condition ok","Great Lakes Environmental Center, Inc.","2020-09-17","4CajRO/thb0=","chlorophyll/pheophytin","1",100,25,100,1,7,420.2586,,,0.1460,0.0690,"pheophytin",10.12,"microgramsPerLiter","GLEC_algalChlorophyll_V1","APHA 10200H",,,
