uid,domainID,siteID,namedLocation,aquaticSiteType,decimalLatitude,decimalLongitude,coordinateUncertainty,elevation,elevationUncertainty,geodeticDatum,collectDate,eventID,parentSampleID,parentSampleCode,samplingImpractical,biophysicalCriteria,affectedByWind,habitatType,algalSampleType,benthicArea,samplingProtocolVersion,phytoDepth1,phytoDepth2,phytoDepth3,substratumSizeClass,remarks,recordedBy,collectedBy,dataQF
"a1a15619-e002-4c9b-83b1-d35ac5c8e348","D05","LIRO","LIRO.AOS.riparian.point.07","lake",45.995426,-89.704281,0.3,496.3,0.5,"WGS84","2020-09-10T16:30Z","LIRO.20200910","LIRO.20200910.EPIXYLON.3",,,"OK - no known exceptions",,"pelagic","epixylon",0.002406,"NEON.DOC.003045vE",,,,,,"0000-0003-1075-1249","0000-0001-8490-5154",
"6853a096-1a9a-49b3-b107-eb90552e0208","D05","LIRO","LIRO.AOS.littoral1","lake",45.995205,-89.706502,1.1,496.5,1.0,"WGS84","2020-09-10T16:30Z","LIRO.20200910","LIRO.20200910.PHYTOPLANKTON.2",,,"OK - no known exceptions","N","pelagic","phytoplankton",,"NEON.DOC.003045vE",0.5,1.1,,,,"0000-0003-1075-1249","0000-0001-8490-5154",
"1235598b-82c7-48fc-bc3f-430dad8ac052","D05","LIRO","LIRO.AOS.riparian.point.09","lake",45.997072,-89.705716,0.2,500.2,0.2,"WGS84","2020-09-10T16:30Z","LIRO.20200910","LIRO.20200910.EPIXYLON.6",,,"OK - no known exceptions",,"pelagic","epixylon",0.002406,"NEON.DOC.003045vE",,,,,,"0000-0003-1075-1249","0000-0001-8490-5154",
"c833e815-77eb-4704-908e-c9a31a420cc0","D05","LIRO","LIRO.AOS.riparian.point.03","lake",45.996377,-89.704103,0.2,498.6,0.3,"WGS84","2020-09-10T16:30Z","LIRO.20200910","LIRO.20200910.EPIXYLON.5",,,"OK - no known exceptions",,"pelagic","epixylon",0.002406,"NEON.DOC.003045vE",,,,,,"0000-0003-1075-1249","0000-0001-8490-5154",
"d2bb93dd-98c9-4b4b-89dc-eb4fa29077e7","D05","LIRO","LIRO.AOS.buoy.c1","lake",45.998322,-89.704766,10.0,502.0,10.0,"WGS84","2020-09-10T16:30Z","LIRO.20200910","LIRO.20200910.PHYTOPLANKTON.1",,,"OK - no known exceptions","N","pelagic","phytoplankton",,"NEON.DOC.003045vE",0.5,7.1,8.1,,,"0000-0003-1075-1249","0000-0001-8490-5154",
"bb8d22e1-64fb-4f9a-9a28-c9eaf452c3c6","D05","LIRO","LIRO.AOS.littoral2","lake",46.000609,-89.704078,1.1,495.9,1.0,"WGS84","2020-09-10T16:30Z","LIRO.20200910","LIRO.20200910.PHYTOPLANKTON.8",,,"OK - no known exceptions","N","pelagic","phytoplankton",,"NEON.DOC.003045vE",0.5,0.9,,,,"0000-0003-1075-1249","0000-0001-8490-5154",
"a811930b-1d5b-4c9b-af34-3f5afe0770a1","D05","LIRO","LIRO.AOS.riparian.point.05","lake",45.995340,-89.698224,0.2,501.7,0.2,"WGS84","2020-09-10T16:30Z","LIRO.20200910","LIRO.20200910.EPIXYLON.4",,,"OK - no known exceptions",,"pelagic","epixylon",0.002406,"NEON.DOC.003045vE",,,,,,"0000-0003-1075-1249","0000-0001-8490-5154",
"0d715ed3-3e0a-44a9-bcfe-c0da32630e66","D05","LIRO","LIRO.AOS.riparian.point.01","lake",46.000768,-89.704041,0.2,496.0,0.3,"WGS84","2020-09-10T16:30Z","LIRO.20200910","LIRO.20200910.EPIXYLON.7",,,"OK - no known exceptions",,"pelagic","epixylon",0.002406,"NEON.DOC.003045vE",,,,,,"0000-0003-1075-1249","0000-0001-8490-5154",
