uid,domainID,siteID,namedLocation,collectDate,parentSampleID,sampleID,sampleCode,filterNumber,analysisType,fieldSampleVolume,domainFilterVolume,storageDays,remarks,measuredBy,recordedBy,sampleCondition,dataQF
"f119390c-e836-4472-b0fa-aac2a8488b6c","D05","LIRO","LIRO.AOS.riparian.point.09","2020-09-10T16:30Z","LIRO.20200910.EPIXYLON.6","LIRO.20200910.EPIXYLON.6.P.1","A00000204460",1,"P",125.0,4.0,1.1,,"0000-0003-1075-1249","0000-0003-1075-1249","OK",
"715e30ad-3218-4b66-8b62-1073990eff0a","D05","LIRO","LIRO.AOS.littoral2","2020-09-10T16:30Z","LIRO.20200910.PHYTOPLANKTON.8","LIRO.20200910.PHYTOPLANKTON.8.CHL/PHEO.1","B00000080632",1,"chlorophyll/pheophytin",4000.0,100.0,1.0,,"0000-0003-1075-1249","0000-0003-1075-1249","OK",
"59135588-ad78-4bee-bf6c-084ccd8b3632","D05","LIRO","LIRO.AOS.riparian.point.05","2020-09-10T16:30Z","LIRO.20200910.EPIXYLON.4","LIRO.20200910.EPIXYLON.4.CHL/PHEO.1","B00000080630",1,"chlorophyll/pheophytin",125.0,4.0,1.1,,"0000-0003-1075-1249","0000-0003-1075-1249","OK",
"5ab90231-2115-42fb-bd7a-6bf53aadac33","D05","LIRO","LIRO.AOS.riparian.point.01","2020-09-10T16:30Z","LIRO.20200910.EPIXYLON.7","LIRO.20200910.EPIXYLON.7.P.1","A00000204457",1,"P",125.0,4.0,1.1,,"0000-0003-1075-1249","0000-0003-1075-1249","OK",
"f6f289b6-b0af-4a52-956e-0f17f71064f7","D05","LIRO","LIRO.AOS.riparian.point.05","2020-09-10T16:30Z","LIRO.20200910.EPIXYLON.4","LIRO.20200910.EPIXYLON.4.CNSA.1","A00000204469",1,"CNSa",125.0,4.0,1.1,,"0000-0003-1075-1249","0000-0003-1075-1249","OK",
"00715690-215a-4d55-8b8c-43de50dbc7b1","D05","LIRO","LIRO.AOS.riparian.point.01","2020-09-10T16:30Z","LIRO.20200910.EPIXYLON.7","LIRO.20200910.EPIXYLON.7.CNSA.1","A00000204459",1,"CNSa",125.0,4.0,1.1,,"0000-0003-1075-1249","0000-0003-1075-1249","OK",
"7fd9e260-c6b7-4b60-ad88-7c8a0293fdbe","D05","LIRO","LIRO.AOS.riparian.point.01","2020-09-10T16:30Z","LIRO.20200910.EPIXYLON.7","LIRO.20200910.EPIXYLON.7.CHL/PHEO.1","B00000080627",1,"chlorophyll/pheophytin",125.0,4.0,1.1,,"0000-0003-1075-1249","0000-0003-1075-1249","OK",
"6714ca98-57f1-4120-ac0e-59ff19a000f4","D05","LIRO","LIRO.AOS.littoral2","2020-09-10T16:30Z","LIRO.20200910.PHYTOPLANKTON.8","LIRO.20200910.PHYTOPLANKTON.8.CNSB.1","A00000204465",1,"CNSb",4000.0,100.0,1.0,,"0000-0003-1075-1249","0000-0003-1075-1249","OK",
"054098c5-d4ae-4dae-b8cc-fe4a4354fa97","D05","LIRO","LIRO.AOS.buoy.c1","2020-09-10T16:30Z","LIRO.20200910.PHYTOPLANKTON.1","LIRO.20200910.PHYTOPLANKTON.1.CNSA.1","A00000204487",1,"CNSa",4000.0,100.0,1.0,,"0000-0003-1075-1249","0000-0003-1075-1249","OK",
"d2a094a0-5fad-4305-88e9-cd813a43f8e6","D05","LIRO","LIRO.AOS.littoral1","2020-09-10T16:30Z","LIRO.20200910.PHYTOPLANKTON.2","LIRO.20200910.PHYTOPLANKTON.2.CNSB.1","A00000204491",1,"CNSb",4000.0,100.0,1.0,,"0000-0003-1075-1249","0000-0003-1075-1249","OK",
"61f701c1-d03b-4d5c-8241-e18323c4b563","D05","LIRO","LIRO.AOS.riparian.point.03","2020-09-10T16:30Z","LIRO.20200910.EPIXYLON.5","LIRO.20200910.EPIXYLON.5.P.1","A00000204474",1,"P",125.0,4.0,1.1,,"0000-0003-1075-1249","0000-0003-1075-1249","OK",
"938712fd-3497-4d7d-9ef2-8f7800e1b801","D05","LIRO","LIRO.AOS.buoy.c1","2020-09-10T16:30Z","LIRO.20200910.PHYTOPLANKTON.1","LIRO.20200910.PHYTOPLANKTON.1.P.1","A00000204489",1,"P",4000.0,100.0,1.0,,"0000-0003-1075-1249","0000-0003-1075-1249","OK",
"a05a841f-cd55-4a51-9e2b-a58c1c0fd909","D05","LIRO","LIRO.AOS.riparian.point.03","2020-09-10T16:30Z","LIRO.20200910.EPIXYLON.5","LIRO.20200910.EPIXYLON.5.CNSA.1","A00000204472",1,"CNSa",125.0,4.0,1.1,,"0000-0003-1075-1249","0000-0003-1075-1249","OK",
"70cf8f7a-4560-4495-960f-876443e21fff","D05","LIRO","LIRO.AOS.riparian.point.07","2020-09-10T16:30Z","LIRO.20200910.EPIXYLON.3","LIRO.20200910.EPIXYLON.3.CHL/PHEO.1","B00000080631",1,"chlorophyll/pheophytin",125.0,4.0,1.1,,"0000-0003-1075-1249","0000-0003-1075-1249","OK",
"8a7688b3-b6c4-494d-9bca-5e06c1250885","D05","LIRO","LIRO.AOS.riparian.point.01","2020-09-10T16:30Z","LIRO.20200910.EPIXYLON.7","LIRO.20200910.EPIXYLON.7.CNSB.1","A00000204458",1,"CNSb",125.0,4.0,1.1,,"0000-0003-1075-1249","0000-0003-1075-1249","OK",
"b707dfda-75c2-4185-836d-a59401c56f2e","D05","LIRO","LIRO.AOS.littoral2","2020-09-10T16:30Z","LIRO.20200910.PHYTOPLANKTON.8","LIRO.20200910.PHYTOPLANKTON.8.P.1","A00000204466",1,"P",4000.0,100.0,1.0,,"0000-0003-1075-1249","0000-0003-1075-1249","OK",
"e3af4e84-7105-47ba-a696-56f0ec7a1464","D05","LIRO","LIRO.AOS.riparian.point.09","2020-09-10T16:30Z","LIRO.20200910.EPIXYLON.6","LIRO.20200910.EPIXYLON.6.CNSB.1","A00000204476",1,"CNSb",125.0,4.0,1.1,,"0000-0003-1075-1249","0000-0003-1075-1249","OK",
"bac6962f-d3a1-46a8-b1a0-988d997f193e","D05","LIRO","LIRO.AOS.riparian.point.03","2020-09-10T16:30Z","LIRO.20200910.EPIXYLON.5","LIRO.20200910.EPIXYLON.5.CHL/PHEO.1","B00000080629",1,"chlorophyll/pheophytin",125.0,4.0,1.1,,"0000-0003-1075-1249","0000-0003-1075-1249","OK",
"1dadf669-6d6a-4104-abc5-6127c8604490","D05","LIRO","LIRO.AOS.riparian.point.09","2020-09-10T16:30Z","LIRO.20200910.EPIXYLON.6","LIRO.20200910.EPIXYLON.6.CHL/PHEO.1","B00000080628",1,"chlorophyll/pheophytin",125.0,4.0,1.1,,"0000-0003-1075-1249","0000-0003-1075-1249","OK",
"4062f93f-ea50-4943-92be-7a7d9c67cbed","D05","LIRO","LIRO.AOS.littoral1","2020-09-10T16:30Z","LIRO.20200910.PHYTOPLANKTON.2","LIRO.20200910.PHYTOPLANKTON.2.CHL/PHEO.1","B00000080634",1,"chlorophyll/pheophytin",4000.0,100.0,1.0,,"0000-0003-1075-1249","0000-0003-1075-1249","OK",
"c11f7751-b710-48be-b92e-55fe38e61951","D05","LIRO","LIRO.AOS.riparian.point.07","2020-09-10T16:30Z","LIRO.20200910.EPIXYLON.3","LIRO.20200910.EPIXYLON.3.CNSA.1","A00000204467",1,"CNSa",125.0,4.0,1.1,,"0000-0003-1075-1249","0000-0003-1075-1249","OK",
"0b9c999f-7a00-4498-9f1d-f841e6e5fbf0","D05","LIRO","LIRO.AOS.riparian.point.07","2020-09-10T16:30Z","LIRO.20200910.EPIXYLON.3","LIRO.20200910.EPIXYLON.3.P.1","A00000204485",1,"P",125.0,4.0,1.1,,"0000-0003-1075-1249","0000-0003-1075-1249","OK",
"b61bf1c1-691b-459b-9069-ca7dc2b424c9","D05","LIRO","LIRO.AOS.littoral1","2020-09-10T16:30Z","LIRO.20200910.PHYTOPLANKTON.2","LIRO.20200910.PHYTOPLANKTON.2.CNSA.1","A00000204490",1,"CNSa",4000.0,100.0,1.0,,"0000-0003-1075-1249","0000-0003-1075-1249","OK",
"79f969ae-b039-4d67-90c5-96e04eab4f7c","D05","LIRO","LIRO.AOS.buoy.c1","2020-09-10T16:30Z","LIRO.20200910.PHYTOPLANKTON.1","LIRO.20200910.PHYTOPLANKTON.1.REP2.CHL/PHEO.2","B00000080633",2,"chlorophyll/pheophytin",4000.0,100.0,1.0,,"0000-0003-1075-1249","0000-0003-1075-1249","OK",
"f60b21bf-0487-477c-82e9-d901eabc189f","D05","LIRO","LIRO.AOS.riparian.point.07","2020-09-10T16:30Z","LIRO.20200910.EPIXYLON.3","LIRO.20200910.EPIXYLON.3.CNSB.1","A00000204468",1,"CNSb",125.0,4.0,1.1,,"0000-0003-1075-1249","0000-0003-1075-1249","OK",
"311578bb-3f56-4703-9f83-ca2923f09dc8","D05","LIRO","LIRO.AOS.riparian.point.05","2020-09-10T16:30Z","LIRO.20200910.EPIXYLON.4","LIRO.20200910.EPIXYLON.4.CNSB.1","A00000204470",1,"CNSb",125.0,4.0,1.1,,"0000-0003-1075-1249","0000-0003-1075-1249","OK",
"c494114a-30c8-4a5a-9095-faab0af6c55c","D05","LIRO","LIRO.AOS.riparian.point.09","2020-09-10T16:30Z","LIRO.20200910.EPIXYLON.6","LIRO.20200910.EPIXYLON.6.CNSA.1","A00000204475",1,"CNSa",125.0,4.0,1.1,,"0000-0003-1075-1249","0000-0003-1075-1249","OK",
"2c5ea035-5a84-40e2-948f-842216f350b0","D05","LIRO","LIRO.AOS.littoral1","2020-09-10T16:30Z","LIRO.20200910.PHYTOPLANKTON.2","LIRO.20200910.PHYTOPLANKTON.2.P.1","A00000204492",1,"P",4000.0,100.0,1.0,,"0000-0003-1075-1249","0000-0003-1075-1249","OK",
"64d736a2-86d7-4d98-8af5-4a10fb4876c3","D05","LIRO","LIRO.AOS.buoy.c1","2020-09-10T16:30Z","LIRO.20200910.PHYTOPLANKTON.1","LIRO.20200910.PHYTOPLANKTON.1.REP2.P.2","A00000204463",2,"P",4000.0,100.0,1.0,,"0000-0003-1075-1249","0000-0003-1075-1249","OK",
"7e535148-4c3a-4881-b0a0-e6fa9135c625","D05","LIRO","LIRO.AOS.riparian.point.03","2020-09-10T16:30Z","LIRO.20200910.EPIXYLON.5","LIRO.20200910.EPIXYLON.5.CNSB.1","A00000204473",1,"CNSb",125.0,4.0,1.1,,"0000-0003-1075-1249","0000-0003-1075-1249","OK",
"f9343c4d-8107-4f49-bafb-b240f8c748b2","D05","LIRO","LIRO.AOS.buoy.c1","2020-09-10T16:30Z","LIRO.20200910.PHYTOPLANKTON.1","LIRO.20200910.PHYTOPLANKTON.1.CHL/PHEO.1","B00000080635",1,"chlorophyll/pheophytin",4000.0,100.0,1.0,,"0000-0003-1075-1249","0000-0003-1075-1249","OK",
"516d9dcf-e17d-4b62-986c-a3b782b7baa4","D05","LIRO","LIRO.AOS.buoy.c1","2020-09-10T16:30Z","LIRO.20200910.PHYTOPLANKTON.1","LIRO.20200910.PHYTOPLANKTON.1.CNSB.1","A00000204488",1,"CNSb",4000.0,100.0,1.0,,"0000-0003-1075-1249","0000-0003-1075-1249","OK",
"bb7802ac-a59a-4e74-936d-33fdd0c19e38","D05","LIRO","LIRO.AOS.buoy.c1","2020-09-10T16:30Z","LIRO.20200910.PHYTOPLANKTON.1","LIRO.20200910.PHYTOPLANKTON.1.REP2.CNSB.2","A00000204462",2,"CNSb",4000.0,100.0,1.0,,"0000-0003-1075-1249","0000-0003-1075-1249","OK",
"cec85d1f-7678-4cdc-b1b6-8b00122b9cbf","D05","LIRO","LIRO.AOS.buoy.c1","2020-09-10T16:30Z","LIRO.20200910.PHYTOPLANKTON.1","LIRO.20200910.PHYTOPLANKTON.1.REP2.CNSA.2","A00000204461",2,"CNSa",4000.0,100.0,1.0,,"0000-0003-1075-1249","0000-0003-1075-1249","OK",
"31f4c805-4b39-4859-acae-e7aa3389bb9d","D05","LIRO","LIRO.AOS.littoral2","2020-09-10T16:30Z","LIRO.20200910.PHYTOPLANKTON.8","LIRO.20200910.PHYTOPLANKTON.8.CNSA.1","A00000204464",1,"CNSa",4000.0,100.0,1.0,,"0000-0003-1075-1249","0000-0003-1075-1249","OK",
"60fef626-1e93-4e3c-a9f8-2d2b3059d6a7","D05","LIRO","LIRO.AOS.riparian.point.05","2020-09-10T16:30Z","LIRO.20200910.EPIXYLON.4","LIRO.20200910.EPIXYLON.4.P.1","A00000204471",1,"P",125.0,4.0,1.1,,"0000-0003-1075-1249","0000-0003-1075-1249","OK",
