uid,domainID,siteID,namedLocation,collectDate,parentSampleID,sampleID,sampleCode,filterNumber,analysisType,fieldSampleVolume,domainFilterVolume,storageDays,remarks,measuredBy,recordedBy,sampleCondition,dataQF
"f6b42c8d-1690-4c49-ac73-166bba4d41ab","D09","PRLA","PRLA.AOS.riparian.point.03","2021-07-13T14:12Z","PRLA.20210713.EPILITHON.3","PRLA.20210713.EPILITHON.3.REP2.CNSB.2","A00000240193",2,"CNSb",250.0,5.0,0.9,,"0000-0002-1892-7221","0000-0002-1892-7221","OK",
"5a334d09-7c20-4113-ba89-14cf0f0887ec","D09","PRLA","PRLA.AOS.riparian.point.07","2021-07-13T14:12Z","PRLA.20210713.EPILITHON.7","PRLA.20210713.EPILITHON.7.CNSA.1","A00000240174",1,"CNSa",250.0,5.1,1.0,,"0000-0002-1892-7221","0000-0002-1892-7221","OK",
"190e9981-0493-4cfc-8ac8-c0e6ff6d2662","D09","PRLA","PRLA.AOS.riparian.point.07","2021-07-13T14:12Z","PRLA.20210713.EPILITHON.7","PRLA.20210713.EPILITHON.7.CNSB.1","A00000240175",1,"CNSb",250.0,5.1,1.0,,"0000-0002-1892-7221","0000-0002-1892-7221","OK",
"4fb66cb4-8a43-4034-b4d0-bf95a39f6be3","D09","PRLA","PRLA.AOS.littoral1","2021-07-13T14:12Z","PRLA.20210713.PHYTOPLANKTON.1","PRLA.20210713.PHYTOPLANKTON.1.P.1","A00000240228",1,"P",4000.0,26.0,1.0,,"0000-0002-1892-7221","0000-0002-1892-7221","OK",
"8c0fc196-aa79-4c59-a185-4b0050fc1c9e","D09","PRLA","PRLA.AOS.riparian.point.03","2021-07-13T14:12Z","PRLA.20210713.EPILITHON.3","PRLA.20210713.EPILITHON.3.CHL/PHEO.1","B00000097135",1,"chlorophyll/pheophytin",250.0,5.0,0.9,,"0000-0002-1892-7221","0000-0002-1892-7221","OK",
"5ece291c-8ea6-444d-addb-96c7e852fec1","D09","PRLA","PRLA.AOS.riparian.point.03","2021-07-13T14:12Z","PRLA.20210713.EPILITHON.3","PRLA.20210713.EPILITHON.3.P.1","A00000240226",1,"P",250.0,5.0,0.9,,"0000-0002-1892-7221","0000-0002-1892-7221","OK",
"ab2609f8-4df9-4ce4-a8a6-d4be425f227f","D09","PRLA","PRLA.AOS.riparian.point.01","2021-07-13T14:12Z","PRLA.20210713.EPILITHON.1","PRLA.20210713.EPILITHON.1.P.1","A00000240236",1,"P",250.0,5.0,1.1,,"0000-0002-1892-7221","0000-0002-1892-7221","OK",
"f8655682-051c-4d1e-9947-2383b6dd64e1","D09","PRLA","PRLA.AOS.littoral1","2021-07-13T14:12Z","PRLA.20210713.PHYTOPLANKTON.1","PRLA.20210713.PHYTOPLANKTON.1.CNSB.1","A00000240200",1,"CNSb",4000.0,26.0,1.0,,"0000-0002-1892-7221","0000-0002-1892-7221","OK",
"f6046d7e-ba19-4557-8313-67873cb7572f","D09","PRLA","PRLA.AOS.littoral1","2021-07-13T14:12Z","PRLA.20210713.PHYTOPLANKTON.1","PRLA.20210713.PHYTOPLANKTON.1.CNSA.1","A00000240176",1,"CNSa",4000.0,26.0,1.0,,"0000-0002-1892-7221","0000-0002-1892-7221","OK",
"83fa1ae3-17d7-49b8-9b07-ee8a04d64c1c","D09","PRLA","PRLA.AOS.riparian.point.03","2021-07-13T14:12Z","PRLA.20210713.EPILITHON.3","PRLA.20210713.EPILITHON.3.REP2.CNSA.2","A00000240194",2,"CNSa",250.0,5.0,0.9,,"0000-0002-1892-7221","0000-0002-1892-7221","OK",
"5bbd9121-4c00-4109-853e-58ef2d8e369d","D09","PRLA","PRLA.AOS.riparian.point.03","2021-07-13T14:12Z","PRLA.20210713.EPILITHON.3","PRLA.20210713.EPILITHON.3.CNSA.1","A00000240192",1,"CNSa",250.0,5.0,0.9,,"0000-0002-1892-7221","0000-0002-1892-7221","OK",
"603fb5ba-3585-4ada-bf75-3a42b9199f63","D09","PRLA","PRLA.AOS.riparian.point.09","2021-07-13T14:12Z","PRLA.20210713.EPILITHON.9","PRLA.20210713.EPILITHON.9.CNSB.1","A00000240201",1,"CNSb",250.0,5.0,1.0,,"0000-0002-1892-7221","0000-0002-1892-7221","OK",
"6efa17db-7ddd-4bf0-b776-e7b57d128da4","D09","PRLA","PRLA.AOS.riparian.point.09","2021-07-13T14:12Z","PRLA.20210713.EPILITHON.9","PRLA.20210713.EPILITHON.9.P.1","A00000240232",1,"P",250.0,5.0,1.0,,"0000-0002-1892-7221","0000-0002-1892-7221","OK",
"0883b70b-48fa-4504-affe-07f1f3599dd4","D09","PRLA","PRLA.AOS.buoy.c0","2021-07-13T14:12Z","PRLA.20210713.PHYTOPLANKTON.3","PRLA.20210713.PHYTOPLANKTON.3.CNSA.1","A00000240196",1,"CNSa",4000.0,24.0,0.9,,"0000-0002-1892-7221","0000-0002-1892-7221","OK",
"2b481278-31cb-4171-b21c-bed0d8095513","D09","PRLA","PRLA.AOS.riparian.point.01","2021-07-13T14:12Z","PRLA.20210713.EPILITHON.1","PRLA.20210713.EPILITHON.1.CNSB.1","A00000240199",1,"CNSb",250.0,5.0,1.1,,"0000-0002-1892-7221","0000-0002-1892-7221","OK",
"072bfefd-01ff-4c2c-af3d-d90473c5450d","D09","PRLA","PRLA.AOS.riparian.point.11","2021-07-13T14:12Z","PRLA.20210713.EPILITHON.11","PRLA.20210713.EPILITHON.11.P.1","A00000240205",1,"P",250.0,6.0,1.1,,"0000-0002-1892-7221","0000-0002-1892-7221","OK",
"916a1ef8-098f-404d-add1-36aa8869067b","D09","PRLA","PRLA.AOS.littoral2","2021-07-13T14:12Z","PRLA.20210713.PHYTOPLANKTON.2","PRLA.20210713.PHYTOPLANKTON.2.CNSA.1","A00000240204",1,"CNSa",4000.0,30.0,1.0,,"0000-0002-1892-7221","0000-0002-1892-7221","OK",
"b5208f9c-c344-4e97-a2e1-311b5a97ae33","D09","PRLA","PRLA.AOS.riparian.point.03","2021-07-13T14:12Z","PRLA.20210713.EPILITHON.3","PRLA.20210713.EPILITHON.3.REP2.CHL/PHEO.2","B00000097134",2,"chlorophyll/pheophytin",250.0,5.0,0.9,,"0000-0002-1892-7221","0000-0002-1892-7221","OK",
"58da5bfa-6b47-4a39-9330-533cb0d5424f","D09","PRLA","PRLA.AOS.riparian.point.07","2021-07-13T14:12Z","PRLA.20210713.EPILITHON.7","PRLA.20210713.EPILITHON.7.CHL/PHEO.1","B00000097132",1,"chlorophyll/pheophytin",250.0,5.0,1.0,,"0000-0002-1892-7221","0000-0002-1892-7221","OK",
"92ff19e3-c000-4f94-aa7f-0336f3a65dfa","D09","PRLA","PRLA.AOS.riparian.point.01","2021-07-13T14:12Z","PRLA.20210713.EPILITHON.1","PRLA.20210713.EPILITHON.1.CHL/PHEO.1","B00000097129",1,"chlorophyll/pheophytin",250.0,5.0,1.1,,"0000-0002-1892-7221","0000-0002-1892-7221","OK",
"08c79dd8-09f3-440a-8d98-8ae8fd35eb5f","D09","PRLA","PRLA.AOS.riparian.point.11","2021-07-13T14:12Z","PRLA.20210713.EPILITHON.11","PRLA.20210713.EPILITHON.11.CNSA.1","A00000240173",1,"CNSa",250.0,6.0,1.1,,"0000-0002-1892-7221","0000-0002-1892-7221","OK",
"4b4d9b15-c1b9-46ac-8cb1-f8d667db2dc3","D09","PRLA","PRLA.AOS.buoy.c0","2021-07-13T14:12Z","PRLA.20210713.PHYTOPLANKTON.3","PRLA.20210713.PHYTOPLANKTON.3.CHL/PHEO.1","B00000097136",1,"chlorophyll/pheophytin",4000.0,24.0,0.9,,"0000-0002-1892-7221","0000-0002-1892-7221","OK",
"5c39040d-fc5e-4f96-8344-9d226fe3ab44","D09","PRLA","PRLA.AOS.littoral2","2021-07-13T14:12Z","PRLA.20210713.PHYTOPLANKTON.2","PRLA.20210713.PHYTOPLANKTON.2.CHL/PHEO.1","B00000097130",1,"chlorophyll/pheophytin",4000.0,30.0,1.0,,"0000-0002-1892-7221","0000-0002-1892-7221","OK",
"5f74a51e-0a62-41c9-ae0f-e42bbeae54b9","D09","PRLA","PRLA.AOS.buoy.c0","2021-07-13T14:12Z","PRLA.20210713.PHYTOPLANKTON.3","PRLA.20210713.PHYTOPLANKTON.3.CNSB.1","A00000240195",1,"CNSb",4000.0,24.0,0.9,,"0000-0002-1892-7221","0000-0002-1892-7221","OK",
"adbe0206-418f-453f-9200-d99602aa29a3","D09","PRLA","PRLA.AOS.littoral1","2021-07-13T14:12Z","PRLA.20210713.PHYTOPLANKTON.1","PRLA.20210713.PHYTOPLANKTON.1.CHL/PHEO.1","B00000097133",1,"chlorophyll/pheophytin",4000.0,26.0,1.0,,"0000-0002-1892-7221","0000-0002-1892-7221","OK",
"54e5abaa-606e-46cc-aa10-d0b8b6cb3129","D09","PRLA","PRLA.AOS.riparian.point.09","2021-07-13T14:12Z","PRLA.20210713.EPILITHON.9","PRLA.20210713.EPILITHON.9.CHL/PHEO.1","B00000097131",1,"chlorophyll/pheophytin",250.0,5.0,1.0,,"0000-0002-1892-7221","0000-0002-1892-7221","OK",
"16ed9e0f-863a-45bb-8259-4e2d14943efd","D09","PRLA","PRLA.AOS.riparian.point.09","2021-07-13T14:12Z","PRLA.20210713.EPILITHON.9","PRLA.20210713.EPILITHON.9.CNSA.1","A00000240202",1,"CNSa",250.0,5.0,1.0,,"0000-0002-1892-7221","0000-0002-1892-7221","OK",
"16b26271-9f92-46f4-adf5-6c4d1e7796ff","D09","PRLA","PRLA.AOS.riparian.point.01","2021-07-13T14:12Z","PRLA.20210713.EPILITHON.1","PRLA.20210713.EPILITHON.1.CNSA.1","A00000240198",1,"CNSa",250.0,5.0,1.1,,"0000-0002-1892-7221","0000-0002-1892-7221","OK",
"996fb987-b8e6-4715-b9f4-01d46e4d86ab","D09","PRLA","PRLA.AOS.buoy.c0","2021-07-13T14:12Z","PRLA.20210713.PHYTOPLANKTON.3","PRLA.20210713.PHYTOPLANKTON.3.P.1","A00000240224",1,"P",4000.0,24.0,0.9,,"0000-0002-1892-7221","0000-0002-1892-7221","OK",
"e175a9ab-1474-4a7e-946f-3a9abcae55c9","D09","PRLA","PRLA.AOS.riparian.point.11","2021-07-13T14:12Z","PRLA.20210713.EPILITHON.11","PRLA.20210713.EPILITHON.11.CHL/PHEO.1","B00000097128",1,"chlorophyll/pheophytin",250.0,6.0,1.1,,"0000-0002-1892-7221","0000-0002-1892-7221","OK",
"17a49413-e516-4674-af5a-896d9817a061","D09","PRLA","PRLA.AOS.littoral2","2021-07-13T14:12Z","PRLA.20210713.PHYTOPLANKTON.2","PRLA.20210713.PHYTOPLANKTON.2.P.1","A00000240234",1,"P",4000.0,30.0,1.0,,"0000-0002-1892-7221","0000-0002-1892-7221","OK",
"f64f6d2d-d9bc-4037-92bf-e4a3f533a6e1","D09","PRLA","PRLA.AOS.riparian.point.11","2021-07-13T14:12Z","PRLA.20210713.EPILITHON.11","PRLA.20210713.EPILITHON.11.CNSB.1","A00000240197",1,"CNSb",250.0,6.0,1.1,,"0000-0002-1892-7221","0000-0002-1892-7221","OK",
"edf6d93b-736c-4653-833c-03ecac24ab86","D09","PRLA","PRLA.AOS.riparian.point.03","2021-07-13T14:12Z","PRLA.20210713.EPILITHON.3","PRLA.20210713.EPILITHON.3.REP2.P.2","A00000240227",2,"P",250.0,5.0,0.9,,"0000-0002-1892-7221","0000-0002-1892-7221","OK",
"c4837362-e3df-41ab-aefe-ea907045ca13","D09","PRLA","PRLA.AOS.littoral2","2021-07-13T14:12Z","PRLA.20210713.PHYTOPLANKTON.2","PRLA.20210713.PHYTOPLANKTON.2.CNSB.1","A00000240203",1,"CNSb",4000.0,30.0,1.0,,"0000-0002-1892-7221","0000-0002-1892-7221","OK",
"0da5f1ae-60ef-4997-90b5-f42df2c02eb4","D09","PRLA","PRLA.AOS.riparian.point.07","2021-07-13T14:12Z","PRLA.20210713.EPILITHON.7","PRLA.20210713.EPILITHON.7.P.1","A00000240230",1,"P",250.0,5.0,1.0,,"0000-0002-1892-7221","0000-0002-1892-7221","OK",
"44ae1bdb-52a1-4338-b187-7622a6cbe58a","D09","PRLA","PRLA.AOS.riparian.point.03","2021-07-13T14:12Z","PRLA.20210713.EPILITHON.3","PRLA.20210713.EPILITHON.3.CNSB.1","A00000240191",1,"CNSb",250.0,5.0,0.9,,"0000-0002-1892-7221","0000-0002-1892-7221","OK",
