uid,domainID,siteID,namedLocation,collectDate,sampleID,sampleCode,sampleCondition,laboratoryName,analysisDate,analyzedBy,sampleType,replicate,sampleVolumeFiltered,filterSize,percentFilterAnalyzed,dilutionFactor,solventVolume,responseFactor,acidificationResponseFactor,fluorometerSensitivitySetting,preAcidificationFluorescence,postAcidificationFluorescence,analyte,analyteConcentration,plantAlgaeLabUnits,testMethod,method,acidTreatment,externalRemarks,externalLabDataQF
"7b49d162-50e4-4724-985e-c76fc001febb","D09","PRLA","PRLA.AOS.riparian.point.07","2021-07-13","PRLA.20210713.EPILITHON.7.CHL/PHEO.1","B00000097132","condition ok","Great Lakes Environmental Center, Inc.","2021-07-20","4CajRO/thb0=","chlorophyll/pheophytin","1",5,25,100,1,7,448.5290,,,0.5020,0.1610,"pheophytin",355.12,"microgramsPerLiter","GLEC_algalChlorophyll_V1","APHA 10200H",,,
"482bcbc4-e059-474c-b072-6d46bbecdc6a","D09","PRLA","PRLA.AOS.riparian.point.03","2021-07-13","PRLA.20210713.EPILITHON.3.REP2.CHL/PHEO.2","B00000097134","condition ok","Great Lakes Environmental Center, Inc.","2021-07-20","4CajRO/thb0=","chlorophyll/pheophytin","2",5,25,100,1,7,448.5290,,,0.2510,0.0640,"chlorophyll a",140.68,"microgramsPerLiter","GLEC_algalChlorophyll_V1","APHA 10200H",,,
"b76c074a-aa82-4aee-9b06-34978770fbca","D09","PRLA","PRLA.AOS.littoral2","2021-07-13","PRLA.20210713.PHYTOPLANKTON.2.CHL/PHEO.1","B00000097130","condition ok","Great Lakes Environmental Center, Inc.","2021-07-20","4CajRO/thb0=","chlorophyll/pheophytin","1",30,25,100,1,7,448.5290,,,0.7460,0.2200,"chlorophyll a",65.95,"microgramsPerLiter","GLEC_algalChlorophyll_V1","APHA 10200H",,,
"e9575d33-ad8a-40a0-92d7-49622230de0d","D09","PRLA","PRLA.AOS.riparian.point.01","2021-07-13","PRLA.20210713.EPILITHON.1.CHL/PHEO.1","B00000097129","condition ok","Great Lakes Environmental Center, Inc.","2021-07-20","4CajRO/thb0=","chlorophyll/pheophytin","1",5,25,100,1,7,448.5290,,,0.3090,0.0760,"chlorophyll a",175.28,"microgramsPerLiter","GLEC_algalChlorophyll_V1","APHA 10200H",,,
"2f2591c8-0ee3-4c93-99d9-7db634f69b26","D09","PRLA","PRLA.AOS.riparian.point.09","2021-07-13","PRLA.20210713.EPILITHON.9.CHL/PHEO.1","B00000097131","condition ok","Great Lakes Environmental Center, Inc.","2021-07-20","4CajRO/thb0=","chlorophyll/pheophytin","1",5,25,100,1,7,448.5290,,,0.3510,0.0950,"chlorophyll a",192.59,"microgramsPerLiter","GLEC_algalChlorophyll_V1","APHA 10200H",,,
"bc2cbc80-7605-4754-8f47-f1fd1cbac52c","D09","PRLA","PRLA.AOS.littoral1","2021-07-13","PRLA.20210713.PHYTOPLANKTON.1.CHL/PHEO.1","B00000097133","condition ok","Great Lakes Environmental Center, Inc.","2021-07-20","4CajRO/thb0=","chlorophyll/pheophytin","1",26,25,100,1,7,448.5290,,,0.6480,0.1970,"pheophytin",78.68,"microgramsPerLiter","GLEC_algalChlorophyll_V1","APHA 10200H",,,
"e1b9c447-f36f-4431-9b9a-12d32bd92e0f","D09","PRLA","PRLA.AOS.riparian.point.11","2021-07-13","PRLA.20210713.EPILITHON.11.CHL/PHEO.1","B00000097128","condition ok","Great Lakes Environmental Center, Inc.","2021-07-20","4CajRO/thb0=","chlorophyll/pheophytin","1",6,25,100,1,7,448.5290,,,0.1470,0.0450,"chlorophyll a",63.94,"microgramsPerLiter","GLEC_algalChlorophyll_V1","APHA 10200H",,,
"7553cc29-1ce2-4c7d-836e-9b68a6593873","D09","PRLA","PRLA.AOS.buoy.c0","2021-07-13","PRLA.20210713.PHYTOPLANKTON.3.CHL/PHEO.1","B00000097136","condition ok","Great Lakes Environmental Center, Inc.","2021-07-20","4CajRO/thb0=","chlorophyll/pheophytin","1",24,25,100,1,7,448.5290,,,0.5770,0.1420,"pheophytin",44.21,"microgramsPerLiter","GLEC_algalChlorophyll_V1","APHA 10200H",,,
"5d79e96b-acf9-420a-b55d-78149a9c9dac","D09","PRLA","PRLA.AOS.littoral2","2021-07-13","PRLA.20210713.PHYTOPLANKTON.2.CHL/PHEO.1","B00000097130","condition ok","Great Lakes Environmental Center, Inc.","2021-07-20","4CajRO/thb0=","chlorophyll/pheophytin","1",30,25,100,1,7,448.5290,,,0.7460,0.2200,"pheophytin",73.35,"microgramsPerLiter","GLEC_algalChlorophyll_V1","APHA 10200H",,,
"801946a6-f3c0-48bf-b959-c911c1470ffa","D09","PRLA","PRLA.AOS.riparian.point.03","2021-07-13","PRLA.20210713.EPILITHON.3.CHL/PHEO.1","B00000097135","condition ok","Great Lakes Environmental Center, Inc.","2021-07-20","4CajRO/thb0=","chlorophyll/pheophytin","1",5,25,100,1,7,448.5290,,,0.2460,0.0610,"chlorophyll a",139.17,"microgramsPerLiter","GLEC_algalChlorophyll_V1","APHA 10200H",,,
"8b450d80-f8c1-4197-b95a-af8c39c39cdb","D09","PRLA","PRLA.AOS.riparian.point.09","2021-07-13","PRLA.20210713.EPILITHON.9.CHL/PHEO.1","B00000097131","condition ok","Great Lakes Environmental Center, Inc.","2021-07-20","4CajRO/thb0=","chlorophyll/pheophytin","1",5,25,100,1,7,448.5290,,,0.3510,0.0950,"pheophytin",168.32,"microgramsPerLiter","GLEC_algalChlorophyll_V1","APHA 10200H",,,
"6ebc86e1-c172-4259-9bf2-fddb96e2bc21","D09","PRLA","PRLA.AOS.riparian.point.03","2021-07-13","PRLA.20210713.EPILITHON.3.REP2.CHL/PHEO.2","B00000097134","condition ok","Great Lakes Environmental Center, Inc.","2021-07-20","4CajRO/thb0=","chlorophyll/pheophytin","2",5,25,100,1,7,448.5290,,,0.2510,0.0640,"pheophytin",102.46,"microgramsPerLiter","GLEC_algalChlorophyll_V1","APHA 10200H",,,
"4521d96b-7a78-48ad-b941-6c425611b3d6","D09","PRLA","PRLA.AOS.riparian.point.11","2021-07-13","PRLA.20210713.EPILITHON.11.CHL/PHEO.1","B00000097128","condition ok","Great Lakes Environmental Center, Inc.","2021-07-20","4CajRO/thb0=","chlorophyll/pheophytin","1",6,25,100,1,7,448.5290,,,0.1470,0.0450,"pheophytin",78.52,"microgramsPerLiter","GLEC_algalChlorophyll_V1","APHA 10200H",,,
"3cde11a9-b29c-4f23-8d87-f203ae31f56b","D09","PRLA","PRLA.AOS.riparian.point.03","2021-07-13","PRLA.20210713.EPILITHON.3.CHL/PHEO.1","B00000097135","condition ok","Great Lakes Environmental Center, Inc.","2021-07-20","4CajRO/thb0=","chlorophyll/pheophytin","1",5,25,100,1,7,448.5290,,,0.2460,0.0610,"pheophytin",92.57,"microgramsPerLiter","GLEC_algalChlorophyll_V1","APHA 10200H",,,
"78a23989-e280-4fcc-8ac8-5b09c1cdd740","D09","PRLA","PRLA.AOS.buoy.c0","2021-07-13","PRLA.20210713.PHYTOPLANKTON.3.CHL/PHEO.1","B00000097136","condition ok","Great Lakes Environmental Center, Inc.","2021-07-20","4CajRO/thb0=","chlorophyll/pheophytin","1",24,25,100,1,7,448.5290,,,0.5770,0.1420,"chlorophyll a",68.18,"microgramsPerLiter","GLEC_algalChlorophyll_V1","APHA 10200H",,,
"a704c7f6-4dc4-407a-886d-411de23afba1","D09","PRLA","PRLA.AOS.littoral1","2021-07-13","PRLA.20210713.PHYTOPLANKTON.1.CHL/PHEO.1","B00000097133","condition ok","Great Lakes Environmental Center, Inc.","2021-07-20","4CajRO/thb0=","chlorophyll/pheophytin","1",26,25,100,1,7,448.5290,,,0.6480,0.1970,"chlorophyll a",65.25,"microgramsPerLiter","GLEC_algalChlorophyll_V1","APHA 10200H",,,
"6c0429cd-577a-4919-90f2-85d9ed3565eb","D09","PRLA","PRLA.AOS.riparian.point.07","2021-07-13","PRLA.20210713.EPILITHON.7.CHL/PHEO.1","B00000097132","condition ok","Great Lakes Environmental Center, Inc.","2021-07-20","4CajRO/thb0=","chlorophyll/pheophytin","1",5,25,100,1,7,448.5290,,,0.5020,0.1610,"chlorophyll a",256.53,"microgramsPerLiter","GLEC_algalChlorophyll_V1","APHA 10200H",,,
"7cd2bfec-e2ae-45f7-9d5c-be85d1f52438","D09","PRLA","PRLA.AOS.riparian.point.01","2021-07-13","PRLA.20210713.EPILITHON.1.CHL/PHEO.1","B00000097129","condition ok","Great Lakes Environmental Center, Inc.","2021-07-20","4CajRO/thb0=","chlorophyll/pheophytin","1",5,25,100,1,7,448.5290,,,0.3090,0.0760,"pheophytin",113.44,"microgramsPerLiter","GLEC_algalChlorophyll_V1","APHA 10200H",,,
