uid,domainID,siteID,namedLocation,collectDate,parentSampleID,sampleID,sampleCode,filterNumber,analysisType,fieldSampleVolume,domainFilterVolume,storageDays,remarks,measuredBy,recordedBy,sampleCondition,dataQF
"2e8c4956-b4d7-4f39-a3d5-6cd72106876a","D03","SUGG","SUGG.AOS.littoral2","2021-02-25T13:26Z","SUGG.20210225.PHYTOPLANKTON.3","SUGG.20210225.PHYTOPLANKTON.3.P.1","A00000132660",1,"P",4000.0,400.0,0.1,,"0000-0002-7940-8177","0000-0003-1571-3196","OK",
"7cd399e3-e202-4951-8883-7a8170f3b1a6","D03","SUGG","SUGG.AOS.riparian.point.08","2021-02-25T13:26Z","SUGG.20210225.EPIPHYTON.8","SUGG.20210225.EPIPHYTON.8.CNSB.1","A00000132666",1,"CNSb",125.0,4.0,0.2,,"0000-0002-7940-8177","0000-0003-1571-3196","OK",
"75be2e7a-2b48-4834-a754-026371393a0e","D03","SUGG","SUGG.AOS.buoy.c0","2021-02-25T13:26Z","SUGG.20210225.PHYTOPLANKTON.2","SUGG.20210225.PHYTOPLANKTON.2.REP2.CHL/PHEO.2","A00000132653",2,"chlorophyll/pheophytin",5000.0,400.0,0.1,,"0000-0002-7940-8177","0000-0003-1571-3196","OK",
"17c5c315-bc63-40a1-9d19-6fa490394065","D03","SUGG","SUGG.AOS.buoy.c0","2021-02-25T13:26Z","SUGG.20210225.PHYTOPLANKTON.2","SUGG.20210225.PHYTOPLANKTON.2.REP2.CNSA.2","A00000132654",2,"CNSa",5000.0,400.0,0.1,,"0000-0002-7940-8177","0000-0003-1571-3196","OK",
"e88ea4e2-f3ed-4f59-b14f-f04132caa113","D03","SUGG","SUGG.AOS.riparian.point.02","2021-02-25T13:26Z","SUGG.20210225.EPIPHYTON.2","SUGG.20210225.EPIPHYTON.2.CNSA.1","A00000132661",1,"CNSa",125.0,4.0,0.1,,"0000-0002-7940-8177","0000-0003-1571-3196","OK",
"88c917f6-eeb8-4fff-84ef-ef8c93ea9e18","D03","SUGG","SUGG.AOS.buoy.c0","2021-02-25T13:26Z","SUGG.20210225.PHYTOPLANKTON.2","SUGG.20210225.PHYTOPLANKTON.2.P.1","A00000132651",1,"P",5000.0,400.0,0.1,,"0000-0002-7940-8177","0000-0003-1571-3196","OK",
"0a555f70-f514-414c-8822-2a85ad46b76b","D03","SUGG","SUGG.AOS.riparian.point.06","2021-02-25T13:26Z","SUGG.20210225.EPIPHYTON.6","SUGG.20210225.EPIPHYTON.6.CNSB.1","A00000132675",1,"CNSb",125.0,4.0,0.3,,"0000-0002-7940-8177","0000-0003-1571-3196","OK",
"52e7d595-c5bb-4da9-b874-b4a2e71c06ae","D03","SUGG","SUGG.AOS.littoral1","2021-02-25T13:26Z","SUGG.20210225.PHYTOPLANKTON.1","SUGG.20210225.PHYTOPLANKTON.1.CNSA.1","A00000132645",1,"CNSa",4000.0,400.0,0.1,,"0000-0002-7940-8177","0000-0003-1571-3196","OK",
"6d71c745-c4fd-4a02-93c4-1af0ff8febac","D03","SUGG","SUGG.AOS.littoral2","2021-02-25T13:26Z","SUGG.20210225.PHYTOPLANKTON.3","SUGG.20210225.PHYTOPLANKTON.3.CNSA.1","A00000132658",1,"CNSa",4000.0,400.0,0.1,,"0000-0002-7940-8177","0000-0003-1571-3196","OK",
"cfd9759b-7631-427b-bad9-102ae9410aa9","D03","SUGG","SUGG.AOS.littoral2","2021-02-25T13:26Z","SUGG.20210225.PHYTOPLANKTON.3","SUGG.20210225.PHYTOPLANKTON.3.CHL/PHEO.1","A00000132657",1,"chlorophyll/pheophytin",4000.0,400.0,0.1,,"0000-0002-7940-8177","0000-0003-1571-3196","OK",
"8ce9fb60-8a31-4c08-bbc3-d8f244eb60f0","D03","SUGG","SUGG.AOS.riparian.point.02","2021-02-25T13:26Z","SUGG.20210225.EPIPHYTON.2","SUGG.20210225.EPIPHYTON.2.P.1","A00000132663",1,"P",125.0,4.0,0.1,,"0000-0002-7940-8177","0000-0003-1571-3196","OK",
"20804049-1cb8-4e9a-80cb-33d95a43d367","D03","SUGG","SUGG.AOS.littoral2","2021-02-25T13:26Z","SUGG.20210225.PHYTOPLANKTON.3","SUGG.20210225.PHYTOPLANKTON.3.CNSB.1","A00000132659",1,"CNSb",4000.0,400.0,0.1,,"0000-0002-7940-8177","0000-0003-1571-3196","OK",
"0f7f5533-e102-4991-b8c1-1da5fbdb762d","D03","SUGG","SUGG.AOS.riparian.point.04","2021-02-25T13:26Z","SUGG.20210225.EPIPHYTON.4","SUGG.20210225.EPIPHYTON.4.CNSA.1","A00000132670",1,"CNSa",125.0,4.0,0.3,,"0000-0002-7940-8177","0000-0003-1571-3196","OK",
"933f94e2-56d5-4c52-a6ab-68d136dc0ed6","D03","SUGG","SUGG.AOS.littoral1","2021-02-25T13:26Z","SUGG.20210225.PHYTOPLANKTON.1","SUGG.20210225.PHYTOPLANKTON.1.CHL/PHEO.1","A00000132648",1,"chlorophyll/pheophytin",4000.0,400.0,0.1,,"0000-0002-7940-8177","0000-0003-1571-3196","OK",
"4f5c90a6-8d8f-459b-9782-437237478654","D03","SUGG","SUGG.AOS.buoy.c0","2021-02-25T13:26Z","SUGG.20210225.PHYTOPLANKTON.2","SUGG.20210225.PHYTOPLANKTON.2.CHL/PHEO.1","A00000132652",1,"chlorophyll/pheophytin",5000.0,400.0,0.1,,"0000-0002-7940-8177","0000-0003-1571-3196","OK",
"9dd3de69-14a6-4269-8b3a-9b9cccab4520","D03","SUGG","SUGG.AOS.riparian.point.04","2021-02-25T13:26Z","SUGG.20210225.EPIPHYTON.4","SUGG.20210225.EPIPHYTON.4.CNSB.1","A00000132671",1,"CNSb",125.0,4.0,0.3,,"0000-0002-7940-8177","0000-0003-1571-3196","OK",
"de059fba-9c03-48e8-9da4-58bb0097ad3e","D03","SUGG","SUGG.AOS.riparian.point.06","2021-02-25T13:26Z","SUGG.20210225.EPIPHYTON.6","SUGG.20210225.EPIPHYTON.6.CNSA.1","A00000132674",1,"CNSa",125.0,4.0,0.3,,"0000-0002-7940-8177","0000-0003-1571-3196","OK",
"2dc75d7e-6ddc-46c5-abc2-53b5c4639c9d","D03","SUGG","SUGG.AOS.riparian.point.08","2021-02-25T13:26Z","SUGG.20210225.EPIPHYTON.8","SUGG.20210225.EPIPHYTON.8.CHL/PHEO.1","A00000132668",1,"chlorophyll/pheophytin",125.0,4.0,0.2,,"0000-0002-7940-8177","0000-0003-1571-3196","OK",
"43cba622-9102-47ca-ac38-a1c5ece68d9f","D03","SUGG","SUGG.AOS.riparian.point.04","2021-02-25T13:26Z","SUGG.20210225.EPIPHYTON.4","SUGG.20210225.EPIPHYTON.4.P.1","A00000132672",1,"P",125.0,4.0,0.3,,"0000-0002-7940-8177","0000-0003-1571-3196","OK",
"a61dc897-ddfd-4397-9876-6501450ca370","D03","SUGG","SUGG.AOS.riparian.point.10","2021-02-25T13:26Z","SUGG.20210225.EPIPHYTON.10","SUGG.20210225.EPIPHYTON.10.CNSA.1","A00000132678",1,"CNSa",125.0,4.0,0.3,,"0000-0002-7940-8177","0000-0003-1571-3196","OK",
"34c00465-ff0f-4754-ae28-6e52577ebb13","D03","SUGG","SUGG.AOS.riparian.point.02","2021-02-25T13:26Z","SUGG.20210225.EPIPHYTON.2","SUGG.20210225.EPIPHYTON.2.CNSB.1","A00000132662",1,"CNSb",125.0,4.0,0.1,,"0000-0002-7940-8177","0000-0003-1571-3196","OK",
"fd6420d4-81f1-4d17-98a6-5fd1619abe8a","D03","SUGG","SUGG.AOS.buoy.c0","2021-02-25T13:26Z","SUGG.20210225.PHYTOPLANKTON.2","SUGG.20210225.PHYTOPLANKTON.2.CNSA.1","A00000132649",1,"CNSa",5000.0,400.0,0.1,,"0000-0002-7940-8177","0000-0003-1571-3196","OK",
"8f88c63b-6dc1-4ab2-9eb7-257075f39b21","D03","SUGG","SUGG.AOS.littoral1","2021-02-25T13:26Z","SUGG.20210225.PHYTOPLANKTON.1","SUGG.20210225.PHYTOPLANKTON.1.CNSB.1","A00000132646",1,"CNSb",4000.0,400.0,0.1,,"0000-0002-7940-8177","0000-0003-1571-3196","OK",
"abca36a1-bd70-4b7e-bb8e-ded42c011c66","D03","SUGG","SUGG.AOS.riparian.point.06","2021-02-25T13:26Z","SUGG.20210225.EPIPHYTON.6","SUGG.20210225.EPIPHYTON.6.P.1","A00000132676",1,"P",125.0,4.0,0.3,,"0000-0002-7940-8177","0000-0003-1571-3196","OK",
"cc0c3f65-6f87-486d-b32d-40e6828a9460","D03","SUGG","SUGG.AOS.buoy.c0","2021-02-25T13:26Z","SUGG.20210225.PHYTOPLANKTON.2","SUGG.20210225.PHYTOPLANKTON.2.REP2.P.2","A00000132656",2,"P",5000.0,400.0,0.1,,"0000-0002-7940-8177","0000-0003-1571-3196","OK",
"3901f4e1-224d-4ace-8177-7c8b8ff36bf1","D03","SUGG","SUGG.AOS.riparian.point.06","2021-02-25T13:26Z","SUGG.20210225.EPIPHYTON.6","SUGG.20210225.EPIPHYTON.6.CHL/PHEO.1","A00000132673",1,"chlorophyll/pheophytin",125.0,4.0,0.3,,"0000-0002-7940-8177","0000-0003-1571-3196","OK",
"3a197a26-16e8-42fb-9ff5-3ae0b8fecd07","D03","SUGG","SUGG.AOS.riparian.point.08","2021-02-25T13:26Z","SUGG.20210225.EPIPHYTON.8","SUGG.20210225.EPIPHYTON.8.CNSA.1","A00000132665",1,"CNSa",125.0,4.0,0.2,,"0000-0002-7940-8177","0000-0003-1571-3196","OK",
"aca04a6e-1dfe-49fa-897f-01b1bc8bfcfb","D03","SUGG","SUGG.AOS.littoral1","2021-02-25T13:26Z","SUGG.20210225.PHYTOPLANKTON.1","SUGG.20210225.PHYTOPLANKTON.1.P.1","A00000132647",1,"P",4000.0,400.0,0.1,,"0000-0002-7940-8177","0000-0003-1571-3196","OK",
"077490a3-3f37-4aaa-824d-3f2c1b31bbad","D03","SUGG","SUGG.AOS.riparian.point.10","2021-02-25T13:26Z","SUGG.20210225.EPIPHYTON.10","SUGG.20210225.EPIPHYTON.10.CHL/PHEO.1","A00000132681",1,"chlorophyll/pheophytin",125.0,4.0,0.3,,"0000-0002-7940-8177","0000-0003-1571-3196","OK",
"7617a745-cf40-4638-9e5b-c92304446177","D03","SUGG","SUGG.AOS.buoy.c0","2021-02-25T13:26Z","SUGG.20210225.PHYTOPLANKTON.2","SUGG.20210225.PHYTOPLANKTON.2.CNSB.1","A00000132650",1,"CNSb",5000.0,400.0,0.1,,"0000-0002-7940-8177","0000-0003-1571-3196","OK",
"16adb917-eafc-4d80-961c-8d25e83a5d15","D03","SUGG","SUGG.AOS.riparian.point.04","2021-02-25T13:26Z","SUGG.20210225.EPIPHYTON.4","SUGG.20210225.EPIPHYTON.4.CHL/PHEO.1","A00000132669",1,"chlorophyll/pheophytin",125.0,4.0,0.3,,"0000-0002-7940-8177","0000-0003-1571-3196","OK",
"f81f04ac-c7d2-4b0e-a219-aa38f05f94d5","D03","SUGG","SUGG.AOS.riparian.point.10","2021-02-25T13:26Z","SUGG.20210225.EPIPHYTON.10","SUGG.20210225.EPIPHYTON.10.P.1","A00000132680",1,"P",125.0,4.0,0.3,,"0000-0002-7940-8177","0000-0003-1571-3196","OK",
"608a5bef-5081-4037-b827-77f684d77efe","D03","SUGG","SUGG.AOS.riparian.point.02","2021-02-25T13:26Z","SUGG.20210225.EPIPHYTON.2","SUGG.20210225.EPIPHYTON.2.CHL/PHEO.1","A00000132664",1,"chlorophyll/pheophytin",125.0,4.0,0.1,,"0000-0002-7940-8177","0000-0003-1571-3196","OK",
"ea546c70-53ab-4c2a-8286-89e4c13ed95e","D03","SUGG","SUGG.AOS.riparian.point.08","2021-02-25T13:26Z","SUGG.20210225.EPIPHYTON.8","SUGG.20210225.EPIPHYTON.8.P.1","A00000132667",1,"P",125.0,4.0,0.2,,"0000-0002-7940-8177","0000-0003-1571-3196","OK",
"7f039a05-a341-42c2-872f-e6766ee7ffef","D03","SUGG","SUGG.AOS.buoy.c0","2021-02-25T13:26Z","SUGG.20210225.PHYTOPLANKTON.2","SUGG.20210225.PHYTOPLANKTON.2.REP2.CNSB.2","A00000132655",2,"CNSb",5000.0,400.0,0.1,,"0000-0002-7940-8177","0000-0003-1571-3196","OK",
"a62d010a-a01b-4823-b73b-6aec6654ae0d","D03","SUGG","SUGG.AOS.riparian.point.10","2021-02-25T13:26Z","SUGG.20210225.EPIPHYTON.10","SUGG.20210225.EPIPHYTON.10.CNSB.1","A00000132679",1,"CNSb",125.0,4.0,0.3,,"0000-0002-7940-8177","0000-0003-1571-3196","OK",
