uid,domainID,siteID,namedLocation,aquaticSiteType,decimalLatitude,decimalLongitude,coordinateUncertainty,elevation,elevationUncertainty,geodeticDatum,collectDate,eventID,parentSampleID,parentSampleCode,samplingImpractical,biophysicalCriteria,affectedByWind,habitatType,algalSampleType,benthicArea,samplingProtocolVersion,phytoDepth1,phytoDepth2,phytoDepth3,substratumSizeClass,remarks,recordedBy,collectedBy,dataQF
"7d7170e6-de86-424e-b7fe-1e8381605d0f","D03","SUGG","SUGG.AOS.riparian.point.06","lake",29.685231,-82.020373,5.0,27.9,5.0,"WGS84","2021-02-25T13:26Z","SUGG.20210225","SUGG.20210225.EPIPHYTON.6",,,"OK - no known exceptions",,"pelagic","epiphyton",0.010000,"NEON.DOC.003045vE",,,,,,"0000-0003-1571-3196","0000-0002-7940-8177",
"eec6b340-da37-4590-b2aa-9b8a8ec5cb5f","D03","SUGG","SUGG.AOS.riparian.point.08","lake",29.685435,-82.016359,5.0,27.9,5.0,"WGS84","2021-02-25T13:26Z","SUGG.20210225","SUGG.20210225.EPIPHYTON.8",,,"OK - no known exceptions",,"pelagic","epiphyton",0.010000,"NEON.DOC.003045vE",,,,,,"0000-0003-1571-3196","0000-0002-7940-8177",
"be20e8cc-bba4-405f-8940-7e7796277552","D03","SUGG","SUGG.AOS.littoral2","lake",29.687601,-82.020598,1.1,30.3,1.0,"WGS84","2021-02-25T13:26Z","SUGG.20210225","SUGG.20210225.PHYTOPLANKTON.3",,,"OK - no known exceptions","N","pelagic","phytoplankton",,"NEON.DOC.003045vE",0.5,0.5,,,,"0000-0003-1571-3196","0000-0002-7940-8177",
"cec06841-1831-494d-9058-9bb33993a9be","D03","SUGG","SUGG.AOS.riparian.point.02","lake",29.690679,-82.017404,5.0,27.9,5.0,"WGS84","2021-02-25T13:26Z","SUGG.20210225","SUGG.20210225.EPIPHYTON.2",,,"OK - no known exceptions",,"pelagic","epiphyton",0.010000,"NEON.DOC.003045vE",,,,,,"0000-0003-1571-3196","0000-0002-7940-8177",
"2ba3e84f-c40e-4c1f-95ac-aa73e09d4a11","D03","SUGG","SUGG.AOS.littoral1","lake",29.685093,-82.018412,1.1,30.2,1.0,"WGS84","2021-02-25T13:26Z","SUGG.20210225","SUGG.20210225.PHYTOPLANKTON.1",,,"OK - no known exceptions","N","pelagic","phytoplankton",,"NEON.DOC.003045vE",0.5,0.5,,,,"0000-0003-1571-3196","0000-0002-7940-8177",
"36077ed7-340c-4547-901f-b621d2bc5d08","D03","SUGG","SUGG.AOS.riparian.point.04","lake",29.688825,-82.020784,5.0,27.9,5.0,"WGS84","2021-02-25T13:26Z","SUGG.20210225","SUGG.20210225.EPIPHYTON.4",,,"OK - no known exceptions",,"pelagic","epiphyton",0.010000,"NEON.DOC.003045vE",,,,,,"0000-0003-1571-3196","0000-0002-7940-8177",
"bd113e53-0cab-44d0-9494-bb925f3ea528","D03","SUGG","SUGG.AOS.buoy.c0","lake",29.688149,-82.017318,10.0,30.0,10.0,"WGS84","2021-02-25T13:26Z","SUGG.20210225","SUGG.20210225.PHYTOPLANKTON.2",,,"OK - no known exceptions","N","pelagic","phytoplankton",,"NEON.DOC.003045vE",0.5,0.5,,,,"0000-0003-1571-3196","0000-0002-7940-8177",
"3db9ea02-f4a6-442a-8b4a-07b8f8797379","D03","SUGG","SUGG.AOS.riparian.point.10","lake",29.688129,-82.014426,5.0,27.9,5.0,"WGS84","2021-02-25T13:26Z","SUGG.20210225","SUGG.20210225.EPIPHYTON.10",,,"OK - no known exceptions",,"pelagic","epiphyton",0.010000,"NEON.DOC.003045vE",,,,,,"0000-0003-1571-3196","0000-0002-7940-8177",
