uid,domainID,siteID,namedLocation,collectDate,sampleID,sampleCode,sampleCondition,laboratoryName,analysisDate,analyzedBy,sampleType,replicate,sampleVolumeFiltered,filterSize,percentFilterAnalyzed,dilutionFactor,solventVolume,responseFactor,acidificationResponseFactor,fluorometerSensitivitySetting,preAcidificationFluorescence,postAcidificationFluorescence,analyte,analyteConcentration,plantAlgaeLabUnits,testMethod,method,acidTreatment,externalRemarks,externalLabDataQF
"70bea4b1-6e4a-4834-ab4c-670b72c3cf96","D03","SUGG","SUGG.AOS.littoral2","2021-02-25","SUGG.20210225.PHYTOPLANKTON.3.CHL/PHEO.1","A00000132657","condition ok","Great Lakes Environmental Center, Inc.","2021-03-05","4CajRO/thb0=","chlorophyll/pheophytin","1",400,25,100,1,7,416.0920,,,0.1850,0.0860,"pheophytin",3.14,"microgramsPerLiter","GLEC_algalChlorophyll_V1","APHA 10200H",,"Samples received were not in order as shown on manifest. Corrected by TW 3/2/21",
"2bc5bf2b-f57f-495a-b027-a0376713c6e1","D03","SUGG","SUGG.AOS.riparian.point.02","2021-02-25","SUGG.20210225.EPIPHYTON.2.CHL/PHEO.1","A00000132664","condition ok","Great Lakes Environmental Center, Inc.","2021-03-05","4CajRO/thb0=","chlorophyll/pheophytin","1",4,25,100,1,7,416.0920,,,1.3420,0.4220,"pheophytin",1164.40,"microgramsPerLiter","GLEC_algalChlorophyll_V1","APHA 10200H",,"Samples received were not in order as shown on manifest. Corrected by TW 3/2/28",
"0997f770-9c73-4429-b5b0-df76c671bdc7","D03","SUGG","SUGG.AOS.littoral1","2021-02-25","SUGG.20210225.PHYTOPLANKTON.1.CHL/PHEO.1","A00000132648","condition ok","Great Lakes Environmental Center, Inc.","2021-03-05","4CajRO/thb0=","chlorophyll/pheophytin","1",400,25,100,1,7,416.0920,,,0.3010,0.1920,"chlorophyll a",0.94,"microgramsPerLiter","GLEC_algalChlorophyll_V1","APHA 10200H",,"Samples received were not in order as shown on manifest. Corrected by TW 3/2/24",
"93293d89-6d10-438e-9b08-08048a27024d","D03","SUGG","SUGG.AOS.riparian.point.10","2021-02-25","SUGG.20210225.EPIPHYTON.10.CHL/PHEO.1","A00000132681","condition ok","Great Lakes Environmental Center, Inc.","2021-03-05","4CajRO/thb0=","chlorophyll/pheophytin","1",4,25,100,1,7,416.0920,,,1.5710,0.7590,"chlorophyll a",701.27,"microgramsPerLiter","GLEC_algalChlorophyll_V1","APHA 10200H",,"Samples received were not in order as shown on manifest. Corrected by TW 3/2/29",
"e42f7f33-7a91-4d16-8989-554eee18ff6e","D03","SUGG","SUGG.AOS.riparian.point.04","2021-02-25","SUGG.20210225.EPIPHYTON.4.CHL/PHEO.1","A00000132669","condition ok","Great Lakes Environmental Center, Inc.","2021-03-05","4CajRO/thb0=","chlorophyll/pheophytin","1",4,25,100,1,7,416.0920,,,1.1490,0.3410,"chlorophyll a",697.82,"microgramsPerLiter","GLEC_algalChlorophyll_V1","APHA 10200H",,"Samples received were not in order as shown on manifest. Corrected by TW 3/2/27",
"8b56e28e-b840-4d0c-89bd-d526ca617563","D03","SUGG","SUGG.AOS.riparian.point.06","2021-02-25","SUGG.20210225.EPIPHYTON.6.CHL/PHEO.1","A00000132673","condition ok","Great Lakes Environmental Center, Inc.","2021-03-05","4CajRO/thb0=","chlorophyll/pheophytin","1",4,25,100,1,7,416.0920,,,1.6110,0.4010,"pheophytin",816.46,"microgramsPerLiter","GLEC_algalChlorophyll_V1","APHA 10200H",,"Samples received were not in order as shown on manifest. Corrected by TW 3/2/26",
"08591531-a633-472e-b9b6-3a6d75403967","D03","SUGG","SUGG.AOS.buoy.c0","2021-02-25","SUGG.20210225.PHYTOPLANKTON.2.REP2.CHL/PHEO.2","A00000132653","condition ok","Great Lakes Environmental Center, Inc.","2021-03-05","4CajRO/thb0=","chlorophyll/pheophytin","2",400,25,100,1,7,416.0920,,,0.3840,0.2630,"pheophytin",11.16,"microgramsPerLiter","GLEC_algalChlorophyll_V1","APHA 10200H",,"Samples received were not in order as shown on manifest. Corrected by TW 3/2/22",
"91c0938e-060b-480a-91ce-cef180907804","D03","SUGG","SUGG.AOS.buoy.c0","2021-02-25","SUGG.20210225.PHYTOPLANKTON.2.CHL/PHEO.1","A00000132652","condition ok","Great Lakes Environmental Center, Inc.","2021-03-05","4CajRO/thb0=","chlorophyll/pheophytin","1",400,25,100,1,7,416.0920,,,0.3710,0.2600,"chlorophyll a",0.96,"microgramsPerLiter","GLEC_algalChlorophyll_V1","APHA 10200H",,"Samples received were not in order as shown on manifest. Corrected by TW 3/2/23",
"923cb3ff-31bc-4e96-b5b0-7a363d9b7563","D03","SUGG","SUGG.AOS.riparian.point.08","2021-02-25","SUGG.20210225.EPIPHYTON.8.CHL/PHEO.1","A00000132668","condition ok","Great Lakes Environmental Center, Inc.","2021-03-05","4CajRO/thb0=","chlorophyll/pheophytin","1",4,25,100,10,7,416.0920,,,0.2870,0.0610,"chlorophyll a",1951.80,"microgramsPerLiter","GLEC_algalChlorophyll_V1","APHA 10200H",,"Samples received were not in order as shown on manifest. Corrected by TW 3/2/25",
"2ad1249c-c2f7-40ac-9141-b737ce5524f0","D03","SUGG","SUGG.AOS.riparian.point.02","2021-02-25","SUGG.20210225.EPIPHYTON.2.CHL/PHEO.1","A00000132664","condition ok","Great Lakes Environmental Center, Inc.","2021-03-05","4CajRO/thb0=","chlorophyll/pheophytin","1",4,25,100,1,7,416.0920,,,1.3420,0.4220,"chlorophyll a",794.54,"microgramsPerLiter","GLEC_algalChlorophyll_V1","APHA 10200H",,"Samples received were not in order as shown on manifest. Corrected by TW 3/2/28",
"d04e9a8c-a614-4a44-ae6b-b6a575127fb5","D03","SUGG","SUGG.AOS.riparian.point.04","2021-02-25","SUGG.20210225.EPIPHYTON.4.CHL/PHEO.1","A00000132669","condition ok","Great Lakes Environmental Center, Inc.","2021-03-05","4CajRO/thb0=","chlorophyll/pheophytin","1",4,25,100,1,7,416.0920,,,1.1490,0.3410,"pheophytin",885.12,"microgramsPerLiter","GLEC_algalChlorophyll_V1","APHA 10200H",,"Samples received were not in order as shown on manifest. Corrected by TW 3/2/27",
"725d929c-d5e0-4b74-8acc-d13bff7a5a71","D03","SUGG","SUGG.AOS.buoy.c0","2021-02-25","SUGG.20210225.PHYTOPLANKTON.2.CHL/PHEO.1","A00000132652","condition ok","Great Lakes Environmental Center, Inc.","2021-03-05","4CajRO/thb0=","chlorophyll/pheophytin","1",400,25,100,1,7,416.0920,,,0.3710,0.2600,"pheophytin",11.11,"microgramsPerLiter","GLEC_algalChlorophyll_V1","APHA 10200H",,"Samples received were not in order as shown on manifest. Corrected by TW 3/2/23",
"b290b769-cf5c-47c4-b270-cacb4bc87e16","D03","SUGG","SUGG.AOS.riparian.point.10","2021-02-25","SUGG.20210225.EPIPHYTON.10.CHL/PHEO.1","A00000132681","condition ok","Great Lakes Environmental Center, Inc.","2021-03-05","4CajRO/thb0=","chlorophyll/pheophytin","1",4,25,100,1,7,416.0920,,,1.5710,0.7590,"pheophytin",2822.00,"microgramsPerLiter","GLEC_algalChlorophyll_V1","APHA 10200H",,"Samples received were not in order as shown on manifest. Corrected by TW 3/2/29",
"9d0b94a2-603f-4f09-b00a-c9a90507bc3d","D03","SUGG","SUGG.AOS.riparian.point.08","2021-02-25","SUGG.20210225.EPIPHYTON.8.CHL/PHEO.1","A00000132668","condition ok","Great Lakes Environmental Center, Inc.","2021-03-05","4CajRO/thb0=","chlorophyll/pheophytin","1",4,25,100,10,7,416.0920,,,0.2870,0.0610,"pheophytin",879.83,"microgramsPerLiter","GLEC_algalChlorophyll_V1","APHA 10200H",,"Samples received were not in order as shown on manifest. Corrected by TW 3/2/25",
"456e3651-1f45-491b-870b-8ea585830e11","D03","SUGG","SUGG.AOS.littoral2","2021-02-25","SUGG.20210225.PHYTOPLANKTON.3.CHL/PHEO.1","A00000132657","condition ok","Great Lakes Environmental Center, Inc.","2021-03-05","4CajRO/thb0=","chlorophyll/pheophytin","1",400,25,100,1,7,416.0920,,,0.1850,0.0860,"chlorophyll a",0.86,"microgramsPerLiter","GLEC_algalChlorophyll_V1","APHA 10200H",,"Samples received were not in order as shown on manifest. Corrected by TW 3/2/21",
"e3c78ff5-a959-4759-858f-86805f9ee0c3","D03","SUGG","SUGG.AOS.littoral1","2021-02-25","SUGG.20210225.PHYTOPLANKTON.1.CHL/PHEO.1","A00000132648","condition ok","Great Lakes Environmental Center, Inc.","2021-03-05","4CajRO/thb0=","chlorophyll/pheophytin","1",400,25,100,1,7,416.0920,,,0.3010,0.1920,"pheophytin",7.97,"microgramsPerLiter","GLEC_algalChlorophyll_V1","APHA 10200H",,"Samples received were not in order as shown on manifest. Corrected by TW 3/2/24",
"5e5568c7-61be-4e0c-aa7f-7bd7447c9a13","D03","SUGG","SUGG.AOS.riparian.point.06","2021-02-25","SUGG.20210225.EPIPHYTON.6.CHL/PHEO.1","A00000132673","condition ok","Great Lakes Environmental Center, Inc.","2021-03-05","4CajRO/thb0=","chlorophyll/pheophytin","1",4,25,100,1,7,416.0920,,,1.6110,0.4010,"chlorophyll a",1045.00,"microgramsPerLiter","GLEC_algalChlorophyll_V1","APHA 10200H",,"Samples received were not in order as shown on manifest. Corrected by TW 3/2/26",
"35cf9b6e-fc93-4fda-8086-0606ab585170","D03","SUGG","SUGG.AOS.buoy.c0","2021-02-25","SUGG.20210225.PHYTOPLANKTON.2.REP2.CHL/PHEO.2","A00000132653","condition ok","Great Lakes Environmental Center, Inc.","2021-03-05","4CajRO/thb0=","chlorophyll/pheophytin","2",400,25,100,1,7,416.0920,,,0.3840,0.2630,"chlorophyll a",1.05,"microgramsPerLiter","GLEC_algalChlorophyll_V1","APHA 10200H",,"Samples received were not in order as shown on manifest. Corrected by TW 3/2/22",
