uid,domainID,siteID,namedLocation,collectDate,sampleID,sampleCode,sampleCondition,laboratoryName,analysisDate,analyzedBy,sampleType,replicate,sampleVolumeFiltered,filterSize,percentFilterAnalyzed,dilutionFactor,solventVolume,responseFactor,acidificationResponseFactor,fluorometerSensitivitySetting,preAcidificationFluorescence,postAcidificationFluorescence,analyte,analyteConcentration,plantAlgaeLabUnits,testMethod,method,acidTreatment,externalRemarks,externalLabDataQF
"1909725f-6a04-4f75-86d8-8315921d0f7e","D05","CRAM","CRAM.AOS.riparian.point.06","2015-09-14","CRAM.20150914.EPIXYLON.6",,"condition ok","Academy of Natural Sciences of Drexel University","2016-06-07","OKgcKejxXbI=","CN","2",5,25,100,,,,,,,,"nitrogen",8318.87,"microgramsPerLiter","ANSP P-16-54 Rev2",,,,"legacyData|Did not meet quality audit requirements for analysis audit"
"75b7b528-937f-4782-95e1-b92d6c4fe985","D05","CRAM","CRAM.AOS.buoy.c0","2015-09-14","CRAM.20150914.PHYTOPLANKTON.3",,"condition ok","Academy of Natural Sciences of Drexel University","2017-03-28","OKgcKejxXbI=","13C15N","2",300,25,100,,,,,,,,"d34S",-1.40,"perMill","SO2 EA-combustion-IRMS method",,,,"legacyData|Did not meet quality audit requirements for analysis audit"
"8a6896be-90c0-4ffe-a222-c4494e1fba29","D05","CRAM","CRAM.AOS.riparian.point.06","2015-09-14","CRAM.20150914.EPIXYLON.6",,"condition ok","Academy of Natural Sciences of Drexel University","2017-03-08","OKgcKejxXbI=","13C15N","2",5,25,50,,,,,,,,"d13C",-25.51,"perMill","ANSP P-16-202 Rev0",,"N",,"legacyData|Did not meet quality audit requirements for analysis audit|acidTreatmentSOPNotFollowed"
"2335333e-6045-4008-b629-f7f05928de31","D05","CRAM","CRAM.AOS.riparian.point.02","2015-09-14","CRAM.20150914.EPIXYLON.2",,"other (specify in remarks)","Academy of Natural Sciences of Drexel University","2016-06-07","OKgcKejxXbI=","CN","1",8,25,100,,,,,,,,"carbon",226036.84,"microgramsPerLiter","ANSP P-16-54 Rev2",,"N","folded poorly; sample leakage","legacyData|Did not meet quality audit requirements for analysis audit|acidTreatmentSOPNotFollowed"
"3ca361d3-a9fb-41f4-a2bd-bbf71843ec8d","D05","CRAM","CRAM.AOS.buoy.c0","2015-09-14","CRAM.20150914.PHYTOPLANKTON.3",,"condition ok","Academy of Natural Sciences of Drexel University","2016-06-07","OKgcKejxXbI=","CN","1",200,25,100,,,,,,,,"carbon",389.36,"microgramsPerLiter","ANSP P-16-54 Rev2",,"N",,"legacyData|Did not meet quality audit requirements for analysis audit|acidTreatmentSOPNotFollowed"
"a5586f81-69e2-4266-92d0-6703d11bf9d0","D05","CRAM","CRAM.AOS.buoy.c0","2015-09-14","CRAM.20150914.PHYTOPLANKTON.3",,"condition ok","Academy of Natural Sciences of Drexel University","2016-06-07","OKgcKejxXbI=","CN","1",200,25,100,,,,,,,,"nitrogen",45.34,"microgramsPerLiter","ANSP P-16-54 Rev2",,,,"legacyData|Did not meet quality audit requirements for analysis audit"
"57835e96-3bbb-4cb4-aab7-fbf131e3a599","D05","CRAM","CRAM.AOS.riparian.point.04","2015-09-14","CRAM.20150914.EPIXYLON.4",,"condition ok","Academy of Natural Sciences of Drexel University","2017-03-08","OKgcKejxXbI=","13C15N","1",5,25,100,,,,,,,,"d15N",1.87,"perMill","ANSP P-16-202 Rev0",,,,"legacyData|Did not meet quality audit requirements for analysis audit"
"e81faf2c-6ca8-4b83-bdf4-2bf040ebd385","D05","CRAM","CRAM.AOS.buoy.c0","2015-09-14","CRAM.20150914.PHYTOPLANKTON.3",,"condition ok","Academy of Natural Sciences of Drexel University","2016-05-06","Txt9C5i/u7k=","chlorophyll/pheophytin","2",5,25,100,,,,,,,,"chlorophyll a",,"microgramsPerLiter","ANSP P-16-92 Rev2",,,,"legacyData|Did not meet quality audit requirements for analysis audit"
"8de9d128-fbd5-49a3-9741-0bde5a64d45d","D05","CRAM","CRAM.AOS.riparian.point.04","2015-09-14","CRAM.20150914.EPIXYLON.4",,"other (specify in remarks)","Academy of Natural Sciences of Drexel University","2016-06-07","OKgcKejxXbI=","CN","2",5,25,100,,,,,,,,"carbon",57481.92,"microgramsPerLiter","ANSP P-16-54 Rev2",,"N","folded poorly; sample leakage","legacyData|Did not meet quality audit requirements for analysis audit|acidTreatmentSOPNotFollowed"
"5908b9c3-d867-4027-9802-e0397d5bc3f9","D05","CRAM","CRAM.AOS.riparian.point.10","2015-09-14","CRAM.20150914.EPIXYLON.10",,"condition ok","Academy of Natural Sciences of Drexel University","2016-06-16","+IoRzddUq5A=","P","1",5,25,100,,,,,,,,"phosphorus",451.20,"microgramsPerLiter","ANSP P-16-114 Rev2; ANSP P-16_95 Rev3",,,,"legacyData|Did not meet quality audit requirements for analysis audit"
"bb63cd66-96e4-4c82-9ccb-c273244d2ba9","D05","CRAM","CRAM.AOS.riparian.point.08","2015-09-14","CRAM.20150914.EPIXYLON.8",,"other (specify in remarks)","Academy of Natural Sciences of Drexel University","2016-05-06","Txt9C5i/u7k=","chlorophyll/pheophytin","1",5,25,100,,,,,,,,"pheophytin",,"microgramsPerLiter","ANSP P-16-92 Rev2",,,"sample material on back of filter","legacyData|Did not meet quality audit requirements for analysis audit"
"e1e2049e-9b16-49fe-b128-1023a6b0a2fa","D05","CRAM","CRAM.AOS.riparian.point.10","2015-09-14","CRAM.20150914.EPIXYLON.10",,"condition ok","Academy of Natural Sciences of Drexel University","2017-03-08","OKgcKejxXbI=","13C15N","1",5,25,50,,,,,,,,"d13C",-26.29,"perMill","ANSP P-16-202 Rev0",,"N",,"legacyData|Did not meet quality audit requirements for analysis audit|acidTreatmentSOPNotFollowed"
"74b11100-c0c1-439a-9060-4aafc76c9380","D05","CRAM","CRAM.AOS.buoy.c0","2015-09-14","CRAM.20150914.PHYTOPLANKTON.3",,"condition ok","Academy of Natural Sciences of Drexel University","2017-03-28","OKgcKejxXbI=","13C15N","2",300,25,100,,,,,,,,"d13C",-32.66,"perMill","ANSP P-16-202 Rev0",,"N",,"legacyData|Did not meet quality audit requirements for analysis audit|acidTreatmentSOPNotFollowed"
"6a42b3de-a7cf-4b84-9bd9-7f7fcacb10ee","D05","CRAM","CRAM.AOS.riparian.point.06","2015-09-14","CRAM.20150914.EPIXYLON.6",,"other (specify in remarks)","Academy of Natural Sciences of Drexel University","2016-06-07","OKgcKejxXbI=","CN","1",5,25,100,,,,,,,,"nitrogen",8459.15,"microgramsPerLiter","ANSP P-16-54 Rev2",,,"folded poorly; sample leakage","legacyData|Did not meet quality audit requirements for analysis audit"
"6b7114bf-2f03-4cb0-84f5-8375fe2f321f","D05","CRAM","CRAM.AOS.riparian.point.06","2015-09-14","CRAM.20150914.EPIXYLON.6",,"condition ok","Academy of Natural Sciences of Drexel University","2017-03-08","OKgcKejxXbI=","13C15N","1",5,25,50,,,,,,,,"d13C",-25.41,"perMill","ANSP P-16-202 Rev0",,"N",,"legacyData|Did not meet quality audit requirements for analysis audit|acidTreatmentSOPNotFollowed"
"c1e61da7-d360-453e-9f5e-936a0a0c98e9","D05","CRAM","CRAM.AOS.riparian.point.10","2015-09-14","CRAM.20150914.EPIXYLON.10",,"condition ok","Academy of Natural Sciences of Drexel University","2016-06-07","OKgcKejxXbI=","CN","2",5,25,100,,,,,,,,"nitrogen",6513.34,"microgramsPerLiter","ANSP P-16-54 Rev2",,,,"legacyData|Did not meet quality audit requirements for analysis audit"
"ad225c50-e878-447a-a5ba-989e01719c17","D05","CRAM","CRAM.AOS.buoy.c0","2015-09-14","CRAM.20150914.PHYTOPLANKTON.3",,"condition ok","Academy of Natural Sciences of Drexel University","2017-03-28","OKgcKejxXbI=","13C15N","1",300,25,100,,,,,,,,"d15N",1.34,"perMill","ANSP P-16-202 Rev0",,,,"legacyData|Did not meet quality audit requirements for analysis audit"
"41c467ca-54b7-46db-b04a-2ca5c8a0c1be","D05","CRAM","CRAM.AOS.riparian.point.08","2015-09-14","CRAM.20150914.EPIXYLON.8",,"condition ok","Academy of Natural Sciences of Drexel University","2017-03-08","OKgcKejxXbI=","13C15N","1",5,25,50,,,,,,,,"d13C",-27.25,"perMill","ANSP P-16-202 Rev0",,"N",,"legacyData|Did not meet quality audit requirements for analysis audit|acidTreatmentSOPNotFollowed"
"e2c2f76a-150c-4338-b168-251569d6c033","D05","CRAM","CRAM.AOS.buoy.c0","2015-09-14","CRAM.20150914.PHYTOPLANKTON.3",,"condition ok","Academy of Natural Sciences of Drexel University","2016-05-06","Txt9C5i/u7k=","chlorophyll/pheophytin","1",5,25,100,,,,,,,,"chlorophyll a",,"microgramsPerLiter","ANSP P-16-92 Rev2",,,,"legacyData|Did not meet quality audit requirements for analysis audit"
"ff1fb547-edc9-44f7-a82e-3c53725b4e8a","D05","CRAM","CRAM.AOS.riparian.point.02","2015-09-14","CRAM.20150914.EPIXYLON.2",,"other (specify in remarks)","Academy of Natural Sciences of Drexel University","2016-05-06","Txt9C5i/u7k=","chlorophyll/pheophytin","1",5,25,100,,,,,,,,"chlorophyll a",,"microgramsPerLiter","ANSP P-16-92 Rev2",,,"poorly folded in quarters; sample leakage.","legacyData|Did not meet quality audit requirements for analysis audit"
"0fe52c76-ca3b-433f-bfe9-a4b584fb7277","D05","CRAM","CRAM.AOS.riparian.point.04","2015-09-14","CRAM.20150914.EPIXYLON.4",,"other (specify in remarks)","Academy of Natural Sciences of Drexel University","2016-05-06","Txt9C5i/u7k=","chlorophyll/pheophytin","2",5,25,100,,,,,,,,"pheophytin",,"microgramsPerLiter","ANSP P-16-92 Rev2",,,"dups don't look the same - obvious difference in amount of sample loaded on the filter. poorly folded in quarters; sample leakage.","legacyData|Did not meet quality audit requirements for analysis audit"
"512ac41b-424d-4500-a7e1-a9df4370524c","D05","CRAM","CRAM.AOS.riparian.point.08","2015-09-14","CRAM.20150914.EPIXYLON.8",,"other (specify in remarks)","Academy of Natural Sciences of Drexel University","2016-06-07","OKgcKejxXbI=","CN","2",5,25,100,,,,,,,,"nitrogen",14417.07,"microgramsPerLiter","ANSP P-16-54 Rev2",,,"folded poorly; sample leakage","legacyData|Did not meet quality audit requirements for analysis audit"
"6789c4de-7732-49d5-8749-a45972fd5517","D05","CRAM","CRAM.AOS.buoy.c0","2015-09-14","CRAM.20150914.PHYTOPLANKTON.3",,"condition ok","Academy of Natural Sciences of Drexel University","2016-06-16","+IoRzddUq5A=","P","1",200,25,100,,,,,,,,"phosphorus",15.41,"microgramsPerLiter","ANSP P-16-114 Rev2; ANSP P-16_95 Rev3",,,,"legacyData|Did not meet quality audit requirements for analysis audit"
"34528fe0-766e-4b0d-b8e8-c279218b20b2","D05","CRAM","CRAM.AOS.riparian.point.04","2015-09-14","CRAM.20150914.EPIXYLON.4",,"condition ok","Academy of Natural Sciences of Drexel University","2016-06-16","+IoRzddUq5A=","P","1",5,25,100,,,,,,,,"phosphorus",813.20,"microgramsPerLiter","ANSP P-16-114 Rev2; ANSP P-16_95 Rev3",,,,"legacyData|Did not meet quality audit requirements for analysis audit"
"5d05fa2e-872f-403a-83ca-baba4310ef1a","D05","CRAM","CRAM.AOS.riparian.point.08","2015-09-14","CRAM.20150914.EPIXYLON.8",,"condition ok","Academy of Natural Sciences of Drexel University","2017-03-08","OKgcKejxXbI=","13C15N","2",5,25,50,,,,,,,,"d15N",,"perMill","ANSP P-16-202 Rev0",,,,"legacyData|Did not meet quality audit requirements for analysis audit"
"2c6e9110-9989-4230-957c-be9709b0086d","D05","CRAM","CRAM.AOS.riparian.point.08","2015-09-14","CRAM.20150914.EPIXYLON.8",,"condition ok","Academy of Natural Sciences of Drexel University","2016-06-16","+IoRzddUq5A=","P","1",5,25,100,,,,,,,,"phosphorus",762.40,"microgramsPerLiter","ANSP P-16-114 Rev2; ANSP P-16_95 Rev3",,,,"legacyData|Did not meet quality audit requirements for analysis audit"
"d1048f8b-918d-4f64-9ba5-082a4fcb2436","D05","CRAM","CRAM.AOS.buoy.c0","2015-09-14","CRAM.20150914.PHYTOPLANKTON.3",,"condition ok","Academy of Natural Sciences of Drexel University","2017-03-28","OKgcKejxXbI=","13C15N","1",300,25,100,,,,,,,,"d13C",-32.71,"perMill","ANSP P-16-202 Rev0",,"N",,"legacyData|Did not meet quality audit requirements for analysis audit|acidTreatmentSOPNotFollowed"
"d3b07b01-829f-4233-8f13-10fad0d51b17","D05","CRAM","CRAM.AOS.riparian.point.10","2015-09-14","CRAM.20150914.EPIXYLON.10",,"other (specify in remarks)","Academy of Natural Sciences of Drexel University","2016-05-06","Txt9C5i/u7k=","chlorophyll/pheophytin","2",5,25,100,,,,,,,,"pheophytin",,"microgramsPerLiter","ANSP P-16-92 Rev2",,,"poorly folded; sample leakage.","legacyData|Did not meet quality audit requirements for analysis audit"
"c9e525aa-8373-462d-a3c4-87e66b0e5d06","D05","CRAM","CRAM.AOS.riparian.point.06","2015-09-14","CRAM.20150914.EPIXYLON.6",,"condition ok","Academy of Natural Sciences of Drexel University","2017-03-08","OKgcKejxXbI=","13C15N","2",5,25,50,,,,,,,,"d15N",4.98,"perMill","ANSP P-16-202 Rev0",,,,"legacyData|Did not meet quality audit requirements for analysis audit"
"92281b26-5663-4f6e-a778-6f513202457b","D05","CRAM","CRAM.AOS.riparian.point.02","2015-09-14","CRAM.20150914.EPIXYLON.2",,"condition ok","Academy of Natural Sciences of Drexel University","2016-05-06","Txt9C5i/u7k=","chlorophyll/pheophytin","2",5,25,100,,,,,,,,"chlorophyll a",,"microgramsPerLiter","ANSP P-16-92 Rev2",,,,"legacyData|Did not meet quality audit requirements for analysis audit"
"552d440b-aec1-4939-9134-3c9be7e4892d","D05","CRAM","CRAM.AOS.riparian.point.10","2015-09-14","CRAM.20150914.EPIXYLON.10",,"condition ok","Academy of Natural Sciences of Drexel University","2017-03-08","OKgcKejxXbI=","13C15N","2",5,25,50,,,,,,,,"d15N",8.60,"perMill","ANSP P-16-202 Rev0",,,,"legacyData|Did not meet quality audit requirements for analysis audit"
"0125d3d9-d6f4-469b-ad13-dac2744782a1","D05","CRAM","CRAM.AOS.riparian.point.06","2015-09-14","CRAM.20150914.EPIXYLON.6",,"other (specify in remarks)","Academy of Natural Sciences of Drexel University","2016-06-07","OKgcKejxXbI=","CN","1",5,25,100,,,,,,,,"carbon",187097.50,"microgramsPerLiter","ANSP P-16-54 Rev2",,"N","folded poorly; sample leakage","legacyData|Did not meet quality audit requirements for analysis audit|acidTreatmentSOPNotFollowed"
"e6eaa93e-d40c-4c7e-a2f1-0b4a39b51ea0","D05","CRAM","CRAM.AOS.riparian.point.02","2015-09-14","CRAM.20150914.EPIXYLON.2",,"other (specify in remarks)","Academy of Natural Sciences of Drexel University","2016-05-06","Txt9C5i/u7k=","chlorophyll/pheophytin","1",5,25,100,,,,,,,,"pheophytin",,"microgramsPerLiter","ANSP P-16-92 Rev2",,,"poorly folded in quarters; sample leakage.","legacyData|Did not meet quality audit requirements for analysis audit"
"a1a2d6f5-e12b-4684-b939-a3952de7af16","D05","CRAM","CRAM.AOS.riparian.point.10","2015-09-14","CRAM.20150914.EPIXYLON.10",,"condition ok","Academy of Natural Sciences of Drexel University","2017-03-08","OKgcKejxXbI=","13C15N","2",5,25,50,,,,,,,,"d13C",-24.87,"perMill","ANSP P-16-202 Rev0",,"N",,"legacyData|Did not meet quality audit requirements for analysis audit|acidTreatmentSOPNotFollowed"
"54c7e236-ff79-4abb-a993-be5fffe6b781","D05","CRAM","CRAM.AOS.riparian.point.02","2015-09-14","CRAM.20150914.EPIXYLON.2",,"other (specify in remarks)","Academy of Natural Sciences of Drexel University","2016-06-07","OKgcKejxXbI=","CN","2",8,25,100,,,,,,,,"nitrogen",4117.29,"microgramsPerLiter","ANSP P-16-54 Rev2",,,"folded poorly; sample leakage","legacyData|Did not meet quality audit requirements for analysis audit"
"e36e11e9-e745-4970-96ed-29418a27e35c","D05","CRAM","CRAM.AOS.riparian.point.04","2015-09-14","CRAM.20150914.EPIXYLON.4",,"condition ok","Academy of Natural Sciences of Drexel University","2017-03-08","OKgcKejxXbI=","13C15N","1",5,25,100,,,,,,,,"d34S",5.10,"perMill","SO2 EA-combustion-IRMS method",,,,"legacyData|Did not meet quality audit requirements for analysis audit"
"ed7c9a5e-5a4b-4ea2-91cd-13cfc50aca3f","D05","CRAM","CRAM.AOS.riparian.point.06","2015-09-14","CRAM.20150914.EPIXYLON.6",,"other (specify in remarks)","Academy of Natural Sciences of Drexel University","2016-05-06","Txt9C5i/u7k=","chlorophyll/pheophytin","1",5,25,100,,,,,,,,"chlorophyll a",,"microgramsPerLiter","ANSP P-16-92 Rev2",,,"poorly folded in quarters; sample leakage.","legacyData|Did not meet quality audit requirements for analysis audit"
"9eb7bb6d-5f25-4fb3-a0e3-d3d731ae77f9","D05","CRAM","CRAM.AOS.riparian.point.02","2015-09-14","CRAM.20150914.EPIXYLON.2",,"condition ok","Academy of Natural Sciences of Drexel University","2017-03-08","OKgcKejxXbI=","13C15N","1",5,25,100,,,,,,,,"d13C",-26.71,"perMill","ANSP P-16-202 Rev0",,"N",,"legacyData|Did not meet quality audit requirements for analysis audit|acidTreatmentSOPNotFollowed"
"f1573154-69f0-42e2-891a-3e53588fcd60","D05","CRAM","CRAM.AOS.riparian.point.04","2015-09-14","CRAM.20150914.EPIXYLON.4",,"other (specify in remarks)","Academy of Natural Sciences of Drexel University","2016-06-07","OKgcKejxXbI=","CN","1",5,25,100,,,,,,,,"nitrogen",4946.18,"microgramsPerLiter","ANSP P-16-54 Rev2",,,,"legacyData|Did not meet quality audit requirements for analysis audit"
"c17e0491-b7b0-4a53-9d68-1a637fb8fda6","D05","CRAM","CRAM.AOS.riparian.point.10","2015-09-14","CRAM.20150914.EPIXYLON.10",,"other (specify in remarks)","Academy of Natural Sciences of Drexel University","2016-05-06","Txt9C5i/u7k=","chlorophyll/pheophytin","2",5,25,100,,,,,,,,"chlorophyll a",,"microgramsPerLiter","ANSP P-16-92 Rev2",,,"poorly folded; sample leakage.","legacyData|Did not meet quality audit requirements for analysis audit"
"1fe94e96-b5d9-45ee-a582-f220fae2ec5f","D05","CRAM","CRAM.AOS.riparian.point.04","2015-09-14","CRAM.20150914.EPIXYLON.4",,"other (specify in remarks)","Academy of Natural Sciences of Drexel University","2016-05-06","Txt9C5i/u7k=","chlorophyll/pheophytin","1",5,25,100,,,,,,,,"chlorophyll a",,"microgramsPerLiter","ANSP P-16-92 Rev2",,,"dups don't look the same - obvious difference in amount of sample loaded on the filter. poorly folded in quarters; sample leakage.","legacyData|Did not meet quality audit requirements for analysis audit"
"1714c47d-d6e1-4617-8391-51da79ab57d3","D05","CRAM","CRAM.AOS.riparian.point.04","2015-09-14","CRAM.20150914.EPIXYLON.4",,"condition ok","Academy of Natural Sciences of Drexel University","2017-03-08","OKgcKejxXbI=","13C15N","1",5,25,100,,,,,,,,"d13C",-25.90,"perMill","ANSP P-16-202 Rev0",,"N",,"legacyData|Did not meet quality audit requirements for analysis audit|acidTreatmentSOPNotFollowed"
"a0ddc6a7-0668-424e-8f23-da75ca4a159a","D05","CRAM","CRAM.AOS.riparian.point.10","2015-09-14","CRAM.20150914.EPIXYLON.10",,"other (specify in remarks)","Academy of Natural Sciences of Drexel University","2016-05-06","Txt9C5i/u7k=","chlorophyll/pheophytin","1",5,25,100,,,,,,,,"chlorophyll a",,"microgramsPerLiter","ANSP P-16-92 Rev2",,,"filter crumpled; slight leakage","legacyData|Did not meet quality audit requirements for analysis audit"
"5d9fd6b2-66d9-41f4-ac61-8ecc0b0080e1","D05","CRAM","CRAM.AOS.buoy.c0","2015-09-14","CRAM.20150914.PHYTOPLANKTON.3",,"condition ok","Academy of Natural Sciences of Drexel University","2017-03-28","OKgcKejxXbI=","13C15N","2",300,25,100,,,,,,,,"d15N",2.67,"perMill","ANSP P-16-202 Rev0",,,,"legacyData|Did not meet quality audit requirements for analysis audit"
"ba7d0e18-d85b-4e4d-afe2-a7c678d70fda","D05","CRAM","CRAM.AOS.riparian.point.02","2015-09-14","CRAM.20150914.EPIXYLON.2",,"other (specify in remarks)","Academy of Natural Sciences of Drexel University","2016-06-07","OKgcKejxXbI=","CN","1",8,25,100,,,,,,,,"nitrogen",7817.11,"microgramsPerLiter","ANSP P-16-54 Rev2",,,"folded poorly; sample leakage","legacyData|Did not meet quality audit requirements for analysis audit"
"a7685b5d-dfb3-4d32-a556-d9c470bed0e6","D05","CRAM","CRAM.AOS.riparian.point.08","2015-09-14","CRAM.20150914.EPIXYLON.8",,"condition ok","Academy of Natural Sciences of Drexel University","2017-03-08","OKgcKejxXbI=","13C15N","1",5,25,50,,,,,,,,"d34S",1.83,"perMill","SO2 EA-combustion-IRMS method",,,,"legacyData|Did not meet quality audit requirements for analysis audit"
"f0178352-43cd-4d29-ab43-dc3f7ec87c22","D05","CRAM","CRAM.AOS.riparian.point.06","2015-09-14","CRAM.20150914.EPIXYLON.6",,"condition ok","Academy of Natural Sciences of Drexel University","2017-03-08","OKgcKejxXbI=","13C15N","1",5,25,50,,,,,,,,"d15N",4.70,"perMill","ANSP P-16-202 Rev0",,,,"legacyData|Did not meet quality audit requirements for analysis audit"
"63567278-94bf-4862-b2b8-36e047ccff47","D05","CRAM","CRAM.AOS.riparian.point.08","2015-09-14","CRAM.20150914.EPIXYLON.8",,"other (specify in remarks)","Academy of Natural Sciences of Drexel University","2016-06-07","OKgcKejxXbI=","CN","1",5,25,100,,,,,,,,"nitrogen",8751.84,"microgramsPerLiter","ANSP P-16-54 Rev2",,,"folded poorly; sample leakage","legacyData|Did not meet quality audit requirements for analysis audit"
"f06176ea-5237-47aa-bb5b-6dc7d05dd413","D05","CRAM","CRAM.AOS.riparian.point.06","2015-09-14","CRAM.20150914.EPIXYLON.6",,"condition ok","Academy of Natural Sciences of Drexel University","2017-03-08","OKgcKejxXbI=","13C15N","1",5,25,50,,,,,,,,"d34S",3.67,"perMill","SO2 EA-combustion-IRMS method",,,,"legacyData|Did not meet quality audit requirements for analysis audit"
"be4bba6f-454e-4934-8a71-34d50cd89804","D05","CRAM","CRAM.AOS.buoy.c0","2015-09-14","CRAM.20150914.PHYTOPLANKTON.3",,"condition ok","Academy of Natural Sciences of Drexel University","2016-06-07","OKgcKejxXbI=","CN","2",200,25,100,,,,,,,,"carbon",351.48,"microgramsPerLiter","ANSP P-16-54 Rev2",,"N",,"legacyData|Did not meet quality audit requirements for analysis audit|acidTreatmentSOPNotFollowed"
"66c8f8dd-b781-4646-86c1-e530fe6847e4","D05","CRAM","CRAM.AOS.riparian.point.04","2015-09-14","CRAM.20150914.EPIXYLON.4",,"other (specify in remarks)","Academy of Natural Sciences of Drexel University","2016-06-07","OKgcKejxXbI=","CN","2",5,25,100,,,,,,,,"nitrogen",4362.97,"microgramsPerLiter","ANSP P-16-54 Rev2",,,"folded poorly; sample leakage","legacyData|Did not meet quality audit requirements for analysis audit"
"3b0a6160-47a1-4e86-9ded-45eec1bf85a2","D05","CRAM","CRAM.AOS.riparian.point.10","2015-09-14","CRAM.20150914.EPIXYLON.10",,"condition ok","Academy of Natural Sciences of Drexel University","2017-03-08","OKgcKejxXbI=","13C15N","1",5,25,50,,,,,,,,"d15N",5.06,"perMill","ANSP P-16-202 Rev0",,,,"legacyData|Did not meet quality audit requirements for analysis audit"
"cd0a5492-24df-4741-9657-2fef9620044f","D05","CRAM","CRAM.AOS.riparian.point.10","2015-09-14","CRAM.20150914.EPIXYLON.10",,"condition ok","Academy of Natural Sciences of Drexel University","2016-06-07","OKgcKejxXbI=","CN","2",5,25,100,,,,,,,,"carbon",100076.27,"microgramsPerLiter","ANSP P-16-54 Rev2",,"N",,"legacyData|Did not meet quality audit requirements for analysis audit|acidTreatmentSOPNotFollowed"
"d8009aae-9b8a-4323-8338-bab922edeabe","D05","CRAM","CRAM.AOS.riparian.point.04","2015-09-14","CRAM.20150914.EPIXYLON.4",,"other (specify in remarks)","Academy of Natural Sciences of Drexel University","2016-05-06","Txt9C5i/u7k=","chlorophyll/pheophytin","1",5,25,100,,,,,,,,"pheophytin",,"microgramsPerLiter","ANSP P-16-92 Rev2",,,"dups don't look the same - obvious difference in amount of sample loaded on the filter. poorly folded in quarters; sample leakage.","legacyData|Did not meet quality audit requirements for analysis audit"
"3310acdd-99fc-40c2-a277-8483c2f1d8c8","D05","CRAM","CRAM.AOS.riparian.point.02","2015-09-14","CRAM.20150914.EPIXYLON.2",,"condition ok","Academy of Natural Sciences of Drexel University","2017-03-08","OKgcKejxXbI=","13C15N","1",5,25,100,,,,,,,,"d34S",2.37,"perMill","SO2 EA-combustion-IRMS method",,,,"legacyData|Did not meet quality audit requirements for analysis audit"
"493152a4-0cb5-4e90-b204-53f0a401e314","D05","CRAM","CRAM.AOS.riparian.point.02","2015-09-14","CRAM.20150914.EPIXYLON.2",,"other (specify in remarks)","Academy of Natural Sciences of Drexel University","2016-06-07","OKgcKejxXbI=","CN","2",8,25,100,,,,,,,,"carbon",119093.88,"microgramsPerLiter","ANSP P-16-54 Rev2",,"N","folded poorly; sample leakage","legacyData|Did not meet quality audit requirements for analysis audit|acidTreatmentSOPNotFollowed"
"54baa97a-9c39-4c2d-8546-bf8292d01a5b","D05","CRAM","CRAM.AOS.riparian.point.04","2015-09-14","CRAM.20150914.EPIXYLON.4",,"condition ok","Academy of Natural Sciences of Drexel University","2017-03-08","OKgcKejxXbI=","13C15N","2",5,25,100,,,,,,,,"d15N",1.33,"perMill","ANSP P-16-202 Rev0",,,,"legacyData|Did not meet quality audit requirements for analysis audit"
"a46557bf-7d67-4d1d-beeb-a104ad448bf5","D05","CRAM","CRAM.AOS.riparian.point.08","2015-09-14","CRAM.20150914.EPIXYLON.8",,"other (specify in remarks)","Academy of Natural Sciences of Drexel University","2016-05-06","Txt9C5i/u7k=","chlorophyll/pheophytin","2",5,25,100,,,,,,,,"chlorophyll a",,"microgramsPerLiter","ANSP P-16-92 Rev2",,,"poorly folded in quarters; sample leakage.","legacyData|Did not meet quality audit requirements for analysis audit"
"abb7a028-9858-4101-953f-1dcaf02cef50","D05","CRAM","CRAM.AOS.riparian.point.08","2015-09-14","CRAM.20150914.EPIXYLON.8",,"condition ok","Academy of Natural Sciences of Drexel University","2017-03-08","OKgcKejxXbI=","13C15N","1",5,25,50,,,,,,,,"d15N",4.73,"perMill","ANSP P-16-202 Rev0",,,,"legacyData|Did not meet quality audit requirements for analysis audit"
"dcd740ea-7406-444c-8aae-a1fe8e116402","D05","CRAM","CRAM.AOS.riparian.point.06","2015-09-14","CRAM.20150914.EPIXYLON.6",,"other (specify in remarks)","Academy of Natural Sciences of Drexel University","2016-05-06","Txt9C5i/u7k=","chlorophyll/pheophytin","1",5,25,100,,,,,,,,"pheophytin",,"microgramsPerLiter","ANSP P-16-92 Rev2",,,"poorly folded in quarters; sample leakage.","legacyData|Did not meet quality audit requirements for analysis audit"
"543dcc7e-0205-4058-9c96-0ec8c3e9ce05","D05","CRAM","CRAM.AOS.riparian.point.06","2015-09-14","CRAM.20150914.EPIXYLON.6",,"condition ok","Academy of Natural Sciences of Drexel University","2016-06-07","OKgcKejxXbI=","CN","2",5,25,100,,,,,,,,"carbon",176844.01,"microgramsPerLiter","ANSP P-16-54 Rev2",,"N",,"legacyData|Did not meet quality audit requirements for analysis audit|acidTreatmentSOPNotFollowed"
"fda3a825-24a2-45a2-98e6-6b19172e39a9","D05","CRAM","CRAM.AOS.buoy.c0","2015-09-14","CRAM.20150914.PHYTOPLANKTON.3",,"condition ok","Academy of Natural Sciences of Drexel University","2016-06-07","OKgcKejxXbI=","CN","2",200,25,100,,,,,,,,"nitrogen",64.71,"microgramsPerLiter","ANSP P-16-54 Rev2",,,,"legacyData|Did not meet quality audit requirements for analysis audit"
"999c6dd8-73e0-4a89-a311-4374910247dd","D05","CRAM","CRAM.AOS.riparian.point.02","2015-09-14","CRAM.20150914.EPIXYLON.2",,"condition ok","Academy of Natural Sciences of Drexel University","2017-03-08","OKgcKejxXbI=","13C15N","2",5,25,100,,,,,,,,"d15N",5.07,"perMill","ANSP P-16-202 Rev0",,,,"legacyData|Did not meet quality audit requirements for analysis audit"
"ac8987b2-0525-46ea-9e6a-0b510630acd3","D05","CRAM","CRAM.AOS.riparian.point.06","2015-09-14","CRAM.20150914.EPIXYLON.6",,"other (specify in remarks)","Academy of Natural Sciences of Drexel University","2016-05-06","Txt9C5i/u7k=","chlorophyll/pheophytin","2",5,25,100,,,,,,,,"chlorophyll a",,"microgramsPerLiter","ANSP P-16-92 Rev2",,,"poorly folded in quarters; sample leakage.","legacyData|Did not meet quality audit requirements for analysis audit"
"423e1551-13dd-4ec9-b0de-dd8551e0fd28","D05","CRAM","CRAM.AOS.riparian.point.08","2015-09-14","CRAM.20150914.EPIXYLON.8",,"condition ok","Academy of Natural Sciences of Drexel University","2017-03-08","OKgcKejxXbI=","13C15N","2",5,25,50,,,,,,,,"d13C",-27.88,"perMill","ANSP P-16-202 Rev0",,"N",,"legacyData|Did not meet quality audit requirements for analysis audit|acidTreatmentSOPNotFollowed"
"a8a0f608-b402-47b5-96ec-9ffb10942586","D05","CRAM","CRAM.AOS.riparian.point.02","2015-09-14","CRAM.20150914.EPIXYLON.2",,"condition ok","Academy of Natural Sciences of Drexel University","2017-03-08","OKgcKejxXbI=","13C15N","1",5,25,100,,,,,,,,"d15N",4.60,"perMill","ANSP P-16-202 Rev0",,,,"legacyData|Did not meet quality audit requirements for analysis audit"
"5811aca0-db8d-4209-8c26-cc299d3ea214","D05","CRAM","CRAM.AOS.riparian.point.08","2015-09-14","CRAM.20150914.EPIXYLON.8",,"other (specify in remarks)","Academy of Natural Sciences of Drexel University","2016-06-07","OKgcKejxXbI=","CN","1",5,25,100,,,,,,,,"carbon",155470.84,"microgramsPerLiter","ANSP P-16-54 Rev2",,"N","folded poorly; sample leakage","legacyData|Did not meet quality audit requirements for analysis audit|acidTreatmentSOPNotFollowed"
"f6ad027d-5804-4814-a469-be1c4f1b6c7b","D05","CRAM","CRAM.AOS.riparian.point.06","2015-09-14","CRAM.20150914.EPIXYLON.6",,"condition ok","Academy of Natural Sciences of Drexel University","2016-06-16","+IoRzddUq5A=","P","1",5,25,100,,,,,,,,"phosphorus",540.00,"microgramsPerLiter","ANSP P-16-114 Rev2; ANSP P-16_95 Rev3",,,,"legacyData|Did not meet quality audit requirements for analysis audit"
"038e96ed-e840-4bfc-aa1a-40b08caa616f","D05","CRAM","CRAM.AOS.riparian.point.10","2015-09-14","CRAM.20150914.EPIXYLON.10",,"condition ok","Academy of Natural Sciences of Drexel University","2016-06-07","OKgcKejxXbI=","CN","1",5,25,100,,,,,,,,"nitrogen",5762.84,"microgramsPerLiter","ANSP P-16-54 Rev2",,,,"legacyData|Did not meet quality audit requirements for analysis audit"
"993bbed1-f9cf-4633-a84a-e596cb50ae0c","D05","CRAM","CRAM.AOS.riparian.point.02","2015-09-14","CRAM.20150914.EPIXYLON.2",,"condition ok","Academy of Natural Sciences of Drexel University","2016-05-06","Txt9C5i/u7k=","chlorophyll/pheophytin","2",5,25,100,,,,,,,,"pheophytin",,"microgramsPerLiter","ANSP P-16-92 Rev2",,,,"legacyData|Did not meet quality audit requirements for analysis audit"
"9bd51550-a3bf-4a26-ba4d-d98f7e0019b9","D05","CRAM","CRAM.AOS.riparian.point.06","2015-09-14","CRAM.20150914.EPIXYLON.6",,"other (specify in remarks)","Academy of Natural Sciences of Drexel University","2016-05-06","Txt9C5i/u7k=","chlorophyll/pheophytin","2",5,25,100,,,,,,,,"pheophytin",,"microgramsPerLiter","ANSP P-16-92 Rev2",,,"poorly folded in quarters; sample leakage.","legacyData|Did not meet quality audit requirements for analysis audit"
"02a35c7b-60da-47fd-9928-62ebadf234d5","D05","CRAM","CRAM.AOS.riparian.point.02","2015-09-14","CRAM.20150914.EPIXYLON.2",,"condition ok","Academy of Natural Sciences of Drexel University","2017-03-08","OKgcKejxXbI=","13C15N","2",5,25,100,,,,,,,,"d13C",-26.56,"perMill","ANSP P-16-202 Rev0",,"N",,"legacyData|Did not meet quality audit requirements for analysis audit|acidTreatmentSOPNotFollowed"
"f04d24da-9a23-4f37-864b-f46fd22751ab","D05","CRAM","CRAM.AOS.riparian.point.02","2015-09-14","CRAM.20150914.EPIXYLON.2",,"condition ok","Academy of Natural Sciences of Drexel University","2016-06-16","+IoRzddUq5A=","P","1",5,25,100,,,,,,,,"phosphorus",355.60,"microgramsPerLiter","ANSP P-16-114 Rev2; ANSP P-16_95 Rev3",,,,"legacyData|Did not meet quality audit requirements for analysis audit"
"a2a8e5ed-af10-45ee-8609-6669f0c1b63a","D05","CRAM","CRAM.AOS.riparian.point.08","2015-09-14","CRAM.20150914.EPIXYLON.8",,"other (specify in remarks)","Academy of Natural Sciences of Drexel University","2016-05-06","Txt9C5i/u7k=","chlorophyll/pheophytin","2",5,25,100,,,,,,,,"pheophytin",,"microgramsPerLiter","ANSP P-16-92 Rev2",,,"poorly folded in quarters; sample leakage.","legacyData|Did not meet quality audit requirements for analysis audit"
"78e67ae5-eced-4ef6-9803-bb6a80541d0b","D05","CRAM","CRAM.AOS.riparian.point.10","2015-09-14","CRAM.20150914.EPIXYLON.10",,"other (specify in remarks)","Academy of Natural Sciences of Drexel University","2016-05-06","Txt9C5i/u7k=","chlorophyll/pheophytin","1",5,25,100,,,,,,,,"pheophytin",,"microgramsPerLiter","ANSP P-16-92 Rev2",,,"filter crumpled; slight leakage","legacyData|Did not meet quality audit requirements for analysis audit"
"c196de20-20a9-4471-9745-b601967d80cb","D05","CRAM","CRAM.AOS.riparian.point.08","2015-09-14","CRAM.20150914.EPIXYLON.8",,"other (specify in remarks)","Academy of Natural Sciences of Drexel University","2016-06-07","OKgcKejxXbI=","CN","2",5,25,100,,,,,,,,"carbon",271867.34,"microgramsPerLiter","ANSP P-16-54 Rev2",,"N","folded poorly; sample leakage","legacyData|Did not meet quality audit requirements for analysis audit|acidTreatmentSOPNotFollowed"
"535cd7e0-bc49-4baf-bd89-45b68dda91b2","D05","CRAM","CRAM.AOS.riparian.point.04","2015-09-14","CRAM.20150914.EPIXYLON.4",,"condition ok","Academy of Natural Sciences of Drexel University","2017-03-08","OKgcKejxXbI=","13C15N","2",5,25,100,,,,,,,,"d13C",-25.92,"perMill","ANSP P-16-202 Rev0",,"N",,"legacyData|Did not meet quality audit requirements for analysis audit|acidTreatmentSOPNotFollowed"
"332c8e8d-a6c8-4f8a-9975-71ac2487748f","D05","CRAM","CRAM.AOS.riparian.point.04","2015-09-14","CRAM.20150914.EPIXYLON.4",,"other (specify in remarks)","Academy of Natural Sciences of Drexel University","2016-05-06","Txt9C5i/u7k=","chlorophyll/pheophytin","2",5,25,100,,,,,,,,"chlorophyll a",,"microgramsPerLiter","ANSP P-16-92 Rev2",,,"dups don't look the same - obvious difference in amount of sample loaded on the filter. poorly folded in quarters; sample leakage.","legacyData|Did not meet quality audit requirements for analysis audit"
"c82be9bb-d9b5-49c8-abd8-b6960b319de2","D05","CRAM","CRAM.AOS.buoy.c0","2015-09-14","CRAM.20150914.PHYTOPLANKTON.3",,"condition ok","Academy of Natural Sciences of Drexel University","2016-05-06","Txt9C5i/u7k=","chlorophyll/pheophytin","2",5,25,100,,,,,,,,"pheophytin",,"microgramsPerLiter","ANSP P-16-92 Rev2",,,,"legacyData|Did not meet quality audit requirements for analysis audit"
"f026ebca-d1de-4873-87ee-31433f4137ba","D05","CRAM","CRAM.AOS.riparian.point.04","2015-09-14","CRAM.20150914.EPIXYLON.4",,"other (specify in remarks)","Academy of Natural Sciences of Drexel University","2016-06-07","OKgcKejxXbI=","CN","1",5,25,100,,,,,,,,"carbon",68296.10,"microgramsPerLiter","ANSP P-16-54 Rev2",,"N","folded poorly; sample leakage","legacyData|Did not meet quality audit requirements for analysis audit|acidTreatmentSOPNotFollowed"
"aaa475f4-8375-428f-b5c3-c93dfe506b27","D05","CRAM","CRAM.AOS.riparian.point.10","2015-09-14","CRAM.20150914.EPIXYLON.10",,"condition ok","Academy of Natural Sciences of Drexel University","2016-06-07","OKgcKejxXbI=","CN","1",5,25,100,,,,,,,,"carbon",104499.66,"microgramsPerLiter","ANSP P-16-54 Rev2",,"N",,"legacyData|Did not meet quality audit requirements for analysis audit|acidTreatmentSOPNotFollowed"
"7d2721ab-4fb7-4e39-8f50-0fcfc4f8f109","D05","CRAM","CRAM.AOS.buoy.c0","2015-09-14","CRAM.20150914.PHYTOPLANKTON.3",,"condition ok","Academy of Natural Sciences of Drexel University","2016-05-06","Txt9C5i/u7k=","chlorophyll/pheophytin","1",5,25,100,,,,,,,,"pheophytin",,"microgramsPerLiter","ANSP P-16-92 Rev2",,,,"legacyData|Did not meet quality audit requirements for analysis audit"
"5377d15e-b6f2-40d1-a274-5b4d2353f51f","D05","CRAM","CRAM.AOS.riparian.point.08","2015-09-14","CRAM.20150914.EPIXYLON.8",,"other (specify in remarks)","Academy of Natural Sciences of Drexel University","2016-05-06","Txt9C5i/u7k=","chlorophyll/pheophytin","1",5,25,100,,,,,,,,"chlorophyll a",,"microgramsPerLiter","ANSP P-16-92 Rev2",,,"sample material on back of filter","legacyData|Did not meet quality audit requirements for analysis audit"
"40a8a555-c9b1-4afa-a5cb-ab66fb59e2c9","D05","CRAM","CRAM.AOS.riparian.point.10","2015-09-14","CRAM.20150914.EPIXYLON.10",,"condition ok","Academy of Natural Sciences of Drexel University","2017-03-08","OKgcKejxXbI=","13C15N","1",5,25,50,,,,,,,,"d34S",4.52,"perMill","SO2 EA-combustion-IRMS method",,,,"legacyData|Did not meet quality audit requirements for analysis audit"
