uid,domainID,siteID,namedLocation,aquaticSiteType,decimalLatitude,decimalLongitude,coordinateUncertainty,elevation,elevationUncertainty,geodeticDatum,collectDate,eventID,parentSampleID,parentSampleCode,samplingImpractical,biophysicalCriteria,affectedByWind,habitatType,algalSampleType,benthicArea,samplingProtocolVersion,phytoDepth1,phytoDepth2,phytoDepth3,substratumSizeClass,remarks,recordedBy,collectedBy,dataQF
"73f2a0a4-d03f-4661-931f-9141c95755e2","D05","CRAM","CRAM.AOS.riparian.point.10","lake",46.209167,-89.477353,0.3,509.7,0.7,"WGS84","2015-09-14T16:00Z","CRAM.20150914","CRAM.20150914.EPIXYLON.10",,,,,"littoral","epixylon",0.002406,"NEON.DOC.001203vD",,,,,,"jhudson@neoninc.org","bcook@field-ops.org","legacyData"
"15b60a76-c907-453c-bab6-288f6103c81c","D05","CRAM","CRAM.AOS.riparian.point.06","lake",46.209007,-89.472853,0.4,512.7,0.3,"WGS84","2015-09-14T16:00Z","CRAM.20150914","CRAM.20150914.EPIXYLON.6",,,,,"littoral","epixylon",0.002406,"NEON.DOC.001203vD",,,,,,"jhudson@neoninc.org","bcook@field-ops.org","legacyData"
"c1ca5b0e-74c5-409c-a6de-e5e66ecd3235","D05","CRAM","CRAM.AOS.riparian.point.04","lake",46.209689,-89.468752,0.2,512.4,0.3,"WGS84","2015-09-14T16:00Z","CRAM.20150914","CRAM.20150914.EPIXYLON.4",,,,,"littoral","epixylon",0.002406,"NEON.DOC.001203vD",,,,,,"jhudson@neoninc.org","bcook@field-ops.org","legacyData"
"8d9df014-6453-4879-a723-96f0194a138e","D05","CRAM","CRAM.AOS.riparian.point.08","lake",46.205971,-89.472702,0.1,510.8,0.1,"WGS84","2015-09-14T16:00Z","CRAM.20150914","CRAM.20150914.EPIXYLON.8",,,,,"littoral","epixylon",0.002406,"NEON.DOC.001203vD",,,,,,"jhudson@neoninc.org","bcook@field-ops.org","legacyData"
"42d6614f-fef5-4576-98f1-b77b4ed8201f","D05","CRAM","CRAM.AOS.buoy.c0","lake",46.210592,-89.476861,10.0,509.0,10.0,"WGS84","2015-09-14T16:00Z","CRAM.20150914","CRAM.20150914.PHYTOPLANKTON.3",,,,,"pelagic","phytoplankton",,"NEON.DOC.001203vD",0.5,7.0,12.5,,,"jhudson@neoninc.org","bcook@field-ops.org","legacyData"
"682b9227-898d-4ed8-b64c-551939997e22","D05","CRAM","CRAM.AOS.riparian.point.02","lake",46.211930,-89.475007,0.1,508.4,0.2,"WGS84","2015-09-14T16:00Z","CRAM.20150914","CRAM.20150914.EPIXYLON.2",,,,,"littoral","epixylon",0.002406,"NEON.DOC.001203vD",,,,,,"jhudson@neoninc.org","bcook@field-ops.org","legacyData"
