uid,domainID,siteID,namedLocation,collectDate,parentSampleID,sampleID,sampleCode,filterNumber,analysisType,fieldSampleVolume,domainFilterVolume,storageDays,remarks,measuredBy,recordedBy,sampleCondition,dataQF
"ef6cf553-b308-4373-b6e2-52830e5a7929","D05","CRAM","CRAM.AOS.riparian.point.10","2015-09-14T16:00Z","CRAM.20150914.EPIXYLON.10","CRAM.20150914.EPIXYLON.10",,2,"chlorophyll/pheophytin",125.0,7.5,1.0,,,"jhudson@neoninc.org","OK","legacyData"
"509834c3-314f-4abd-aa80-e8de615559e5","D05","CRAM","CRAM.AOS.riparian.point.06","2015-09-14T16:00Z","CRAM.20150914.EPIXYLON.6","CRAM.20150914.EPIXYLON.6",,1,"chlorophyll/pheophytin",125.0,5.0,1.0,,,"jhudson@neoninc.org","OK","legacyData"
"8863c3a4-ace2-4eb2-804c-733699085710","D05","CRAM","CRAM.AOS.riparian.point.04","2015-09-14T16:00Z","CRAM.20150914.EPIXYLON.4","CRAM.20150914.EPIXYLON.4",,2,"CN",125.0,5.0,1.0,,,"jhudson@neoninc.org","OK","legacyData"
"00c59f15-8fdb-4a67-a5a5-37b1da207592","D05","CRAM","CRAM.AOS.riparian.point.08","2015-09-14T16:00Z","CRAM.20150914.EPIXYLON.8","CRAM.20150914.EPIXYLON.8",,1,"13C15N",125.0,5.0,1.0,,,"jhudson@neoninc.org","OK","legacyData"
"30f62a88-905d-4322-a9d8-38a702978db8","D05","CRAM","CRAM.AOS.riparian.point.02","2015-09-14T16:00Z","CRAM.20150914.EPIXYLON.2","CRAM.20150914.EPIXYLON.2",,1,"13C15N",125.0,5.0,1.0,,,"jhudson@neoninc.org","OK","legacyData"
"7d5953c9-57fb-4e13-8b04-52f7b128dc0a","D05","CRAM","CRAM.AOS.riparian.point.08","2015-09-14T16:00Z","CRAM.20150914.EPIXYLON.8","CRAM.20150914.EPIXYLON.8",,1,"P",125.0,5.0,1.0,,,"jhudson@neoninc.org","OK","legacyData"
"dd31335c-a78b-4b60-854d-a3ecf94efae2","D05","CRAM","CRAM.AOS.riparian.point.10","2015-09-14T16:00Z","CRAM.20150914.EPIXYLON.10","CRAM.20150914.EPIXYLON.10",,2,"13C15N",125.0,5.0,1.0,,,"jhudson@neoninc.org","OK","legacyData"
"462a5a59-7497-4130-a833-82a9c4805cc9","D05","CRAM","CRAM.AOS.riparian.point.02","2015-09-14T16:00Z","CRAM.20150914.EPIXYLON.2","CRAM.20150914.EPIXYLON.2",,2,"13C15N",125.0,5.0,1.0,,,"jhudson@neoninc.org","OK","legacyData"
"689b4c89-e50e-4513-a6df-6fd630174c48","D05","CRAM","CRAM.AOS.riparian.point.02","2015-09-14T16:00Z","CRAM.20150914.EPIXYLON.2","CRAM.20150914.EPIXYLON.2",,2,"CN",125.0,7.5,1.0,,,"jhudson@neoninc.org","OK","legacyData"
"4b926f86-f5c5-42fb-8e57-1e1fe292e9e0","D05","CRAM","CRAM.AOS.riparian.point.04","2015-09-14T16:00Z","CRAM.20150914.EPIXYLON.4","CRAM.20150914.EPIXYLON.4",,1,"CN",125.0,5.0,1.0,,,"jhudson@neoninc.org","OK","legacyData"
"b4c4df8a-ee13-48c8-ac1d-a4a8380f10aa","D05","CRAM","CRAM.AOS.riparian.point.08","2015-09-14T16:00Z","CRAM.20150914.EPIXYLON.8","CRAM.20150914.EPIXYLON.8",,2,"CN",125.0,5.0,1.0,,,"jhudson@neoninc.org","OK","legacyData"
"fe236ef0-859d-49f1-9dcc-49fdfcf584a7","D05","CRAM","CRAM.AOS.buoy.c0","2015-09-14T16:00Z","CRAM.20150914.PHYTOPLANKTON.3","CRAM.20150914.PHYTOPLANKTON.3",,2,"CN",4000.0,200.0,1.0,,,"jhudson@neoninc.org","OK","legacyData"
"4a576d49-4688-4c3a-ae45-4e4aff9f8878","D05","CRAM","CRAM.AOS.buoy.c0","2015-09-14T16:00Z","CRAM.20150914.PHYTOPLANKTON.3","CRAM.20150914.PHYTOPLANKTON.3",,1,"P",4000.0,200.0,1.0,,,"jhudson@neoninc.org","OK","legacyData"
"1bd39705-b8ac-4c4c-b0b3-7614213fde39","D05","CRAM","CRAM.AOS.riparian.point.10","2015-09-14T16:00Z","CRAM.20150914.EPIXYLON.10","CRAM.20150914.EPIXYLON.10",,2,"CN",125.0,5.0,1.0,,,"jhudson@neoninc.org","OK","legacyData"
"a6a6b3a5-0eaf-4a71-90fa-c567dd8ecf8b","D05","CRAM","CRAM.AOS.riparian.point.04","2015-09-14T16:00Z","CRAM.20150914.EPIXYLON.4","CRAM.20150914.EPIXYLON.4",,2,"chlorophyll/pheophytin",125.0,5.0,1.0,,,"jhudson@neoninc.org","OK","legacyData"
"cb60af90-40a8-4878-9c1c-4f288e0f691a","D05","CRAM","CRAM.AOS.riparian.point.06","2015-09-14T16:00Z","CRAM.20150914.EPIXYLON.6","CRAM.20150914.EPIXYLON.6",,1,"P",125.0,5.0,1.0,,,"jhudson@neoninc.org","OK","legacyData"
"07b98228-2e7b-42e3-a150-0806aa4582cf","D05","CRAM","CRAM.AOS.riparian.point.04","2015-09-14T16:00Z","CRAM.20150914.EPIXYLON.4","CRAM.20150914.EPIXYLON.4",,1,"P",125.0,5.0,1.0,,,"jhudson@neoninc.org","OK","legacyData"
"957ef8c3-5d6f-427f-b71a-c83fc7542e9b","D05","CRAM","CRAM.AOS.riparian.point.04","2015-09-14T16:00Z","CRAM.20150914.EPIXYLON.4","CRAM.20150914.EPIXYLON.4",,1,"34S",125.0,10.0,1.0,,,"jhudson@neoninc.org","OK","legacyData"
"8ef65683-046e-4e71-bc5b-d5453ab67423","D05","CRAM","CRAM.AOS.buoy.c0","2015-09-14T16:00Z","CRAM.20150914.PHYTOPLANKTON.3","CRAM.20150914.PHYTOPLANKTON.3",,1,"chlorophyll/pheophytin",4000.0,150.0,1.0,,,"jhudson@neoninc.org","OK","legacyData"
"98c15fb8-67d8-4d79-bf30-a16f83fda3a2","D05","CRAM","CRAM.AOS.buoy.c0","2015-09-14T16:00Z","CRAM.20150914.PHYTOPLANKTON.3","CRAM.20150914.PHYTOPLANKTON.3",,2,"chlorophyll/pheophytin",4000.0,150.0,1.0,,,"jhudson@neoninc.org","OK","legacyData"
"16d36657-0944-40c7-979f-7fce398377a8","D05","CRAM","CRAM.AOS.riparian.point.02","2015-09-14T16:00Z","CRAM.20150914.EPIXYLON.2","CRAM.20150914.EPIXYLON.2",,1,"CN",125.0,7.5,1.0,,,"jhudson@neoninc.org","OK","legacyData"
"d7a7a8d1-9eab-4348-a69a-9f5b388d2aab","D05","CRAM","CRAM.AOS.buoy.c0","2015-09-14T16:00Z","CRAM.20150914.PHYTOPLANKTON.3","CRAM.20150914.PHYTOPLANKTON.3",,1,"13C15N",4000.0,300.0,1.0,,,"jhudson@neoninc.org","OK","legacyData"
"6fab20f6-f8e5-40b9-92d5-c32a8fbf62a9","D05","CRAM","CRAM.AOS.riparian.point.08","2015-09-14T16:00Z","CRAM.20150914.EPIXYLON.8","CRAM.20150914.EPIXYLON.8",,2,"chlorophyll/pheophytin",125.0,5.0,1.0,,,"jhudson@neoninc.org","OK","legacyData"
"72ed83d9-5677-44d4-86c2-ce3adb94a2b6","D05","CRAM","CRAM.AOS.riparian.point.10","2015-09-14T16:00Z","CRAM.20150914.EPIXYLON.10","CRAM.20150914.EPIXYLON.10",,1,"P",125.0,5.0,1.0,,,"jhudson@neoninc.org","OK","legacyData"
"b0c6a19d-c968-4d56-a41e-05fee1d6f807","D05","CRAM","CRAM.AOS.riparian.point.02","2015-09-14T16:00Z","CRAM.20150914.EPIXYLON.2","CRAM.20150914.EPIXYLON.2",,1,"34S",125.0,7.5,1.0,,,"jhudson@neoninc.org","OK","legacyData"
"afb1ce30-4bcb-419b-a5aa-c790c91cab96","D05","CRAM","CRAM.AOS.riparian.point.04","2015-09-14T16:00Z","CRAM.20150914.EPIXYLON.4","CRAM.20150914.EPIXYLON.4",,1,"13C15N",125.0,5.0,1.0,,,"jhudson@neoninc.org","OK","legacyData"
"58f642ce-7343-447a-ae52-18f613267c36","D05","CRAM","CRAM.AOS.riparian.point.08","2015-09-14T16:00Z","CRAM.20150914.EPIXYLON.8","CRAM.20150914.EPIXYLON.8",,1,"chlorophyll/pheophytin",125.0,5.0,1.0,,,"jhudson@neoninc.org","OK","legacyData"
"d545449d-25c0-457f-8483-cd9648d927f0","D05","CRAM","CRAM.AOS.riparian.point.06","2015-09-14T16:00Z","CRAM.20150914.EPIXYLON.6","CRAM.20150914.EPIXYLON.6",,2,"CN",125.0,5.0,1.0,,,"jhudson@neoninc.org","OK","legacyData"
"98794818-33e5-4b02-9756-ac10b307a9b4","D05","CRAM","CRAM.AOS.riparian.point.08","2015-09-14T16:00Z","CRAM.20150914.EPIXYLON.8","CRAM.20150914.EPIXYLON.8",,1,"CN",125.0,5.0,1.0,,,"jhudson@neoninc.org","OK","legacyData"
"c8070932-ed57-4809-af2b-d8d8480b44a8","D05","CRAM","CRAM.AOS.riparian.point.06","2015-09-14T16:00Z","CRAM.20150914.EPIXYLON.6","CRAM.20150914.EPIXYLON.6",,1,"34S",125.0,5.0,1.0,,,"jhudson@neoninc.org","OK","legacyData"
"ed221b71-7b38-40ba-99d5-676f7e8777e0","D05","CRAM","CRAM.AOS.riparian.point.06","2015-09-14T16:00Z","CRAM.20150914.EPIXYLON.6","CRAM.20150914.EPIXYLON.6",,1,"CN",125.0,5.0,1.0,,,"jhudson@neoninc.org","OK","legacyData"
"190575b5-ff65-4bb9-9d67-0e6a6b3842e3","D05","CRAM","CRAM.AOS.riparian.point.04","2015-09-14T16:00Z","CRAM.20150914.EPIXYLON.4","CRAM.20150914.EPIXYLON.4",,2,"13C15N",125.0,5.0,1.0,,,"jhudson@neoninc.org","OK","legacyData"
"9b2eb212-cd84-4b25-92ec-d5e770785d1f","D05","CRAM","CRAM.AOS.buoy.c0","2015-09-14T16:00Z","CRAM.20150914.PHYTOPLANKTON.3","CRAM.20150914.PHYTOPLANKTON.3",,2,"13C15N",4000.0,300.0,1.0,,,"jhudson@neoninc.org","OK","legacyData"
"09cdecb1-d4ad-41fa-bd34-75adade5d600","D05","CRAM","CRAM.AOS.riparian.point.10","2015-09-14T16:00Z","CRAM.20150914.EPIXYLON.10","CRAM.20150914.EPIXYLON.10",,1,"chlorophyll/pheophytin",125.0,7.5,1.0,,,"jhudson@neoninc.org","OK","legacyData"
"b50c4f07-d773-489f-9a06-dada34c6f208","D05","CRAM","CRAM.AOS.riparian.point.10","2015-09-14T16:00Z","CRAM.20150914.EPIXYLON.10","CRAM.20150914.EPIXYLON.10",,1,"34S",125.0,5.0,1.0,,,"jhudson@neoninc.org","OK","legacyData"
"4fca352b-6bb4-467f-986d-930a2b134171","D05","CRAM","CRAM.AOS.buoy.c0","2015-09-14T16:00Z","CRAM.20150914.PHYTOPLANKTON.3","CRAM.20150914.PHYTOPLANKTON.3",,1,"CN",4000.0,200.0,1.0,,,"jhudson@neoninc.org","OK","legacyData"
"88c2e359-2ccc-4a3b-ba71-dbcf80b86839","D05","CRAM","CRAM.AOS.riparian.point.06","2015-09-14T16:00Z","CRAM.20150914.EPIXYLON.6","CRAM.20150914.EPIXYLON.6",,2,"13C15N",125.0,5.0,1.0,,,"jhudson@neoninc.org","OK","legacyData"
"c6267984-0b60-4597-ae95-51df2e7cd644","D05","CRAM","CRAM.AOS.riparian.point.10","2015-09-14T16:00Z","CRAM.20150914.EPIXYLON.10","CRAM.20150914.EPIXYLON.10",,1,"13C15N",125.0,5.0,1.0,,,"jhudson@neoninc.org","OK","legacyData"
"ea4e0095-af9b-4c46-9cfb-e8fab441720d","D05","CRAM","CRAM.AOS.buoy.c0","2015-09-14T16:00Z","CRAM.20150914.PHYTOPLANKTON.3","CRAM.20150914.PHYTOPLANKTON.3",,1,"34S",4000.0,300.0,1.0,,,"jhudson@neoninc.org","OK","legacyData"
"552c3386-eafe-467d-aa3e-46562336353e","D05","CRAM","CRAM.AOS.riparian.point.06","2015-09-14T16:00Z","CRAM.20150914.EPIXYLON.6","CRAM.20150914.EPIXYLON.6",,2,"chlorophyll/pheophytin",125.0,5.0,1.0,,,"jhudson@neoninc.org","OK","legacyData"
"855de1d9-9cdf-4283-b44f-c59870d1f8d8","D05","CRAM","CRAM.AOS.riparian.point.02","2015-09-14T16:00Z","CRAM.20150914.EPIXYLON.2","CRAM.20150914.EPIXYLON.2",,1,"chlorophyll/pheophytin",125.0,7.5,1.0,,,"jhudson@neoninc.org","OK","legacyData"
"c8deb10a-ffe3-49ea-9a53-0cf8f3d3715e","D05","CRAM","CRAM.AOS.riparian.point.08","2015-09-14T16:00Z","CRAM.20150914.EPIXYLON.8","CRAM.20150914.EPIXYLON.8",,1,"34S",125.0,5.0,1.0,,,"jhudson@neoninc.org","OK","legacyData"
"836eba27-6a87-4bb5-a94a-873c1adc22b3","D05","CRAM","CRAM.AOS.riparian.point.04","2015-09-14T16:00Z","CRAM.20150914.EPIXYLON.4","CRAM.20150914.EPIXYLON.4",,1,"chlorophyll/pheophytin",125.0,5.0,1.0,,,"jhudson@neoninc.org","OK","legacyData"
"b6ccad05-cc77-4f33-921e-094be3819814","D05","CRAM","CRAM.AOS.riparian.point.08","2015-09-14T16:00Z","CRAM.20150914.EPIXYLON.8","CRAM.20150914.EPIXYLON.8",,2,"13C15N",125.0,5.0,1.0,,,"jhudson@neoninc.org","OK","legacyData"
"d64a2eeb-faba-47f3-8202-718036aa2c2d","D05","CRAM","CRAM.AOS.riparian.point.02","2015-09-14T16:00Z","CRAM.20150914.EPIXYLON.2","CRAM.20150914.EPIXYLON.2",,2,"chlorophyll/pheophytin",125.0,7.5,1.0,,,"jhudson@neoninc.org","OK","legacyData"
"90163d0d-1a6f-4a90-8d26-e9cca5b75d49","D05","CRAM","CRAM.AOS.riparian.point.06","2015-09-14T16:00Z","CRAM.20150914.EPIXYLON.6","CRAM.20150914.EPIXYLON.6",,1,"13C15N",125.0,5.0,1.0,,,"jhudson@neoninc.org","OK","legacyData"
"c9d8a72e-6dd1-4292-9f57-2a164090101e","D05","CRAM","CRAM.AOS.riparian.point.02","2015-09-14T16:00Z","CRAM.20150914.EPIXYLON.2","CRAM.20150914.EPIXYLON.2",,1,"P",125.0,5.0,1.0,,,"jhudson@neoninc.org","OK","legacyData"
"29dc991f-539f-4d6e-aca6-1fdc63f9d1e5","D05","CRAM","CRAM.AOS.riparian.point.10","2015-09-14T16:00Z","CRAM.20150914.EPIXYLON.10","CRAM.20150914.EPIXYLON.10",,1,"CN",125.0,5.0,1.0,,,"jhudson@neoninc.org","OK","legacyData"
