uid,domainID,siteID,namedLocation,date,eventID,sampleDepth,waterTemp,specificConductance,dissolvedOxygen,dissolvedOxygenSaturation,dataQF
"31f8bfd1-575d-4b19-922e-606efda9ec56","D09","PRLA","PRLA.AOS.buoy.c0","2021-06-01T15:13Z","PRLA.c0.20210601",0.5,15.5,1210.0,11.1,118.1,
"0156700d-0f0f-4f9f-9aa8-30d433a0b394","D09","PRLA","PRLA.AOS.buoy.c0","2021-06-01T15:13Z","PRLA.c0.20210601",1.5,15.3,1221.0,11.0,117.4,
"ee94ac73-2f42-4e84-913b-7a1c4056dbd1","D09","PRLA","PRLA.AOS.buoy.c0","2021-06-01T15:13Z","PRLA.c0.20210601",2.0,13.6,1220.0,9.6,98.8,
"98391ef1-415d-4866-ac64-cb0ca41dd9c8","D09","PRLA","PRLA.AOS.buoy.c0","2021-06-01T15:13Z","PRLA.c0.20210601",2.5,13.4,1222.0,8.6,89.1,
"4b39da7b-7420-4089-b47a-9f03248a0518","D09","PRLA","PRLA.AOS.buoy.c0","2021-06-01T15:13Z","PRLA.c0.20210601",1.0,15.4,1220.0,11.0,117.7,
"03f75b97-d55f-42be-a8eb-f9f25b99f53d","D09","PRLA","PRLA.AOS.buoy.c0","2021-06-14T16:00Z","PRLA.c0.20210614",2.5,21.8,1245.0,7.3,87.1,
"024780a4-0833-491d-afaf-455784786fa1","D09","PRLA","PRLA.AOS.buoy.c0","2021-06-14T16:00Z","PRLA.c0.20210614",1.5,21.6,1237.0,9.7,117.0,
"87a70e6b-feaa-4210-881b-a50cfd6fd4b0","D09","PRLA","PRLA.AOS.buoy.c0","2021-06-14T16:00Z","PRLA.c0.20210614",2.0,21.3,1237.0,9.2,110.4,
"ec3895fd-ea0b-46ac-8a18-a726be891f68","D09","PRLA","PRLA.AOS.buoy.c0","2021-06-14T16:00Z","PRLA.c0.20210614",0.5,21.9,1237.0,10.3,124.8,
"c0d78503-479c-4c9a-9c0c-eb813a2fc8b7","D09","PRLA","PRLA.AOS.buoy.c0","2021-06-14T16:00Z","PRLA.c0.20210614",1.0,21.7,1236.0,10.2,121.7,
