uid,domainID,siteID,namedLocation,sampleID,sampleCode,startDate,collectDate,laboratoryName,analyte,analyteConcentration,analyteUnits,coolerTemp,remarks,shipmentWarmQF,externalLabDataQF,sampleCondition
"04e518bf-9473-4752-b34a-2acc11ed5b16","D03","BARC","BARC.AOS.buoy.c0","BARC.C0.20200107.POM.1","A00000129016","2020-01-07T14:01Z","2020-01-07T14:01Z","SIRFER Lab at University of Utah","TPC",617.8153,"microgramsPerLiter",,,-1,,"OK"
"f92d2a8c-f0c5-49f4-99ab-16f7790b1a2f","D03","BARC","BARC.AOS.buoy.c0","BARC.C0.20200107.POM.1","A00000129016","2020-01-07T14:01Z","2020-01-07T14:01Z","SIRFER Lab at University of Utah","TPN",67.9606,"microgramsPerLiter",,,-1,,"OK"
"5bf52d31-0962-4ac3-9c01-67468a9d101a","D03","BARC","BARC.AOS.buoy.c0","BARC.C0.20200107.FIL","A00000075475","2020-01-07T14:01Z","2020-01-07T14:01Z","EcoCore_CSU","Na",2.2270,"milligramsPerLiter",0.9,,0,,"OK"
"1ed73469-bf89-4a40-97de-66f11588654f","D03","BARC","BARC.AOS.buoy.c0","BARC.C0.20200107.FIL","A00000075475","2020-01-07T14:01Z","2020-01-07T14:01Z","EcoCore_CSU","HCO3",8.7200,"milligramsPerLiter",0.9,,0,,"OK"
"21854983-3aac-409e-af1c-5a7f1488afd8","D03","BARC","BARC.AOS.buoy.c0","BARC.C0.20200107.FIL","A00000075475","2020-01-07T14:01Z","2020-01-07T14:01Z","EcoCore_CSU","Si",0.0005,"milligramsPerLiter",0.9,,0,,"OK"
"a1931ac2-6f91-4465-afb0-a0c0676b771f","D03","BARC","BARC.AOS.buoy.c0","BARC.C0.20200107.FIL","A00000075475","2020-01-07T14:01Z","2020-01-07T14:01Z","EcoCore_CSU","K",0.0160,"milligramsPerLiter",0.9,,0,,"OK"
"50d4fd3d-d226-498c-8f52-0d3003646eae","D03","BARC","BARC.AOS.buoy.c0","BARC.C0.20200107.FIL","A00000075475","2020-01-07T14:01Z","2020-01-07T14:01Z","EcoCore_CSU","Br",0.0050,"milligramsPerLiter",0.9,,0,,"OK"
"542644c5-1693-40d6-827d-5457f6ed3a7f","D03","BARC","BARC.AOS.buoy.c0","BARC.C0.20200107.FIL","A00000075475","2020-01-07T14:01Z","2020-01-07T14:01Z","EcoCore_CSU","F",0.0050,"milligramsPerLiter",0.9,,0,,"OK"
"a1f68027-d9cf-416f-8636-fa3b19a0804b","D03","BARC","BARC.AOS.buoy.c0","BARC.C0.20200107.FIL","A00000075475","2020-01-07T14:01Z","2020-01-07T14:01Z","EcoCore_CSU","TDS",12.0100,"milligramsPerLiter",0.9,,0,,"OK"
"76979749-399d-42a6-af53-eab897838a5b","D03","BARC","BARC.AOS.buoy.c0","BARC.C0.20200107.FIL","A00000075475","2020-01-07T14:01Z","2020-01-07T14:01Z","EcoCore_CSU","Cl",5.3200,"milligramsPerLiter",0.9,,0,,"OK"
"1dda2382-e6bd-4b1d-9ad6-ddcef202fc94","D03","BARC","BARC.AOS.buoy.c0","BARC.C0.20200107.FIL","A00000075475","2020-01-07T14:01Z","2020-01-07T14:01Z","EcoCore_CSU","Ca",0.3990,"milligramsPerLiter",0.9,,0,,"OK"
"24f7b76e-7d53-4ce6-852e-95ac14b4e6b6","D03","BARC","BARC.AOS.buoy.c0","BARC.C0.20200107.FIL","A00000075475","2020-01-07T14:01Z","2020-01-07T14:01Z","EcoCore_CSU","Fe",0.0018,"milligramsPerLiter",0.9,,0,,"OK"
"70850f20-16cb-42d2-af34-b70b4d0ef1fb","D03","BARC","BARC.AOS.buoy.c0","BARC.C0.20200107.FIL","A00000075475","2020-01-07T14:01Z","2020-01-07T14:01Z","EcoCore_CSU","Mn",0.0080,"milligramsPerLiter",0.9,,0,,"OK"
"ac38ab84-e19f-4d9c-aa8c-d3244acc82a7","D03","BARC","BARC.AOS.buoy.c0","BARC.C0.20200107.FIL","A00000075475","2020-01-07T14:01Z","2020-01-07T14:01Z","EcoCore_CSU","SO4",2.9100,"milligramsPerLiter",0.9,,0,,"OK"
"fc0a3418-ce74-4d18-aba8-96a324b92dc6","D03","BARC","BARC.AOS.buoy.c0","BARC.C0.20200107.FIL","A00000075475","2020-01-07T14:01Z","2020-01-07T14:01Z","EcoCore_CSU","TDP",0.0005,"milligramsPerLiter",0.9,,0,,"OK"
"07af8a2a-86e3-46de-81ee-76bd916ff07f","D03","BARC","BARC.AOS.buoy.c0","BARC.C0.20200107.FIL","A00000075475","2020-01-07T14:01Z","2020-01-07T14:01Z","EcoCore_CSU","CO3",0.0050,"milligramsPerLiter",0.9,,0,,"OK"
"c5f67bd9-806a-40c3-9e40-e3607362aa13","D03","BARC","BARC.AOS.buoy.c0","BARC.C0.20200107.FIL","A00000075475","2020-01-07T14:01Z","2020-01-07T14:01Z","EcoCore_CSU","Mg",0.4150,"milligramsPerLiter",0.9,,0,,"OK"
"f98a98b0-628e-4473-ab4d-fc0600d582b5","D03","BARC","BARC.AOS.buoy.c0","BARC.C0.20200107.RAW","A00000075476","2020-01-07T14:01Z","2020-01-07T14:01Z","EcoCore_CSU","TP",0.0090,"milligramsPerLiter",0.9,,0,,"OK"
"7715003b-ac5f-427e-9ef6-60564571e27e","D03","BARC","BARC.AOS.buoy.c0","BARC.C0.20200107.RAW","A00000075476","2020-01-07T14:01Z","2020-01-07T14:01Z","EcoCore_CSU","pH",8.1600,"pH",0.9,,0,,"OK"
"088f2211-a38a-4f13-a306-4851918e9b68","D03","BARC","BARC.AOS.buoy.c0","BARC.C0.20200107.RAW","A00000075476","2020-01-07T14:01Z","2020-01-07T14:01Z","EcoCore_CSU","TSS - Dry Mass",0.0000,"microgram",0.9,,0,,"OK"
"5d29de30-fae8-4ea9-afc3-a52db433f01c","D03","BARC","BARC.AOS.buoy.c0","BARC.C0.20200107.RAW","A00000075476","2020-01-07T14:01Z","2020-01-07T14:01Z","EcoCore_CSU","TSS",0.0000,"milligramsPerLiter",0.9,,0,,"OK"
"778b1292-d475-4ab9-ad37-e40d3955ad2c","D03","BARC","BARC.AOS.buoy.c0","BARC.C0.20200107.RAW","A00000075476","2020-01-07T14:01Z","2020-01-07T14:01Z","EcoCore_CSU","specificConductance",16.5200,"microsiemensPerCentimeter",0.9,,0,,"OK"
"203c6079-bd4f-42b0-9091-1d5f7888dd69","D03","BARC","BARC.AOS.buoy.c0","BARC.C0.20200107.RAW","A00000075476","2020-01-07T14:01Z","2020-01-07T14:01Z","EcoCore_CSU","ANC",0.1800,"milliequivalentsPerLiter",0.9,,0,,"OK"
"976beb05-0695-41e5-8896-7866eb2cbaa9","D03","BARC","BARC.AOS.buoy.c0","BARC.C0.20200107.FIL","A00000075475","2020-01-07T14:01Z","2020-01-07T14:01Z","EcoCore_CSU","UV Absorbance (254 nm)",0.0192,,0.9,,0,,"OK"
"c38ef099-e061-4aa9-afea-e89e3987a7b6","D03","BARC","BARC.AOS.buoy.c0","BARC.C0.20200107.FIL","A00000075475","2020-01-07T14:01Z","2020-01-07T14:01Z","EcoCore_CSU","UV Absorbance (280 nm)",0.0163,,0.9,,0,,"OK"
"5f77a6ca-e0a5-4a8c-a3eb-78ab49f4a90a","D03","BARC","BARC.AOS.buoy.c0","BARC.C0.20200107.FIL","A00000075475","2020-01-07T14:01Z","2020-01-07T14:01Z","EcoCore_CSU","NH4 - N",0.0751,"milligramsPerLiter",0.9,,0,,"OK"
"36bf1510-8439-4354-b620-46ac9b6fcd05","D03","BARC","BARC.AOS.buoy.c0","BARC.C0.20200107.FIL","A00000075475","2020-01-07T14:01Z","2020-01-07T14:01Z","EcoCore_CSU","NO3+NO2 - N",0.0491,"milligramsPerLiter",0.9,,0,,"OK"
"260e4e53-1629-4cac-b9d0-0f0bfe84f6b6","D03","BARC","BARC.AOS.buoy.c0","BARC.C0.20200107.FIL","A00000075475","2020-01-07T14:01Z","2020-01-07T14:01Z","EcoCore_CSU","Ortho - P",0.0151,"milligramsPerLiter",0.9,,0,,"OK"
"1039f3ce-d7d3-401f-9fc2-010f1c91f46f","D03","BARC","BARC.AOS.buoy.c0","BARC.C0.20200107.FIL","A00000075475","2020-01-07T14:01Z","2020-01-07T14:01Z","EcoCore_CSU","NO2 - N",-0.0039,"milligramsPerLiter",0.9,,0,,"OK"
"74047f8a-c71e-445c-b18d-60cac2aac126","D03","BARC","BARC.AOS.buoy.c0","BARC.C0.20200107.RAW","A00000075476","2020-01-07T14:01Z","2020-01-07T14:01Z","EcoCore_CSU","TOC",2.6620,"milligramsPerLiter",0.9,,0,,"OK"
"4e8f0ad9-ecc8-4127-b87a-fdb0271d00aa","D03","BARC","BARC.AOS.buoy.c0","BARC.C0.20200107.RAW","A00000075476","2020-01-07T14:01Z","2020-01-07T14:01Z","EcoCore_CSU","TN",0.2702,"milligramsPerLiter",0.9,,0,,"OK"
"c6ec6292-7c7e-428b-b06c-5821eaeb7758","D03","BARC","BARC.AOS.buoy.c0","BARC.C0.20200107.FIL","A00000075475","2020-01-07T14:01Z","2020-01-07T14:01Z","EcoCore_CSU","DIC",0.8953,"milligramsPerLiter",0.9,,0,,"OK"
"03f62958-8530-43c8-b72c-abf6d328b97e","D03","BARC","BARC.AOS.buoy.c0","BARC.C0.20200107.FIL","A00000075475","2020-01-07T14:01Z","2020-01-07T14:01Z","EcoCore_CSU","TDN",0.2292,"milligramsPerLiter",0.9,,0,,"OK"
"ee18a8ad-1ab9-4890-8faf-eb3be41cb77b","D03","BARC","BARC.AOS.buoy.c0","BARC.C0.20200107.FIL","A00000075475","2020-01-07T14:01Z","2020-01-07T14:01Z","EcoCore_CSU","DOC",2.2380,"milligramsPerLiter",0.9,,0,,"OK"
