uid,domainID,siteID,namedLocation,collectDate,sampleID,sampleCode,sampleCondition,laboratoryName,analysisDate,analyzedBy,sampleType,replicate,sampleVolumeFiltered,filterSize,percentFilterAnalyzed,dilutionFactor,solventVolume,responseFactor,acidificationResponseFactor,fluorometerSensitivitySetting,preAcidificationFluorescence,postAcidificationFluorescence,analyte,analyteConcentration,plantAlgaeLabUnits,testMethod,method,acidTreatment,externalRemarks,externalLabDataQF
"bb888e02-34a2-4e08-bf27-425d25a5f8a9","D05","CRAM","CRAM.AOS.riparian.point.10","2016-07-13","CRAM.20160713.EPIXYLON.10",,"condition ok","Academy of Natural Sciences of Drexel University","2017-05-11","OKgcKejxXbI=","13C15N","2",,25,13,,,,,,,,"d15N",7.06,"perMill","ANSP P-16-202 Rev0",,,,"legacyData|Did not meet quality audit requirements for analysis audit"
"3d3364f5-672d-4a8f-b96e-92300e1ba08b","D05","CRAM","CRAM.AOS.riparian.point.06","2016-07-13","CRAM.20160713.EPIXYLON.6",,"condition ok","Academy of Natural Sciences of Drexel University","2017-05-11","OKgcKejxXbI=","13C15N","1",,25,25,,,,,,,,"d13C",-24.95,"perMill","ANSP P-16-202 Rev0",,"N",,"legacyData|Did not meet quality audit requirements for analysis audit|acidTreatmentSOPNotFollowed"
"c9be7030-be70-426d-b889-b5c163dac44f","D05","CRAM","CRAM.AOS.riparian.point.04","2016-07-13","CRAM.20160713.EPIXYLON.4",,"condition ok","Academy of Natural Sciences of Drexel University","2016-08-24","OKgcKejxXbI=","CN","1",,25,100,,,,,,,,"carbon",169273.33,"microgramsPerLiter","ANSP P-16-54 Rev2",,"N",,"legacyData|Did not meet quality audit requirements for analysis audit|acidTreatmentSOPNotFollowed"
"58b0f2b1-a12d-4438-a763-3c76e8ff5381","D05","CRAM","CRAM.AOS.riparian.point.10","2016-07-13","CRAM.20160713.EPIXYLON.10",,"condition ok","Academy of Natural Sciences of Drexel University","2016-08-26","Txt9C5i/u7k=","chlorophyll/pheophytin","2",,25,100,,,,,,,,"chlorophyll a",,"microgramsPerLiter","ANSP P-16-92 Rev2",,,,"legacyData|Did not meet quality audit requirements for analysis audit"
"d2ee8fbf-07cf-4b5d-902d-fd66683c8bc8","D05","CRAM","CRAM.AOS.riparian.point.06","2016-07-13","CRAM.20160713.EPIXYLON.6",,"condition ok","Academy of Natural Sciences of Drexel University","2016-08-26","Txt9C5i/u7k=","chlorophyll/pheophytin","2",,25,100,,,,,,,,"pheophytin",,"microgramsPerLiter","ANSP P-16-92 Rev2",,,,"legacyData|Did not meet quality audit requirements for analysis audit"
"656bca77-0f73-4258-b9c8-ce17fa78eaac","D05","CRAM","CRAM.AOS.littoral1","2016-07-13","CRAM.20160713.PHYTOPLANKTON.2",,"condition ok","Academy of Natural Sciences of Drexel University","2017-05-11","OKgcKejxXbI=","13C15N","1",,25,100,,,,,,,,"d15N",2.35,"perMill","ANSP P-16-202 Rev0",,,,"legacyData|Did not meet quality audit requirements for analysis audit"
"0f1aad0d-c538-423d-abc2-cee60c4b9e8d","D05","CRAM","CRAM.AOS.littoral2","2016-07-13","CRAM.20160713.PHYTOPLANKTON.1",,"condition ok","Academy of Natural Sciences of Drexel University","2017-05-11","OKgcKejxXbI=","13C15N","2",,25,100,,,,,,,,"d13C",-28.90,"perMill","ANSP P-16-202 Rev0",,"N",,"legacyData|Did not meet quality audit requirements for analysis audit|acidTreatmentSOPNotFollowed"
"efeea243-acaf-42fb-a72d-dc5b7fb886e3","D05","CRAM","CRAM.AOS.riparian.point.10","2016-07-13","CRAM.20160713.EPIXYLON.10",,"condition ok","Academy of Natural Sciences of Drexel University","2016-08-24","OKgcKejxXbI=","CN","1",,25,100,,,,,,,,"carbon",363.99,"microgramsPerLiter","ANSP P-16-54 Rev2",,"N",,"legacyData|Did not meet quality audit requirements for analysis audit|acidTreatmentSOPNotFollowed"
"00772e96-99d8-4d87-a36f-3c8b0cee29a8","D05","CRAM","CRAM.AOS.riparian.point.06","2016-07-13","CRAM.20160713.EPIXYLON.6",,"condition ok","Academy of Natural Sciences of Drexel University","2016-08-24","OKgcKejxXbI=","CN","1",,25,100,,,,,,,,"carbon",224826.93,"microgramsPerLiter","ANSP P-16-54 Rev2",,"N",,"legacyData|Did not meet quality audit requirements for analysis audit|acidTreatmentSOPNotFollowed"
"328c3cb8-3660-48b0-a866-48d5d3c9a7ca","D05","CRAM","CRAM.AOS.buoy.c0","2016-07-13","CRAM.20160713.PHYTOPLANKTON.3",,"condition ok","Academy of Natural Sciences of Drexel University","2016-08-24","OKgcKejxXbI=","CN","1",,25,100,,,,,,,,"carbon",484103.85,"microgramsPerLiter","ANSP P-16-54 Rev2",,"N",,"legacyData|Did not meet quality audit requirements for analysis audit|acidTreatmentSOPNotFollowed"
"aea6e880-914b-4877-b7c0-9d0a6e069341","D05","CRAM","CRAM.AOS.riparian.point.08","2016-07-13","CRAM.20160713.EPIXYLON.8",,"condition ok","Academy of Natural Sciences of Drexel University","2016-11-04","+IoRzddUq5A=","P","1",,25,100,,,,,,,,"phosphorus",533.67,"microgramsPerLiter","ANSP P-16-114 Rev2; ANSP P-16_95 Rev3",,,,"legacyData|Did not meet quality audit requirements for analysis audit"
"aaeef304-ce13-4135-a735-55188b7df7f1","D05","CRAM","CRAM.AOS.riparian.point.08","2016-07-13","CRAM.20160713.EPIXYLON.8",,"condition ok","Academy of Natural Sciences of Drexel University","2017-05-11","OKgcKejxXbI=","13C15N","1",,25,25,,,,,,,,"d15N",4.80,"perMill","ANSP P-16-202 Rev0",,,,"legacyData|Did not meet quality audit requirements for analysis audit"
"f67ff231-5a57-4ab9-8fa2-f1c3cedaaf48","D05","CRAM","CRAM.AOS.riparian.point.06","2016-07-13","CRAM.20160713.EPIXYLON.6",,"condition ok","Academy of Natural Sciences of Drexel University","2016-08-24","OKgcKejxXbI=","CN","1",,25,100,,,,,,,,"nitrogen",10534.02,"microgramsPerLiter","ANSP P-16-54 Rev2",,,,"legacyData|Did not meet quality audit requirements for analysis audit"
"280face6-5691-4c7b-a450-38251b076cc0","D05","CRAM","CRAM.AOS.riparian.point.04","2016-07-13","CRAM.20160713.EPIXYLON.4",,"condition ok","Academy of Natural Sciences of Drexel University","2016-08-26","Txt9C5i/u7k=","chlorophyll/pheophytin","1",,25,100,,,,,,,,"chlorophyll a",,"microgramsPerLiter","ANSP P-16-92 Rev2",,,,"legacyData|Did not meet quality audit requirements for analysis audit"
"1507ef55-1d01-44c1-9a46-49937bcfba51","D05","CRAM","CRAM.AOS.riparian.point.08","2016-07-13","CRAM.20160713.EPIXYLON.8",,"condition ok","Academy of Natural Sciences of Drexel University","2016-08-24","OKgcKejxXbI=","CN","2",,25,100,,,,,,,,"nitrogen",70.92,"microgramsPerLiter","ANSP P-16-54 Rev2",,,,"legacyData|Did not meet quality audit requirements for analysis audit"
"dc8a5d12-2124-458b-84c6-f099e075df3b","D05","CRAM","CRAM.AOS.littoral2","2016-07-13","CRAM.20160713.PHYTOPLANKTON.1",,"condition ok","Academy of Natural Sciences of Drexel University","2017-05-11","OKgcKejxXbI=","13C15N","1",,25,100,,,,,,,,"d13C",-28.77,"perMill","ANSP P-16-202 Rev0",,"N",,"legacyData|Did not meet quality audit requirements for analysis audit|acidTreatmentSOPNotFollowed"
"16518f6a-009e-4122-b57a-6e3a4394baea","D05","CRAM","CRAM.AOS.riparian.point.04","2016-07-13","CRAM.20160713.EPIXYLON.4",,"condition ok","Academy of Natural Sciences of Drexel University","2016-08-24","OKgcKejxXbI=","CN","1",,25,100,,,,,,,,"nitrogen",8942.90,"microgramsPerLiter","ANSP P-16-54 Rev2",,,,"legacyData|Did not meet quality audit requirements for analysis audit"
"78718a8e-379e-42eb-aee7-69c64534d714","D05","CRAM","CRAM.AOS.littoral2","2016-07-13","CRAM.20160713.PHYTOPLANKTON.1",,"condition ok","Academy of Natural Sciences of Drexel University","2016-11-04","+IoRzddUq5A=","P","1",,25,100,,,,,,,,"phosphorus",11.58,"microgramsPerLiter","ANSP P-16-114 Rev2; ANSP P-16_95 Rev3",,,,"legacyData|Did not meet quality audit requirements for analysis audit"
"b060316e-202e-45c6-8dbd-cc6892059e0f","D05","CRAM","CRAM.AOS.littoral1","2016-07-13","CRAM.20160713.PHYTOPLANKTON.2",,"condition ok","Academy of Natural Sciences of Drexel University","2016-08-26","Txt9C5i/u7k=","chlorophyll/pheophytin","2",,25,100,,,,,,,,"pheophytin",,"microgramsPerLiter","ANSP P-16-92 Rev2",,,,"legacyData|Did not meet quality audit requirements for analysis audit"
"044bb5fc-9412-4f5c-8547-0bef86a28505","D05","CRAM","CRAM.AOS.riparian.point.04","2016-07-13","CRAM.20160713.EPIXYLON.4",,"condition ok","Academy of Natural Sciences of Drexel University","2016-08-24","OKgcKejxXbI=","CN","2",,25,100,,,,,,,,"nitrogen",7065.55,"microgramsPerLiter","ANSP P-16-54 Rev2",,,,"legacyData|Did not meet quality audit requirements for analysis audit"
"bd48903f-227a-4657-bd88-cd7706a84144","D05","CRAM","CRAM.AOS.riparian.point.02","2016-07-13","CRAM.20160713.EPIXYLON.2",,"condition ok","Academy of Natural Sciences of Drexel University","2017-05-11","OKgcKejxXbI=","13C15N","2",,25,50,,,,,,,,"d13C",-25.38,"perMill","ANSP P-16-202 Rev0",,"N",,"legacyData|Did not meet quality audit requirements for analysis audit|acidTreatmentSOPNotFollowed"
"10908c5a-5e4f-46a1-843c-14e25d7d0405","D05","CRAM","CRAM.AOS.riparian.point.08","2016-07-13","CRAM.20160713.EPIXYLON.8",,"condition ok","Academy of Natural Sciences of Drexel University","2016-08-26","Txt9C5i/u7k=","chlorophyll/pheophytin","1",,25,100,,,,,,,,"chlorophyll a",,"microgramsPerLiter","ANSP P-16-92 Rev2",,,,"legacyData|Did not meet quality audit requirements for analysis audit"
"9ddf77e2-01c0-4b54-bfd7-13b1e8a33136","D05","CRAM","CRAM.AOS.riparian.point.10","2016-07-13","CRAM.20160713.EPIXYLON.10",,"other (specify in remarks)","Academy of Natural Sciences of Drexel University","2016-08-26","Txt9C5i/u7k=","chlorophyll/pheophytin","1",,25,100,,,,,,,,"pheophytin",,"microgramsPerLiter","ANSP P-16-92 Rev2",,,"Slight poor folding","legacyData|Did not meet quality audit requirements for analysis audit"
"54ba9258-d980-4c90-94e5-81f9d883cf5f","D05","CRAM","CRAM.AOS.riparian.point.04","2016-07-13","CRAM.20160713.EPIXYLON.4",,"condition ok","Academy of Natural Sciences of Drexel University","2017-05-11","OKgcKejxXbI=","13C15N","2",,25,13,,,,,,,,"d15N",5.19,"perMill","ANSP P-16-202 Rev0",,,,"legacyData|Did not meet quality audit requirements for analysis audit"
"3adfb0e3-b44a-4d87-ab3d-abf2c4b2fdd7","D05","CRAM","CRAM.AOS.riparian.point.10","2016-07-13","CRAM.20160713.EPIXYLON.10",,"condition ok","Academy of Natural Sciences of Drexel University","2016-08-24","OKgcKejxXbI=","CN","1",,25,100,,,,,,,,"nitrogen",61.21,"microgramsPerLiter","ANSP P-16-54 Rev2",,,,"legacyData|Did not meet quality audit requirements for analysis audit"
"691bc523-e868-4aeb-9a87-d2ad20413711","D05","CRAM","CRAM.AOS.riparian.point.02","2016-07-13","CRAM.20160713.EPIXYLON.2",,"condition ok","Academy of Natural Sciences of Drexel University","2016-11-04","+IoRzddUq5A=","P","1",,25,100,,,,,,,,"phosphorus",778.06,"microgramsPerLiter","ANSP P-16-114 Rev2; ANSP P-16_95 Rev3",,,,"legacyData|Did not meet quality audit requirements for analysis audit"
"ebf97fbb-443d-4215-8ff6-74d604ac14a5","D05","CRAM","CRAM.AOS.buoy.c0","2016-07-13","CRAM.20160713.PHYTOPLANKTON.3",,"condition ok","Academy of Natural Sciences of Drexel University","2016-08-26","Txt9C5i/u7k=","chlorophyll/pheophytin","1",,25,100,,,,,,,,"chlorophyll a",,"microgramsPerLiter","ANSP P-16-92 Rev2",,,,"legacyData|Did not meet quality audit requirements for analysis audit"
"562ab46e-07a6-4a1f-b2ce-851ce8107641","D05","CRAM","CRAM.AOS.riparian.point.08","2016-07-13","CRAM.20160713.EPIXYLON.8",,"condition ok","Academy of Natural Sciences of Drexel University","2017-05-11","OKgcKejxXbI=","13C15N","1",,25,25,,,,,,,,"d13C",-25.40,"perMill","ANSP P-16-202 Rev0",,"N",,"legacyData|Did not meet quality audit requirements for analysis audit|acidTreatmentSOPNotFollowed"
"0d21fdef-1dfb-4557-a5a6-6c6be7e0f580","D05","CRAM","CRAM.AOS.riparian.point.04","2016-07-13","CRAM.20160713.EPIXYLON.4",,"condition ok","Academy of Natural Sciences of Drexel University","2016-08-26","Txt9C5i/u7k=","chlorophyll/pheophytin","2",,25,100,,,,,,,,"pheophytin",,"microgramsPerLiter","ANSP P-16-92 Rev2",,,,"legacyData|Did not meet quality audit requirements for analysis audit"
"02bcd26d-38f9-4d1a-825f-be85a8b620b0","D05","CRAM","CRAM.AOS.riparian.point.08","2016-07-13","CRAM.20160713.EPIXYLON.8",,"condition ok","Academy of Natural Sciences of Drexel University","2017-05-11","OKgcKejxXbI=","13C15N","2",,25,25,,,,,,,,"d15N",5.23,"perMill","ANSP P-16-202 Rev0",,,,"legacyData|Did not meet quality audit requirements for analysis audit"
"652af7b8-458c-4c3e-8c87-c2ba990aba70","D05","CRAM","CRAM.AOS.littoral1","2016-07-13","CRAM.20160713.PHYTOPLANKTON.2",,"condition ok","Academy of Natural Sciences of Drexel University","2017-05-11","OKgcKejxXbI=","13C15N","1",,25,100,,,,,,,,"d13C",-28.37,"perMill","ANSP P-16-202 Rev0",,"N",,"legacyData|Did not meet quality audit requirements for analysis audit|acidTreatmentSOPNotFollowed"
"549eef29-d7d7-4eb6-8a36-4978ab938c4f","D05","CRAM","CRAM.AOS.riparian.point.06","2016-07-13","CRAM.20160713.EPIXYLON.6",,"condition ok","Academy of Natural Sciences of Drexel University","2016-08-26","Txt9C5i/u7k=","chlorophyll/pheophytin","2",,25,100,,,,,,,,"chlorophyll a",,"microgramsPerLiter","ANSP P-16-92 Rev2",,,,"legacyData|Did not meet quality audit requirements for analysis audit"
"6edd8f4d-8a8e-4947-985b-73813801080c","D05","CRAM","CRAM.AOS.riparian.point.06","2016-07-13","CRAM.20160713.EPIXYLON.6",,"condition ok","Academy of Natural Sciences of Drexel University","2017-05-11","OKgcKejxXbI=","13C15N","2",,25,100,,,,,,,,"d34S",3.06,"perMill","SO2 EA-combustion-IRMS method",,,,"legacyData|Did not meet quality audit requirements for analysis audit"
"115e212d-1f92-4906-b6f0-d7f7e1c62129","D05","CRAM","CRAM.AOS.riparian.point.10","2016-07-13","CRAM.20160713.EPIXYLON.10",,"condition ok","Academy of Natural Sciences of Drexel University","2017-05-11","OKgcKejxXbI=","13C15N","1",,25,13,,,,,,,,"d13C",-28.21,"perMill","ANSP P-16-202 Rev0",,"N",,"legacyData|Did not meet quality audit requirements for analysis audit|acidTreatmentSOPNotFollowed"
"8ff265bd-5ab7-4d3a-89f5-c4041bfd78e2","D05","CRAM","CRAM.AOS.riparian.point.04","2016-07-13","CRAM.20160713.EPIXYLON.4",,"condition ok","Academy of Natural Sciences of Drexel University","2017-05-11","OKgcKejxXbI=","13C15N","1",,25,13,,,,,,,,"d13C",-27.32,"perMill","ANSP P-16-202 Rev0",,"N",,"legacyData|Did not meet quality audit requirements for analysis audit|acidTreatmentSOPNotFollowed"
"36059524-0d4d-4b4c-96b2-d9ce26a5782a","D05","CRAM","CRAM.AOS.littoral1","2016-07-13","CRAM.20160713.PHYTOPLANKTON.2",,"condition ok","Academy of Natural Sciences of Drexel University","2016-08-26","Txt9C5i/u7k=","chlorophyll/pheophytin","1",,25,100,,,,,,,,"pheophytin",,"microgramsPerLiter","ANSP P-16-92 Rev2",,,,"legacyData|Did not meet quality audit requirements for analysis audit"
"8ca81e63-5a41-43f9-95a7-c84df11f73e5","D05","CRAM","CRAM.AOS.littoral2","2016-07-13","CRAM.20160713.PHYTOPLANKTON.1",,"condition ok","Academy of Natural Sciences of Drexel University","2016-08-26","Txt9C5i/u7k=","chlorophyll/pheophytin","1",,25,100,,,,,,,,"pheophytin",,"microgramsPerLiter","ANSP P-16-92 Rev2",,,,"legacyData|Did not meet quality audit requirements for analysis audit"
"5e789429-7569-42fb-b66c-47e1fea90ed1","D05","CRAM","CRAM.AOS.littoral1","2016-07-13","CRAM.20160713.PHYTOPLANKTON.2",,"condition ok","Academy of Natural Sciences of Drexel University","2016-08-26","Txt9C5i/u7k=","chlorophyll/pheophytin","2",,25,100,,,,,,,,"chlorophyll a",,"microgramsPerLiter","ANSP P-16-92 Rev2",,,,"legacyData|Did not meet quality audit requirements for analysis audit"
"bc763b61-78d8-44b5-b4ba-36ff35d92ee9","D05","CRAM","CRAM.AOS.riparian.point.06","2016-07-13","CRAM.20160713.EPIXYLON.6",,"condition ok","Academy of Natural Sciences of Drexel University","2016-08-24","OKgcKejxXbI=","CN","2",,25,100,,,,,,,,"nitrogen",10477.95,"microgramsPerLiter","ANSP P-16-54 Rev2",,,,"legacyData|Did not meet quality audit requirements for analysis audit"
"7c8ae2e8-ca35-4102-a66d-ca632bc0e376","D05","CRAM","CRAM.AOS.riparian.point.10","2016-07-13","CRAM.20160713.EPIXYLON.10",,"condition ok","Academy of Natural Sciences of Drexel University","2017-05-11","OKgcKejxXbI=","13C15N","1",,25,13,,,,,,,,"d15N",7.67,"perMill","ANSP P-16-202 Rev0",,,,"legacyData|Did not meet quality audit requirements for analysis audit"
"c9723be3-18eb-4417-96ce-a1a03c75f615","D05","CRAM","CRAM.AOS.riparian.point.06","2016-07-13","CRAM.20160713.EPIXYLON.6",,"condition ok","Academy of Natural Sciences of Drexel University","2016-08-26","Txt9C5i/u7k=","chlorophyll/pheophytin","1",,25,100,,,,,,,,"pheophytin",,"microgramsPerLiter","ANSP P-16-92 Rev2",,,,"legacyData|Did not meet quality audit requirements for analysis audit"
"b12b016d-b3ff-4272-9d10-fd5676671b7d","D05","CRAM","CRAM.AOS.riparian.point.06","2016-07-13","CRAM.20160713.EPIXYLON.6",,"condition ok","Academy of Natural Sciences of Drexel University","2017-05-11","OKgcKejxXbI=","13C15N","1",,25,25,,,,,,,,"d15N",4.74,"perMill","ANSP P-16-202 Rev0",,,,"legacyData|Did not meet quality audit requirements for analysis audit"
"085e3559-83b9-4ac7-8add-cda9c836afa4","D05","CRAM","CRAM.AOS.riparian.point.10","2016-07-13","CRAM.20160713.EPIXYLON.10",,"condition ok","Academy of Natural Sciences of Drexel University","2016-08-24","OKgcKejxXbI=","CN","2",,25,100,,,,,,,,"nitrogen",60.96,"microgramsPerLiter","ANSP P-16-54 Rev2",,,,"legacyData|Did not meet quality audit requirements for analysis audit"
"bdc3d1e3-2bd5-457f-9ce2-9b72ece53716","D05","CRAM","CRAM.AOS.littoral1","2016-07-13","CRAM.20160713.PHYTOPLANKTON.2",,"condition ok","Academy of Natural Sciences of Drexel University","2017-05-11","OKgcKejxXbI=","13C15N","2",,25,100,,,,,,,,"d13C",-28.40,"perMill","ANSP P-16-202 Rev0",,"N",,"legacyData|Did not meet quality audit requirements for analysis audit|acidTreatmentSOPNotFollowed"
"31230c5d-0e9d-4b05-93fc-6268cdfc73d2","D05","CRAM","CRAM.AOS.riparian.point.08","2016-07-13","CRAM.20160713.EPIXYLON.8",,"condition ok","Academy of Natural Sciences of Drexel University","2016-08-26","Txt9C5i/u7k=","chlorophyll/pheophytin","1",,25,100,,,,,,,,"pheophytin",,"microgramsPerLiter","ANSP P-16-92 Rev2",,,,"legacyData|Did not meet quality audit requirements for analysis audit"
"b4d5ae14-ebbd-4496-a671-29bc9a762c27","D05","CRAM","CRAM.AOS.littoral1","2016-07-13","CRAM.20160713.PHYTOPLANKTON.2",,"condition ok","Academy of Natural Sciences of Drexel University","2017-05-11","OKgcKejxXbI=","13C15N","2",,25,100,,,,,,,,"d34S",2.88,"perMill","SO2 EA-combustion-IRMS method",,,,"legacyData|Did not meet quality audit requirements for analysis audit"
"ce2f355b-0234-4bca-b859-2d1d77d951c4","D05","CRAM","CRAM.AOS.littoral2","2016-07-13","CRAM.20160713.PHYTOPLANKTON.1",,"condition ok","Academy of Natural Sciences of Drexel University","2016-08-24","OKgcKejxXbI=","CN","2",,25,100,,,,,,,,"carbon",414.96,"microgramsPerLiter","ANSP P-16-54 Rev2",,"N",,"legacyData|Did not meet quality audit requirements for analysis audit|acidTreatmentSOPNotFollowed"
"f224d659-17d1-4a80-9783-8a31e7eab6ab","D05","CRAM","CRAM.AOS.riparian.point.10","2016-07-13","CRAM.20160713.EPIXYLON.10",,"condition ok","Academy of Natural Sciences of Drexel University","2016-11-04","+IoRzddUq5A=","P","1",,25,100,,,,,,,,"phosphorus",1120.59,"microgramsPerLiter","ANSP P-16-114 Rev2; ANSP P-16_95 Rev3",,,,"legacyData|Did not meet quality audit requirements for analysis audit"
"0e816de8-81b9-4c85-a6e1-8888cde972ec","D05","CRAM","CRAM.AOS.riparian.point.08","2016-07-13","CRAM.20160713.EPIXYLON.8",,"condition ok","Academy of Natural Sciences of Drexel University","2016-08-26","Txt9C5i/u7k=","chlorophyll/pheophytin","2",,25,100,,,,,,,,"pheophytin",,"microgramsPerLiter","ANSP P-16-92 Rev2",,,,"legacyData|Did not meet quality audit requirements for analysis audit"
"033f395e-910a-4ca4-88d8-c7f0acfe3cb4","D05","CRAM","CRAM.AOS.buoy.c0","2016-07-13","CRAM.20160713.PHYTOPLANKTON.3",,"condition ok","Academy of Natural Sciences of Drexel University","2017-05-11","OKgcKejxXbI=","13C15N","1",,25,100,,,,,,,,"d15N",2.75,"perMill","ANSP P-16-202 Rev0",,,,"legacyData|Did not meet quality audit requirements for analysis audit"
"bf182985-e9ad-44a2-b89f-678c831bc6de","D05","CRAM","CRAM.AOS.riparian.point.04","2016-07-13","CRAM.20160713.EPIXYLON.4",,"condition ok","Academy of Natural Sciences of Drexel University","2017-05-11","OKgcKejxXbI=","13C15N","2",,25,13,,,,,,,,"d13C",-27.39,"perMill","ANSP P-16-202 Rev0",,"N",,"legacyData|Did not meet quality audit requirements for analysis audit|acidTreatmentSOPNotFollowed"
"9dd0b978-d96a-4328-ae1b-65c95090da56","D05","CRAM","CRAM.AOS.riparian.point.06","2016-07-13","CRAM.20160713.EPIXYLON.6",,"condition ok","Academy of Natural Sciences of Drexel University","2016-08-24","OKgcKejxXbI=","CN","2",,25,100,,,,,,,,"carbon",244241.64,"microgramsPerLiter","ANSP P-16-54 Rev2",,"N",,"legacyData|Did not meet quality audit requirements for analysis audit|acidTreatmentSOPNotFollowed"
"9622ad7b-3a38-455a-8179-ebff620b06f4","D05","CRAM","CRAM.AOS.buoy.c0","2016-07-13","CRAM.20160713.PHYTOPLANKTON.3",,"condition ok","Academy of Natural Sciences of Drexel University","2016-08-24","OKgcKejxXbI=","CN","1",,25,100,,,,,,,,"nitrogen",19988.40,"microgramsPerLiter","ANSP P-16-54 Rev2",,,,"legacyData|Did not meet quality audit requirements for analysis audit"
"e9ad6afc-21c9-46c7-ac04-966c380ec9ff","D05","CRAM","CRAM.AOS.riparian.point.02","2016-07-13","CRAM.20160713.EPIXYLON.2",,"condition ok","Academy of Natural Sciences of Drexel University","2016-08-24","OKgcKejxXbI=","CN","1",,25,100,,,,,,,,"carbon",266377.08,"microgramsPerLiter","ANSP P-16-54 Rev2",,"N",,"legacyData|Did not meet quality audit requirements for analysis audit|acidTreatmentSOPNotFollowed"
"e52c2b79-05e4-45cc-ace7-71f150e0653a","D05","CRAM","CRAM.AOS.riparian.point.04","2016-07-13","CRAM.20160713.EPIXYLON.4",,"condition ok","Academy of Natural Sciences of Drexel University","2016-08-26","Txt9C5i/u7k=","chlorophyll/pheophytin","1",,25,100,,,,,,,,"pheophytin",,"microgramsPerLiter","ANSP P-16-92 Rev2",,,,"legacyData|Did not meet quality audit requirements for analysis audit"
"f46a0821-074b-4e78-b46c-f571e3725cbc","D05","CRAM","CRAM.AOS.riparian.point.02","2016-07-13","CRAM.20160713.EPIXYLON.2",,"condition ok","Academy of Natural Sciences of Drexel University","2016-08-24","OKgcKejxXbI=","CN","2",,25,100,,,,,,,,"carbon",220314.15,"microgramsPerLiter","ANSP P-16-54 Rev2",,"N",,"legacyData|Did not meet quality audit requirements for analysis audit|acidTreatmentSOPNotFollowed"
"6bb35c08-e53c-41c6-b20e-0f3693b1524c","D05","CRAM","CRAM.AOS.riparian.point.08","2016-07-13","CRAM.20160713.EPIXYLON.8",,"condition ok","Academy of Natural Sciences of Drexel University","2017-05-11","OKgcKejxXbI=","13C15N","2",,25,100,,,,,,,,"d34S",2.96,"perMill","SO2 EA-combustion-IRMS method",,,,"legacyData|Did not meet quality audit requirements for analysis audit"
"d0c02e8d-8983-42a5-867b-1eeb02c212a3","D05","CRAM","CRAM.AOS.riparian.point.08","2016-07-13","CRAM.20160713.EPIXYLON.8",,"condition ok","Academy of Natural Sciences of Drexel University","2016-08-24","OKgcKejxXbI=","CN","1",,25,100,,,,,,,,"carbon",524.54,"microgramsPerLiter","ANSP P-16-54 Rev2",,"N",,"legacyData|Did not meet quality audit requirements for analysis audit|acidTreatmentSOPNotFollowed"
"4ee898de-7608-4549-846a-294176376343","D05","CRAM","CRAM.AOS.riparian.point.02","2016-07-13","CRAM.20160713.EPIXYLON.2",,"condition ok","Academy of Natural Sciences of Drexel University","2017-05-11","OKgcKejxXbI=","13C15N","1",,25,50,,,,,,,,"d15N",3.80,"perMill","ANSP P-16-202 Rev0",,,,"legacyData|Did not meet quality audit requirements for analysis audit"
"96b6acd5-b899-4a5b-8efe-5659a58d03ce","D05","CRAM","CRAM.AOS.buoy.c0","2016-07-13","CRAM.20160713.PHYTOPLANKTON.3",,"condition ok","Academy of Natural Sciences of Drexel University","2016-08-24","OKgcKejxXbI=","CN","2",,25,100,,,,,,,,"nitrogen",25047.54,"microgramsPerLiter","ANSP P-16-54 Rev2",,,,"legacyData|Did not meet quality audit requirements for analysis audit"
"a5dfda8c-b5e4-4c90-8af5-2f61b4cae81c","D05","CRAM","CRAM.AOS.buoy.c0","2016-07-13","CRAM.20160713.PHYTOPLANKTON.3",,"condition ok","Academy of Natural Sciences of Drexel University","2016-08-26","Txt9C5i/u7k=","chlorophyll/pheophytin","2",,25,100,,,,,,,,"chlorophyll a",,"microgramsPerLiter","ANSP P-16-92 Rev2",,,,"legacyData|Did not meet quality audit requirements for analysis audit"
"1c71ea31-56dc-47c8-b62d-4ed12fb15819","D05","CRAM","CRAM.AOS.riparian.point.02","2016-07-13","CRAM.20160713.EPIXYLON.2",,"condition ok","Academy of Natural Sciences of Drexel University","2017-05-11","OKgcKejxXbI=","13C15N","2",,25,100,,,,,,,,"d34S",3.68,"perMill","SO2 EA-combustion-IRMS method",,,,"legacyData|Did not meet quality audit requirements for analysis audit"
"d8f84384-0452-4d82-842a-d251c489a4d5","D05","CRAM","CRAM.AOS.riparian.point.04","2016-07-13","CRAM.20160713.EPIXYLON.4",,"condition ok","Academy of Natural Sciences of Drexel University","2016-11-04","+IoRzddUq5A=","P","1",,25,100,,,,,,,,"phosphorus",1880.64,"microgramsPerLiter","ANSP P-16-114 Rev2; ANSP P-16_95 Rev3",,,,"legacyData|Did not meet quality audit requirements for analysis audit"
"0e1786c7-f573-4976-9e7c-4b28354441ea","D05","CRAM","CRAM.AOS.riparian.point.10","2016-07-13","CRAM.20160713.EPIXYLON.10",,"condition ok","Academy of Natural Sciences of Drexel University","2017-05-11","OKgcKejxXbI=","13C15N","2",,25,100,,,,,,,,"d34S",3.59,"perMill","SO2 EA-combustion-IRMS method",,,,"legacyData|Did not meet quality audit requirements for analysis audit"
"3624bb69-7369-4e68-b86d-4f66a794e4e2","D05","CRAM","CRAM.AOS.buoy.c0","2016-07-13","CRAM.20160713.PHYTOPLANKTON.3",,"condition ok","Academy of Natural Sciences of Drexel University","2016-08-26","Txt9C5i/u7k=","chlorophyll/pheophytin","1",,25,100,,,,,,,,"pheophytin",,"microgramsPerLiter","ANSP P-16-92 Rev2",,,,"legacyData|Did not meet quality audit requirements for analysis audit"
"425aa177-9293-418b-831f-56a5818ce2f8","D05","CRAM","CRAM.AOS.riparian.point.08","2016-07-13","CRAM.20160713.EPIXYLON.8",,"condition ok","Academy of Natural Sciences of Drexel University","2016-08-24","OKgcKejxXbI=","CN","1",,25,100,,,,,,,,"nitrogen",64.26,"microgramsPerLiter","ANSP P-16-54 Rev2",,,,"legacyData|Did not meet quality audit requirements for analysis audit"
"2bd3c059-20f1-4f09-9087-152b74f3f1df","D05","CRAM","CRAM.AOS.littoral1","2016-07-13","CRAM.20160713.PHYTOPLANKTON.2",,"condition ok","Academy of Natural Sciences of Drexel University","2016-08-24","OKgcKejxXbI=","CN","1",,25,100,,,,,,,,"carbon",128430.86,"microgramsPerLiter","ANSP P-16-54 Rev2",,"N",,"legacyData|Did not meet quality audit requirements for analysis audit|acidTreatmentSOPNotFollowed"
"02118032-1a3f-4601-a14f-9d168c7507ef","D05","CRAM","CRAM.AOS.buoy.c0","2016-07-13","CRAM.20160713.PHYTOPLANKTON.3",,"condition ok","Academy of Natural Sciences of Drexel University","2016-08-26","Txt9C5i/u7k=","chlorophyll/pheophytin","2",,25,100,,,,,,,,"pheophytin",,"microgramsPerLiter","ANSP P-16-92 Rev2",,,,"legacyData|Did not meet quality audit requirements for analysis audit"
"836de9c6-5f13-40d6-83f7-8c3b4bba68b7","D05","CRAM","CRAM.AOS.littoral2","2016-07-13","CRAM.20160713.PHYTOPLANKTON.1",,"condition ok","Academy of Natural Sciences of Drexel University","2016-08-26","Txt9C5i/u7k=","chlorophyll/pheophytin","2",,25,100,,,,,,,,"chlorophyll a",,"microgramsPerLiter","ANSP P-16-92 Rev2",,,,"legacyData|Did not meet quality audit requirements for analysis audit"
"7b0e149b-335b-4095-b203-b89f6e99bed5","D05","CRAM","CRAM.AOS.riparian.point.08","2016-07-13","CRAM.20160713.EPIXYLON.8",,"condition ok","Academy of Natural Sciences of Drexel University","2016-08-26","Txt9C5i/u7k=","chlorophyll/pheophytin","2",,25,100,,,,,,,,"chlorophyll a",,"microgramsPerLiter","ANSP P-16-92 Rev2",,,,"legacyData|Did not meet quality audit requirements for analysis audit"
"162f4a6f-6181-4979-be1d-f0d59fcd5b4f","D05","CRAM","CRAM.AOS.riparian.point.02","2016-07-13","CRAM.20160713.EPIXYLON.2",,"condition ok","Academy of Natural Sciences of Drexel University","2016-08-24","OKgcKejxXbI=","CN","1",,25,100,,,,,,,,"nitrogen",14145.68,"microgramsPerLiter","ANSP P-16-54 Rev2",,,,"legacyData|Did not meet quality audit requirements for analysis audit"
"a4c074cc-23d2-48a4-a36b-dc82863aeeab","D05","CRAM","CRAM.AOS.buoy.c0","2016-07-13","CRAM.20160713.PHYTOPLANKTON.3",,"condition ok","Academy of Natural Sciences of Drexel University","2016-11-04","+IoRzddUq5A=","P","1",,25,100,,,,,,,,"phosphorus",26.23,"microgramsPerLiter","ANSP P-16-114 Rev2; ANSP P-16_95 Rev3",,,,"legacyData|Did not meet quality audit requirements for analysis audit"
"d9a4755a-4692-4e13-a756-d0a39b70ef3f","D05","CRAM","CRAM.AOS.riparian.point.10","2016-07-13","CRAM.20160713.EPIXYLON.10",,"other (specify in remarks)","Academy of Natural Sciences of Drexel University","2016-08-26","Txt9C5i/u7k=","chlorophyll/pheophytin","1",,25,100,,,,,,,,"chlorophyll a",,"microgramsPerLiter","ANSP P-16-92 Rev2",,,"Slight poor folding","legacyData|Did not meet quality audit requirements for analysis audit"
"996f22be-b040-43d0-a19f-0d0990424180","D05","CRAM","CRAM.AOS.littoral1","2016-07-13","CRAM.20160713.PHYTOPLANKTON.2",,"condition ok","Academy of Natural Sciences of Drexel University","2016-08-26","Txt9C5i/u7k=","chlorophyll/pheophytin","1",,25,100,,,,,,,,"chlorophyll a",,"microgramsPerLiter","ANSP P-16-92 Rev2",,,,"legacyData|Did not meet quality audit requirements for analysis audit"
"dbdddf14-7f47-4a87-ba9d-87626a4d9bfb","D05","CRAM","CRAM.AOS.littoral2","2016-07-13","CRAM.20160713.PHYTOPLANKTON.1",,"condition ok","Academy of Natural Sciences of Drexel University","2017-05-11","OKgcKejxXbI=","13C15N","2",,25,100,,,,,,,,"d15N",1.17,"perMill","ANSP P-16-202 Rev0",,,,"legacyData|Did not meet quality audit requirements for analysis audit"
"7752697c-a7b9-4e45-b433-565c16664d64","D05","CRAM","CRAM.AOS.littoral1","2016-07-13","CRAM.20160713.PHYTOPLANKTON.2",,"condition ok","Academy of Natural Sciences of Drexel University","2016-11-04","+IoRzddUq5A=","P","1",,25,100,,,,,,,,"phosphorus",17.71,"microgramsPerLiter","ANSP P-16-114 Rev2; ANSP P-16_95 Rev3",,,,"legacyData|Did not meet quality audit requirements for analysis audit"
"11f6c157-bda1-48ba-880d-8cbe4060e027","D05","CRAM","CRAM.AOS.riparian.point.02","2016-07-13","CRAM.20160713.EPIXYLON.2",,"condition ok","Academy of Natural Sciences of Drexel University","2016-08-26","Txt9C5i/u7k=","chlorophyll/pheophytin","2",,25,100,,,,,,,,"pheophytin",,"microgramsPerLiter","ANSP P-16-92 Rev2",,,,"legacyData|Did not meet quality audit requirements for analysis audit"
"b90759bf-2223-4361-a35d-411471c27189","D05","CRAM","CRAM.AOS.riparian.point.04","2016-07-13","CRAM.20160713.EPIXYLON.4",,"condition ok","Academy of Natural Sciences of Drexel University","2017-05-11","OKgcKejxXbI=","13C15N","1",,25,13,,,,,,,,"d15N",5.29,"perMill","ANSP P-16-202 Rev0",,,,"legacyData|Did not meet quality audit requirements for analysis audit"
"14ba8c1a-5911-4f10-bcc3-9e63291c953d","D05","CRAM","CRAM.AOS.riparian.point.08","2016-07-13","CRAM.20160713.EPIXYLON.8",,"condition ok","Academy of Natural Sciences of Drexel University","2017-05-11","OKgcKejxXbI=","13C15N","2",,25,25,,,,,,,,"d13C",-25.25,"perMill","ANSP P-16-202 Rev0",,"N",,"legacyData|Did not meet quality audit requirements for analysis audit|acidTreatmentSOPNotFollowed"
"0c5327c7-778d-44ed-a869-2082be14c7eb","D05","CRAM","CRAM.AOS.buoy.c0","2016-07-13","CRAM.20160713.PHYTOPLANKTON.3",,"condition ok","Academy of Natural Sciences of Drexel University","2017-05-11","OKgcKejxXbI=","13C15N","2",,25,100,,,,,,,,"d13C",-31.89,"perMill","ANSP P-16-202 Rev0",,"N",,"legacyData|Did not meet quality audit requirements for analysis audit|acidTreatmentSOPNotFollowed"
"69bf98d2-6316-4d46-9e2d-ba700d08eed3","D05","CRAM","CRAM.AOS.riparian.point.10","2016-07-13","CRAM.20160713.EPIXYLON.10",,"condition ok","Academy of Natural Sciences of Drexel University","2017-05-11","OKgcKejxXbI=","13C15N","2",,25,13,,,,,,,,"d13C",-28.34,"perMill","ANSP P-16-202 Rev0",,"N",,"legacyData|Did not meet quality audit requirements for analysis audit|acidTreatmentSOPNotFollowed"
"bd76208f-95f9-4a4e-9195-3a835f71ee3c","D05","CRAM","CRAM.AOS.buoy.c0","2016-07-13","CRAM.20160713.PHYTOPLANKTON.3",,"condition ok","Academy of Natural Sciences of Drexel University","2017-05-11","OKgcKejxXbI=","13C15N","2",,25,100,,,,,,,,"d15N",2.01,"perMill","ANSP P-16-202 Rev0",,,,"legacyData|Did not meet quality audit requirements for analysis audit"
"ae58b27c-fdc9-4316-b052-63a4fbb08548","D05","CRAM","CRAM.AOS.littoral1","2016-07-13","CRAM.20160713.PHYTOPLANKTON.2",,"condition ok","Academy of Natural Sciences of Drexel University","2016-08-24","OKgcKejxXbI=","CN","2",,25,100,,,,,,,,"nitrogen",6781.37,"microgramsPerLiter","ANSP P-16-54 Rev2",,,,"legacyData|Did not meet quality audit requirements for analysis audit"
"77a7847e-1689-432c-b64d-5d383fe7e3b2","D05","CRAM","CRAM.AOS.riparian.point.06","2016-07-13","CRAM.20160713.EPIXYLON.6",,"condition ok","Academy of Natural Sciences of Drexel University","2017-05-11","OKgcKejxXbI=","13C15N","2",,25,25,,,,,,,,"d13C",-24.84,"perMill","ANSP P-16-202 Rev0",,"N",,"legacyData|Did not meet quality audit requirements for analysis audit|acidTreatmentSOPNotFollowed"
"d472a70f-db03-4d51-89e5-a293bd927c92","D05","CRAM","CRAM.AOS.riparian.point.10","2016-07-13","CRAM.20160713.EPIXYLON.10",,"condition ok","Academy of Natural Sciences of Drexel University","2016-08-24","OKgcKejxXbI=","CN","2",,25,100,,,,,,,,"carbon",374.11,"microgramsPerLiter","ANSP P-16-54 Rev2",,"N",,"legacyData|Did not meet quality audit requirements for analysis audit|acidTreatmentSOPNotFollowed"
"742acb1c-7895-429b-b2b0-367826978bc6","D05","CRAM","CRAM.AOS.littoral2","2016-07-13","CRAM.20160713.PHYTOPLANKTON.1",,"condition ok","Academy of Natural Sciences of Drexel University","2016-08-24","OKgcKejxXbI=","CN","2",,25,100,,,,,,,,"nitrogen",62.03,"microgramsPerLiter","ANSP P-16-54 Rev2",,,,"legacyData|Did not meet quality audit requirements for analysis audit"
"9d3efff4-1d7e-4ebe-bf74-7d95a8a8f0cb","D05","CRAM","CRAM.AOS.riparian.point.02","2016-07-13","CRAM.20160713.EPIXYLON.2",,"condition ok","Academy of Natural Sciences of Drexel University","2016-08-24","OKgcKejxXbI=","CN","2",,25,100,,,,,,,,"nitrogen",12124.03,"microgramsPerLiter","ANSP P-16-54 Rev2",,,,"legacyData|Did not meet quality audit requirements for analysis audit"
"69daa724-50d1-41bc-b13d-769a20cf4ae7","D05","CRAM","CRAM.AOS.riparian.point.04","2016-07-13","CRAM.20160713.EPIXYLON.4",,"condition ok","Academy of Natural Sciences of Drexel University","2016-08-24","OKgcKejxXbI=","CN","2",,25,100,,,,,,,,"carbon",134333.39,"microgramsPerLiter","ANSP P-16-54 Rev2",,"N",,"legacyData|Did not meet quality audit requirements for analysis audit|acidTreatmentSOPNotFollowed"
"ae0b7132-fcd1-4bba-89eb-8e1b92dfc0d0","D05","CRAM","CRAM.AOS.riparian.point.06","2016-07-13","CRAM.20160713.EPIXYLON.6",,"condition ok","Academy of Natural Sciences of Drexel University","2017-05-11","OKgcKejxXbI=","13C15N","2",,25,25,,,,,,,,"d15N",4.42,"perMill","ANSP P-16-202 Rev0",,,,"legacyData|Did not meet quality audit requirements for analysis audit"
"a1b9ba12-2aa3-44c5-aa55-8db8335d8376","D05","CRAM","CRAM.AOS.riparian.point.02","2016-07-13","CRAM.20160713.EPIXYLON.2",,"condition ok","Academy of Natural Sciences of Drexel University","2016-08-26","Txt9C5i/u7k=","chlorophyll/pheophytin","1",,25,100,,,,,,,,"chlorophyll a",,"microgramsPerLiter","ANSP P-16-92 Rev2",,,,"legacyData|Did not meet quality audit requirements for analysis audit"
"70a39ecf-930d-4ea7-ad9f-172659c381eb","D05","CRAM","CRAM.AOS.riparian.point.04","2016-07-13","CRAM.20160713.EPIXYLON.4",,"condition ok","Academy of Natural Sciences of Drexel University","2016-08-26","Txt9C5i/u7k=","chlorophyll/pheophytin","2",,25,100,,,,,,,,"chlorophyll a",,"microgramsPerLiter","ANSP P-16-92 Rev2",,,,"legacyData|Did not meet quality audit requirements for analysis audit"
"e41b25fc-2b18-4a9e-8635-7675b4043358","D05","CRAM","CRAM.AOS.buoy.c0","2016-07-13","CRAM.20160713.PHYTOPLANKTON.3",,"condition ok","Academy of Natural Sciences of Drexel University","2016-08-24","OKgcKejxXbI=","CN","2",,25,100,,,,,,,,"carbon",614184.14,"microgramsPerLiter","ANSP P-16-54 Rev2",,"N",,"legacyData|Did not meet quality audit requirements for analysis audit|acidTreatmentSOPNotFollowed"
"fac0bb07-3a2c-4628-8e82-bcd64209dd10","D05","CRAM","CRAM.AOS.buoy.c0","2016-07-13","CRAM.20160713.PHYTOPLANKTON.3",,"condition ok","Academy of Natural Sciences of Drexel University","2017-05-11","OKgcKejxXbI=","13C15N","2",,25,100,,,,,,,,"d34S",3.37,"perMill","SO2 EA-combustion-IRMS method",,,,"legacyData|Did not meet quality audit requirements for analysis audit"
"3431fb90-4339-4f88-91c1-13594a48ee34","D05","CRAM","CRAM.AOS.littoral2","2016-07-13","CRAM.20160713.PHYTOPLANKTON.1",,"condition ok","Academy of Natural Sciences of Drexel University","2016-08-24","OKgcKejxXbI=","CN","1",,25,100,,,,,,,,"nitrogen",63.26,"microgramsPerLiter","ANSP P-16-54 Rev2",,,,"legacyData|Did not meet quality audit requirements for analysis audit"
"6e8886c1-ca65-49b1-8c2c-6d23bff98341","D05","CRAM","CRAM.AOS.riparian.point.02","2016-07-13","CRAM.20160713.EPIXYLON.2",,"condition ok","Academy of Natural Sciences of Drexel University","2016-08-26","Txt9C5i/u7k=","chlorophyll/pheophytin","2",,25,100,,,,,,,,"chlorophyll a",,"microgramsPerLiter","ANSP P-16-92 Rev2",,,,"legacyData|Did not meet quality audit requirements for analysis audit"
"176b3b1a-f1a3-4e65-8717-e2830f9d9fef","D05","CRAM","CRAM.AOS.riparian.point.04","2016-07-13","CRAM.20160713.EPIXYLON.4",,"condition ok","Academy of Natural Sciences of Drexel University","2017-05-11","OKgcKejxXbI=","13C15N","2",,25,100,,,,,,,,"d34S",2.02,"perMill","SO2 EA-combustion-IRMS method",,,,"legacyData|Did not meet quality audit requirements for analysis audit"
"e1cbab97-f660-42e2-9869-b972b1c2780b","D05","CRAM","CRAM.AOS.littoral1","2016-07-13","CRAM.20160713.PHYTOPLANKTON.2",,"condition ok","Academy of Natural Sciences of Drexel University","2016-08-24","OKgcKejxXbI=","CN","2",,25,100,,,,,,,,"carbon",129155.59,"microgramsPerLiter","ANSP P-16-54 Rev2",,"N",,"legacyData|Did not meet quality audit requirements for analysis audit|acidTreatmentSOPNotFollowed"
"7547ad9b-807c-4e7f-aeba-cf3ff3275c8f","D05","CRAM","CRAM.AOS.littoral2","2016-07-13","CRAM.20160713.PHYTOPLANKTON.1",,"condition ok","Academy of Natural Sciences of Drexel University","2017-05-11","OKgcKejxXbI=","13C15N","2",,25,100,,,,,,,,"d34S",3.37,"perMill","SO2 EA-combustion-IRMS method",,,,"legacyData|Did not meet quality audit requirements for analysis audit"
"35b8351f-c1cf-41dc-83f3-0d45765cd72e","D05","CRAM","CRAM.AOS.littoral2","2016-07-13","CRAM.20160713.PHYTOPLANKTON.1",,"condition ok","Academy of Natural Sciences of Drexel University","2016-08-26","Txt9C5i/u7k=","chlorophyll/pheophytin","2",,25,100,,,,,,,,"pheophytin",,"microgramsPerLiter","ANSP P-16-92 Rev2",,,,"legacyData|Did not meet quality audit requirements for analysis audit"
"d3a1ccfb-e99f-4c09-bd89-93be455605bd","D05","CRAM","CRAM.AOS.riparian.point.02","2016-07-13","CRAM.20160713.EPIXYLON.2",,"condition ok","Academy of Natural Sciences of Drexel University","2017-05-11","OKgcKejxXbI=","13C15N","1",,25,50,,,,,,,,"d13C",-25.57,"perMill","ANSP P-16-202 Rev0",,"N",,"legacyData|Did not meet quality audit requirements for analysis audit|acidTreatmentSOPNotFollowed"
"cdbe6ce2-9280-4e56-b035-ffde278c629c","D05","CRAM","CRAM.AOS.riparian.point.08","2016-07-13","CRAM.20160713.EPIXYLON.8",,"condition ok","Academy of Natural Sciences of Drexel University","2016-08-24","OKgcKejxXbI=","CN","2",,25,100,,,,,,,,"carbon",467.25,"microgramsPerLiter","ANSP P-16-54 Rev2",,"N",,"legacyData|Did not meet quality audit requirements for analysis audit|acidTreatmentSOPNotFollowed"
"e6743d3e-8bb3-44e8-99e4-4710fff0ec66","D05","CRAM","CRAM.AOS.riparian.point.06","2016-07-13","CRAM.20160713.EPIXYLON.6",,"condition ok","Academy of Natural Sciences of Drexel University","2016-11-04","+IoRzddUq5A=","P","1",,25,100,,,,,,,,"phosphorus",1081.42,"microgramsPerLiter","ANSP P-16-114 Rev2; ANSP P-16_95 Rev3",,,,"legacyData|Did not meet quality audit requirements for analysis audit"
"5f543c5d-d44a-4164-8f7d-f68c1c95500c","D05","CRAM","CRAM.AOS.riparian.point.02","2016-07-13","CRAM.20160713.EPIXYLON.2",,"condition ok","Academy of Natural Sciences of Drexel University","2017-05-11","OKgcKejxXbI=","13C15N","2",,25,50,,,,,,,,"d15N",3.83,"perMill","ANSP P-16-202 Rev0",,,,"legacyData|Did not meet quality audit requirements for analysis audit"
"21e1d169-292a-4bc6-91e3-0ce8f52541d3","D05","CRAM","CRAM.AOS.littoral2","2016-07-13","CRAM.20160713.PHYTOPLANKTON.1",,"condition ok","Academy of Natural Sciences of Drexel University","2016-08-24","OKgcKejxXbI=","CN","1",,25,100,,,,,,,,"carbon",405.05,"microgramsPerLiter","ANSP P-16-54 Rev2",,"N",,"legacyData|Did not meet quality audit requirements for analysis audit|acidTreatmentSOPNotFollowed"
"dbc8f044-279f-4bcb-90ea-907971d275b0","D05","CRAM","CRAM.AOS.littoral1","2016-07-13","CRAM.20160713.PHYTOPLANKTON.2",,"condition ok","Academy of Natural Sciences of Drexel University","2017-05-11","OKgcKejxXbI=","13C15N","2",,25,100,,,,,,,,"d15N",1.75,"perMill","ANSP P-16-202 Rev0",,,,"legacyData|Did not meet quality audit requirements for analysis audit"
"0d0f3c93-6c17-4d62-bf73-2e96a0c3e53f","D05","CRAM","CRAM.AOS.buoy.c0","2016-07-13","CRAM.20160713.PHYTOPLANKTON.3",,"condition ok","Academy of Natural Sciences of Drexel University","2017-05-11","OKgcKejxXbI=","13C15N","1",,25,100,,,,,,,,"d13C",-31.92,"perMill","ANSP P-16-202 Rev0",,"N",,"legacyData|Did not meet quality audit requirements for analysis audit|acidTreatmentSOPNotFollowed"
"8ac1a95d-2404-43fb-b1b2-78fa7633eb4f","D05","CRAM","CRAM.AOS.riparian.point.06","2016-07-13","CRAM.20160713.EPIXYLON.6",,"condition ok","Academy of Natural Sciences of Drexel University","2016-08-26","Txt9C5i/u7k=","chlorophyll/pheophytin","1",,25,100,,,,,,,,"chlorophyll a",,"microgramsPerLiter","ANSP P-16-92 Rev2",,,,"legacyData|Did not meet quality audit requirements for analysis audit"
"373054f0-3625-42e2-b4aa-9d0fe857fae1","D05","CRAM","CRAM.AOS.littoral2","2016-07-13","CRAM.20160713.PHYTOPLANKTON.1",,"condition ok","Academy of Natural Sciences of Drexel University","2017-05-11","OKgcKejxXbI=","13C15N","1",,25,100,,,,,,,,"d15N",1.44,"perMill","ANSP P-16-202 Rev0",,,,"legacyData|Did not meet quality audit requirements for analysis audit"
"2f9cb53d-9625-400b-b82d-1b87338e3157","D05","CRAM","CRAM.AOS.riparian.point.02","2016-07-13","CRAM.20160713.EPIXYLON.2",,"condition ok","Academy of Natural Sciences of Drexel University","2016-08-26","Txt9C5i/u7k=","chlorophyll/pheophytin","1",,25,100,,,,,,,,"pheophytin",,"microgramsPerLiter","ANSP P-16-92 Rev2",,,,"legacyData|Did not meet quality audit requirements for analysis audit"
"bc30e342-5bbd-4b46-b614-50abd43d1886","D05","CRAM","CRAM.AOS.littoral1","2016-07-13","CRAM.20160713.PHYTOPLANKTON.2",,"condition ok","Academy of Natural Sciences of Drexel University","2016-08-24","OKgcKejxXbI=","CN","1",,25,100,,,,,,,,"nitrogen",7150.83,"microgramsPerLiter","ANSP P-16-54 Rev2",,,,"legacyData|Did not meet quality audit requirements for analysis audit"
"640c6e2b-f03c-433d-b22c-06ed749d7b88","D05","CRAM","CRAM.AOS.riparian.point.10","2016-07-13","CRAM.20160713.EPIXYLON.10",,"condition ok","Academy of Natural Sciences of Drexel University","2016-08-26","Txt9C5i/u7k=","chlorophyll/pheophytin","2",,25,100,,,,,,,,"pheophytin",,"microgramsPerLiter","ANSP P-16-92 Rev2",,,,"legacyData|Did not meet quality audit requirements for analysis audit"
"1efd4fc3-2e85-4995-9fee-66593ebdad58","D05","CRAM","CRAM.AOS.littoral2","2016-07-13","CRAM.20160713.PHYTOPLANKTON.1",,"condition ok","Academy of Natural Sciences of Drexel University","2016-08-26","Txt9C5i/u7k=","chlorophyll/pheophytin","1",,25,100,,,,,,,,"chlorophyll a",,"microgramsPerLiter","ANSP P-16-92 Rev2",,,,"legacyData|Did not meet quality audit requirements for analysis audit"
