uid,domainID,siteID,namedLocation,collectDate,parentSampleID,sampleID,sampleCode,filterNumber,analysisType,fieldSampleVolume,domainFilterVolume,storageDays,remarks,measuredBy,recordedBy,sampleCondition,dataQF
"f3991d04-b419-409c-a1c1-6828ece7035f","D05","CRAM","CRAM.AOS.riparian.point.08","2016-07-13T15:45Z","CRAM.20160713.EPIXYLON.8","CRAM.20160713.EPIXYLON.8",,2,"CN",125.0,5.0,0.9,,"kgeiger@field-ops.org","ekrulc@field-ops.org","OK",
"c3cc2db0-b5ae-4f5c-9b69-7959ba1478b4","D05","CRAM","CRAM.AOS.riparian.point.10","2016-07-13T15:45Z","CRAM.20160713.EPIXYLON.10","CRAM.20160713.EPIXYLON.10",,2,"chlorophyll/pheophytin",125.0,5.0,0.9,,"kgeiger@field-ops.org","ekrulc@field-ops.org","OK",
"0bbad4b8-7416-4037-979a-1b57d683c123","D05","CRAM","CRAM.AOS.littoral1","2016-07-13T15:45Z","CRAM.20160713.PHYTOPLANKTON.2","CRAM.20160713.PHYTOPLANKTON.2",,1,"P",5000.0,250.0,0.9,,"kgeiger@field-ops.org","ekrulc@field-ops.org","OK",
"46e9a3b4-e5f7-463f-b29c-daaa4834d4a9","D05","CRAM","CRAM.AOS.buoy.c0","2016-07-13T15:45Z","CRAM.20160713.PHYTOPLANKTON.3","CRAM.20160713.PHYTOPLANKTON.3",,2,"chlorophyll/pheophytin",5000.0,250.0,0.9,,"kgeiger@field-ops.org","ekrulc@field-ops.org","OK",
"964c8553-a2d8-441e-a51c-17c79d389051","D05","CRAM","CRAM.AOS.littoral1","2016-07-13T15:45Z","CRAM.20160713.PHYTOPLANKTON.2","CRAM.20160713.PHYTOPLANKTON.2",,1,"chlorophyll/pheophytin",5000.0,300.0,0.9,,"kgeiger@field-ops.org","ekrulc@field-ops.org","OK",
"9270663c-2bf9-4744-90f2-05c3e667fcbf","D05","CRAM","CRAM.AOS.littoral2","2016-07-13T15:45Z","CRAM.20160713.PHYTOPLANKTON.1","CRAM.20160713.PHYTOPLANKTON.1",,2,"chlorophyll/pheophytin",5000.0,300.0,0.9,,"kgeiger@field-ops.org","ekrulc@field-ops.org","OK",
"df4273b8-1e19-4c4a-b4de-11d1e570f321","D05","CRAM","CRAM.AOS.buoy.c0","2016-07-13T15:45Z","CRAM.20160713.PHYTOPLANKTON.3","CRAM.20160713.PHYTOPLANKTON.3",,2,"CNS",5000.0,300.0,0.9,,"kgeiger@field-ops.org","ekrulc@field-ops.org","OK",
"0613d228-57cc-4265-a79c-b42f60e51863","D05","CRAM","CRAM.AOS.riparian.point.10","2016-07-13T15:45Z","CRAM.20160713.EPIXYLON.10","CRAM.20160713.EPIXYLON.10",,1,"chlorophyll/pheophytin",125.0,5.0,0.9,,"kgeiger@field-ops.org","ekrulc@field-ops.org","OK",
"fcf06cc1-c54d-4892-89ce-8bc362ad86e6","D05","CRAM","CRAM.AOS.riparian.point.08","2016-07-13T15:45Z","CRAM.20160713.EPIXYLON.8","CRAM.20160713.EPIXYLON.8",,1,"CN",125.0,5.0,0.9,,"kgeiger@field-ops.org","ekrulc@field-ops.org","OK",
"59c6ff0e-44d7-4290-a3d2-3d98a878c23d","D05","CRAM","CRAM.AOS.buoy.c0","2016-07-13T15:45Z","CRAM.20160713.PHYTOPLANKTON.3","CRAM.20160713.PHYTOPLANKTON.3",,1,"P",5000.0,250.0,0.9,,"kgeiger@field-ops.org","ekrulc@field-ops.org","OK",
"53831e56-6b34-435d-9c55-1b3bcb3c5b6b","D05","CRAM","CRAM.AOS.riparian.point.08","2016-07-13T15:45Z","CRAM.20160713.EPIXYLON.8","CRAM.20160713.EPIXYLON.8",,1,"P",125.0,5.0,0.9,,"kgeiger@field-ops.org","ekrulc@field-ops.org","OK",
"9a25fbcc-9280-4089-811e-b39935e6fafc","D05","CRAM","CRAM.AOS.riparian.point.08","2016-07-13T15:45Z","CRAM.20160713.EPIXYLON.8","CRAM.20160713.EPIXYLON.8",,2,"chlorophyll/pheophytin",125.0,5.0,0.9,,"kgeiger@field-ops.org","ekrulc@field-ops.org","OK",
"390ec445-42be-4651-8723-668f5cde0dbf","D05","CRAM","CRAM.AOS.littoral2","2016-07-13T15:45Z","CRAM.20160713.PHYTOPLANKTON.1","CRAM.20160713.PHYTOPLANKTON.1",,2,"CN",5000.0,300.0,0.9,,"kgeiger@field-ops.org","ekrulc@field-ops.org","OK",
"193485cb-7872-4cac-b0d3-aa5329b19fb9","D05","CRAM","CRAM.AOS.littoral1","2016-07-13T15:45Z","CRAM.20160713.PHYTOPLANKTON.2","CRAM.20160713.PHYTOPLANKTON.2",,1,"CN",5000.0,250.0,0.9,,"kgeiger@field-ops.org","ekrulc@field-ops.org","OK",
"42fae18b-2a1c-4f87-a9cf-b4156d9f3af5","D05","CRAM","CRAM.AOS.littoral2","2016-07-13T15:45Z","CRAM.20160713.PHYTOPLANKTON.1","CRAM.20160713.PHYTOPLANKTON.1",,1,"CN",5000.0,300.0,0.9,,"kgeiger@field-ops.org","ekrulc@field-ops.org","OK",
"e804acb2-e36f-4e80-b9f5-5756a5ff7c33","D05","CRAM","CRAM.AOS.littoral1","2016-07-13T15:45Z","CRAM.20160713.PHYTOPLANKTON.2","CRAM.20160713.PHYTOPLANKTON.2",,2,"CN",5000.0,250.0,0.9,,"kgeiger@field-ops.org","ekrulc@field-ops.org","OK",
"02776c33-44ca-406c-a210-6d6c6b0f7442","D05","CRAM","CRAM.AOS.riparian.point.08","2016-07-13T15:45Z","CRAM.20160713.EPIXYLON.8","CRAM.20160713.EPIXYLON.8",,1,"CNS",125.0,8.0,0.9,,"kgeiger@field-ops.org","ekrulc@field-ops.org","OK",
"cc2ea90a-0153-4f68-9372-48bf2565cc45","D05","CRAM","CRAM.AOS.littoral1","2016-07-13T15:45Z","CRAM.20160713.PHYTOPLANKTON.2","CRAM.20160713.PHYTOPLANKTON.2",,2,"chlorophyll/pheophytin",5000.0,300.0,0.9,,"kgeiger@field-ops.org","ekrulc@field-ops.org","OK",
"8d682364-def1-4c5c-b3ab-d8aff632bdac","D05","CRAM","CRAM.AOS.buoy.c0","2016-07-13T15:45Z","CRAM.20160713.PHYTOPLANKTON.3","CRAM.20160713.PHYTOPLANKTON.3",,2,"CN",5000.0,250.0,0.9,,"kgeiger@field-ops.org","ekrulc@field-ops.org","OK",
"93999771-961a-4f5a-9363-363f15dc920f","D05","CRAM","CRAM.AOS.riparian.point.10","2016-07-13T15:45Z","CRAM.20160713.EPIXYLON.10","CRAM.20160713.EPIXYLON.10",,2,"CN",125.0,5.0,0.9,,"kgeiger@field-ops.org","ekrulc@field-ops.org","OK",
"1053df36-57fb-4c85-bd76-f26d64c43f68","D05","CRAM","CRAM.AOS.riparian.point.08","2016-07-13T15:45Z","CRAM.20160713.EPIXYLON.8","CRAM.20160713.EPIXYLON.8",,2,"CNS",125.0,8.0,0.9,,"kgeiger@field-ops.org","ekrulc@field-ops.org","OK",
"16d25813-a605-4f39-9d00-80fb3f1e2c07","D05","CRAM","CRAM.AOS.littoral1","2016-07-13T15:45Z","CRAM.20160713.PHYTOPLANKTON.2","CRAM.20160713.PHYTOPLANKTON.2",,1,"CNS",5000.0,300.0,0.9,,"kgeiger@field-ops.org","ekrulc@field-ops.org","OK",
"0da754c5-f5e4-4a06-bfb0-868883ee0513","D05","CRAM","CRAM.AOS.riparian.point.10","2016-07-13T15:45Z","CRAM.20160713.EPIXYLON.10","CRAM.20160713.EPIXYLON.10",,1,"CNS",125.0,5.0,0.9,,"kgeiger@field-ops.org","ekrulc@field-ops.org","OK",
"d9c2b78f-ff23-4e3c-8bf8-67c309d7532d","D05","CRAM","CRAM.AOS.buoy.c0","2016-07-13T15:45Z","CRAM.20160713.PHYTOPLANKTON.3","CRAM.20160713.PHYTOPLANKTON.3",,1,"chlorophyll/pheophytin",5000.0,250.0,0.9,,"kgeiger@field-ops.org","ekrulc@field-ops.org","OK",
"08f26118-ab80-4fcc-a0ae-7d927483179f","D05","CRAM","CRAM.AOS.riparian.point.10","2016-07-13T15:45Z","CRAM.20160713.EPIXYLON.10","CRAM.20160713.EPIXYLON.10",,1,"CN",125.0,5.0,0.9,,"kgeiger@field-ops.org","ekrulc@field-ops.org","OK",
"d7c84bd4-64d0-4967-9b76-4711d1c1cde5","D05","CRAM","CRAM.AOS.riparian.point.10","2016-07-13T15:45Z","CRAM.20160713.EPIXYLON.10","CRAM.20160713.EPIXYLON.10",,2,"CNS",125.0,5.0,0.9,,"kgeiger@field-ops.org","ekrulc@field-ops.org","OK",
"5527eb77-7b48-4d50-b8b8-1f29005d3cc1","D05","CRAM","CRAM.AOS.littoral2","2016-07-13T15:45Z","CRAM.20160713.PHYTOPLANKTON.1","CRAM.20160713.PHYTOPLANKTON.1",,1,"P",5000.0,300.0,0.9,,"kgeiger@field-ops.org","ekrulc@field-ops.org","OK",
"704480c2-6998-4888-bb18-de8695ed4352","D05","CRAM","CRAM.AOS.riparian.point.10","2016-07-13T15:45Z","CRAM.20160713.EPIXYLON.10","CRAM.20160713.EPIXYLON.10",,1,"P",125.0,5.0,0.9,,"kgeiger@field-ops.org","ekrulc@field-ops.org","OK",
"c211f836-1bd5-4c42-afa8-dfa66f7de058","D05","CRAM","CRAM.AOS.littoral2","2016-07-13T15:45Z","CRAM.20160713.PHYTOPLANKTON.1","CRAM.20160713.PHYTOPLANKTON.1",,1,"chlorophyll/pheophytin",5000.0,300.0,0.9,,"kgeiger@field-ops.org","ekrulc@field-ops.org","OK",
"58696604-e9e8-410d-8d63-65a00663a08c","D05","CRAM","CRAM.AOS.buoy.c0","2016-07-13T15:45Z","CRAM.20160713.PHYTOPLANKTON.3","CRAM.20160713.PHYTOPLANKTON.3",,1,"CN",5000.0,250.0,0.9,,"kgeiger@field-ops.org","ekrulc@field-ops.org","OK",
"fb638083-02be-4b0a-8445-603bec47d6e5","D05","CRAM","CRAM.AOS.littoral1","2016-07-13T15:45Z","CRAM.20160713.PHYTOPLANKTON.2","CRAM.20160713.PHYTOPLANKTON.2",,2,"CNS",5000.0,300.0,0.9,,"kgeiger@field-ops.org","ekrulc@field-ops.org","OK",
"46a60165-264e-4a36-9026-2780ecab0070","D05","CRAM","CRAM.AOS.littoral2","2016-07-13T15:45Z","CRAM.20160713.PHYTOPLANKTON.1","CRAM.20160713.PHYTOPLANKTON.1",,1,"CNS",5000.0,350.0,0.9,,"kgeiger@field-ops.org","ekrulc@field-ops.org","OK",
"91382929-2ef3-4ad8-9677-bb1c0c2b4f9d","D05","CRAM","CRAM.AOS.littoral2","2016-07-13T15:45Z","CRAM.20160713.PHYTOPLANKTON.1","CRAM.20160713.PHYTOPLANKTON.1",,2,"CNS",5000.0,350.0,0.9,,"kgeiger@field-ops.org","ekrulc@field-ops.org","OK",
"ce282821-3613-418a-aeb2-bcede4e35159","D05","CRAM","CRAM.AOS.riparian.point.08","2016-07-13T15:45Z","CRAM.20160713.EPIXYLON.8","CRAM.20160713.EPIXYLON.8",,1,"chlorophyll/pheophytin",125.0,5.0,0.9,,"kgeiger@field-ops.org","ekrulc@field-ops.org","OK",
"4a30fb0a-6907-4008-9c28-efa89795b9c5","D05","CRAM","CRAM.AOS.buoy.c0","2016-07-13T15:45Z","CRAM.20160713.PHYTOPLANKTON.3","CRAM.20160713.PHYTOPLANKTON.3",,1,"CNS",5000.0,300.0,0.9,,"kgeiger@field-ops.org","ekrulc@field-ops.org","OK",
"7fdbea0c-e488-4cd7-9cf2-d226c551aa66","D05","CRAM","CRAM.AOS.riparian.point.06","2016-07-13T15:45Z","CRAM.20160713.EPIXYLON.6","CRAM.20160713.EPIXYLON.6",,2,"CNS",125.0,5.0,0.9,,"kgeiger@field-ops.org","ekrulc@field-ops.org","OK",
"6c10dad9-c42d-4573-a720-cb7802f1dd27","D05","CRAM","CRAM.AOS.riparian.point.06","2016-07-13T15:45Z","CRAM.20160713.EPIXYLON.6","CRAM.20160713.EPIXYLON.6",,1,"chlorophyll/pheophytin",125.0,5.0,0.9,,"kgeiger@field-ops.org","ekrulc@field-ops.org","OK",
"62a7bff0-a911-41ad-8e91-cbe8f976485b","D05","CRAM","CRAM.AOS.riparian.point.04","2016-07-13T15:45Z","CRAM.20160713.EPIXYLON.4","CRAM.20160713.EPIXYLON.4",,2,"CNS",125.0,5.0,0.9,,"kgeiger@field-ops.org","ekrulc@field-ops.org","OK",
"b924af4f-a7d2-49cd-9395-d584fc8990a1","D05","CRAM","CRAM.AOS.riparian.point.06","2016-07-13T15:45Z","CRAM.20160713.EPIXYLON.6","CRAM.20160713.EPIXYLON.6",,1,"CN",125.0,5.0,0.9,,"kgeiger@field-ops.org","ekrulc@field-ops.org","OK",
"e96c2aa3-df6e-4488-848c-5e1720d98c54","D05","CRAM","CRAM.AOS.riparian.point.04","2016-07-13T15:45Z","CRAM.20160713.EPIXYLON.4","CRAM.20160713.EPIXYLON.4",,1,"P",125.0,5.0,0.9,,"kgeiger@field-ops.org","ekrulc@field-ops.org","OK",
"efd1ac2f-2c52-4fc1-931f-cda2c6f7cf6d","D05","CRAM","CRAM.AOS.riparian.point.06","2016-07-13T15:45Z","CRAM.20160713.EPIXYLON.6","CRAM.20160713.EPIXYLON.6",,2,"chlorophyll/pheophytin",125.0,5.0,0.9,,"kgeiger@field-ops.org","ekrulc@field-ops.org","OK",
"caedd14e-8bc0-4c61-a4c9-d53343856eca","D05","CRAM","CRAM.AOS.riparian.point.06","2016-07-13T15:45Z","CRAM.20160713.EPIXYLON.6","CRAM.20160713.EPIXYLON.6",,2,"CN",125.0,5.0,0.9,,"kgeiger@field-ops.org","ekrulc@field-ops.org","OK",
"6f2d3e79-e5d5-4ef4-9630-3d3fa10b9ed5","D05","CRAM","CRAM.AOS.riparian.point.04","2016-07-13T15:45Z","CRAM.20160713.EPIXYLON.4","CRAM.20160713.EPIXYLON.4",,1,"CNS",125.0,5.0,0.9,,"kgeiger@field-ops.org","ekrulc@field-ops.org","OK",
"94aeb193-1b86-47ff-955c-068d971bef53","D05","CRAM","CRAM.AOS.riparian.point.06","2016-07-13T15:45Z","CRAM.20160713.EPIXYLON.6","CRAM.20160713.EPIXYLON.6",,1,"CNS",125.0,5.0,0.9,,"kgeiger@field-ops.org","ekrulc@field-ops.org","OK",
"485ab814-1e41-415a-ad69-07da47528886","D05","CRAM","CRAM.AOS.riparian.point.06","2016-07-13T15:45Z","CRAM.20160713.EPIXYLON.6","CRAM.20160713.EPIXYLON.6",,1,"P",125.0,5.0,0.9,,"kgeiger@field-ops.org","ekrulc@field-ops.org","OK",
"c4ca7e85-19ee-488c-9dd8-f261b39bf586","D05","CRAM","CRAM.AOS.riparian.point.02","2016-07-13T15:45Z","CRAM.20160713.EPIXYLON.2","CRAM.20160713.EPIXYLON.2",,1,"chlorophyll/pheophytin",125.0,5.0,0.9,,"kgeiger@field-ops.org","ekrulc@field-ops.org","OK",
"123ae291-9456-4812-ab0e-1f1892a06427","D05","CRAM","CRAM.AOS.riparian.point.02","2016-07-13T15:45Z","CRAM.20160713.EPIXYLON.2","CRAM.20160713.EPIXYLON.2",,2,"chlorophyll/pheophytin",125.0,5.0,0.9,,"kgeiger@field-ops.org","ekrulc@field-ops.org","OK",
"ec6a6683-f15f-4099-bea4-0b284c080982","D05","CRAM","CRAM.AOS.riparian.point.04","2016-07-13T15:45Z","CRAM.20160713.EPIXYLON.4","CRAM.20160713.EPIXYLON.4",,2,"chlorophyll/pheophytin",125.0,5.0,0.9,,"kgeiger@field-ops.org","ekrulc@field-ops.org","OK",
"6c8d68d9-ce05-4fb5-a66e-d8fa0cee8e38","D05","CRAM","CRAM.AOS.riparian.point.02","2016-07-13T15:45Z","CRAM.20160713.EPIXYLON.2","CRAM.20160713.EPIXYLON.2",,2,"CNS",125.0,5.0,0.9,,"kgeiger@field-ops.org","ekrulc@field-ops.org","OK",
"dd2b702e-ecfc-49b1-9563-a97b784ad78b","D05","CRAM","CRAM.AOS.riparian.point.04","2016-07-13T15:45Z","CRAM.20160713.EPIXYLON.4","CRAM.20160713.EPIXYLON.4",,2,"CN",125.0,5.0,0.9,,"kgeiger@field-ops.org","ekrulc@field-ops.org","OK",
"30fe8b48-e39b-40cd-b91e-c3ddb055d8f2","D05","CRAM","CRAM.AOS.riparian.point.02","2016-07-13T15:45Z","CRAM.20160713.EPIXYLON.2","CRAM.20160713.EPIXYLON.2",,1,"P",125.0,5.0,0.9,,"kgeiger@field-ops.org","ekrulc@field-ops.org","OK",
"a9b844db-cf77-48ac-ae02-666dfe7a5c94","D05","CRAM","CRAM.AOS.riparian.point.02","2016-07-13T15:45Z","CRAM.20160713.EPIXYLON.2","CRAM.20160713.EPIXYLON.2",,1,"CNS",125.0,5.0,0.9,,"kgeiger@field-ops.org","ekrulc@field-ops.org","OK",
"cc392b0a-209a-4044-a369-3effe26a3c05","D05","CRAM","CRAM.AOS.riparian.point.04","2016-07-13T15:45Z","CRAM.20160713.EPIXYLON.4","CRAM.20160713.EPIXYLON.4",,1,"CN",125.0,5.0,0.9,,"kgeiger@field-ops.org","ekrulc@field-ops.org","OK",
"f8b19571-9ac1-48f2-b89b-b4006687dbb3","D05","CRAM","CRAM.AOS.riparian.point.04","2016-07-13T15:45Z","CRAM.20160713.EPIXYLON.4","CRAM.20160713.EPIXYLON.4",,1,"chlorophyll/pheophytin",125.0,5.0,0.9,,"kgeiger@field-ops.org","ekrulc@field-ops.org","OK",
"c07ee6eb-2265-4b59-8516-0654af48ff92","D05","CRAM","CRAM.AOS.riparian.point.02","2016-07-13T15:45Z","CRAM.20160713.EPIXYLON.2","CRAM.20160713.EPIXYLON.2",,2,"CN",125.0,5.0,0.9,,"kgeiger@field-ops.org","ekrulc@field-ops.org","OK",
"d0bd19ce-9274-4669-8d1a-31bfcb73ea39","D05","CRAM","CRAM.AOS.riparian.point.02","2016-07-13T15:45Z","CRAM.20160713.EPIXYLON.2","CRAM.20160713.EPIXYLON.2",,1,"CN",125.0,5.0,0.9,,"kgeiger@field-ops.org","ekrulc@field-ops.org","OK",
