uid,domainID,siteID,namedLocation,sampleID,sampleCode,startDate,collectDate,laboratoryName,analyte,analyteConcentration,analyteUnits,belowDetectionQF,coolerTemp,remarks,shipmentWarmQF,externalLabDataQF,sampleCondition
"bf89dbe3-1f69-4594-a8d3-e5c8113fc6f3","D03","BARC","BARC.AOS.buoy.c0","BARC.C0.20210712.FIL.NUT","A00000132745","2021-07-12T14:22Z","2021-07-12T14:22Z","Florida International University","Ortho - P",0.0000,"milligramsPerLiter",,-1.0,,0,,"OK"
"ae20330f-2bee-403c-bd8d-60ed500675d0","D03","BARC","BARC.AOS.buoy.c0","BARC.C0.20210712.RAW.NUT","A00000132747","2021-07-12T14:22Z","2021-07-12T14:22Z","Florida International University","TP",0.0065,"milligramsPerLiter",,-1.0,,0,,"OK"
"f44acd0f-e84e-4424-a39e-003ac1e6d607","D03","BARC","BARC.AOS.buoy.c0","BARC.C0.20210712.FIL.NUT","A00000132745","2021-07-12T14:22Z","2021-07-12T14:22Z","Florida International University","NH4 - N",0.0049,"milligramsPerLiter",,-1.0,,0,,"OK"
"95d021da-4769-4226-892e-c00a012e32f8","D03","BARC","BARC.AOS.buoy.c0","BARC.C0.20210712.FIL.NUT","A00000132745","2021-07-12T14:22Z","2021-07-12T14:22Z","Florida International University","TDP",0.0067,"milligramsPerLiter",,-1.0,,0,,"OK"
"565074b1-d76a-416b-a5fb-0d0b26c5fa8b","D03","BARC","BARC.AOS.buoy.c0","BARC.C0.20210712.FIL.NUT","A00000132745","2021-07-12T14:22Z","2021-07-12T14:22Z","Florida International University","NO2 - N",0.0006,"milligramsPerLiter",,-1.0,,0,,"OK"
"137667d8-0c12-4def-a8b3-333c417fe77c","D03","BARC","BARC.AOS.buoy.c0","BARC.C0.20210712.FIL.NUT","A00000132745","2021-07-12T14:22Z","2021-07-12T14:22Z","Florida International University","NO3+NO2 - N",0.0035,"milligramsPerLiter",,-1.0,,0,,"OK"
"2ec59e9f-3a22-43e5-84c4-360a8530aa02","D03","BARC","BARC.AOS.buoy.c0","BARC.C0.20210712.RAW","A00000132746","2021-07-12T14:22Z","2021-07-12T14:22Z","EcoCore_CSU","TOC",24.7300,"milligramsPerLiter",,4.4,,0,,"OK"
"168a468a-05a5-43e1-a25d-0b33e87232ac","D03","BARC","BARC.AOS.buoy.c0","BARC.C0.20210712.RAW","A00000132746","2021-07-12T14:22Z","2021-07-12T14:22Z","EcoCore_CSU","TN",0.9927,"milligramsPerLiter",,4.4,,0,,"OK"
"8cc8ed90-d561-4158-aecb-c7a389406924","D03","BARC","BARC.AOS.buoy.c0","BARC.C0.20210712.FIL","A00000132748","2021-07-12T14:22Z","2021-07-12T14:22Z","EcoCore_CSU","TDN",0.1515,"milligramsPerLiter",,4.4,,0,,"OK"
"bf395b91-0ddb-42c4-a9e9-a8eef761c82f","D03","BARC","BARC.AOS.buoy.c0","BARC.C0.20210712.FIL","A00000132748","2021-07-12T14:22Z","2021-07-12T14:22Z","EcoCore_CSU","DIC",0.9477,"milligramsPerLiter",,4.4,,0,,"OK"
"dcbfc6b3-7fab-4621-9410-59e941ef79ae","D03","BARC","BARC.AOS.buoy.c0","BARC.C0.20210712.FIL","A00000132748","2021-07-12T14:22Z","2021-07-12T14:22Z","EcoCore_CSU","DOC",2.2530,"milligramsPerLiter",,4.4,,0,,"OK"
