uid,domainID,siteID,namedLocation,date,eventID,sampleDepth,waterTemp,specificConductance,dissolvedOxygen,dissolvedOxygenSaturation,dataQF
"0af91a73-5c92-4749-9ff9-8ad298b0a783","D03","BARC","BARC.AOS.buoy.c0","2014-06-03T16:00Z","BARC.c0.20140603",3.0,28.6,58.0,,80.0,
"f0680507-e67d-454f-bc4d-a6044e476a0e","D03","BARC","BARC.AOS.buoy.c0","2014-06-03T16:00Z","BARC.c0.20140603",0.5,28.6,57.1,,87.0,
"fa5d7cab-8cfb-4938-bf7d-525bcd6fc661","D03","BARC","BARC.AOS.buoy.c0","2014-06-03T16:00Z","BARC.c0.20140603",4.0,28.6,58.0,,84.0,
"c2808af9-cfc3-4ab1-a98a-d5d9a25bdf1f","D03","BARC","BARC.AOS.buoy.c0","2014-06-03T16:00Z","BARC.c0.20140603",4.5,28.5,58.0,,86.0,
"cd504623-9961-4ee2-a5d6-23dcd808c191","D03","BARC","BARC.AOS.buoy.c0","2014-06-03T16:00Z","BARC.c0.20140603",1.5,28.7,57.6,,83.0,
"c1e68c90-7aaf-42ca-a601-91161f2a96af","D03","BARC","BARC.AOS.buoy.c0","2014-06-03T16:00Z","BARC.c0.20140603",2.0,28.7,57.9,,88.0,
"bfc08dd5-adb3-419b-82ee-4e5edde76653","D03","BARC","BARC.AOS.buoy.c0","2014-06-03T16:00Z","BARC.c0.20140603",3.5,28.6,58.1,,85.0,
"8b764423-731f-4348-b99b-88f92352a5b6","D03","BARC","BARC.AOS.buoy.c0","2014-06-03T16:00Z","BARC.c0.20140603",1.0,28.7,57.1,,85.0,
"ff33a056-8a9e-41e7-9780-8575ae32ce1e","D03","BARC","BARC.AOS.buoy.c0","2014-06-03T16:00Z","BARC.c0.20140603",2.5,28.6,58.0,,84.0,
