uid,domainID,siteID,namedLocation,collectDate,parentSampleID,parentSampleCode,isotopePOMRep2SampleCond,isotopePOMRep2SampleID,isotopePOMRep2SampleCode,isotopePOMSampleCond,isotopePOMSampleID,isotopePOMSampleCode,processedDateFilters,sampleVolumeFilteredPOMRep1,sampleVolumeFilteredPOMRep2,fieldDataQF
"2787329d-385c-4dfe-b9a8-58eb1944e80b","D05","CRAM","CRAM.AOS.buoy.c1","2020-07-06T13:35Z","CRAM.C1.20200706",,,,,,,,,,,
"f829f49c-8df0-45f6-a477-bce9b5a20429","D05","CRAM","CRAM.AOS.buoy.c1","2020-07-06T13:35Z","CRAM.C1.20200706",,,,,,,,,,,
"c5a80b9b-f102-4754-9ff1-bc0c58f13760","D05","CRAM","CRAM.AOS.buoy.c1","2020-07-06T13:35Z","CRAM.C1.20200706",,"Sample condition ok","CRAM.C1.20200706.POM.2","A00000203235","Sample condition ok","CRAM.C1.20200706.POM.1","A00000203234",,200,200,
"de651a68-84d8-4ff5-8272-428517958c87","D05","CRAM","CRAM.AOS.buoy.c2","2020-07-06T13:51Z","CRAM.C2.20200706",,,,,,,,,,,
"a1b4b983-ae5d-4f77-88d5-1d478cfa9ad2","D05","CRAM","CRAM.AOS.buoy.c2","2020-07-06T13:51Z","CRAM.C2.20200706",,,,,,,,,,,
"ed439060-2f12-4e75-a720-02712fd1fa9b","D05","CRAM","CRAM.AOS.buoy.c2","2020-07-06T13:51Z","CRAM.C2.20200706",,"Sample condition ok","CRAM.C2.20200706.POM.2","A00000203242","Sample condition ok","CRAM.C2.20200706.POM.1","A00000203243","2020-07-06T16:00Z",200,200,
