uid,domainID,siteID,namedLocation,collectDate,parentSampleID,sampleCondition,sampleID,replicateNumber,processedDate,processedDateFilters,sampleVolumeFiltered,shipmentTimeRange,filtSampleCond,filtSampleID,filtSampleCode,filtNutSampleCond,filtNutSampleID,filtNutSampleBarcode,rawSampleCond,rawSampleID,rawSampleCode,rawNutSampleCond,rawNutSampleID,rawNutSampleBarcode,pcnSampleCond,pcnSampleID,pcnSampleCode,fieldDataQF
"2f908930-1b06-4900-950a-d33df1dfe934","D05","CRAM","CRAM.AOS.buoy.c1","2020-07-06T13:35Z","CRAM.C1.20200706","Sample condition ok","CRAM.C1.20200706.3",3,"2020-07-06T15:25Z","2020-07-06T15:25Z",200.0,"within 24 hours of collection","Sample condition ok","CRAM.C1.20200706.FIL.3","A00000203251",,,,"Sample condition ok","CRAM.C1.20200706.RAW.3","A00000203252",,,,,,,
"99bf91cd-ae32-41cc-a55b-4face1832a08","D05","CRAM","CRAM.AOS.buoy.c1","2020-07-06T13:35Z","CRAM.C1.20200706","Sample condition ok","CRAM.C1.20200706",1,"2020-07-06T15:23Z","2020-07-06T15:23Z",200.0,"within 24 hours of collection","Sample condition ok","CRAM.C1.20200706.FIL","A00000203244","Sample condition ok","CRAM.C1.20200706.FIL.NUT","B00000062339","Sample condition ok","CRAM.C1.20200706.RAW","A00000203248","Sample condition ok","CRAM.C1.20200706.RAW.NUT","B00000062340",,,,
"09ab9484-bfaa-4d2c-87d4-e7fdec2fad39","D05","CRAM","CRAM.AOS.buoy.c1","2020-07-06T13:35Z","CRAM.C1.20200706","Sample condition ok","CRAM.C1.20200706.2",2,"2020-07-06T15:24Z","2020-07-06T15:24Z",200.0,"within 24 hours of collection","Sample condition ok","CRAM.C1.20200706.FIL.2","A00000203249",,,,"Sample condition ok","CRAM.C1.20200706.RAW.2","A00000203250",,,,,,,
"87a5eb53-38d3-4604-8f75-478a975c8e64","D05","CRAM","CRAM.AOS.buoy.c2","2020-07-06T13:51Z","CRAM.C2.20200706","Sample condition ok","CRAM.C2.20200706.3",3,"2020-07-06T16:06Z","2020-07-06T16:06Z",200.0,"within 24 hours of collection","Sample condition ok","CRAM.C2.20200706.FIL.3","A00000203257",,,,"Sample condition ok","CRAM.C2.20200706.RAW.3","A00000203258",,,,,,,
"ff920329-846a-4d0e-9cf6-160d12a72425","D05","CRAM","CRAM.AOS.buoy.c2","2020-07-06T13:51Z","CRAM.C2.20200706","Sample condition ok","CRAM.C2.20200706.2",2,"2020-07-06T16:02Z","2020-07-06T16:02Z",200.0,"within 24 hours of collection","Sample condition ok","CRAM.C2.20200706.FIL.2","A00000203255",,,,"Sample condition ok","CRAM.C2.20200706.RAW.2","A00000203256",,,,,,,
"bc5502fe-420f-4345-90cb-ca9723e4c6bf","D05","CRAM","CRAM.AOS.buoy.c2","2020-07-06T13:51Z","CRAM.C2.20200706","Sample condition ok","CRAM.C2.20200706",1,"2020-07-06T16:00Z","2020-07-06T16:00Z",200.0,"within 24 hours of collection","Sample condition ok","CRAM.C2.20200706.FIL","A00000203253","Sample condition ok","CRAM.C2.20200706.FIL.NUT","B00000062345","Sample condition ok","CRAM.C2.20200706.RAW","A00000203254","Sample condition ok","CRAM.C2.20200706.RAW.NUT","B00000062346",,,,
