uid,domainID,siteID,namedLocation,sampleID,sampleCode,startDate,collectDate,laboratoryName,analyte,analyteConcentration,analyteUnits,coolerTemp,remarks,shipmentWarmQF,externalLabDataQF,sampleCondition
"3764bc25-cb31-41fa-a112-96361968f8c0","D05","CRAM","CRAM.AOS.buoy.c1","CRAM.C1.20200706.FIL.3","A00000203251","2020-07-06T13:35Z","2020-07-06T13:35Z","EcoCore_CSU","SO4",1.8228,"milligramsPerLiter",4.4,,0,,"Cold Chain Broken During Storage|Hold Time Exceeded"
"84c2d559-01b8-4d60-b84f-ae0cac6376da","D05","CRAM","CRAM.AOS.buoy.c1","CRAM.C1.20200706.FIL","A00000203244","2020-07-06T13:35Z","2020-07-06T13:35Z","EcoCore_CSU","F",0.0050,"milligramsPerLiter",4.4,,0,,"Cold Chain Broken During Storage|Hold Time Exceeded"
"6e1d34bd-7029-4921-9128-e7247f4de51c","D05","CRAM","CRAM.AOS.buoy.c1","CRAM.C1.20200706.FIL.3","A00000203251","2020-07-06T13:35Z","2020-07-06T13:35Z","EcoCore_CSU","Cl",0.4129,"milligramsPerLiter",4.4,,0,,"Cold Chain Broken During Storage|Hold Time Exceeded"
"b8d3ac5f-68ba-4a61-a89a-f0c50dee9b06","D05","CRAM","CRAM.AOS.buoy.c1","CRAM.C1.20200706.FIL","A00000203244","2020-07-06T13:35Z","2020-07-06T13:35Z","EcoCore_CSU","Cl",0.4124,"milligramsPerLiter",4.4,,0,,"Cold Chain Broken During Storage|Hold Time Exceeded"
"7bff8e98-8075-42f9-b32c-60fba788d013","D05","CRAM","CRAM.AOS.buoy.c1","CRAM.C1.20200706.FIL.2","A00000203249","2020-07-06T13:35Z","2020-07-06T13:35Z","EcoCore_CSU","Br",0.0050,"milligramsPerLiter",4.4,,0,,"Cold Chain Broken During Storage|Hold Time Exceeded"
"bc19829f-9b51-47b7-ab45-9d356069ff92","D05","CRAM","CRAM.AOS.buoy.c1","CRAM.C1.20200706.FIL.3","A00000203251","2020-07-06T13:35Z","2020-07-06T13:35Z","EcoCore_CSU","Ca",0.0910,"milligramsPerLiter",4.4,,0,,"Hold Time Exceeded"
"4dc95e03-7516-4f73-bd18-9412a7259a89","D05","CRAM","CRAM.AOS.buoy.c1","CRAM.C1.20200706.FIL.3","A00000203251","2020-07-06T13:35Z","2020-07-06T13:35Z","EcoCore_CSU","Na",0.0430,"milligramsPerLiter",4.4,,0,,"Hold Time Exceeded"
"2d5e1cb4-7d6f-4823-ae0f-a44a79748368","D05","CRAM","CRAM.AOS.buoy.c1","CRAM.C1.20200706.FIL","A00000203244","2020-07-06T13:35Z","2020-07-06T13:35Z","EcoCore_CSU","Mg",0.3190,"milligramsPerLiter",4.4,,0,,"Hold Time Exceeded"
"cb8e57b9-f744-441d-9265-3fa153ab1871","D05","CRAM","CRAM.AOS.buoy.c1","CRAM.C1.20200706.FIL.2","A00000203249","2020-07-06T13:35Z","2020-07-06T13:35Z","EcoCore_CSU","Fe",0.0040,"milligramsPerLiter",4.4,,0,,"Hold Time Exceeded"
"ec338e9b-fbe8-4ad7-b2c8-f876395f8e06","D05","CRAM","CRAM.AOS.buoy.c1","CRAM.C1.20200706.FIL","A00000203244","2020-07-06T13:35Z","2020-07-06T13:35Z","EcoCore_CSU","Si",0.0270,"milligramsPerLiter",4.4,,0,,"Hold Time Exceeded"
"13982a0b-717e-4c9e-8204-681b3f0f880f","D05","CRAM","CRAM.AOS.buoy.c1","CRAM.C1.20200706.FIL.2","A00000203249","2020-07-06T13:35Z","2020-07-06T13:35Z","EcoCore_CSU","Ca",0.0940,"milligramsPerLiter",4.4,,0,,"Hold Time Exceeded"
"9a803143-ac55-4525-824f-a25c69fa3af0","D05","CRAM","CRAM.AOS.buoy.c1","CRAM.C1.20200706.FIL.3","A00000203251","2020-07-06T13:35Z","2020-07-06T13:35Z","EcoCore_CSU","Mn",0.0005,"milligramsPerLiter",4.4,,0,,"Hold Time Exceeded"
"4ade8c07-a219-4c7b-82f4-7bdd6dc60e65","D05","CRAM","CRAM.AOS.buoy.c1","CRAM.C1.20200706.FIL.2","A00000203249","2020-07-06T13:35Z","2020-07-06T13:35Z","EcoCore_CSU","K",0.1610,"milligramsPerLiter",4.4,,0,,"Hold Time Exceeded"
"9d778460-4b40-4f2e-9676-c281389c3e59","D05","CRAM","CRAM.AOS.buoy.c1","CRAM.C1.20200706.FIL","A00000203244","2020-07-06T13:35Z","2020-07-06T13:35Z","EcoCore_CSU","Fe",0.0005,"milligramsPerLiter",4.4,,0,,"Hold Time Exceeded"
"c44912a1-3792-4c78-9036-281652af82f6","D05","CRAM","CRAM.AOS.buoy.c1","CRAM.C1.20200706.FIL.3","A00000203251","2020-07-06T13:35Z","2020-07-06T13:35Z","EcoCore_CSU","F",0.0050,"milligramsPerLiter",4.4,,0,,"Cold Chain Broken During Storage|Hold Time Exceeded"
"4e38a6fb-e93b-4587-9156-72fd544544b3","D05","CRAM","CRAM.AOS.buoy.c1","CRAM.C1.20200706.FIL.2","A00000203249","2020-07-06T13:35Z","2020-07-06T13:35Z","EcoCore_CSU","Cl",0.2921,"milligramsPerLiter",4.4,,0,,"Cold Chain Broken During Storage|Hold Time Exceeded"
"b92b17d8-1a25-41d1-8838-fba160a570be","D05","CRAM","CRAM.AOS.buoy.c1","CRAM.C1.20200706.FIL.2","A00000203249","2020-07-06T13:35Z","2020-07-06T13:35Z","EcoCore_CSU","SO4",1.7894,"milligramsPerLiter",4.4,,0,,"Cold Chain Broken During Storage|Hold Time Exceeded"
"efd5f787-a6c0-4a2c-96a1-2b600e8a2fbd","D05","CRAM","CRAM.AOS.buoy.c1","CRAM.C1.20200706.FIL","A00000203244","2020-07-06T13:35Z","2020-07-06T13:35Z","EcoCore_CSU","Br",0.0050,"milligramsPerLiter",4.4,,0,,"Cold Chain Broken During Storage|Hold Time Exceeded"
"9b31557d-17da-44fe-b438-0e877a5dfbcf","D05","CRAM","CRAM.AOS.buoy.c1","CRAM.C1.20200706.FIL","A00000203244","2020-07-06T13:35Z","2020-07-06T13:35Z","EcoCore_CSU","SO4",1.7968,"milligramsPerLiter",4.4,,0,,"Cold Chain Broken During Storage|Hold Time Exceeded"
"1a20701e-a56a-477b-aaae-b8f8b65bf33c","D05","CRAM","CRAM.AOS.buoy.c1","CRAM.C1.20200706.FIL.3","A00000203251","2020-07-06T13:35Z","2020-07-06T13:35Z","EcoCore_CSU","Br",0.0050,"milligramsPerLiter",4.4,,0,,"Cold Chain Broken During Storage|Hold Time Exceeded"
"aee4c31f-e7be-47ae-bff0-c9af0ecfd53a","D05","CRAM","CRAM.AOS.buoy.c1","CRAM.C1.20200706.FIL.2","A00000203249","2020-07-06T13:35Z","2020-07-06T13:35Z","EcoCore_CSU","F",0.0050,"milligramsPerLiter",4.4,,0,,"Cold Chain Broken During Storage|Hold Time Exceeded"
"17d3d93a-9b45-4472-8e0d-0f750ad8dfa3","D05","CRAM","CRAM.AOS.buoy.c1","CRAM.C1.20200706.RAW.2","A00000203250","2020-07-06T13:35Z","2020-07-06T13:35Z","EcoCore_CSU","TSS - Dry Mass",,"microgram",4.4,,0,,"Cold Chain Broken"
"45f2ca5b-774c-4aef-8410-3013dcf00af7","D05","CRAM","CRAM.AOS.buoy.c1","CRAM.C1.20200706.RAW.3","A00000203252","2020-07-06T13:35Z","2020-07-06T13:35Z","EcoCore_CSU","TSS",,"milligramsPerLiter",4.4,,0,,"Cold Chain Broken"
"e8e7fba2-64ae-4530-9948-78918acf0553","D05","CRAM","CRAM.AOS.buoy.c1","CRAM.C1.20200706.FIL.3","A00000203251","2020-07-06T13:35Z","2020-07-06T13:35Z","EcoCore_CSU","CO3",,"milligramsPerLiter",4.4,,0,,"Cold Chain Broken"
"ffc46df3-2708-4795-ad4a-673606b2a2fe","D05","CRAM","CRAM.AOS.buoy.c1","CRAM.C1.20200706.RAW","A00000203248","2020-07-06T13:35Z","2020-07-06T13:35Z","EcoCore_CSU","pH",,"pH",4.4,,0,,"Cold Chain Broken"
"cc22ff76-a9f3-4675-9cfe-8c823a58f5db","D05","CRAM","CRAM.AOS.buoy.c1","CRAM.C1.20200706.FIL","A00000203244","2020-07-06T13:35Z","2020-07-06T13:35Z","EcoCore_CSU","HCO3",,"milligramsPerLiter",4.4,,0,,"Cold Chain Broken"
"f6ed07f4-9f9d-49ec-9ae5-fdff3c765b91","D05","CRAM","CRAM.AOS.buoy.c1","CRAM.C1.20200706.FIL.2","A00000203249","2020-07-06T13:35Z","2020-07-06T13:35Z","EcoCore_CSU","CO3",,"milligramsPerLiter",4.4,,0,,"Cold Chain Broken"
"319ae7c7-c0e7-470c-aa2d-ee8c6079c17e","D05","CRAM","CRAM.AOS.buoy.c1","CRAM.C1.20200706.RAW","A00000203248","2020-07-06T13:35Z","2020-07-06T13:35Z","EcoCore_CSU","TSS",,"milligramsPerLiter",4.4,,0,,"Cold Chain Broken"
"5806af48-1ced-46d3-ab83-edbddf84c8bf","D05","CRAM","CRAM.AOS.buoy.c1","CRAM.C1.20200706.RAW","A00000203248","2020-07-06T13:35Z","2020-07-06T13:35Z","EcoCore_CSU","TSS - Dry Mass",,"microgram",4.4,,0,,"Cold Chain Broken"
"16eb381d-12e7-42d3-a996-d29954784ceb","D05","CRAM","CRAM.AOS.buoy.c1","CRAM.C1.20200706.FIL.3","A00000203251","2020-07-06T13:35Z","2020-07-06T13:35Z","EcoCore_CSU","TDS",,"milligramsPerLiter",4.4,,0,,"Cold Chain Broken"
"dab7356b-e098-4761-a057-ca8faf785614","D05","CRAM","CRAM.AOS.buoy.c1","CRAM.C1.20200706.RAW.3","A00000203252","2020-07-06T13:35Z","2020-07-06T13:35Z","EcoCore_CSU","TSS - Dry Mass",,"microgram",4.4,,0,,"Cold Chain Broken"
"adf63806-52e0-4b52-be1d-cf31df0a8776","D05","CRAM","CRAM.AOS.buoy.c1","CRAM.C1.20200706.RAW.2","A00000203250","2020-07-06T13:35Z","2020-07-06T13:35Z","EcoCore_CSU","pH",,"pH",4.4,,0,,"Cold Chain Broken"
"b868c3cc-0306-46d9-a112-a4f8231d0df4","D05","CRAM","CRAM.AOS.buoy.c1","CRAM.C1.20200706.FIL.3","A00000203251","2020-07-06T13:35Z","2020-07-06T13:35Z","EcoCore_CSU","HCO3",,"milligramsPerLiter",4.4,,0,,"Cold Chain Broken"
"91ff31b9-851b-4285-a521-043036d988db","D05","CRAM","CRAM.AOS.buoy.c1","CRAM.C1.20200706.RAW.3","A00000203252","2020-07-06T13:35Z","2020-07-06T13:35Z","EcoCore_CSU","pH",,"pH",4.4,,0,,"Cold Chain Broken"
"fb29d843-af80-42b1-b3e7-7493f6101a0a","D05","CRAM","CRAM.AOS.buoy.c1","CRAM.C1.20200706.RAW.2","A00000203250","2020-07-06T13:35Z","2020-07-06T13:35Z","EcoCore_CSU","TSS",,"milligramsPerLiter",4.4,,0,,"Cold Chain Broken"
"e1702040-87ec-47c9-94e6-d96eca27e6dd","D05","CRAM","CRAM.AOS.buoy.c1","CRAM.C1.20200706.FIL","A00000203244","2020-07-06T13:35Z","2020-07-06T13:35Z","EcoCore_CSU","TDS",,"milligramsPerLiter",4.4,,0,,"Cold Chain Broken"
"949d29fe-b6a6-4ca4-8f60-3be48e90974c","D05","CRAM","CRAM.AOS.buoy.c1","CRAM.C1.20200706.RAW.2","A00000203250","2020-07-06T13:35Z","2020-07-06T13:35Z","EcoCore_CSU","TN",0.2445,"milligramsPerLiter",4.4,,0,,"OK"
"e5f6eedf-6252-4b92-b283-2124869f15e9","D05","CRAM","CRAM.AOS.buoy.c1","CRAM.C1.20200706.RAW","A00000203248","2020-07-06T13:35Z","2020-07-06T13:35Z","EcoCore_CSU","TN",0.2518,"milligramsPerLiter",4.4,,0,,"OK"
"a6b09aba-7e55-40d0-ab8b-fd32d4a31801","D05","CRAM","CRAM.AOS.buoy.c1","CRAM.C1.20200706.RAW","A00000203248","2020-07-06T13:35Z","2020-07-06T13:35Z","EcoCore_CSU","TOC",4.9880,"milligramsPerLiter",4.4,,0,,"OK"
"ae194b54-147b-4012-8ac5-9e8b4f5890d3","D05","CRAM","CRAM.AOS.buoy.c1","CRAM.C1.20200706.RAW.3","A00000203252","2020-07-06T13:35Z","2020-07-06T13:35Z","EcoCore_CSU","TOC",5.2840,"milligramsPerLiter",4.4,,0,,"OK"
"619d5756-75fa-4510-b330-fb9c71d42603","D05","CRAM","CRAM.AOS.buoy.c1","CRAM.C1.20200706.RAW.3","A00000203252","2020-07-06T13:35Z","2020-07-06T13:35Z","EcoCore_CSU","TN",0.2373,"milligramsPerLiter",4.4,,0,,"OK"
"91626a3c-b5b5-4380-bc59-a17673f1d891","D05","CRAM","CRAM.AOS.buoy.c1","CRAM.C1.20200706.RAW.2","A00000203250","2020-07-06T13:35Z","2020-07-06T13:35Z","EcoCore_CSU","TOC",5.1450,"milligramsPerLiter",4.4,,0,,"OK"
"6ff6d49f-a636-42e4-89b3-f395e5f75d5c","D05","CRAM","CRAM.AOS.buoy.c1","CRAM.C1.20200706.FIL","A00000203244","2020-07-06T13:35Z","2020-07-06T13:35Z","EcoCore_CSU","UV Absorbance (254 nm)",0.1462,,4.4,,0,,"OK"
"c7e7aabc-444a-4d50-a38e-bd9893433ac5","D05","CRAM","CRAM.AOS.buoy.c1","CRAM.C1.20200706.FIL.3","A00000203251","2020-07-06T13:35Z","2020-07-06T13:35Z","EcoCore_CSU","UV Absorbance (280 nm)",0.0906,,4.4,,0,,"OK"
"3e76dae1-8284-4023-ba47-f52b5d9a8d83","D05","CRAM","CRAM.AOS.buoy.c1","CRAM.C1.20200706.FIL.2","A00000203249","2020-07-06T13:35Z","2020-07-06T13:35Z","EcoCore_CSU","UV Absorbance (254 nm)",0.1246,,4.4,,0,,"OK"
"dd36e930-a6ea-495c-abfc-4e4f5be0b82c","D05","CRAM","CRAM.AOS.buoy.c1","CRAM.C1.20200706.FIL.3","A00000203251","2020-07-06T13:35Z","2020-07-06T13:35Z","EcoCore_CSU","UV Absorbance (254 nm)",0.1362,,4.4,,0,,"OK"
"1fd4e993-7af6-4dd0-80d5-c78641fd6341","D05","CRAM","CRAM.AOS.buoy.c1","CRAM.C1.20200706.FIL.2","A00000203249","2020-07-06T13:35Z","2020-07-06T13:35Z","EcoCore_CSU","UV Absorbance (280 nm)",0.0809,,4.4,,0,,"OK"
"41b97f7b-ff1e-4b91-a766-51df27a523b0","D05","CRAM","CRAM.AOS.buoy.c1","CRAM.C1.20200706.FIL","A00000203244","2020-07-06T13:35Z","2020-07-06T13:35Z","EcoCore_CSU","UV Absorbance (280 nm)",0.0974,,4.4,,0,,"OK"
"b0405963-7e6f-45b7-9cae-b77977fa192a","D05","CRAM","CRAM.AOS.buoy.c1","CRAM.C1.20200706.FIL.2","A00000203249","2020-07-06T13:35Z","2020-07-06T13:35Z","EcoCore_CSU","DOC",5.2380,"milligramsPerLiter",4.4,,0,,"OK"
"97e0735f-49d2-4d53-b318-f70047c1d104","D05","CRAM","CRAM.AOS.buoy.c1","CRAM.C1.20200706.FIL.3","A00000203251","2020-07-06T13:35Z","2020-07-06T13:35Z","EcoCore_CSU","TDN",0.2374,"milligramsPerLiter",4.4,,0,,"OK"
"35a255fd-e2b6-4039-9e8f-f2cfacff6e57","D05","CRAM","CRAM.AOS.buoy.c1","CRAM.C1.20200706.FIL","A00000203244","2020-07-06T13:35Z","2020-07-06T13:35Z","EcoCore_CSU","TDN",0.2352,"milligramsPerLiter",4.4,,0,,"OK"
"d6eb1c89-fc85-4159-bd45-b630f2023bda","D05","CRAM","CRAM.AOS.buoy.c1","CRAM.C1.20200706.FIL","A00000203244","2020-07-06T13:35Z","2020-07-06T13:35Z","EcoCore_CSU","DIC",0.8905,"milligramsPerLiter",4.4,,0,,"OK"
"1517ed37-7da0-404d-953f-d0da2b2912d6","D05","CRAM","CRAM.AOS.buoy.c1","CRAM.C1.20200706.FIL.2","A00000203249","2020-07-06T13:35Z","2020-07-06T13:35Z","EcoCore_CSU","DIC",0.8496,"milligramsPerLiter",4.4,,0,,"OK"
"626c9e71-8eae-4f9e-b916-8a5324a2c908","D05","CRAM","CRAM.AOS.buoy.c1","CRAM.C1.20200706.FIL","A00000203244","2020-07-06T13:35Z","2020-07-06T13:35Z","EcoCore_CSU","DOC",4.9870,"milligramsPerLiter",4.4,,0,,"OK"
"e17a968d-264c-4059-a5b8-7cffc29f4b8e","D05","CRAM","CRAM.AOS.buoy.c1","CRAM.C1.20200706.FIL.2","A00000203249","2020-07-06T13:35Z","2020-07-06T13:35Z","EcoCore_CSU","TDN",0.2396,"milligramsPerLiter",4.4,,0,,"OK"
"ecdd06fc-8601-4766-9460-43ed302bffdb","D05","CRAM","CRAM.AOS.buoy.c1","CRAM.C1.20200706.FIL.3","A00000203251","2020-07-06T13:35Z","2020-07-06T13:35Z","EcoCore_CSU","DIC",0.8968,"milligramsPerLiter",4.4,,0,,"OK"
"e8f27068-d942-4834-a2f5-150a082e2c77","D05","CRAM","CRAM.AOS.buoy.c1","CRAM.C1.20200706.FIL.3","A00000203251","2020-07-06T13:35Z","2020-07-06T13:35Z","EcoCore_CSU","DOC",5.0080,"milligramsPerLiter",4.4,,0,,"OK"
"d1a7bf07-4c02-49ae-a7da-c3724c231396","D05","CRAM","CRAM.AOS.buoy.c1","CRAM.C1.20200706.FIL.3","A00000203251","2020-07-06T13:35Z","2020-07-06T13:35Z","EcoCore_CSU","Si",0.0720,"milligramsPerLiter",4.4,,0,,"Hold Time Exceeded"
"ca09af8a-e7cd-4f9c-bcd1-1ec1223c4e4f","D05","CRAM","CRAM.AOS.buoy.c1","CRAM.C1.20200706.FIL.3","A00000203251","2020-07-06T13:35Z","2020-07-06T13:35Z","EcoCore_CSU","K",0.1780,"milligramsPerLiter",4.4,,0,,"Hold Time Exceeded"
"0de5e868-2c86-4840-9fcc-2604b20432a4","D05","CRAM","CRAM.AOS.buoy.c1","CRAM.C1.20200706.FIL","A00000203244","2020-07-06T13:35Z","2020-07-06T13:35Z","EcoCore_CSU","Ca",0.0890,"milligramsPerLiter",4.4,,0,,"Hold Time Exceeded"
"1f1d835f-4248-45ed-a29a-07949cbeee87","D05","CRAM","CRAM.AOS.buoy.c1","CRAM.C1.20200706.FIL","A00000203244","2020-07-06T13:35Z","2020-07-06T13:35Z","EcoCore_CSU","Mn",0.0005,"milligramsPerLiter",4.4,,0,,"Hold Time Exceeded"
"64c97874-3f62-40f2-b6bb-37d678c8c8c3","D05","CRAM","CRAM.AOS.buoy.c1","CRAM.C1.20200706.FIL","A00000203244","2020-07-06T13:35Z","2020-07-06T13:35Z","EcoCore_CSU","K",0.1820,"milligramsPerLiter",4.4,,0,,"Hold Time Exceeded"
"eea3e2ee-2648-4958-b48b-6289d1a4e766","D05","CRAM","CRAM.AOS.buoy.c1","CRAM.C1.20200706.FIL.3","A00000203251","2020-07-06T13:35Z","2020-07-06T13:35Z","EcoCore_CSU","Mg",0.3410,"milligramsPerLiter",4.4,,0,,"Hold Time Exceeded"
"c90de8bd-be18-4856-bbff-d2f3c80b0b1a","D05","CRAM","CRAM.AOS.buoy.c1","CRAM.C1.20200706.FIL.2","A00000203249","2020-07-06T13:35Z","2020-07-06T13:35Z","EcoCore_CSU","Na",0.0320,"milligramsPerLiter",4.4,,0,,"Hold Time Exceeded"
"b235611b-6cfd-441e-9ad3-044ee1b359d0","D05","CRAM","CRAM.AOS.buoy.c1","CRAM.C1.20200706.FIL","A00000203244","2020-07-06T13:35Z","2020-07-06T13:35Z","EcoCore_CSU","Na",0.0380,"milligramsPerLiter",4.4,,0,,"Hold Time Exceeded"
"0241ad51-4c98-4524-b648-fe90b423926e","D05","CRAM","CRAM.AOS.buoy.c1","CRAM.C1.20200706.FIL.2","A00000203249","2020-07-06T13:35Z","2020-07-06T13:35Z","EcoCore_CSU","Si",0.0890,"milligramsPerLiter",4.4,,0,,"Hold Time Exceeded"
"644d8bb3-1dcd-45a5-aba8-5084c2dec6d6","D05","CRAM","CRAM.AOS.buoy.c1","CRAM.C1.20200706.FIL.2","A00000203249","2020-07-06T13:35Z","2020-07-06T13:35Z","EcoCore_CSU","Mg",0.3450,"milligramsPerLiter",4.4,,0,,"Hold Time Exceeded"
"52d8e4e8-3b52-4481-b14e-9305cf90912a","D05","CRAM","CRAM.AOS.buoy.c1","CRAM.C1.20200706.FIL.3","A00000203251","2020-07-06T13:35Z","2020-07-06T13:35Z","EcoCore_CSU","Fe",0.0050,"milligramsPerLiter",4.4,,0,,"Hold Time Exceeded"
"b35571e1-dcaa-4a03-8634-f93815144c29","D05","CRAM","CRAM.AOS.buoy.c1","CRAM.C1.20200706.FIL.2","A00000203249","2020-07-06T13:35Z","2020-07-06T13:35Z","EcoCore_CSU","Mn",0.0005,"milligramsPerLiter",4.4,,0,,"Hold Time Exceeded"
"afb0a0f8-e3cc-43a7-92b3-83e428b172f8","D05","CRAM","CRAM.AOS.buoy.c1","CRAM.C1.20200706.POM.1","A00000203234","2020-07-06T13:35Z","2020-07-06T13:35Z","SIRFER Lab at University of Utah","TPN",65.3777,"microgramsPerLiter",,,-1,,"OK"
"168c51a1-dd22-47e6-b9de-2f1dbc2e645e","D05","CRAM","CRAM.AOS.buoy.c1","CRAM.C1.20200706.POM.1","A00000203234","2020-07-06T13:35Z","2020-07-06T13:35Z","SIRFER Lab at University of Utah","TPC",811.4697,"microgramsPerLiter",,,-1,,"OK"
"bca913c3-8fce-4bd8-a0d2-5ed11763e3f2","D05","CRAM","CRAM.AOS.buoy.c1","CRAM.C1.20200706.FIL","A00000203244","2020-07-06T13:35Z","2020-07-06T13:35Z","EcoCore_CSU","CO3",,"milligramsPerLiter",4.4,,0,,"Cold Chain Broken"
"10d3f749-5caa-47b7-a96b-0357e0b523c3","D05","CRAM","CRAM.AOS.buoy.c1","CRAM.C1.20200706.FIL.2","A00000203249","2020-07-06T13:35Z","2020-07-06T13:35Z","EcoCore_CSU","HCO3",,"milligramsPerLiter",4.4,,0,,"Cold Chain Broken"
"5bf99ad8-ab2c-4d36-8971-8222a3676c68","D05","CRAM","CRAM.AOS.buoy.c1","CRAM.C1.20200706.FIL.2","A00000203249","2020-07-06T13:35Z","2020-07-06T13:35Z","EcoCore_CSU","TDS",,"milligramsPerLiter",4.4,,0,,"Cold Chain Broken"
"dfc3b4a8-c1d7-4210-b928-0fe991425a9c","D05","CRAM","CRAM.AOS.buoy.c2","CRAM.C2.20200706.RAW.2","A00000203256","2020-07-06T13:51Z","2020-07-06T13:51Z","EcoCore_CSU","TN",0.2988,"milligramsPerLiter",4.4,,0,,"OK"
"06b39e00-20b5-42e8-8a15-5c0d49d202c1","D05","CRAM","CRAM.AOS.buoy.c2","CRAM.C2.20200706.RAW.2","A00000203256","2020-07-06T13:51Z","2020-07-06T13:51Z","EcoCore_CSU","TOC",5.0790,"milligramsPerLiter",4.4,,0,,"OK"
"dda87dae-73b5-454f-8fb7-692f1753b709","D05","CRAM","CRAM.AOS.buoy.c2","CRAM.C2.20200706.RAW","A00000203254","2020-07-06T13:51Z","2020-07-06T13:51Z","EcoCore_CSU","TOC",4.8150,"milligramsPerLiter",4.4,,0,,"OK"
"51a00b5d-e404-4893-87ee-264e43c85b57","D05","CRAM","CRAM.AOS.buoy.c2","CRAM.C2.20200706.FIL.3","A00000203257","2020-07-06T13:51Z","2020-07-06T13:51Z","EcoCore_CSU","UV Absorbance (254 nm)",0.1717,,4.4,,0,,"OK"
"2b38b355-35a1-42ce-b4e3-5c9c6fa1ee6d","D05","CRAM","CRAM.AOS.buoy.c2","CRAM.C2.20200706.FIL.3","A00000203257","2020-07-06T13:51Z","2020-07-06T13:51Z","EcoCore_CSU","DIC",3.1810,"milligramsPerLiter",4.4,,0,,"OK"
"803703da-5fad-463e-a9c6-82c68aaafee9","D05","CRAM","CRAM.AOS.buoy.c2","CRAM.C2.20200706.FIL.3","A00000203257","2020-07-06T13:51Z","2020-07-06T13:51Z","EcoCore_CSU","TDN",0.3682,"milligramsPerLiter",4.4,,0,,"OK"
"4440a21c-bdac-41f6-820b-0d161a48fb98","D05","CRAM","CRAM.AOS.buoy.c2","CRAM.C2.20200706.FIL.3","A00000203257","2020-07-06T13:51Z","2020-07-06T13:51Z","EcoCore_CSU","DOC",4.7860,"milligramsPerLiter",4.4,,0,,"OK"
"5533d551-3030-4c7a-a67b-97edcbed5658","D05","CRAM","CRAM.AOS.buoy.c2","CRAM.C2.20200706.FIL.3","A00000203257","2020-07-06T13:51Z","2020-07-06T13:51Z","EcoCore_CSU","UV Absorbance (280 nm)",0.1188,,4.4,,0,,"OK"
"bc2c7790-2ba4-4b16-9f41-189e58947ea2","D05","CRAM","CRAM.AOS.buoy.c2","CRAM.C2.20200706.FIL.3","A00000203257","2020-07-06T13:51Z","2020-07-06T13:51Z","EcoCore_CSU","Br",0.0050,"milligramsPerLiter",4.4,,0,,"Cold Chain Broken During Storage|Hold Time Exceeded"
"d5fc02f3-2e75-41be-a89f-c0caf19b1a39","D05","CRAM","CRAM.AOS.buoy.c2","CRAM.C2.20200706.FIL.3","A00000203257","2020-07-06T13:51Z","2020-07-06T13:51Z","EcoCore_CSU","Cl",0.4117,"milligramsPerLiter",4.4,,0,,"Cold Chain Broken During Storage|Hold Time Exceeded"
"6c95d28c-90fc-4623-87a5-0cad0cb69646","D05","CRAM","CRAM.AOS.buoy.c2","CRAM.C2.20200706.FIL.3","A00000203257","2020-07-06T13:51Z","2020-07-06T13:51Z","EcoCore_CSU","F",0.0050,"milligramsPerLiter",4.4,,0,,"Cold Chain Broken During Storage|Hold Time Exceeded"
"4b529595-a7fa-4605-abe7-cf8dda4af255","D05","CRAM","CRAM.AOS.buoy.c2","CRAM.C2.20200706.FIL.3","A00000203257","2020-07-06T13:51Z","2020-07-06T13:51Z","EcoCore_CSU","SO4",1.8012,"milligramsPerLiter",4.4,,0,,"Cold Chain Broken During Storage|Hold Time Exceeded"
"ff2992c9-1316-4c75-9686-6299d9f0f39f","D05","CRAM","CRAM.AOS.buoy.c2","CRAM.C2.20200706.FIL.3","A00000203257","2020-07-06T13:51Z","2020-07-06T13:51Z","EcoCore_CSU","Ca",0.1070,"milligramsPerLiter",4.4,,0,,"Hold Time Exceeded"
"550267d3-038f-4abe-8396-e9a21f00f326","D05","CRAM","CRAM.AOS.buoy.c2","CRAM.C2.20200706.FIL.3","A00000203257","2020-07-06T13:51Z","2020-07-06T13:51Z","EcoCore_CSU","Si",0.4390,"milligramsPerLiter",4.4,,0,,"Hold Time Exceeded"
"88cc9e8c-6c70-4202-a893-611d2ed738a6","D05","CRAM","CRAM.AOS.buoy.c2","CRAM.C2.20200706.FIL.3","A00000203257","2020-07-06T13:51Z","2020-07-06T13:51Z","EcoCore_CSU","K",0.2040,"milligramsPerLiter",4.4,,0,,"Hold Time Exceeded"
"f4ec9901-518e-444e-a0a4-e1445dbed0e2","D05","CRAM","CRAM.AOS.buoy.c2","CRAM.C2.20200706.FIL.3","A00000203257","2020-07-06T13:51Z","2020-07-06T13:51Z","EcoCore_CSU","Na",0.0380,"milligramsPerLiter",4.4,,0,,"Hold Time Exceeded"
"e8211aaf-0fe0-4bb2-b1e9-3df53d56f4d3","D05","CRAM","CRAM.AOS.buoy.c2","CRAM.C2.20200706.FIL.3","A00000203257","2020-07-06T13:51Z","2020-07-06T13:51Z","EcoCore_CSU","Mn",0.0005,"milligramsPerLiter",4.4,,0,,"Hold Time Exceeded"
"eda6bc11-f9bd-41b3-95a6-fc58a95062c6","D05","CRAM","CRAM.AOS.buoy.c2","CRAM.C2.20200706.FIL.3","A00000203257","2020-07-06T13:51Z","2020-07-06T13:51Z","EcoCore_CSU","Fe",0.0930,"milligramsPerLiter",4.4,,0,,"Hold Time Exceeded"
"04c1e886-1112-4f60-a492-1dcc6b8dca66","D05","CRAM","CRAM.AOS.buoy.c2","CRAM.C2.20200706.FIL.3","A00000203257","2020-07-06T13:51Z","2020-07-06T13:51Z","EcoCore_CSU","Mg",0.3710,"milligramsPerLiter",4.4,,0,,"Hold Time Exceeded"
"08f9f1b8-ea20-4077-be35-c01cb60d9b68","D05","CRAM","CRAM.AOS.buoy.c2","CRAM.C2.20200706.POM.1","A00000203243","2020-07-06T13:51Z","2020-07-06T13:51Z","SIRFER Lab at University of Utah","TPC",954.6722,"microgramsPerLiter",,,-1,,"OK"
"7803f34b-5a01-472c-b3df-f4001067c127","D05","CRAM","CRAM.AOS.buoy.c2","CRAM.C2.20200706.POM.1","A00000203243","2020-07-06T13:51Z","2020-07-06T13:51Z","SIRFER Lab at University of Utah","TPN",117.1775,"microgramsPerLiter",,,-1,,"OK"
"0192fb38-6730-4a7d-bc56-0c7650f5c643","D05","CRAM","CRAM.AOS.buoy.c2","CRAM.C2.20200706.RAW.2","A00000203256","2020-07-06T13:51Z","2020-07-06T13:51Z","EcoCore_CSU","TSS",,"milligramsPerLiter",4.4,,0,,"Cold Chain Broken"
"b24f305f-826f-4c1c-8bf2-31b192d62408","D05","CRAM","CRAM.AOS.buoy.c2","CRAM.C2.20200706.RAW.2","A00000203256","2020-07-06T13:51Z","2020-07-06T13:51Z","EcoCore_CSU","TSS - Dry Mass",,"microgram",4.4,,0,,"Cold Chain Broken"
"8da5a095-7bd8-4486-a2ea-037676171960","D05","CRAM","CRAM.AOS.buoy.c2","CRAM.C2.20200706.RAW","A00000203254","2020-07-06T13:51Z","2020-07-06T13:51Z","EcoCore_CSU","TSS - Dry Mass",,"microgram",4.4,,0,,"Cold Chain Broken"
"3ab936d1-334f-44b4-8995-d27492d36811","D05","CRAM","CRAM.AOS.buoy.c2","CRAM.C2.20200706.RAW.3","A00000203258","2020-07-06T13:51Z","2020-07-06T13:51Z","EcoCore_CSU","pH",,"pH",4.4,,0,,"Cold Chain Broken"
"e84416fe-ba9d-4164-bcf7-487539b8d3eb","D05","CRAM","CRAM.AOS.buoy.c2","CRAM.C2.20200706.FIL.3","A00000203257","2020-07-06T13:51Z","2020-07-06T13:51Z","EcoCore_CSU","HCO3",,"milligramsPerLiter",4.4,,0,,"Cold Chain Broken"
"ffecfb0c-6d8b-4a6d-ad56-d95fbbed39f1","D05","CRAM","CRAM.AOS.buoy.c2","CRAM.C2.20200706.RAW.3","A00000203258","2020-07-06T13:51Z","2020-07-06T13:51Z","EcoCore_CSU","TSS - Dry Mass",,"microgram",4.4,,0,,"Cold Chain Broken"
"90b9617e-7ec2-4849-890d-02d46379b57d","D05","CRAM","CRAM.AOS.buoy.c2","CRAM.C2.20200706.RAW.3","A00000203258","2020-07-06T13:51Z","2020-07-06T13:51Z","EcoCore_CSU","TSS",,"milligramsPerLiter",4.4,,0,,"Cold Chain Broken"
"f89b0836-81f1-4d2a-a256-0bb0e6669109","D05","CRAM","CRAM.AOS.buoy.c2","CRAM.C2.20200706.RAW","A00000203254","2020-07-06T13:51Z","2020-07-06T13:51Z","EcoCore_CSU","TSS",,"milligramsPerLiter",4.4,,0,,"Cold Chain Broken"
"0326318c-9ec9-4664-b81b-a01ca021ac34","D05","CRAM","CRAM.AOS.buoy.c2","CRAM.C2.20200706.RAW","A00000203254","2020-07-06T13:51Z","2020-07-06T13:51Z","EcoCore_CSU","pH",,"pH",4.4,,0,,"Cold Chain Broken"
"8ed46af6-5a77-4ae3-9cdd-e806d7288b10","D05","CRAM","CRAM.AOS.buoy.c2","CRAM.C2.20200706.FIL.3","A00000203257","2020-07-06T13:51Z","2020-07-06T13:51Z","EcoCore_CSU","CO3",,"milligramsPerLiter",4.4,,0,,"Cold Chain Broken"
"063e79ef-3b47-43c7-ad96-b18f3a830fc7","D05","CRAM","CRAM.AOS.buoy.c2","CRAM.C2.20200706.FIL.3","A00000203257","2020-07-06T13:51Z","2020-07-06T13:51Z","EcoCore_CSU","TDS",,"milligramsPerLiter",4.4,,0,,"Cold Chain Broken"
"c2c73eb3-8b56-41df-92f3-9fb46f21c620","D05","CRAM","CRAM.AOS.buoy.c2","CRAM.C2.20200706.RAW.2","A00000203256","2020-07-06T13:51Z","2020-07-06T13:51Z","EcoCore_CSU","pH",,"pH",4.4,,0,,"Cold Chain Broken"
"1b1fca76-2399-487c-9909-4d62b96c1bcb","D05","CRAM","CRAM.AOS.buoy.c2","CRAM.C2.20200706.RAW.3","A00000203258","2020-07-06T13:51Z","2020-07-06T13:51Z","EcoCore_CSU","TOC",4.9010,"milligramsPerLiter",4.4,,0,,"OK"
"1090cb3e-55fa-4266-ad7f-fbd0646781ee","D05","CRAM","CRAM.AOS.buoy.c2","CRAM.C2.20200706.RAW","A00000203254","2020-07-06T13:51Z","2020-07-06T13:51Z","EcoCore_CSU","TN",0.3041,"milligramsPerLiter",4.4,,0,,"OK"
"b0d381e2-ee46-4d9b-98dc-8416d8b975e0","D05","CRAM","CRAM.AOS.buoy.c2","CRAM.C2.20200706.RAW.3","A00000203258","2020-07-06T13:51Z","2020-07-06T13:51Z","EcoCore_CSU","TN",0.3280,"milligramsPerLiter",4.4,,0,,"OK"
