uid,domainID,siteID,namedLocation,sampleID,sampleCode,startDate,collectDate,laboratoryName,analyte,analyteConcentration,analyteUnits,coolerTemp,remarks,shipmentWarmQF,externalLabDataQF,sampleCondition
"7c96afea-3df5-4560-84fa-598c1637973c","D03","BARC","BARC.AOS.buoy.c0","BARC.C0.20210607.FIL.NUT","A00000132803","2021-06-07T15:01Z","2021-06-07T15:01Z","Florida International University","TDP",0.0054,"milligramsPerLiter",-1.0,,0,,"OK"
"91f32a1c-4aae-4567-ac78-9bbba6b8d553","D03","BARC","BARC.AOS.buoy.c0","BARC.C0.20210607.FIL.NUT","A00000132803","2021-06-07T15:01Z","2021-06-07T15:01Z","Florida International University","NO2 - N",0.0003,"milligramsPerLiter",-1.0,,0,,"OK"
"b6a026b8-75c2-4fa5-b89c-bb04f5bb50dc","D03","BARC","BARC.AOS.buoy.c0","BARC.C0.20210607.FIL.NUT","A00000132803","2021-06-07T15:01Z","2021-06-07T15:01Z","Florida International University","Ortho - P",0.0000,"milligramsPerLiter",-1.0,,0,,"OK"
"e5567f64-30fc-4627-b8ed-0fd4cb0524fe","D03","BARC","BARC.AOS.buoy.c0","BARC.C0.20210607.FIL.NUT","A00000132803","2021-06-07T15:01Z","2021-06-07T15:01Z","Florida International University","NH4 - N",0.0036,"milligramsPerLiter",-1.0,,0,,"OK"
"e62dc57d-faf5-4656-b9fb-d81226b49f4c","D03","BARC","BARC.AOS.buoy.c0","BARC.C0.20210607.FIL.NUT","A00000132803","2021-06-07T15:01Z","2021-06-07T15:01Z","Florida International University","NO3+NO2 - N",0.0037,"milligramsPerLiter",-1.0,,0,,"OK"
"902af33a-a11c-4a7b-9500-f917f6d70084","D03","BARC","BARC.AOS.buoy.c0","BARC.C0.20210607.RAW.NUT","A00000132805","2021-06-07T15:01Z","2021-06-07T15:01Z","Florida International University","TP",0.0065,"milligramsPerLiter",-1.0,,0,,"OK"
"87b417e9-4f45-4399-8731-4f420813971a","D03","BARC","BARC.AOS.buoy.c0","BARC.C0.20210607.FIL","A00000132802","2021-06-07T15:01Z","2021-06-07T15:01Z","EcoCore_CSU","TDN",0.1847,"milligramsPerLiter",3.0,,0,,"OK"
"e236f108-eec7-4058-be39-cdd5147b2591","D03","BARC","BARC.AOS.buoy.c0","BARC.C0.20210607.FIL","A00000132802","2021-06-07T15:01Z","2021-06-07T15:01Z","EcoCore_CSU","DOC",2.1200,"milligramsPerLiter",3.0,,0,,"OK"
"ce51aa02-6cc7-49d8-9915-d6c923bb415d","D03","BARC","BARC.AOS.buoy.c0","BARC.C0.20210607.FIL","A00000132802","2021-06-07T15:01Z","2021-06-07T15:01Z","EcoCore_CSU","DIC",1.0650,"milligramsPerLiter",3.0,,0,,"OK"
"c85a6bb5-666f-4faa-8a5d-3c6cf14e2287","D03","BARC","BARC.AOS.buoy.c0","BARC.C0.20210607.FIL","A00000132802","2021-06-07T15:01Z","2021-06-07T15:01Z","EcoCore_CSU","UV Absorbance (280 nm)",0.0090,,3.0,,0,,"OK"
"97fdddb9-e156-4acf-a754-b34b1031e884","D03","BARC","BARC.AOS.buoy.c0","BARC.C0.20210607.FIL","A00000132802","2021-06-07T15:01Z","2021-06-07T15:01Z","EcoCore_CSU","UV Absorbance (254 nm)",0.0141,,3.0,,0,,"OK"
"b85eb33e-c917-40d3-958b-16d6220181c0","D03","BARC","BARC.AOS.buoy.c0","BARC.C0.20210607.RAW","A00000132804","2021-06-07T15:01Z","2021-06-07T15:01Z","EcoCore_CSU","TN",0.2411,"milligramsPerLiter",3.0,,0,,"OK"
"a133c199-374e-4396-9d8c-2674bf3d9aa2","D03","BARC","BARC.AOS.buoy.c0","BARC.C0.20210607.RAW","A00000132804","2021-06-07T15:01Z","2021-06-07T15:01Z","EcoCore_CSU","TOC",2.6290,"milligramsPerLiter",3.0,,0,,"OK"
