uid,domainID,siteID,namedLocation,sampleID,sampleCode,startDate,collectDate,laboratoryName,analyte,analyteConcentration,analyteUnits,coolerTemp,remarks,shipmentWarmQF,externalLabDataQF,sampleCondition
"5ee6f97a-3682-49f3-84f2-92394244af8d","D03","BARC","BARC.AOS.buoy.c0","BARC.C0.20210504.FIL.NUT","A00000132780","2021-05-04T12:45Z","2021-05-04T12:45Z","Florida International University","NO3+NO2 - N",0.0014,"milligramsPerLiter",-1.0,,0,,"OK"
"e8a87463-f00b-4ac7-a2e5-b33cb8afb18b","D03","BARC","BARC.AOS.buoy.c0","BARC.C0.20210504.RAW.NUT","A00000132783","2021-05-04T12:45Z","2021-05-04T12:45Z","Florida International University","TP",0.0073,"milligramsPerLiter",-1.0,,0,,"OK"
"3063ee30-eb03-471a-b5ff-bf50cdd756a2","D03","BARC","BARC.AOS.buoy.c0","BARC.C0.20210504.FIL.NUT","A00000132780","2021-05-04T12:45Z","2021-05-04T12:45Z","Florida International University","Ortho - P",0.0000,"milligramsPerLiter",-1.0,,0,,"OK"
"d966e78e-197e-4a64-b8cb-b38d99412f7b","D03","BARC","BARC.AOS.buoy.c0","BARC.C0.20210504.FIL.NUT","A00000132780","2021-05-04T12:45Z","2021-05-04T12:45Z","Florida International University","NO2 - N",0.0002,"milligramsPerLiter",-1.0,,0,,"OK"
"2bc1e200-d864-47d9-87e0-be114bc7cc03","D03","BARC","BARC.AOS.buoy.c0","BARC.C0.20210504.FIL.NUT","A00000132780","2021-05-04T12:45Z","2021-05-04T12:45Z","Florida International University","TDP",0.0056,"milligramsPerLiter",-1.0,,0,,"OK"
"20887efe-7072-4449-8ebe-568c78f7f15e","D03","BARC","BARC.AOS.buoy.c0","BARC.C0.20210504.FIL.NUT","A00000132780","2021-05-04T12:45Z","2021-05-04T12:45Z","Florida International University","NH4 - N",0.0129,"milligramsPerLiter",-1.0,,0,,"OK"
"af57c6e2-e975-42cd-8373-4e6cab3092cc","D03","BARC","BARC.AOS.buoy.c0","BARC.C0.20210504.FIL","A00000132779","2021-05-04T12:45Z","2021-05-04T12:45Z","EcoCore_CSU","HCO3",2.0020,"milligramsPerLiter",4.5,,0,,"OK"
"c2dc91eb-85f6-4776-b36f-9c4f2dfd82c8","D03","BARC","BARC.AOS.buoy.c0","BARC.C0.20210504.FIL","A00000132779","2021-05-04T12:45Z","2021-05-04T12:45Z","EcoCore_CSU","CO3",0.0050,"milligramsPerLiter",4.5,,0,,"OK"
"8b479ccc-e622-4eab-a4b0-761a34ba60da","D03","BARC","BARC.AOS.buoy.c0","BARC.C0.20210504.FIL","A00000132779","2021-05-04T12:45Z","2021-05-04T12:45Z","EcoCore_CSU","Br",0.0050,"milligramsPerLiter",4.5,,0,,"OK"
"913c4a76-d668-4263-b129-2d0364974dc0","D03","BARC","BARC.AOS.buoy.c0","BARC.C0.20210504.FIL","A00000132779","2021-05-04T12:45Z","2021-05-04T12:45Z","EcoCore_CSU","Cl",5.5871,"milligramsPerLiter",4.5,,0,,"OK"
"90878af8-8778-4792-87a8-0249385a0077","D03","BARC","BARC.AOS.buoy.c0","BARC.C0.20210504.FIL","A00000132779","2021-05-04T12:45Z","2021-05-04T12:45Z","EcoCore_CSU","F",0.0050,"milligramsPerLiter",4.5,,0,,"OK"
"9a0d1a40-7d64-44a6-a6db-6b4c47e5380e","D03","BARC","BARC.AOS.buoy.c0","BARC.C0.20210504.FIL","A00000132779","2021-05-04T12:45Z","2021-05-04T12:45Z","EcoCore_CSU","SO4",2.3111,"milligramsPerLiter",4.5,,0,,"OK"
"d855d4fa-ed21-4044-a033-06fcd59fb28b","D03","BARC","BARC.AOS.buoy.c0","BARC.C0.20210504.FIL","A00000132779","2021-05-04T12:45Z","2021-05-04T12:45Z","EcoCore_CSU","Mg",0.5350,"milligramsPerLiter",4.5,,0,,"OK"
"380d4b58-3ba1-4a63-b12a-141eebdcd05c","D03","BARC","BARC.AOS.buoy.c0","BARC.C0.20210504.FIL","A00000132779","2021-05-04T12:45Z","2021-05-04T12:45Z","EcoCore_CSU","Na",0.2660,"milligramsPerLiter",4.5,,0,,"OK"
"004e688e-355d-4a96-9216-d7f2ab6c67e6","D03","BARC","BARC.AOS.buoy.c0","BARC.C0.20210504.FIL","A00000132779","2021-05-04T12:45Z","2021-05-04T12:45Z","EcoCore_CSU","K",0.2000,"milligramsPerLiter",4.5,,0,,"OK"
"2a841d39-21c6-4b26-8c98-b70a6944bf53","D03","BARC","BARC.AOS.buoy.c0","BARC.C0.20210504.FIL","A00000132779","2021-05-04T12:45Z","2021-05-04T12:45Z","EcoCore_CSU","Ca",0.0340,"milligramsPerLiter",4.5,,0,,"OK"
"b25bb692-fccb-4799-8ea0-2826e35f9cf3","D03","BARC","BARC.AOS.buoy.c0","BARC.C0.20210504.FIL","A00000132779","2021-05-04T12:45Z","2021-05-04T12:45Z","EcoCore_CSU","Mn",0.0110,"milligramsPerLiter",4.5,,0,,"OK"
"458d0522-8183-4e99-bcfb-f32449e99497","D03","BARC","BARC.AOS.buoy.c0","BARC.C0.20210504.FIL","A00000132779","2021-05-04T12:45Z","2021-05-04T12:45Z","EcoCore_CSU","Si",0.1520,"milligramsPerLiter",4.5,,0,,"OK"
"34bc8821-36cd-44b0-90a2-2bd03d82377e","D03","BARC","BARC.AOS.buoy.c0","BARC.C0.20210504.FIL","A00000132779","2021-05-04T12:45Z","2021-05-04T12:45Z","EcoCore_CSU","Fe",0.0250,"milligramsPerLiter",4.5,,0,,"OK"
"58cf6c34-5352-4857-b9f4-2b7442b34ad9","D03","BARC","BARC.AOS.buoy.c0","BARC.C0.20210504.RAW","A00000132781","2021-05-04T12:45Z","2021-05-04T12:45Z","EcoCore_CSU","TSS",1.0000,"milligramsPerLiter",4.5,"TSS vol in ml = 100",0,,"OK"
"5c2c5fba-64d3-4324-8a96-30deaa41c3f5","D03","BARC","BARC.AOS.buoy.c0","BARC.C0.20210504.FIL","A00000132779","2021-05-04T12:45Z","2021-05-04T12:45Z","EcoCore_CSU","UV Absorbance (254 nm)",0.0267,,4.5,,0,,"OK"
"292512b6-a328-4ac1-87ce-09e9f2d13ea2","D03","BARC","BARC.AOS.buoy.c0","BARC.C0.20210504.FIL","A00000132779","2021-05-04T12:45Z","2021-05-04T12:45Z","EcoCore_CSU","UV Absorbance (280 nm)",0.0192,,4.5,,0,,"OK"
"4b46a295-d61c-4ac0-a3aa-ecd857e44931","D03","BARC","BARC.AOS.buoy.c0","BARC.C0.20210504.FIL","A00000132779","2021-05-04T12:45Z","2021-05-04T12:45Z","EcoCore_CSU","DIC",0.6165,"milligramsPerLiter",4.5,,0,,"OK"
"9052e56b-a8ab-4d6f-86d1-169cd20a96b8","D03","BARC","BARC.AOS.buoy.c0","BARC.C0.20210504.FIL","A00000132779","2021-05-04T12:45Z","2021-05-04T12:45Z","EcoCore_CSU","TDN",0.2156,"milligramsPerLiter",4.5,,0,,"OK"
"76bc5b80-d906-499b-a0ad-4b1b93d2f6d9","D03","BARC","BARC.AOS.buoy.c0","BARC.C0.20210504.RAW","A00000132781","2021-05-04T12:45Z","2021-05-04T12:45Z","EcoCore_CSU","TN",0.2388,"milligramsPerLiter",4.5,,0,,"OK"
"d5a6094f-c182-4534-bc52-3116db193657","D03","BARC","BARC.AOS.buoy.c0","BARC.C0.20210504.FIL","A00000132779","2021-05-04T12:45Z","2021-05-04T12:45Z","EcoCore_CSU","DOC",2.4810,"milligramsPerLiter",4.5,,0,,"OK"
"f7464ea7-8647-420f-97cb-adaf6e1c3446","D03","BARC","BARC.AOS.buoy.c0","BARC.C0.20210504.RAW","A00000132781","2021-05-04T12:45Z","2021-05-04T12:45Z","EcoCore_CSU","TOC",2.8900,"milligramsPerLiter",4.5,,0,,"OK"
