uid,domainID,siteID,namedLocation,date,eventID,sampleDepth,waterTemp,specificConductance,dissolvedOxygen,dissolvedOxygenSaturation,dataQF
"96d026f1-0fd2-4567-b024-024d52e998a8","D03","BARC","BARC.AOS.buoy.c0","2021-05-04T12:19Z","BARC.c0.20210504",2.0,23.9,32.2,7.5,88.1,
"c39ce201-36a0-42b0-af5a-923eb24a8b9f","D03","BARC","BARC.AOS.buoy.c0","2021-05-04T12:19Z","BARC.c0.20210504",1.5,23.9,32.2,7.5,88.6,
"8dc60bd7-3dfe-4d9a-bae5-c4ad1e8939f5","D03","BARC","BARC.AOS.buoy.c0","2021-05-04T12:19Z","BARC.c0.20210504",5.0,22.8,33.5,5.8,64.2,
"236dbb38-ecbf-45b1-95de-74aca980bc80","D03","BARC","BARC.AOS.buoy.c0","2021-05-04T12:19Z","BARC.c0.20210504",2.5,23.9,32.2,7.4,87.7,
"a4fea4f5-e0c8-4af5-800a-0668706b6c0c","D03","BARC","BARC.AOS.buoy.c0","2021-05-04T12:19Z","BARC.c0.20210504",3.5,23.5,32.6,75.1,88.0,
"1c6a274b-db6f-4d55-9ed1-1a1af5138ee7","D03","BARC","BARC.AOS.buoy.c0","2021-05-04T12:19Z","BARC.c0.20210504",0.5,23.9,32.4,7.6,89.9,
"83e6d341-5d98-4d4c-b5e1-8a349d7a3b36","D03","BARC","BARC.AOS.buoy.c0","2021-05-04T12:19Z","BARC.c0.20210504",4.5,23.2,32.5,7.8,85.3,
"a93a95a8-bbcf-4b43-b567-ef50cf95a83e","D03","BARC","BARC.AOS.buoy.c0","2021-05-04T12:19Z","BARC.c0.20210504",4.0,23.2,32.4,7.8,88.7,
"4abb8212-205f-40ad-99f3-1b9fc3eef71c","D03","BARC","BARC.AOS.buoy.c0","2021-05-04T12:19Z","BARC.c0.20210504",1.0,23.9,32.3,7.6,89.8,
"c9ff6fed-48c1-451e-8b3b-e92cf39bb406","D03","BARC","BARC.AOS.buoy.c0","2021-05-04T12:19Z","BARC.c0.20210504",3.0,23.7,32.4,7.4,87.0,
