uid,domainID,siteID,namedLocation,collectDate,parentSampleID,sampleID,sampleCode,filterNumber,analysisType,fieldSampleVolume,domainFilterVolume,storageDays,remarks,measuredBy,recordedBy,sampleCondition,dataQF
"11c9ec2c-eb30-4f43-b156-c4a5c0c4ccfd","D05","CRAM","CRAM.AOS.riparian.point.07","2015-07-13T15:45Z","CRAM.20150713.EPIXYLON.4","CRAM.20150713.EPIXYLON.4",,2,"CN",125.0,5.0,1.1,,,"jhudson@neoninc.org","OK","legacyData"
"c322dde7-7603-4dbd-9495-5df2737d0803","D05","CRAM","CRAM.AOS.riparian.point.01","2015-07-13T15:45Z","CRAM.20150713.EPIXYLON.1","CRAM.20150713.EPIXYLON.1",,2,"13C15N",125.0,10.0,1.1,,,"jhudson@neoninc.org","OK","legacyData"
"c1c935d6-436b-4f10-9346-1b27cc719e65","D05","CRAM","CRAM.AOS.riparian.point.01","2015-07-13T15:45Z","CRAM.20150713.EPIXYLON.1","CRAM.20150713.EPIXYLON.1",,1,"34S",125.0,7.5,1.1,,,"jhudson@neoninc.org","OK","legacyData"
"6644807c-ee0c-4818-909a-0acbd8ccd181","D05","CRAM","CRAM.AOS.riparian.point.01","2015-07-13T15:45Z","CRAM.20150713.EPIXYLON.1","CRAM.20150713.EPIXYLON.1",,1,"P",125.0,5.0,1.1,,,"jhudson@neoninc.org","OK","legacyData"
"3f0bb247-e160-4792-93e6-450b51736d5f","D05","CRAM","CRAM.AOS.riparian.point.07","2015-07-13T15:45Z","CRAM.20150713.EPIXYLON.4","CRAM.20150713.EPIXYLON.4",,2,"13C15N",125.0,10.0,1.1,,,"jhudson@neoninc.org","OK","legacyData"
"c3b16114-3f68-44f0-8651-32a74c78876c","D05","CRAM","CRAM.AOS.riparian.point.05","2015-07-13T15:45Z","CRAM.20150713.EPIXYLON.3","CRAM.20150713.EPIXYLON.3",,2,"CN",125.0,5.0,1.1,,,"jhudson@neoninc.org","OK","legacyData"
"e3f53e41-9d7b-41d9-8427-9daeaca3cd87","D05","CRAM","CRAM.AOS.riparian.point.07","2015-07-13T15:45Z","CRAM.20150713.EPIXYLON.4","CRAM.20150713.EPIXYLON.4",,1,"P",125.0,5.0,1.1,,,"jhudson@neoninc.org","OK","legacyData"
"c228150b-ff04-4c68-818a-fe6726a14f79","D05","CRAM","CRAM.AOS.buoy.c0","2015-07-13T15:45Z","CRAM.20150713.PHYTOPLANKTON.3","CRAM.20150713.PHYTOPLANKTON.3",,2,"CN",4000.0,200.0,1.1,,,"jhudson@neoninc.org","OK","legacyData"
"2baa0097-e3e4-438c-9398-0c14ffd72f8c","D05","CRAM","CRAM.AOS.riparian.point.05","2015-07-13T15:45Z","CRAM.20150713.EPIXYLON.3","CRAM.20150713.EPIXYLON.3",,1,"13C15N",125.0,6.0,1.1,,,"jhudson@neoninc.org","OK","legacyData"
"a70653ab-35ee-4071-88c5-2e2e5d16d3ce","D05","CRAM","CRAM.AOS.riparian.point.07","2015-07-13T15:45Z","CRAM.20150713.EPIXYLON.4","CRAM.20150713.EPIXYLON.4",,2,"chlorophyll/pheophytin",125.0,5.0,1.1,,,"jhudson@neoninc.org","OK","legacyData"
"b9dc6bd4-a556-4df9-a429-98d0f51854e3","D05","CRAM","CRAM.AOS.riparian.point.07","2015-07-13T15:45Z","CRAM.20150713.EPIXYLON.4","CRAM.20150713.EPIXYLON.4",,1,"13C15N",125.0,10.0,1.1,,,"jhudson@neoninc.org","OK","legacyData"
"b7d9af5b-61d7-4581-b18c-fe280aca18ca","D05","CRAM","CRAM.AOS.riparian.point.09","2015-07-13T15:45Z","CRAM.20150713.EPIXYLON.5","CRAM.20150713.EPIXYLON.5",,2,"chlorophyll/pheophytin",125.0,5.0,1.1,,,"jhudson@neoninc.org","OK","legacyData"
"270bc62a-37bb-4f28-a8de-63c2b53e23f0","D05","CRAM","CRAM.AOS.riparian.point.05","2015-07-13T15:45Z","CRAM.20150713.EPIXYLON.3","CRAM.20150713.EPIXYLON.3",,2,"chlorophyll/pheophytin",125.0,5.0,1.1,,,"jhudson@neoninc.org","OK","legacyData"
"16582831-d507-486c-b151-973f1de58555","D05","CRAM","CRAM.AOS.riparian.point.09","2015-07-13T15:45Z","CRAM.20150713.EPIXYLON.5","CRAM.20150713.EPIXYLON.5",,2,"CN",125.0,5.0,1.1,,,"jhudson@neoninc.org","OK","legacyData"
"790c7326-c467-4f7e-a2b8-d71137cedc46","D05","CRAM","CRAM.AOS.riparian.point.09","2015-07-13T15:45Z","CRAM.20150713.EPIXYLON.5","CRAM.20150713.EPIXYLON.5",,1,"13C15N",125.0,10.0,1.1,,,"jhudson@neoninc.org","OK","legacyData"
"1eb42b86-1f45-40e4-a5ab-20f6badf3b34","D05","CRAM","CRAM.AOS.riparian.point.05","2015-07-13T15:45Z","CRAM.20150713.EPIXYLON.3","CRAM.20150713.EPIXYLON.3",,1,"P",125.0,5.0,1.1,,,"jhudson@neoninc.org","OK","legacyData"
"d0697b06-a249-4104-adea-abc3a995d17e","D05","CRAM","CRAM.AOS.buoy.c0","2015-07-13T15:45Z","CRAM.20150713.PHYTOPLANKTON.3","CRAM.20150713.PHYTOPLANKTON.3",,2,"chlorophyll/pheophytin",4000.0,250.0,1.1,,,"jhudson@neoninc.org","OK","legacyData"
"d21b7ff9-48e5-45bf-9828-ce8f8b1b841f","D05","CRAM","CRAM.AOS.buoy.c0","2015-07-13T15:45Z","CRAM.20150713.PHYTOPLANKTON.3","CRAM.20150713.PHYTOPLANKTON.3",,1,"CN",4000.0,200.0,1.1,,,"jhudson@neoninc.org","OK","legacyData"
"a7f5a995-3f65-4683-9642-25dd9e863e29","D05","CRAM","CRAM.AOS.riparian.point.01","2015-07-13T15:45Z","CRAM.20150713.EPIXYLON.1","CRAM.20150713.EPIXYLON.1",,1,"13C15N",125.0,10.0,1.1,,,"jhudson@neoninc.org","OK","legacyData"
"155be8d4-b3b6-4b83-81b8-bf085e568867","D05","CRAM","CRAM.AOS.riparian.point.09","2015-07-13T15:45Z","CRAM.20150713.EPIXYLON.5","CRAM.20150713.EPIXYLON.5",,1,"chlorophyll/pheophytin",125.0,5.0,1.1,,,"jhudson@neoninc.org","OK","legacyData"
"54ebe9ce-ed57-4864-8606-a17f4eb2cc79","D05","CRAM","CRAM.AOS.riparian.point.09","2015-07-13T15:45Z","CRAM.20150713.EPIXYLON.5","CRAM.20150713.EPIXYLON.5",,1,"P",125.0,5.0,1.1,,,"jhudson@neoninc.org","OK","legacyData"
"08e257f9-52f4-432f-9864-366990c48b85","D05","CRAM","CRAM.AOS.riparian.point.03","2015-07-13T15:45Z","CRAM.20150713.EPIXYLON.2","CRAM.20150713.EPIXYLON.2",,2,"chlorophyll/pheophytin",125.0,5.0,1.1,,,"jhudson@neoninc.org","OK","legacyData"
"6166bbed-515a-4042-90a9-d895d43e1738","D05","CRAM","CRAM.AOS.riparian.point.03","2015-07-13T15:45Z","CRAM.20150713.EPIXYLON.2","CRAM.20150713.EPIXYLON.2",,1,"34S",125.0,3.5,1.1,,,"jhudson@neoninc.org","OK","legacyData"
"1dc5c020-9f0f-4578-8961-31a8e8033942","D05","CRAM","CRAM.AOS.riparian.point.07","2015-07-13T15:45Z","CRAM.20150713.EPIXYLON.4","CRAM.20150713.EPIXYLON.4",,1,"CN",125.0,5.0,1.1,,,"jhudson@neoninc.org","OK","legacyData"
"aec6ed50-e103-4a79-9aa3-e7f9d921bc3d","D05","CRAM","CRAM.AOS.riparian.point.09","2015-07-13T15:45Z","CRAM.20150713.EPIXYLON.5","CRAM.20150713.EPIXYLON.5",,2,"13C15N",125.0,10.0,1.1,,,"jhudson@neoninc.org","OK","legacyData"
"a1730487-7245-42da-a06c-48b3c932e633","D05","CRAM","CRAM.AOS.riparian.point.05","2015-07-13T15:45Z","CRAM.20150713.EPIXYLON.3","CRAM.20150713.EPIXYLON.3",,2,"13C15N",125.0,6.0,1.1,,,"jhudson@neoninc.org","OK","legacyData"
"f08f6234-8d41-4e78-b267-59c723f72626","D05","CRAM","CRAM.AOS.riparian.point.03","2015-07-13T15:45Z","CRAM.20150713.EPIXYLON.2","CRAM.20150713.EPIXYLON.2",,1,"chlorophyll/pheophytin",125.0,5.0,1.1,,,"jhudson@neoninc.org","OK","legacyData"
"7dcd31a1-e16e-4df6-aa24-f47456142d10","D05","CRAM","CRAM.AOS.riparian.point.01","2015-07-13T15:45Z","CRAM.20150713.EPIXYLON.1","CRAM.20150713.EPIXYLON.1",,1,"chlorophyll/pheophytin",125.0,5.0,1.1,,,"jhudson@neoninc.org","OK","legacyData"
"f936e4ce-23fb-4287-bd36-205376c9256c","D05","CRAM","CRAM.AOS.riparian.point.07","2015-07-13T15:45Z","CRAM.20150713.EPIXYLON.4","CRAM.20150713.EPIXYLON.4",,1,"chlorophyll/pheophytin",125.0,5.0,1.1,,,"jhudson@neoninc.org","OK","legacyData"
"dfc078cd-10d7-425a-a86c-b68260e6ca59","D05","CRAM","CRAM.AOS.riparian.point.09","2015-07-13T15:45Z","CRAM.20150713.EPIXYLON.5","CRAM.20150713.EPIXYLON.5",,1,"CN",125.0,5.0,1.1,,,"jhudson@neoninc.org","OK","legacyData"
"4819eb71-6a81-4a4e-a411-d1b56892e14e","D05","CRAM","CRAM.AOS.riparian.point.05","2015-07-13T15:45Z","CRAM.20150713.EPIXYLON.3","CRAM.20150713.EPIXYLON.3",,1,"CN",125.0,5.0,1.1,,,"jhudson@neoninc.org","OK","legacyData"
"1a542160-155f-4f26-b7a2-09f5b22bc964","D05","CRAM","CRAM.AOS.riparian.point.01","2015-07-13T15:45Z","CRAM.20150713.EPIXYLON.1","CRAM.20150713.EPIXYLON.1",,1,"CN",125.0,5.0,1.1,,,"jhudson@neoninc.org","OK","legacyData"
"e46315cf-e42f-4b33-9eab-ddd9129a6839","D05","CRAM","CRAM.AOS.riparian.point.09","2015-07-13T15:45Z","CRAM.20150713.EPIXYLON.5","CRAM.20150713.EPIXYLON.5",,1,"34S",125.0,10.5,1.1,,,"jhudson@neoninc.org","OK","legacyData"
"4162461c-4c88-4344-9ed6-60db4d80e9e1","D05","CRAM","CRAM.AOS.buoy.c0","2015-07-13T15:45Z","CRAM.20150713.PHYTOPLANKTON.3","CRAM.20150713.PHYTOPLANKTON.3",,1,"chlorophyll/pheophytin",4000.0,250.0,1.1,,,"jhudson@neoninc.org","OK","legacyData"
"b8c0dfab-8f83-41e6-933f-4f22ed5b2371","D05","CRAM","CRAM.AOS.buoy.c0","2015-07-13T15:45Z","CRAM.20150713.PHYTOPLANKTON.3","CRAM.20150713.PHYTOPLANKTON.3",,1,"34S",4000.0,200.0,1.1,,,"jhudson@neoninc.org","OK","legacyData"
"af57de7a-b32e-4c0d-8735-971ed5e52ba1","D05","CRAM","CRAM.AOS.buoy.c0","2015-07-13T15:45Z","CRAM.20150713.PHYTOPLANKTON.3","CRAM.20150713.PHYTOPLANKTON.3",,1,"P",4000.0,200.0,1.1,,,"jhudson@neoninc.org","OK","legacyData"
"33e32868-b4a7-47b0-b0ba-0c55dbee0f9b","D05","CRAM","CRAM.AOS.riparian.point.01","2015-07-13T15:45Z","CRAM.20150713.EPIXYLON.1","CRAM.20150713.EPIXYLON.1",,2,"chlorophyll/pheophytin",125.0,5.0,1.1,,,"jhudson@neoninc.org","OK","legacyData"
"dcb0cf39-1da8-4065-9d5f-1f21fc6fbdfb","D05","CRAM","CRAM.AOS.riparian.point.07","2015-07-13T15:45Z","CRAM.20150713.EPIXYLON.4","CRAM.20150713.EPIXYLON.4",,1,"34S",125.0,6.5,1.1,,,"jhudson@neoninc.org","OK","legacyData"
"2f51155a-82d6-4a72-9c9e-2f5a9695a9a9","D05","CRAM","CRAM.AOS.riparian.point.05","2015-07-13T15:45Z","CRAM.20150713.EPIXYLON.3","CRAM.20150713.EPIXYLON.3",,1,"chlorophyll/pheophytin",125.0,5.0,1.1,,,"jhudson@neoninc.org","OK","legacyData"
"044b32b0-6cb5-47a6-84cb-85bb431981a5","D05","CRAM","CRAM.AOS.buoy.c0","2015-07-13T15:45Z","CRAM.20150713.PHYTOPLANKTON.3","CRAM.20150713.PHYTOPLANKTON.3",,1,"13C15N",4000.0,200.0,1.1,,,"jhudson@neoninc.org","OK","legacyData"
"73c8aed5-115a-4d1f-9f81-00df8ac58d2d","D05","CRAM","CRAM.AOS.riparian.point.01","2015-07-13T15:45Z","CRAM.20150713.EPIXYLON.1","CRAM.20150713.EPIXYLON.1",,2,"CN",125.0,5.0,1.1,,,"jhudson@neoninc.org","OK","legacyData"
