uid,domainID,siteID,namedLocation,aquaticSiteType,decimalLatitude,decimalLongitude,coordinateUncertainty,elevation,elevationUncertainty,geodeticDatum,collectDate,eventID,parentSampleID,parentSampleCode,samplingImpractical,biophysicalCriteria,affectedByWind,habitatType,algalSampleType,benthicArea,samplingProtocolVersion,phytoDepth1,phytoDepth2,phytoDepth3,substratumSizeClass,remarks,recordedBy,collectedBy,dataQF
"ed4ed16c-bff4-4911-8e66-ff04d8d12d2e","D05","CRAM","CRAM.AOS.riparian.point.09","lake",46.206543,-89.476401,0.1,510.5,0.1,"WGS84","2015-07-13T15:45Z","CRAM.20150713","CRAM.20150713.EPIXYLON.5",,,,,"littoral","epixylon",0.002406,"NEON.DOC.001203vD",,,,,,"jhudson@neoninc.org","radams@field-ops.org","legacyData"
"3c2becf1-c5d2-4fab-9431-355327992a39","D05","CRAM","CRAM.AOS.buoy.c0","lake",46.210592,-89.476861,10.0,509.0,10.0,"WGS84","2015-07-13T15:45Z","CRAM.20150713","CRAM.20150713.PHYTOPLANKTON.3",,,,,"pelagic","phytoplankton",,"NEON.DOC.001203vD",1.0,5.5,9.5,,,"jhudson@neoninc.org","radams@field-ops.org","legacyData"
"33ba476d-1332-488b-b3dc-56c6ffdb5757","D05","CRAM","CRAM.AOS.riparian.point.07","lake",46.207433,-89.475220,0.5,514.4,0.6,"WGS84","2015-07-13T15:45Z","CRAM.20150713","CRAM.20150713.EPIXYLON.4",,,,,"littoral","epixylon",0.002406,"NEON.DOC.001203vD",,,,,,"jhudson@neoninc.org","radams@field-ops.org","legacyData"
"e9255c80-9f11-4668-b624-aa0a162b121e","D05","CRAM","CRAM.AOS.riparian.point.03","lake",46.211728,-89.470910,0.1,510.6,0.1,"WGS84","2015-07-13T15:45Z","CRAM.20150713","CRAM.20150713.EPIXYLON.2",,,,,"littoral","epixylon",0.002406,"NEON.DOC.001203vD",,,,,,"jhudson@neoninc.org","radams@field-ops.org","legacyData"
"a1b769bd-6c2e-43d6-8c20-c1cc5be7832f","D05","CRAM","CRAM.AOS.riparian.point.05","lake",46.208228,-89.471270,0.1,510.4,0.1,"WGS84","2015-07-13T15:45Z","CRAM.20150713","CRAM.20150713.EPIXYLON.3",,,,,"littoral","epixylon",0.002406,"NEON.DOC.001203vD",,,,,,"jhudson@neoninc.org","radams@field-ops.org","legacyData"
"b2a47f8a-f1ce-43e2-93ff-cec7dd6897ef","D05","CRAM","CRAM.AOS.riparian.point.01","lake",46.211208,-89.478274,0.2,511.0,0.2,"WGS84","2015-07-13T15:45Z","CRAM.20150713","CRAM.20150713.EPIXYLON.1",,,,,"littoral","epixylon",0.002406,"NEON.DOC.001203vD",,,,,,"jhudson@neoninc.org","radams@field-ops.org","legacyData"
