uid,domainID,siteID,namedLocation,collectDate,sampleID,sampleCode,sampleCondition,laboratoryName,analysisDate,analyzedBy,sampleType,replicate,sampleVolumeFiltered,filterSize,percentFilterAnalyzed,dilutionFactor,solventVolume,responseFactor,acidificationResponseFactor,fluorometerSensitivitySetting,preAcidificationFluorescence,postAcidificationFluorescence,analyte,analyteConcentration,plantAlgaeLabUnits,testMethod,method,acidTreatment,externalRemarks,externalLabDataQF
"9d3f2ae7-26b4-459f-b65a-aa8d1f0d919d","D05","CRAM","CRAM.AOS.buoy.c0","2015-07-13","CRAM.20150713.PHYTOPLANKTON.3",,"condition ok","Academy of Natural Sciences of Drexel University","2016-05-06","Txt9C5i/u7k=","chlorophyll/pheophytin","2",,25,100,,,,,,,,"pheophytin",,"microgramsPerLiter","ANSP P-16-92 Rev2",,,,"legacyData|Did not meet quality audit requirements for analysis audit"
"d607af1e-38f1-4217-95d4-da252f75741e","D05","CRAM","CRAM.AOS.buoy.c0","2015-07-13","CRAM.20150713.PHYTOPLANKTON.3",,"condition ok","Academy of Natural Sciences of Drexel University","2016-06-16","+IoRzddUq5A=","P","1",,25,100,,,,,,,,"phosphorus",12.23,"microgramsPerLiter","ANSP P-16-114 Rev2; ANSP P-16_95 Rev3",,,,"legacyData|Did not meet quality audit requirements for analysis audit"
"fd60fb20-7650-43ff-b942-3216afe76b70","D05","CRAM","CRAM.AOS.buoy.c0","2015-07-13","CRAM.20150713.PHYTOPLANKTON.3",,"condition ok","Academy of Natural Sciences of Drexel University","2017-03-28","OKgcKejxXbI=","13C15N","2",,25,100,,,,,,,,"d34S",5.48,"perMill","SO2 EA-combustion-IRMS method",,,,"legacyData|Did not meet quality audit requirements for analysis audit"
"96c028da-853c-4ae0-94fb-fed75137dfc0","D05","CRAM","CRAM.AOS.buoy.c0","2015-07-13","CRAM.20150713.PHYTOPLANKTON.3",,"condition ok","Academy of Natural Sciences of Drexel University","2016-05-06","Txt9C5i/u7k=","chlorophyll/pheophytin","1",,25,100,,,,,,,,"chlorophyll a",,"microgramsPerLiter","ANSP P-16-92 Rev2",,,,"legacyData|Did not meet quality audit requirements for analysis audit"
"70e26fd3-6808-45cf-aa61-ba4bcd06db14","D05","CRAM","CRAM.AOS.buoy.c0","2015-07-13","CRAM.20150713.PHYTOPLANKTON.3",,"condition ok","Academy of Natural Sciences of Drexel University","2016-06-07","OKgcKejxXbI=","CN","2",,25,100,,,,,,,,"nitrogen",64.26,"microgramsPerLiter","ANSP P-16-54 Rev2",,,,"legacyData|Did not meet quality audit requirements for analysis audit"
"76327867-2fef-48da-9ed3-9d0f28bad264","D05","CRAM","CRAM.AOS.buoy.c0","2015-07-13","CRAM.20150713.PHYTOPLANKTON.3",,"condition ok","Academy of Natural Sciences of Drexel University","2017-03-28","OKgcKejxXbI=","13C15N","1",,25,100,,,,,,,,"d13C",-31.76,"perMill","ANSP P-16-202 Rev0",,"N",,"legacyData|Did not meet quality audit requirements for analysis audit|acidTreatmentSOPNotFollowed"
"09fff8f6-9eed-4e6f-933e-776bc117a508","D05","CRAM","CRAM.AOS.buoy.c0","2015-07-13","CRAM.20150713.PHYTOPLANKTON.3",,"condition ok","Academy of Natural Sciences of Drexel University","2016-06-07","OKgcKejxXbI=","CN","1",,25,100,,,,,,,,"carbon",437.96,"microgramsPerLiter","ANSP P-16-54 Rev2",,"N",,"legacyData|Did not meet quality audit requirements for analysis audit|acidTreatmentSOPNotFollowed"
"408c5a79-0290-4654-b036-ca701cbf6df5","D05","CRAM","CRAM.AOS.buoy.c0","2015-07-13","CRAM.20150713.PHYTOPLANKTON.3",,"condition ok","Academy of Natural Sciences of Drexel University","2016-06-07","OKgcKejxXbI=","CN","2",,25,100,,,,,,,,"carbon",389.39,"microgramsPerLiter","ANSP P-16-54 Rev2",,"N",,"legacyData|Did not meet quality audit requirements for analysis audit|acidTreatmentSOPNotFollowed"
"ccb2e502-7399-4646-aa03-caa5c2fa9bbf","D05","CRAM","CRAM.AOS.buoy.c0","2015-07-13","CRAM.20150713.PHYTOPLANKTON.3",,"condition ok","Academy of Natural Sciences of Drexel University","2016-06-07","OKgcKejxXbI=","CN","1",,25,100,,,,,,,,"nitrogen",65.77,"microgramsPerLiter","ANSP P-16-54 Rev2",,,,"legacyData|Did not meet quality audit requirements for analysis audit"
"406056f3-aeb6-46f2-a4e0-1eee697a53b3","D05","CRAM","CRAM.AOS.buoy.c0","2015-07-13","CRAM.20150713.PHYTOPLANKTON.3",,"condition ok","Academy of Natural Sciences of Drexel University","2016-05-06","Txt9C5i/u7k=","chlorophyll/pheophytin","2",,25,100,,,,,,,,"chlorophyll a",,"microgramsPerLiter","ANSP P-16-92 Rev2",,,,"legacyData|Did not meet quality audit requirements for analysis audit"
"474c9ab7-2dff-4011-a3ef-c1129fe267dc","D05","CRAM","CRAM.AOS.buoy.c0","2015-07-13","CRAM.20150713.PHYTOPLANKTON.3",,"condition ok","Academy of Natural Sciences of Drexel University","2016-05-06","Txt9C5i/u7k=","chlorophyll/pheophytin","1",,25,100,,,,,,,,"pheophytin",,"microgramsPerLiter","ANSP P-16-92 Rev2",,,,"legacyData|Did not meet quality audit requirements for analysis audit"
"8de281a0-17fd-47d3-84d5-5077cffc6f01","D05","CRAM","CRAM.AOS.buoy.c0","2015-07-13","CRAM.20150713.PHYTOPLANKTON.3",,"condition ok","Academy of Natural Sciences of Drexel University","2017-03-28","OKgcKejxXbI=","13C15N","1",,25,100,,,,,,,,"d15N",5.29,"perMill","ANSP P-16-202 Rev0",,,,"legacyData|Did not meet quality audit requirements for analysis audit"
"0c352d67-c0e3-45f8-9846-57f497aee12c","D05","CRAM","CRAM.AOS.riparian.point.03","2015-07-13","CRAM.20150713.EPIXYLON.2",,"other (specify in remarks)","Academy of Natural Sciences of Drexel University","2016-06-07","OKgcKejxXbI=","CN","1",,25,100,,,,,,,,"nitrogen",,"microgramsPerLiter","ANSP P-16-54 Rev2",,,"samples not included replicate 2; station 3 C/N samples lost","legacyData|Did not meet quality audit requirements for analysis audit"
"7a3f8c98-e7b2-40b6-805e-bda2b2d75fdd","D05","CRAM","CRAM.AOS.riparian.point.09","2015-07-13","CRAM.20150713.EPIXYLON.5",,"condition ok","Academy of Natural Sciences of Drexel University","2017-03-08","OKgcKejxXbI=","13C15N","1",10,25,25,,,,,,,,"d15N",4.99,"perMill","ANSP P-16-202 Rev0",,,,"legacyData|Did not meet quality audit requirements for analysis audit"
"3e1942ea-3120-4d88-a65d-663ab01afd1b","D05","CRAM","CRAM.AOS.riparian.point.05","2015-07-13","CRAM.20150713.EPIXYLON.3",,"condition ok","Academy of Natural Sciences of Drexel University","2017-03-08","OKgcKejxXbI=","13C15N","2",6,25,25,,,,,,,,"d15N",6.01,"perMill","ANSP P-16-202 Rev0",,,,"legacyData|Did not meet quality audit requirements for analysis audit"
"49f993ea-cd57-426c-a4fd-1df592fac684","D05","CRAM","CRAM.AOS.riparian.point.05","2015-07-13","CRAM.20150713.EPIXYLON.3",,"condition ok","Academy of Natural Sciences of Drexel University","2016-05-06","Txt9C5i/u7k=","chlorophyll/pheophytin","2",5,25,100,,,,,,,,"pheophytin",,"microgramsPerLiter","ANSP P-16-92 Rev2",,,,"legacyData|Did not meet quality audit requirements for analysis audit"
"9c660604-444e-4ec3-83a1-76cc91ae3829","D05","CRAM","CRAM.AOS.riparian.point.09","2015-07-13","CRAM.20150713.EPIXYLON.5",,"condition ok","Academy of Natural Sciences of Drexel University","2017-03-08","OKgcKejxXbI=","13C15N","2",10,25,25,,,,,,,,"d13C",-25.80,"perMill","ANSP P-16-202 Rev0",,"N",,"legacyData|Did not meet quality audit requirements for analysis audit|acidTreatmentSOPNotFollowed"
"ccd18cca-e150-46eb-8c4f-c64163836202","D05","CRAM","CRAM.AOS.riparian.point.07","2015-07-13","CRAM.20150713.EPIXYLON.4",,"condition ok","Academy of Natural Sciences of Drexel University","2016-05-06","Txt9C5i/u7k=","chlorophyll/pheophytin","2",5,25,100,,,,,,,,"pheophytin",,"microgramsPerLiter","ANSP P-16-92 Rev2",,,,"legacyData|Did not meet quality audit requirements for analysis audit"
"860effa4-2807-4663-be92-bd5f54d70f0c","D05","CRAM","CRAM.AOS.riparian.point.07","2015-07-13","CRAM.20150713.EPIXYLON.4",,"other (specify in remarks)","Academy of Natural Sciences of Drexel University","2016-05-06","Txt9C5i/u7k=","chlorophyll/pheophytin","1",5,25,100,,,,,,,,"pheophytin",,"microgramsPerLiter","ANSP P-16-92 Rev2",,,"poorly folded; filter double wrapped with another filter; sample leakage","legacyData|Did not meet quality audit requirements for analysis audit"
"21460f07-3391-482b-b3f8-fd020303d736","D05","CRAM","CRAM.AOS.riparian.point.03","2015-07-13","CRAM.20150713.EPIXYLON.2",,"other (specify in remarks)","Academy of Natural Sciences of Drexel University","2016-06-16","+IoRzddUq5A=","P","1",,25,100,,,,,,,,"phosphorus",,"microgramsPerLiter","ANSP P-16-114 Rev2; ANSP P-16_95 Rev3",,,"replicate 2; station 3 P sample lost","legacyData|Did not meet quality audit requirements for analysis audit"
"ea83058d-4af8-47fa-a0bb-3741b112dff5","D05","CRAM","CRAM.AOS.riparian.point.05","2015-07-13","CRAM.20150713.EPIXYLON.3",,"condition ok","Academy of Natural Sciences of Drexel University","2016-06-07","OKgcKejxXbI=","CN","2",5,25,100,,,,,,,,"nitrogen",15493.05,"microgramsPerLiter","ANSP P-16-54 Rev2",,,,"legacyData|Did not meet quality audit requirements for analysis audit"
"a4c28be2-c7e3-436f-82ac-1ac840a7c189","D05","CRAM","CRAM.AOS.riparian.point.07","2015-07-13","CRAM.20150713.EPIXYLON.4",,"condition ok","Academy of Natural Sciences of Drexel University","2016-06-07","OKgcKejxXbI=","CN","2",5,25,100,,,,,,,,"carbon",143039.05,"microgramsPerLiter","ANSP P-16-54 Rev2",,"N",,"legacyData|Did not meet quality audit requirements for analysis audit|acidTreatmentSOPNotFollowed"
"eb942bbd-48ca-4303-917c-b7ad169abd62","D05","CRAM","CRAM.AOS.riparian.point.07","2015-07-13","CRAM.20150713.EPIXYLON.4",,"other (specify in remarks)","Academy of Natural Sciences of Drexel University","2016-05-06","Txt9C5i/u7k=","chlorophyll/pheophytin","1",5,25,100,,,,,,,,"chlorophyll a",,"microgramsPerLiter","ANSP P-16-92 Rev2",,,"poorly folded; filter double wrapped with another filter; sample leakage","legacyData|Did not meet quality audit requirements for analysis audit"
"5a290d81-07d7-4704-ae99-0e03f522cf6a","D05","CRAM","CRAM.AOS.riparian.point.03","2015-07-13","CRAM.20150713.EPIXYLON.2",,"condition ok","Academy of Natural Sciences of Drexel University","2016-05-06","Txt9C5i/u7k=","chlorophyll/pheophytin","2",5,25,100,,,,,,,,"chlorophyll a",,"microgramsPerLiter","ANSP P-16-92 Rev2",,,,"legacyData|Did not meet quality audit requirements for analysis audit"
"40a557c3-e934-466a-84ab-33fa26382571","D05","CRAM","CRAM.AOS.riparian.point.07","2015-07-13","CRAM.20150713.EPIXYLON.4",,"condition ok","Academy of Natural Sciences of Drexel University","2017-03-08","OKgcKejxXbI=","13C15N","1",10,25,25,,,,,,,,"d15N",4.98,"perMill","ANSP P-16-202 Rev0",,,,"legacyData|Did not meet quality audit requirements for analysis audit"
"b6b74fc3-5fc7-4f9b-badc-8fe4c7a73692","D05","CRAM","CRAM.AOS.riparian.point.09","2015-07-13","CRAM.20150713.EPIXYLON.5",,"condition ok","Academy of Natural Sciences of Drexel University","2016-05-06","Txt9C5i/u7k=","chlorophyll/pheophytin","1",5,25,100,,,,,,,,"pheophytin",,"microgramsPerLiter","ANSP P-16-92 Rev2",,,,"legacyData|Did not meet quality audit requirements for analysis audit"
"18bf73b3-7beb-4d68-b392-9b214d24545a","D05","CRAM","CRAM.AOS.riparian.point.05","2015-07-13","CRAM.20150713.EPIXYLON.3",,"condition ok","Academy of Natural Sciences of Drexel University","2016-06-07","OKgcKejxXbI=","CN","1",5,25,100,,,,,,,,"nitrogen",22310.30,"microgramsPerLiter","ANSP P-16-54 Rev2",,,,"legacyData|Did not meet quality audit requirements for analysis audit"
"f001e0d8-1dd9-4718-a094-bab11ed7511e","D05","CRAM","CRAM.AOS.riparian.point.01","2015-07-13","CRAM.20150713.EPIXYLON.1",,"condition ok","Academy of Natural Sciences of Drexel University","2017-03-08","OKgcKejxXbI=","13C15N","2",10,25,25,,,,,,,,"d15N",2.29,"perMill","ANSP P-16-202 Rev0",,,,"legacyData|Did not meet quality audit requirements for analysis audit"
"d7c382a2-b111-4cb9-a505-13a16c35f050","D05","CRAM","CRAM.AOS.riparian.point.05","2015-07-13","CRAM.20150713.EPIXYLON.3",,"condition ok","Academy of Natural Sciences of Drexel University","2016-06-16","+IoRzddUq5A=","P","1",5,25,100,,,,,,,,"phosphorus",940.00,"microgramsPerLiter","ANSP P-16-114 Rev2; ANSP P-16_95 Rev3",,,,"legacyData|Did not meet quality audit requirements for analysis audit"
"015c7179-9aae-4aea-8e74-3eee40adc474","D05","CRAM","CRAM.AOS.riparian.point.05","2015-07-13","CRAM.20150713.EPIXYLON.3",,"condition ok","Academy of Natural Sciences of Drexel University","2017-03-08","OKgcKejxXbI=","13C15N","1",6,25,25,,,,,,,,"d34S",4.46,"perMill","SO2 EA-combustion-IRMS method",,,,"legacyData|Did not meet quality audit requirements for analysis audit"
"f3b825f1-9b54-479e-96eb-8f531223aee1","D05","CRAM","CRAM.AOS.riparian.point.07","2015-07-13","CRAM.20150713.EPIXYLON.4",,"other (specify in remarks)","Academy of Natural Sciences of Drexel University","2016-06-07","OKgcKejxXbI=","CN","1",5,25,100,,,,,,,,"carbon",194007.74,"microgramsPerLiter","ANSP P-16-54 Rev2",,"N","folded poorly; sample leakage","legacyData|Did not meet quality audit requirements for analysis audit|acidTreatmentSOPNotFollowed"
"4c6f8ec6-4cbc-429d-99e3-7970e63dfa98","D05","CRAM","CRAM.AOS.riparian.point.03","2015-07-13","CRAM.20150713.EPIXYLON.2",,"other (specify in remarks)","Academy of Natural Sciences of Drexel University","2016-06-07","OKgcKejxXbI=","CN","2",,25,100,,,,,,,,"nitrogen",,"microgramsPerLiter","ANSP P-16-54 Rev2",,,"samples not included replicate 2; station 3 C/N samples lost","legacyData|Did not meet quality audit requirements for analysis audit"
"2215e449-51ce-4b35-aa66-0f1bdbdbcd8a","D05","CRAM","CRAM.AOS.riparian.point.09","2015-07-13","CRAM.20150713.EPIXYLON.5",,"condition ok","Academy of Natural Sciences of Drexel University","2016-05-06","Txt9C5i/u7k=","chlorophyll/pheophytin","2",5,25,100,,,,,,,,"pheophytin",,"microgramsPerLiter","ANSP P-16-92 Rev2",,,,"legacyData|Did not meet quality audit requirements for analysis audit"
"8830493c-c5c3-4ed5-a729-eae61f8f3fae","D05","CRAM","CRAM.AOS.riparian.point.07","2015-07-13","CRAM.20150713.EPIXYLON.4",,"condition ok","Academy of Natural Sciences of Drexel University","2017-03-08","OKgcKejxXbI=","13C15N","2",10,25,25,,,,,,,,"d15N",5.02,"perMill","ANSP P-16-202 Rev0",,,,"legacyData|Did not meet quality audit requirements for analysis audit"
"a5fc66a6-fb9d-4d44-a631-8422a3f95394","D05","CRAM","CRAM.AOS.riparian.point.01","2015-07-13","CRAM.20150713.EPIXYLON.1",,"condition ok","Academy of Natural Sciences of Drexel University","2016-06-07","OKgcKejxXbI=","CN","2",5,25,100,,,,,,,,"carbon",269856.45,"microgramsPerLiter","ANSP P-16-54 Rev2",,"N",,"legacyData|Did not meet quality audit requirements for analysis audit|acidTreatmentSOPNotFollowed"
"ae82efbe-2b13-4383-afdf-9ce6fa135663","D05","CRAM","CRAM.AOS.riparian.point.07","2015-07-13","CRAM.20150713.EPIXYLON.4",,"condition ok","Academy of Natural Sciences of Drexel University","2017-03-08","OKgcKejxXbI=","13C15N","1",10,25,25,,,,,,,,"d34S",4.96,"perMill","SO2 EA-combustion-IRMS method",,,,"legacyData|Did not meet quality audit requirements for analysis audit"
"44cf00bb-c6f8-44c7-bfc9-7078b69e384d","D05","CRAM","CRAM.AOS.riparian.point.03","2015-07-13","CRAM.20150713.EPIXYLON.2",,"other (specify in remarks)","Academy of Natural Sciences of Drexel University","2016-06-07","OKgcKejxXbI=","CN","2",,25,100,,,,,,,,"carbon",,"microgramsPerLiter","ANSP P-16-54 Rev2",,"N","samples not included replicate 2; station 3 C/N samples lost","legacyData|Did not meet quality audit requirements for analysis audit|acidTreatmentSOPNotFollowed"
"6d04566e-734d-4310-94c6-53ba07a180e2","D05","CRAM","CRAM.AOS.riparian.point.09","2015-07-13","CRAM.20150713.EPIXYLON.5",,"condition ok","Academy of Natural Sciences of Drexel University","2017-03-08","OKgcKejxXbI=","13C15N","2",10,25,25,,,,,,,,"d15N",3.15,"perMill","ANSP P-16-202 Rev0",,,,"legacyData|Did not meet quality audit requirements for analysis audit"
"d14eab53-ca35-4057-b451-e2ed382eca22","D05","CRAM","CRAM.AOS.riparian.point.03","2015-07-13","CRAM.20150713.EPIXYLON.2",,"condition ok","Academy of Natural Sciences of Drexel University","2016-05-06","Txt9C5i/u7k=","chlorophyll/pheophytin","2",5,25,100,,,,,,,,"pheophytin",,"microgramsPerLiter","ANSP P-16-92 Rev2",,,,"legacyData|Did not meet quality audit requirements for analysis audit"
"6a2060f9-f7d5-4f9e-9f7d-f71393049194","D05","CRAM","CRAM.AOS.riparian.point.01","2015-07-13","CRAM.20150713.EPIXYLON.1",,"condition ok","Academy of Natural Sciences of Drexel University","2016-05-06","Txt9C5i/u7k=","chlorophyll/pheophytin","1",5,25,100,,,,,,,,"chlorophyll a",,"microgramsPerLiter","ANSP P-16-92 Rev2",,,,"legacyData|Did not meet quality audit requirements for analysis audit"
"ba2a8f50-b240-449a-afe0-ffaf763e2d3b","D05","CRAM","CRAM.AOS.riparian.point.09","2015-07-13","CRAM.20150713.EPIXYLON.5",,"condition ok","Academy of Natural Sciences of Drexel University","2016-06-07","OKgcKejxXbI=","CN","2",5,25,100,,,,,,,,"carbon",584553.53,"microgramsPerLiter","ANSP P-16-54 Rev2",,"N",,"legacyData|Did not meet quality audit requirements for analysis audit|acidTreatmentSOPNotFollowed"
"2c61bae0-4f34-42b8-be04-165ca33141dd","D05","CRAM","CRAM.AOS.riparian.point.09","2015-07-13","CRAM.20150713.EPIXYLON.5",,"condition ok","Academy of Natural Sciences of Drexel University","2016-06-16","+IoRzddUq5A=","P","1",5,25,100,,,,,,,,"phosphorus",990.80,"microgramsPerLiter","ANSP P-16-114 Rev2; ANSP P-16_95 Rev3",,,,"legacyData|Did not meet quality audit requirements for analysis audit"
"c0624b2c-e94a-4fcf-a2d0-4820c4717858","D05","CRAM","CRAM.AOS.riparian.point.05","2015-07-13","CRAM.20150713.EPIXYLON.3",,"condition ok","Academy of Natural Sciences of Drexel University","2017-03-08","OKgcKejxXbI=","13C15N","1",6,25,25,,,,,,,,"d15N",4.93,"perMill","ANSP P-16-202 Rev0",,,,"legacyData|Did not meet quality audit requirements for analysis audit"
"7e3ea18b-14c8-441b-a7cd-50e4af552af8","D05","CRAM","CRAM.AOS.riparian.point.05","2015-07-13","CRAM.20150713.EPIXYLON.3",,"condition ok","Academy of Natural Sciences of Drexel University","2016-05-06","Txt9C5i/u7k=","chlorophyll/pheophytin","1",5,25,100,,,,,,,,"pheophytin",,"microgramsPerLiter","ANSP P-16-92 Rev2",,,,"legacyData|Did not meet quality audit requirements for analysis audit"
"c3ebb0d4-78c0-4fa4-b139-3852bdb5d97f","D05","CRAM","CRAM.AOS.riparian.point.07","2015-07-13","CRAM.20150713.EPIXYLON.4",,"condition ok","Academy of Natural Sciences of Drexel University","2016-06-16","+IoRzddUq5A=","P","1",5,25,100,,,,,,,,"phosphorus",673.60,"microgramsPerLiter","ANSP P-16-114 Rev2; ANSP P-16_95 Rev3",,,,"legacyData|Did not meet quality audit requirements for analysis audit"
"1d918968-f654-4c1a-bf49-9319d5b5dbfe","D05","CRAM","CRAM.AOS.riparian.point.01","2015-07-13","CRAM.20150713.EPIXYLON.1",,"condition ok","Academy of Natural Sciences of Drexel University","2016-05-06","Txt9C5i/u7k=","chlorophyll/pheophytin","2",5,25,100,,,,,,,,"chlorophyll a",,"microgramsPerLiter","ANSP P-16-92 Rev2",,,,"legacyData|Did not meet quality audit requirements for analysis audit"
"2d3ab390-2f44-48c8-8dda-a01f6d606e12","D05","CRAM","CRAM.AOS.riparian.point.01","2015-07-13","CRAM.20150713.EPIXYLON.1",,"condition ok","Academy of Natural Sciences of Drexel University","2017-03-08","OKgcKejxXbI=","13C15N","2",10,25,25,,,,,,,,"d13C",-25.64,"perMill","ANSP P-16-202 Rev0",,"N",,"legacyData|Did not meet quality audit requirements for analysis audit|acidTreatmentSOPNotFollowed"
"b9a33c95-5149-40c3-a876-c4d8c5997fb6","D05","CRAM","CRAM.AOS.riparian.point.07","2015-07-13","CRAM.20150713.EPIXYLON.4",,"condition ok","Academy of Natural Sciences of Drexel University","2017-03-08","OKgcKejxXbI=","13C15N","2",10,25,25,,,,,,,,"d13C",-24.71,"perMill","ANSP P-16-202 Rev0",,"N",,"legacyData|Did not meet quality audit requirements for analysis audit|acidTreatmentSOPNotFollowed"
"246287ee-ca2d-429c-86b1-87b64a03c9eb","D05","CRAM","CRAM.AOS.riparian.point.01","2015-07-13","CRAM.20150713.EPIXYLON.1",,"condition ok","Academy of Natural Sciences of Drexel University","2016-06-07","OKgcKejxXbI=","CN","2",5,25,100,,,,,,,,"nitrogen",14265.93,"microgramsPerLiter","ANSP P-16-54 Rev2",,,,"legacyData|Did not meet quality audit requirements for analysis audit"
"f1edb4f8-ea97-4ec1-b788-0d9e1151b0a9","D05","CRAM","CRAM.AOS.riparian.point.09","2015-07-13","CRAM.20150713.EPIXYLON.5",,"condition ok","Academy of Natural Sciences of Drexel University","2016-06-07","OKgcKejxXbI=","CN","1",5,25,100,,,,,,,,"nitrogen",14893.07,"microgramsPerLiter","ANSP P-16-54 Rev2",,,,"legacyData|Did not meet quality audit requirements for analysis audit"
"bc5ed29a-0033-4b87-8d4b-824ca1aabf2f","D05","CRAM","CRAM.AOS.riparian.point.01","2015-07-13","CRAM.20150713.EPIXYLON.1",,"condition ok","Academy of Natural Sciences of Drexel University","2016-05-06","Txt9C5i/u7k=","chlorophyll/pheophytin","2",5,25,100,,,,,,,,"pheophytin",,"microgramsPerLiter","ANSP P-16-92 Rev2",,,,"legacyData|Did not meet quality audit requirements for analysis audit"
"0a916561-532c-4fae-aa37-020b70c84d40","D05","CRAM","CRAM.AOS.riparian.point.05","2015-07-13","CRAM.20150713.EPIXYLON.3",,"condition ok","Academy of Natural Sciences of Drexel University","2017-03-08","OKgcKejxXbI=","13C15N","1",6,25,25,,,,,,,,"d13C",-25.75,"perMill","ANSP P-16-202 Rev0",,"N",,"legacyData|Did not meet quality audit requirements for analysis audit|acidTreatmentSOPNotFollowed"
"9db6843e-913d-4b42-b4cd-33cb468d0915","D05","CRAM","CRAM.AOS.riparian.point.09","2015-07-13","CRAM.20150713.EPIXYLON.5",,"condition ok","Academy of Natural Sciences of Drexel University","2017-03-08","OKgcKejxXbI=","13C15N","1",10,25,25,,,,,,,,"d13C",-25.77,"perMill","ANSP P-16-202 Rev0",,"N",,"legacyData|Did not meet quality audit requirements for analysis audit|acidTreatmentSOPNotFollowed"
"b937eeb9-dad2-4dfe-92e5-1d41567e3159","D05","CRAM","CRAM.AOS.riparian.point.09","2015-07-13","CRAM.20150713.EPIXYLON.5",,"condition ok","Academy of Natural Sciences of Drexel University","2016-05-06","Txt9C5i/u7k=","chlorophyll/pheophytin","2",5,25,100,,,,,,,,"chlorophyll a",,"microgramsPerLiter","ANSP P-16-92 Rev2",,,,"legacyData|Did not meet quality audit requirements for analysis audit"
"14fc50ba-05b8-4e65-9a15-3cc64edc41c5","D05","CRAM","CRAM.AOS.riparian.point.03","2015-07-13","CRAM.20150713.EPIXYLON.2",,"condition ok","Academy of Natural Sciences of Drexel University","2016-05-06","Txt9C5i/u7k=","chlorophyll/pheophytin","1",5,25,100,,,,,,,,"pheophytin",,"microgramsPerLiter","ANSP P-16-92 Rev2",,,,"legacyData|Did not meet quality audit requirements for analysis audit"
"608ceb19-1fcd-4f6a-81e3-b05684a61c32","D05","CRAM","CRAM.AOS.riparian.point.01","2015-07-13","CRAM.20150713.EPIXYLON.1",,"condition ok","Academy of Natural Sciences of Drexel University","2016-06-16","+IoRzddUq5A=","P","1",5,25,100,,,,,,,,"phosphorus",902.00,"microgramsPerLiter","ANSP P-16-114 Rev2; ANSP P-16_95 Rev3",,,,"legacyData|Did not meet quality audit requirements for analysis audit"
"682a5643-b933-4798-b5bc-7fce815c9627","D05","CRAM","CRAM.AOS.riparian.point.07","2015-07-13","CRAM.20150713.EPIXYLON.4",,"condition ok","Academy of Natural Sciences of Drexel University","2016-06-07","OKgcKejxXbI=","CN","2",5,25,100,,,,,,,,"nitrogen",8438.35,"microgramsPerLiter","ANSP P-16-54 Rev2",,,,"legacyData|Did not meet quality audit requirements for analysis audit"
"46ddbfd7-cccd-49c3-9b4e-c807045137bd","D05","CRAM","CRAM.AOS.riparian.point.01","2015-07-13","CRAM.20150713.EPIXYLON.1",,"condition ok","Academy of Natural Sciences of Drexel University","2016-06-07","OKgcKejxXbI=","CN","1",5,25,100,,,,,,,,"nitrogen",17927.24,"microgramsPerLiter","ANSP P-16-54 Rev2",,,,"legacyData|Did not meet quality audit requirements for analysis audit"
"5a164c4c-64c2-43d2-b556-f708d63a4533","D05","CRAM","CRAM.AOS.riparian.point.05","2015-07-13","CRAM.20150713.EPIXYLON.3",,"condition ok","Academy of Natural Sciences of Drexel University","2016-05-06","Txt9C5i/u7k=","chlorophyll/pheophytin","1",5,25,100,,,,,,,,"chlorophyll a",,"microgramsPerLiter","ANSP P-16-92 Rev2",,,,"legacyData|Did not meet quality audit requirements for analysis audit"
"f8e01650-d18c-4624-b652-c5bfd62f49ec","D05","CRAM","CRAM.AOS.riparian.point.01","2015-07-13","CRAM.20150713.EPIXYLON.1",,"condition ok","Academy of Natural Sciences of Drexel University","2016-05-06","Txt9C5i/u7k=","chlorophyll/pheophytin","1",5,25,100,,,,,,,,"pheophytin",,"microgramsPerLiter","ANSP P-16-92 Rev2",,,,"legacyData|Did not meet quality audit requirements for analysis audit"
"c2accd2b-4dde-422f-b5ce-060e9794a2a4","D05","CRAM","CRAM.AOS.riparian.point.03","2015-07-13","CRAM.20150713.EPIXYLON.2",,"condition ok","Academy of Natural Sciences of Drexel University","2016-05-06","Txt9C5i/u7k=","chlorophyll/pheophytin","1",5,25,100,,,,,,,,"chlorophyll a",,"microgramsPerLiter","ANSP P-16-92 Rev2",,,,"legacyData|Did not meet quality audit requirements for analysis audit"
"d3b338f5-a2b1-4034-b8a4-e6108c43aeb3","D05","CRAM","CRAM.AOS.riparian.point.07","2015-07-13","CRAM.20150713.EPIXYLON.4",,"condition ok","Academy of Natural Sciences of Drexel University","2016-05-06","Txt9C5i/u7k=","chlorophyll/pheophytin","2",5,25,100,,,,,,,,"chlorophyll a",,"microgramsPerLiter","ANSP P-16-92 Rev2",,,,"legacyData|Did not meet quality audit requirements for analysis audit"
"f3b8ecd5-dbf5-46e0-9237-1e0cc6afc4f1","D05","CRAM","CRAM.AOS.riparian.point.01","2015-07-13","CRAM.20150713.EPIXYLON.1",,"condition ok","Academy of Natural Sciences of Drexel University","2017-03-08","OKgcKejxXbI=","13C15N","1",10,25,25,,,,,,,,"d34S",5.32,"perMill","SO2 EA-combustion-IRMS method",,,,"legacyData|Did not meet quality audit requirements for analysis audit"
"cc3e5756-c429-4602-b1fa-87b7fa22a229","D05","CRAM","CRAM.AOS.riparian.point.03","2015-07-13","CRAM.20150713.EPIXYLON.2",,"other (specify in remarks)","Academy of Natural Sciences of Drexel University","2016-06-07","OKgcKejxXbI=","CN","1",,25,100,,,,,,,,"carbon",,"microgramsPerLiter","ANSP P-16-54 Rev2",,"N","samples not included replicate 2; station 3 C/N samples lost","legacyData|Did not meet quality audit requirements for analysis audit|acidTreatmentSOPNotFollowed"
"1dcd9345-c96d-4ef7-8c64-7af89565f61f","D05","CRAM","CRAM.AOS.riparian.point.01","2015-07-13","CRAM.20150713.EPIXYLON.1",,"condition ok","Academy of Natural Sciences of Drexel University","2017-03-08","OKgcKejxXbI=","13C15N","1",10,25,25,,,,,,,,"d15N",3.73,"perMill","ANSP P-16-202 Rev0",,,,"legacyData|Did not meet quality audit requirements for analysis audit"
"51f30c2c-fe52-4b45-abe0-6faa5b5d82aa","D05","CRAM","CRAM.AOS.riparian.point.07","2015-07-13","CRAM.20150713.EPIXYLON.4",,"other (specify in remarks)","Academy of Natural Sciences of Drexel University","2016-06-07","OKgcKejxXbI=","CN","1",5,25,100,,,,,,,,"nitrogen",10032.02,"microgramsPerLiter","ANSP P-16-54 Rev2",,,"folded poorly; sample leakage","legacyData|Did not meet quality audit requirements for analysis audit"
"8da8b2b9-e792-48c3-beba-32d0a3002207","D05","CRAM","CRAM.AOS.riparian.point.01","2015-07-13","CRAM.20150713.EPIXYLON.1",,"condition ok","Academy of Natural Sciences of Drexel University","2017-03-08","OKgcKejxXbI=","13C15N","1",10,25,25,,,,,,,,"d13C",-24.90,"perMill","ANSP P-16-202 Rev0",,"N",,"legacyData|Did not meet quality audit requirements for analysis audit|acidTreatmentSOPNotFollowed"
"dd4cac55-e5dd-4fb0-b2a1-9d64173c405c","D05","CRAM","CRAM.AOS.riparian.point.05","2015-07-13","CRAM.20150713.EPIXYLON.3",,"condition ok","Academy of Natural Sciences of Drexel University","2016-05-06","Txt9C5i/u7k=","chlorophyll/pheophytin","2",5,25,100,,,,,,,,"chlorophyll a",,"microgramsPerLiter","ANSP P-16-92 Rev2",,,,"legacyData|Did not meet quality audit requirements for analysis audit"
"f71bae57-3e29-4c51-8878-02ba6415f2be","D05","CRAM","CRAM.AOS.riparian.point.05","2015-07-13","CRAM.20150713.EPIXYLON.3",,"condition ok","Academy of Natural Sciences of Drexel University","2017-03-08","OKgcKejxXbI=","13C15N","2",6,25,25,,,,,,,,"d13C",-25.91,"perMill","ANSP P-16-202 Rev0",,"N",,"legacyData|Did not meet quality audit requirements for analysis audit|acidTreatmentSOPNotFollowed"
"e7be365d-e96b-4a69-93a0-3f41d387a751","D05","CRAM","CRAM.AOS.riparian.point.09","2015-07-13","CRAM.20150713.EPIXYLON.5",,"condition ok","Academy of Natural Sciences of Drexel University","2017-03-08","OKgcKejxXbI=","13C15N","1",10,25,25,,,,,,,,"d34S",5.29,"perMill","SO2 EA-combustion-IRMS method",,,,"legacyData|Did not meet quality audit requirements for analysis audit"
"a8c2547f-c33e-4051-b41a-e5184278982a","D05","CRAM","CRAM.AOS.riparian.point.09","2015-07-13","CRAM.20150713.EPIXYLON.5",,"condition ok","Academy of Natural Sciences of Drexel University","2016-06-07","OKgcKejxXbI=","CN","1",5,25,100,,,,,,,,"carbon",590435.24,"microgramsPerLiter","ANSP P-16-54 Rev2",,"N",,"legacyData|Did not meet quality audit requirements for analysis audit|acidTreatmentSOPNotFollowed"
"54fdd5c2-821a-44df-98ec-0337fdd63e7c","D05","CRAM","CRAM.AOS.riparian.point.09","2015-07-13","CRAM.20150713.EPIXYLON.5",,"condition ok","Academy of Natural Sciences of Drexel University","2016-05-06","Txt9C5i/u7k=","chlorophyll/pheophytin","1",5,25,100,,,,,,,,"chlorophyll a",,"microgramsPerLiter","ANSP P-16-92 Rev2",,,,"legacyData|Did not meet quality audit requirements for analysis audit"
"f8ddb4c7-4793-4ff1-9838-b7298aa512d4","D05","CRAM","CRAM.AOS.riparian.point.07","2015-07-13","CRAM.20150713.EPIXYLON.4",,"condition ok","Academy of Natural Sciences of Drexel University","2017-03-08","OKgcKejxXbI=","13C15N","1",10,25,25,,,,,,,,"d13C",-24.45,"perMill","ANSP P-16-202 Rev0",,"N",,"legacyData|Did not meet quality audit requirements for analysis audit|acidTreatmentSOPNotFollowed"
"1456c271-3ba5-4846-ad1d-622b6fb82a3b","D05","CRAM","CRAM.AOS.riparian.point.01","2015-07-13","CRAM.20150713.EPIXYLON.1",,"condition ok","Academy of Natural Sciences of Drexel University","2016-06-07","OKgcKejxXbI=","CN","1",5,25,100,,,,,,,,"carbon",361078.70,"microgramsPerLiter","ANSP P-16-54 Rev2",,"N",,"legacyData|Did not meet quality audit requirements for analysis audit|acidTreatmentSOPNotFollowed"
"79887fa5-9feb-4797-9edb-11037e54ad67","D05","CRAM","CRAM.AOS.riparian.point.09","2015-07-13","CRAM.20150713.EPIXYLON.5",,"condition ok","Academy of Natural Sciences of Drexel University","2016-06-07","OKgcKejxXbI=","CN","2",5,25,100,,,,,,,,"nitrogen",14168.57,"microgramsPerLiter","ANSP P-16-54 Rev2",,,,"legacyData|Did not meet quality audit requirements for analysis audit"
"1b9816e1-bb85-42af-9b25-b830c6369e3d","D05","CRAM","CRAM.AOS.riparian.point.05","2015-07-13","CRAM.20150713.EPIXYLON.3",,"condition ok","Academy of Natural Sciences of Drexel University","2016-06-07","OKgcKejxXbI=","CN","1",5,25,100,,,,,,,,"carbon",282245.21,"microgramsPerLiter","ANSP P-16-54 Rev2",,"N",,"legacyData|Did not meet quality audit requirements for analysis audit|acidTreatmentSOPNotFollowed"
"ebb4f82a-a8bc-4d89-bd3d-1f95318cb3b0","D05","CRAM","CRAM.AOS.riparian.point.05","2015-07-13","CRAM.20150713.EPIXYLON.3",,"condition ok","Academy of Natural Sciences of Drexel University","2016-06-07","OKgcKejxXbI=","CN","2",5,25,100,,,,,,,,"carbon",315727.75,"microgramsPerLiter","ANSP P-16-54 Rev2",,"N",,"legacyData|Did not meet quality audit requirements for analysis audit|acidTreatmentSOPNotFollowed"
