uid,domainID,siteID,namedLocation,date,eventID,sampleDepth,waterTemp,specificConductance,dissolvedOxygen,dissolvedOxygenSaturation,dataQF
"5dc85204-2d31-4f1c-abec-6eb2fcac079f","D03","BARC","BARC.AOS.buoy.c0","2014-01-11T17:00Z","BARC.c0.20140111",0.5,15.3,66.5,,92.3,
"60bd298b-3421-4b52-a5e9-7602001f7520","D03","BARC","BARC.AOS.buoy.c0","2014-01-11T17:00Z","BARC.c0.20140111",2.0,15.4,67.0,,89.8,
"bbfa2ee2-e157-4164-927e-20fe1e49af95","D03","BARC","BARC.AOS.buoy.c0","2014-01-11T17:00Z","BARC.c0.20140111",4.0,15.3,66.9,,90.8,
"f90659b9-da33-4e1a-94d5-8d85ec67bbb4","D03","BARC","BARC.AOS.buoy.c0","2014-01-11T17:00Z","BARC.c0.20140111",3.5,15.3,66.9,,93.3,
"50d5aa70-fa3f-4fec-8814-b0b8890dc1cc","D03","BARC","BARC.AOS.buoy.c0","2014-01-11T17:00Z","BARC.c0.20140111",3.0,15.3,67.0,,89.9,
"cc14bfae-e619-478d-a9f2-35ad2e999b95","D03","BARC","BARC.AOS.buoy.c0","2014-01-11T17:00Z","BARC.c0.20140111",1.0,15.3,67.0,,88.9,
"c8127db5-cabe-4e46-bbe6-1f7050add81e","D03","BARC","BARC.AOS.buoy.c0","2014-01-11T17:00Z","BARC.c0.20140111",1.5,15.3,66.3,,93.1,
"65bf825a-f416-4c6a-ae73-28d318966574","D03","BARC","BARC.AOS.buoy.c0","2014-01-11T17:00Z","BARC.c0.20140111",2.5,15.4,66.9,,92.0,
