uid,domainID,siteID,namedLocation,collectDate,parentSampleID,sampleCondition,sampleID,replicateNumber,processedDate,processedDateFilters,sampleVolumeFiltered,shipmentTimeRange,filtSampleCond,filtSampleID,filtSampleCode,filtNutSampleCond,filtNutSampleID,filtNutSampleBarcode,rawSampleCond,rawSampleID,rawSampleCode,rawNutSampleCond,rawNutSampleID,rawNutSampleBarcode,pcnSampleCond,pcnSampleID,pcnSampleCode,fieldDataQF
"45037c29-21e7-441b-a49e-8006b756f35c","D05","CRAM","CRAM.AOS.buoy.c1","2021-10-05T14:59Z","CRAM.C1.20211005","Sample condition ok","CRAM.C1.20211005",1,"2021-10-05T17:53Z",,,"within 24 hours of collection","Sample condition ok","CRAM.C1.20211005.FIL","A00000208312","Sample condition ok","CRAM.C1.20211005.FIL.NUT","B00000082825","Sample condition ok","CRAM.C1.20211005.RAW","A00000208294","Sample condition ok","CRAM.C1.20211005.RAW.NUT","B00000082824",,,,
"30350a6a-7e7c-437f-91f9-eb95a1745486","D05","CRAM","CRAM.AOS.buoy.c2","2021-10-05T15:16Z","CRAM.C2.20211005","Sample condition ok","CRAM.C2.20211005",1,"2021-10-05T17:58Z",,,"within 24 hours of collection","Sample condition ok","CRAM.C2.20211005.FIL","A00000208287","Sample condition ok","CRAM.C2.20211005.FIL.NUT","B00000082823","Sample condition ok","CRAM.C2.20211005.RAW","A00000208290","Sample condition ok","CRAM.C2.20211005.RAW.NUT","B00000082822",,,,
"53144c58-e8c4-4ece-a534-888400ac8d35","D05","CRAM","CRAM.AOS.buoy.c1","2021-10-19T15:57Z","CRAM.C1.20211019","Sample condition ok","CRAM.C1.20211019",1,"2021-10-19T17:15Z",,,"within 24 hours of collection","Sample condition ok","CRAM.C1.20211019.FIL","A00000208285","Sample condition ok","CRAM.C1.20211019.FIL.NUT","B00000082959","Sample condition ok","CRAM.C1.20211019.RAW","A00000208295","Sample condition ok","CRAM.C1.20211019.RAW.NUT","B00000082964",,,,
"c04dc46f-319a-4362-9179-9ed8b64359ed","D05","CRAM","CRAM.AOS.buoy.c2","2021-10-19T16:00Z","CRAM.C2.20211019","Sample condition ok","CRAM.C2.20211019",1,"2021-10-19T17:16Z",,,"within 24 hours of collection","Sample condition ok","CRAM.C2.20211019.FIL","A00000208310","Sample condition ok","CRAM.C2.20211019.FIL.NUT","B00000082965","Sample condition ok","CRAM.C2.20211019.RAW","A00000208297","Sample condition ok","CRAM.C2.20211019.RAW.NUT","B00000082956",,,,
