uid,domainID,siteID,namedLocation,collectDate,parentSampleID,parentSampleCode,isotopePOMRep2SampleCond,isotopePOMRep2SampleID,isotopePOMRep2SampleCode,isotopePOMSampleCond,isotopePOMSampleID,isotopePOMSampleCode,processedDateFilters,sampleVolumeFilteredPOMRep1,sampleVolumeFilteredPOMRep2,fieldDataQF
"a0a1526a-d49b-4de8-9994-3005d0113227","D05","CRAM","CRAM.AOS.buoy.c1","2021-10-05T14:59Z","CRAM.C1.20211005",,"Sample condition ok","CRAM.C1.20211005.POM.2","A00000208262","Sample condition ok","CRAM.C1.20211005.POM.1","A00000208261","2021-10-05T16:55Z",150,150,
"577e389d-6e4f-4cd9-b360-72ecdb491bad","D05","CRAM","CRAM.AOS.buoy.c2","2021-10-05T15:16Z","CRAM.C2.20211005",,"Sample condition ok","CRAM.C2.20211005.POM.2","A00000208264","Sample condition ok","CRAM.C2.20211005.POM.1","A00000208263","2021-10-05T17:01Z",100,100,
"288e60bf-cbda-41cf-b8a3-be52e5485004","D05","CRAM","CRAM.AOS.buoy.c1","2021-10-19T15:57Z","CRAM.C1.20211019",,"Sample condition ok","CRAM.C1.20211019.POM.2","A00000208266","Sample condition ok","CRAM.C1.20211019.POM.1","A00000208265","2021-10-19T17:14Z",150,150,
"8cd2768e-ca47-4f50-bda9-f86aa6d38357","D05","CRAM","CRAM.AOS.buoy.c2","2021-10-19T16:00Z","CRAM.C2.20211019",,"Sample condition ok","CRAM.C2.20211019.POM.2","A00000208268","Sample condition ok","CRAM.C2.20211019.POM.1","A00000208273","2021-10-19T17:18Z",100,100,
