uid,domainID,siteID,namedLocation,decimalLatitude,decimalLongitude,coordinateUncertainty,additionalCoordUncertainty,elevation,elevationUncertainty,geodeticDatum,altLocation,altLatitude,altLongitude,altCoordinateUncertainty,altGeodeticDatum,collectDate,aquaticSiteType,samplingImpractical,waterChemSamplesCollected,parentSampleID,eventID,samplerType,dissolvedOxygen,dissolvedOxygenSaturation,specificConductance,waterTemp,swcSamplingProtocolVersion,lowerSegmentDepth,upperSegmentDepth,maxDepth,lakeSampleDepth1,lakeSampleDepth2,aCollectedBy,bCollectedBy,remarks,fieldDataQF
"baebb9fb-d491-4dfa-84e3-af7ba6b98770","D05","CRAM","CRAM.AOS.buoy.c1",46.210592,-89.476861,10.0,10.0,509.0,10.0,"WGS84",,,,,,"2021-10-05T14:59Z","lake",,"Y","CRAM.C1.20211005","CRAM.20211005","Kemmerer",8.31,87.40,10.40,17.80,"NEON.DOC.002905vG",5.0,0.0,16.0,0.5,,"0000-0003-1075-1249","0000-0002-0599-3609",,
"c6f61fa3-a328-4dcc-afb3-d040c5b0b922","D05","CRAM","CRAM.AOS.buoy.c2",46.210592,-89.476861,10.0,10.0,509.0,10.0,"WGS84",,,,,,"2021-10-05T15:16Z","lake",,"Y","CRAM.C2.20211005","CRAM.20211005","Kemmerer",0.08,0.60,16.20,5.90,"NEON.DOC.002905vG",16.0,9.0,16.0,10.8,14.3,"0000-0003-1075-1249","0000-0002-0599-3609",,
"c599a21b-9604-4914-a219-5124393fab02","D05","CRAM","CRAM.AOS.buoy.c1",46.210592,-89.476861,10.0,10.0,509.0,10.0,"WGS84",,,,,,"2021-10-19T15:57Z","lake",,"Y","CRAM.C1.20211019","CRAM.20211019","Kemmerer",8.29,80.30,10.60,14.00,"NEON.DOC.002905vG",6.0,0.0,15.9,0.5,,"0000-0003-1075-1249","0000-0002-0599-3609",,
"a4f4c0fa-bdda-4835-aff1-e5dfb3b6206a","D05","CRAM","CRAM.AOS.buoy.c2",46.210592,-89.476861,10.0,10.0,509.0,10.0,"WGS84",,,,,,"2021-10-19T16:00Z","lake",,"Y","CRAM.C2.20211019","CRAM.20211019","Kemmerer",0.06,0.50,16.20,6.10,"NEON.DOC.002905vG",15.9,9.0,15.9,10.7,14.2,"0000-0003-1075-1249","0000-0002-0599-3609",,
