uid,domainID,siteID,namedLocation,date,eventID,sampleDepth,waterTemp,specificConductance,dissolvedOxygen,dissolvedOxygenSaturation,dataQF
"54fabf1f-6544-48f1-8478-bed761294708","D18","TOOK","TOOK.AOS.buoy.c0","2021-05-04T18:55Z","TOOK.c0.20210504",10.0,2.7,132.3,9.8,71.5,
"0e32c276-4c99-4104-b88b-bbdfc289e359","D18","TOOK","TOOK.AOS.buoy.c0","2021-05-04T18:55Z","TOOK.c0.20210504",20.0,3.0,206.3,2.8,21.2,
"72bf4f5f-ac52-4e50-9c31-3565dc8491e1","D18","TOOK","TOOK.AOS.buoy.c0","2021-05-04T18:55Z","TOOK.c0.20210504",5.0,2.2,128.6,9.9,71.6,
"aae6b74a-1455-4200-a56e-d3da1314cfd8","D18","TOOK","TOOK.AOS.buoy.c0","2021-05-04T18:55Z","TOOK.c0.20210504",0.5,0.5,146.2,11.7,80.8,
"1d9f6cd9-5343-4973-8008-59a32408ca35","D18","TOOK","TOOK.AOS.buoy.c0","2021-05-04T18:55Z","TOOK.c0.20210504",15.0,2.4,137.5,9.6,70.3,
