uid,domainID,siteID,namedLocation,sampleID,sampleCode,startDate,collectDate,laboratoryName,analyte,analyteConcentration,analyteUnits,coolerTemp,remarks,shipmentWarmQF,externalLabDataQF,sampleCondition
"854454e8-5265-427d-b6b6-f3d36079dbbf","D05","LIRO","LIRO.AOS.buoy.c0","LIRO.C0.20200303.POM.1","A00000201600","2020-03-03T19:05Z","2020-03-03T19:05Z","SIRFER Lab at University of Utah","TPC",370.3515,"microgramsPerLiter",,,-1,,"OK"
"e04a3724-33f8-44fa-a600-6de87cdc8476","D05","LIRO","LIRO.AOS.buoy.c0","LIRO.C0.20200303.POM.1","A00000201600","2020-03-03T19:05Z","2020-03-03T19:05Z","SIRFER Lab at University of Utah","TPN",52.5879,"microgramsPerLiter",,,-1,,"OK"
"7dec5aea-f866-4af4-820c-c263513112ac","D05","LIRO","LIRO.AOS.buoy.c0","LIRO.C0.20200303.FIL","A00000201598","2020-03-03T19:05Z","2020-03-03T19:05Z","EcoCore_CSU","Ortho - P",0.0040,"milligramsPerLiter",1.7,,0,,"OK"
"3412b75a-e6c4-4877-be10-2762909c11ba","D05","LIRO","LIRO.AOS.buoy.c0","LIRO.C0.20200303.FIL","A00000201598","2020-03-03T19:05Z","2020-03-03T19:05Z","EcoCore_CSU","NH4 - N",0.0022,"milligramsPerLiter",1.7,,0,,"OK"
"ec199b24-3c85-40b2-89d3-9c9963b71dfe","D05","LIRO","LIRO.AOS.buoy.c0","LIRO.C0.20200303.FIL","A00000201598","2020-03-03T19:05Z","2020-03-03T19:05Z","EcoCore_CSU","NO3+NO2 - N",0.0951,"milligramsPerLiter",1.7,,0,,"OK"
"ac9222ff-8647-4a67-afa3-1444883ce1f9","D05","LIRO","LIRO.AOS.buoy.c0","LIRO.C0.20200303.FIL","A00000201598","2020-03-03T19:05Z","2020-03-03T19:05Z","EcoCore_CSU","Br",0.0050,"milligramsPerLiter",1.7,,0,,"OK"
"e3466883-25ce-4a1b-9c11-1aa961c63a46","D05","LIRO","LIRO.AOS.buoy.c0","LIRO.C0.20200303.FIL","A00000201598","2020-03-03T19:05Z","2020-03-03T19:05Z","EcoCore_CSU","Mg",0.3100,"milligramsPerLiter",1.7,,0,,"OK"
"016991a4-dbff-43f3-b3fe-a28045270b96","D05","LIRO","LIRO.AOS.buoy.c0","LIRO.C0.20200303.FIL","A00000201598","2020-03-03T19:05Z","2020-03-03T19:05Z","EcoCore_CSU","TDP",0.0090,"milligramsPerLiter",1.7,,0,,"OK"
"2d7531eb-7c11-4491-91c6-7c1826f34570","D05","LIRO","LIRO.AOS.buoy.c0","LIRO.C0.20200303.FIL","A00000201598","2020-03-03T19:05Z","2020-03-03T19:05Z","EcoCore_CSU","Cl",0.2100,"milligramsPerLiter",1.7,,0,,"OK"
"86a1e3fa-e184-44fd-8534-5db3f8ce07ef","D05","LIRO","LIRO.AOS.buoy.c0","LIRO.C0.20200303.FIL","A00000201598","2020-03-03T19:05Z","2020-03-03T19:05Z","EcoCore_CSU","Na",0.6030,"milligramsPerLiter",1.7,,0,,"OK"
"2a8bdcc7-6d09-4311-9dbc-aa802443bf87","D05","LIRO","LIRO.AOS.buoy.c0","LIRO.C0.20200303.FIL","A00000201598","2020-03-03T19:05Z","2020-03-03T19:05Z","EcoCore_CSU","HCO3",6.0200,"milligramsPerLiter",1.7,,0,,"OK"
"cc31df89-140d-42af-97d0-ae344e0703f3","D05","LIRO","LIRO.AOS.buoy.c0","LIRO.C0.20200303.FIL","A00000201598","2020-03-03T19:05Z","2020-03-03T19:05Z","EcoCore_CSU","Mn",0.0005,"milligramsPerLiter",1.7,,0,,"OK"
"7daf1bf4-f922-4ddb-8761-f5b848ecb13c","D05","LIRO","LIRO.AOS.buoy.c0","LIRO.C0.20200303.FIL","A00000201598","2020-03-03T19:05Z","2020-03-03T19:05Z","EcoCore_CSU","CO3",0.0050,"milligramsPerLiter",1.7,,0,,"OK"
"1aa5d7ef-faff-4f10-b0d7-739ac0326de1","D05","LIRO","LIRO.AOS.buoy.c0","LIRO.C0.20200303.FIL","A00000201598","2020-03-03T19:05Z","2020-03-03T19:05Z","EcoCore_CSU","Fe",0.0080,"milligramsPerLiter",1.7,,0,,"OK"
"513ab2f0-593f-4855-ba06-706336b9ee53","D05","LIRO","LIRO.AOS.buoy.c0","LIRO.C0.20200303.FIL","A00000201598","2020-03-03T19:05Z","2020-03-03T19:05Z","EcoCore_CSU","Ca",1.0410,"milligramsPerLiter",1.7,,0,,"OK"
"ac9dd043-f617-4f8e-b380-feb993fdf494","D05","LIRO","LIRO.AOS.buoy.c0","LIRO.C0.20200303.FIL","A00000201598","2020-03-03T19:05Z","2020-03-03T19:05Z","EcoCore_CSU","F",0.0050,"milligramsPerLiter",1.7,,0,,"OK"
"a91cbbfd-8a17-4393-af3c-bdb94d056039","D05","LIRO","LIRO.AOS.buoy.c0","LIRO.C0.20200303.FIL","A00000201598","2020-03-03T19:05Z","2020-03-03T19:05Z","EcoCore_CSU","SO4",0.8600,"milligramsPerLiter",1.7,,0,,"OK"
"e81059ae-5aa4-4525-a0c4-3490853e727e","D05","LIRO","LIRO.AOS.buoy.c0","LIRO.C0.20200303.FIL","A00000201598","2020-03-03T19:05Z","2020-03-03T19:05Z","EcoCore_CSU","Si",0.5900,"milligramsPerLiter",1.7,,0,,"OK"
"9fbd9a4e-49a0-4c6c-bc20-9e228c018504","D05","LIRO","LIRO.AOS.buoy.c0","LIRO.C0.20200303.FIL","A00000201598","2020-03-03T19:05Z","2020-03-03T19:05Z","EcoCore_CSU","K",0.7190,"milligramsPerLiter",1.7,,0,,"OK"
"5e939e96-e792-4277-a23e-32de01ab4039","D05","LIRO","LIRO.AOS.buoy.c0","LIRO.C0.20200303.FIL","A00000201598","2020-03-03T19:05Z","2020-03-03T19:05Z","EcoCore_CSU","TDS",9.8700,"milligramsPerLiter",1.7,,0,,"OK"
"e1d1c174-0388-4a00-91e1-e32b4fb3b05b","D05","LIRO","LIRO.AOS.buoy.c0","LIRO.C0.20200303.RAW","A00000201597","2020-03-03T19:05Z","2020-03-03T19:05Z","EcoCore_CSU","TP",0.0150,"milligramsPerLiter",1.7,,0,,"OK"
"96d7b290-4fe1-450a-bf1d-ec64f8916704","D05","LIRO","LIRO.AOS.buoy.c0","LIRO.C0.20200303.RAW","A00000201597","2020-03-03T19:05Z","2020-03-03T19:05Z","EcoCore_CSU","TSS - Dry Mass",0.0000,"microgram",1.7,,0,,"OK"
"cbb61c0a-62e2-4223-8844-fea8b426c3e6","D05","LIRO","LIRO.AOS.buoy.c0","LIRO.C0.20200303.RAW","A00000201597","2020-03-03T19:05Z","2020-03-03T19:05Z","EcoCore_CSU","TSS",0.0000,"milligramsPerLiter",1.7,,0,,"OK"
"4dc3b19e-eeda-4e3b-8e12-fcb262006476","D05","LIRO","LIRO.AOS.buoy.c0","LIRO.C0.20200303.RAW","A00000201597","2020-03-03T19:05Z","2020-03-03T19:05Z","EcoCore_CSU","pH",7.1800,"pH",1.7,,0,,"OK"
"bc662ac4-2f13-4c11-9bf0-45b355744439","D05","LIRO","LIRO.AOS.buoy.c0","LIRO.C0.20200303.RAW","A00000201597","2020-03-03T19:05Z","2020-03-03T19:05Z","EcoCore_CSU","specificConductance",13.1500,"microsiemensPerCentimeter",1.7,,0,,"OK"
"45144eb1-64fc-4196-ab1b-84e6836d1c21","D05","LIRO","LIRO.AOS.buoy.c0","LIRO.C0.20200303.RAW","A00000201597","2020-03-03T19:05Z","2020-03-03T19:05Z","EcoCore_CSU","ANC",0.1200,"milliequivalentsPerLiter",1.7,,0,,"OK"
"e11b160d-ac95-460a-b103-3f136ae0f3c3","D05","LIRO","LIRO.AOS.buoy.c0","LIRO.C0.20200303.FIL","A00000201598","2020-03-03T19:05Z","2020-03-03T19:05Z","EcoCore_CSU","UV Absorbance (280 nm)",0.0655,,1.7,,0,,"OK"
"9b6c5461-38a4-4fe2-8873-20f99476ed35","D05","LIRO","LIRO.AOS.buoy.c0","LIRO.C0.20200303.FIL","A00000201598","2020-03-03T19:05Z","2020-03-03T19:05Z","EcoCore_CSU","UV Absorbance (254 nm)",0.0984,,1.7,,0,,"OK"
"be7f6914-7aa9-41bf-815c-619855c966f3","D05","LIRO","LIRO.AOS.buoy.c0","LIRO.C0.20200303.FIL","A00000201598","2020-03-03T19:05Z","2020-03-03T19:05Z","EcoCore_CSU","DOC",3.3840,,1.7,,0,,"OK"
"3dfd72e6-6c06-49d1-9fa2-dec240a6ee96","D05","LIRO","LIRO.AOS.buoy.c0","LIRO.C0.20200303.RAW","A00000201597","2020-03-03T19:05Z","2020-03-03T19:05Z","EcoCore_CSU","TN",0.3232,,1.7,,0,,"OK"
"ebc6023a-76f9-4558-b58f-60c5a89a6036","D05","LIRO","LIRO.AOS.buoy.c0","LIRO.C0.20200303.FIL","A00000201598","2020-03-03T19:05Z","2020-03-03T19:05Z","EcoCore_CSU","DIC",2.3400,,1.7,,0,,"OK"
"43ac840b-94b5-493c-bcbd-d5eeb979f8b1","D05","LIRO","LIRO.AOS.buoy.c0","LIRO.C0.20200303.FIL","A00000201598","2020-03-03T19:05Z","2020-03-03T19:05Z","EcoCore_CSU","TDN",0.3594,,1.7,,0,,"OK"
"954b1868-d9e5-497c-9801-14a92effc25a","D05","LIRO","LIRO.AOS.buoy.c0","LIRO.C0.20200303.RAW","A00000201597","2020-03-03T19:05Z","2020-03-03T19:05Z","EcoCore_CSU","TOC",3.6240,,1.7,,0,,"OK"
