uid,domainID,siteID,namedLocation,sampleID,sampleCode,startDate,collectDate,laboratoryName,analyte,analyteConcentration,analyteUnits,coolerTemp,remarks,shipmentWarmQF,externalLabDataQF,sampleCondition
"60e228dd-ae69-4c53-9d5c-904043feb343","D03","BARC","BARC.AOS.buoy.c0","BARC.C0.20200204.POM.1","A00000075492","2020-02-04T14:49Z","2020-02-04T14:49Z","SIRFER Lab at University of Utah","TPN",59.4686,"microgramsPerLiter",,,-1,,"OK"
"d2f0bd5d-1440-4e26-92bf-5c7c9c42dfca","D03","BARC","BARC.AOS.buoy.c0","BARC.C0.20200204.POM.1","A00000075492","2020-02-04T14:49Z","2020-02-04T14:49Z","SIRFER Lab at University of Utah","TPC",533.1211,"microgramsPerLiter",,,-1,,"OK"
"9784520f-1c49-4a0c-90d1-84911bbf850e","D03","BARC","BARC.AOS.buoy.c0","BARC.C0.20200204.FIL","A00000075486","2020-02-04T14:49Z","2020-02-04T14:49Z","EcoCore_CSU","Mn",0.0100,"milligramsPerLiter",2.1,,0,,"OK"
"ad3390e5-a78a-4a27-9c3f-371868c658d1","D03","BARC","BARC.AOS.buoy.c0","BARC.C0.20200204.FIL","A00000075486","2020-02-04T14:49Z","2020-02-04T14:49Z","EcoCore_CSU","TDS",10.9800,"milligramsPerLiter",2.1,,0,,"OK"
"aff20698-9e27-4237-9235-148953f2e773","D03","BARC","BARC.AOS.buoy.c0","BARC.C0.20200204.FIL","A00000075486","2020-02-04T14:49Z","2020-02-04T14:49Z","EcoCore_CSU","TDP",0.0040,"milligramsPerLiter",2.1,,0,,"OK"
"8c3b4074-9368-4049-bb34-c6c369962734","D03","BARC","BARC.AOS.buoy.c0","BARC.C0.20200204.FIL","A00000075486","2020-02-04T14:49Z","2020-02-04T14:49Z","EcoCore_CSU","K",0.2010,"milligramsPerLiter",2.1,,0,,"OK"
"f5776760-7b06-4756-aa20-b09a89f6b8f2","D03","BARC","BARC.AOS.buoy.c0","BARC.C0.20200204.FIL","A00000075486","2020-02-04T14:49Z","2020-02-04T14:49Z","EcoCore_CSU","HCO3",3.1300,"milligramsPerLiter",2.1,,0,,"OK"
"711936a3-9e6d-4111-8c75-05328ec134b3","D03","BARC","BARC.AOS.buoy.c0","BARC.C0.20200204.FIL","A00000075486","2020-02-04T14:49Z","2020-02-04T14:49Z","EcoCore_CSU","CO3",0.0050,"milligramsPerLiter",2.1,,0,,"OK"
"724de77a-42a4-42ab-b26e-d37a0fe9df1b","D03","BARC","BARC.AOS.buoy.c0","BARC.C0.20200204.FIL","A00000075486","2020-02-04T14:49Z","2020-02-04T14:49Z","EcoCore_CSU","F",0.0050,"milligramsPerLiter",2.1,,0,,"OK"
"4d5a3c8b-254d-4fbb-9d44-05c9f8a4d4e5","D03","BARC","BARC.AOS.buoy.c0","BARC.C0.20200204.FIL","A00000075486","2020-02-04T14:49Z","2020-02-04T14:49Z","EcoCore_CSU","SO4",1.8300,"milligramsPerLiter",2.1,,0,,"OK"
"470ff2fb-d6d9-4a19-a09f-dd03c95aa482","D03","BARC","BARC.AOS.buoy.c0","BARC.C0.20200204.FIL","A00000075486","2020-02-04T14:49Z","2020-02-04T14:49Z","EcoCore_CSU","Na",2.2240,"milligramsPerLiter",2.1,,0,,"OK"
"ac572a76-cb61-404f-8d9d-c24a2744139c","D03","BARC","BARC.AOS.buoy.c0","BARC.C0.20200204.FIL","A00000075486","2020-02-04T14:49Z","2020-02-04T14:49Z","EcoCore_CSU","Cl",2.2500,"milligramsPerLiter",2.1,,0,,"OK"
"bd3cd96c-fa4f-4d7b-8ff7-9a6673cb856b","D03","BARC","BARC.AOS.buoy.c0","BARC.C0.20200204.FIL","A00000075486","2020-02-04T14:49Z","2020-02-04T14:49Z","EcoCore_CSU","Fe",0.0005,"milligramsPerLiter",2.1,,0,,"OK"
"5373d2c3-96d5-4a17-9db5-d17c1845470f","D03","BARC","BARC.AOS.buoy.c0","BARC.C0.20200204.FIL","A00000075486","2020-02-04T14:49Z","2020-02-04T14:49Z","EcoCore_CSU","Si",0.0050,"milligramsPerLiter",2.1,,0,,"OK"
"a56a464b-6237-4f03-9144-323fd336c7ce","D03","BARC","BARC.AOS.buoy.c0","BARC.C0.20200204.FIL","A00000075486","2020-02-04T14:49Z","2020-02-04T14:49Z","EcoCore_CSU","Ca",0.3990,"milligramsPerLiter",2.1,,0,,"OK"
"df48a7e4-f75a-4ab3-99dc-cf4c664cefde","D03","BARC","BARC.AOS.buoy.c0","BARC.C0.20200204.FIL","A00000075486","2020-02-04T14:49Z","2020-02-04T14:49Z","EcoCore_CSU","Br",0.0050,"milligramsPerLiter",2.1,,0,,"OK"
"1e8fcb93-ab19-4b76-b88d-0864de89ec87","D03","BARC","BARC.AOS.buoy.c0","BARC.C0.20200204.FIL","A00000075486","2020-02-04T14:49Z","2020-02-04T14:49Z","EcoCore_CSU","Mg",0.3900,"milligramsPerLiter",2.1,,0,,"OK"
"6163aac9-d14a-4428-8b91-346a3ffcc1c6","D03","BARC","BARC.AOS.buoy.c0","BARC.C0.20200204.RAW","A00000075487","2020-02-04T14:49Z","2020-02-04T14:49Z","EcoCore_CSU","TP",0.0120,"milligramsPerLiter",2.1,,0,,"OK"
"07d1b701-e807-4570-b648-69e1001a71e4","D03","BARC","BARC.AOS.buoy.c0","BARC.C0.20200204.RAW","A00000075487","2020-02-04T14:49Z","2020-02-04T14:49Z","EcoCore_CSU","TSS",0.0000,"milligramsPerLiter",2.1,,0,,"OK"
"7152910d-fb97-414f-83fc-caddc8f351de","D03","BARC","BARC.AOS.buoy.c0","BARC.C0.20200204.RAW","A00000075487","2020-02-04T14:49Z","2020-02-04T14:49Z","EcoCore_CSU","pH",7.5200,"pH",2.1,,0,,"OK"
"0615bf18-b0a0-4b1b-b755-6921ab92acfb","D03","BARC","BARC.AOS.buoy.c0","BARC.C0.20200204.RAW","A00000075487","2020-02-04T14:49Z","2020-02-04T14:49Z","EcoCore_CSU","TSS - Dry Mass",0.0000,"microgram",2.1,,0,,"OK"
"62d6cd84-e146-418d-98a9-9183d999da8a","D03","BARC","BARC.AOS.buoy.c0","BARC.C0.20200204.RAW","A00000075487","2020-02-04T14:49Z","2020-02-04T14:49Z","EcoCore_CSU","ANC",0.0700,"milliequivalentsPerLiter",2.1,,0,,"OK"
"64554a2b-bd31-4c8f-a33f-9e5f7704df3a","D03","BARC","BARC.AOS.buoy.c0","BARC.C0.20200204.RAW","A00000075487","2020-02-04T14:49Z","2020-02-04T14:49Z","EcoCore_CSU","specificConductance",15.6900,"microsiemensPerCentimeter",2.1,,0,,"OK"
"0cea8c3d-f116-404a-aeca-9f7ec0ad823b","D03","BARC","BARC.AOS.buoy.c0","BARC.C0.20200204.FIL","A00000075486","2020-02-04T14:49Z","2020-02-04T14:49Z","EcoCore_CSU","UV Absorbance (280 nm)",0.0406,,2.1,,0,,"OK"
"9e575384-f6b2-4d89-9adb-c82e4b515152","D03","BARC","BARC.AOS.buoy.c0","BARC.C0.20200204.FIL","A00000075486","2020-02-04T14:49Z","2020-02-04T14:49Z","EcoCore_CSU","UV Absorbance (254 nm)",0.0571,,2.1,,0,,"OK"
"deef42a1-5c76-4dc4-a209-1a37631e780e","D03","BARC","BARC.AOS.buoy.c0","BARC.C0.20200204.RAW","A00000075487","2020-02-04T14:49Z","2020-02-04T14:49Z","EcoCore_CSU","TN",0.3557,"milligramsPerLiter",2.1,,0,,"OK"
"acd149dc-2de9-445a-8f89-d048805a3665","D03","BARC","BARC.AOS.buoy.c0","BARC.C0.20200204.RAW","A00000075487","2020-02-04T14:49Z","2020-02-04T14:49Z","EcoCore_CSU","TOC",2.7070,"milligramsPerLiter",2.1,,0,,"OK"
"35a0a1b6-7be8-47e7-aa5d-120901123d04","D03","BARC","BARC.AOS.buoy.c0","BARC.C0.20200204.FIL","A00000075486","2020-02-04T14:49Z","2020-02-04T14:49Z","EcoCore_CSU","NO3+NO2 - N",0.0396,"milligramsPerLiter",2.1,,0,,"OK"
"b9250e17-52ee-4679-85ae-a67977999c9a","D03","BARC","BARC.AOS.buoy.c0","BARC.C0.20200204.FIL","A00000075486","2020-02-04T14:49Z","2020-02-04T14:49Z","EcoCore_CSU","NO2 - N",-0.0039,"milligramsPerLiter",2.1,,0,,"OK"
"abafe174-927d-425d-9472-ca1b0ac94aa4","D03","BARC","BARC.AOS.buoy.c0","BARC.C0.20200204.FIL","A00000075486","2020-02-04T14:49Z","2020-02-04T14:49Z","EcoCore_CSU","Ortho - P",0.0114,"milligramsPerLiter",2.1,,0,,"OK"
"e595fb98-a41b-4c33-b7c6-8d0356f356a7","D03","BARC","BARC.AOS.buoy.c0","BARC.C0.20200204.FIL","A00000075486","2020-02-04T14:49Z","2020-02-04T14:49Z","EcoCore_CSU","NH4 - N",0.0799,"milligramsPerLiter",2.1,,0,,"OK"
"6e7f05ed-064c-48eb-bbe0-116c2e29cc51","D03","BARC","BARC.AOS.buoy.c0","BARC.C0.20200204.FIL","A00000075486","2020-02-04T14:49Z","2020-02-04T14:49Z","EcoCore_CSU","DIC",1.2320,"milligramsPerLiter",2.1,,0,,"OK"
"c73e3e60-e7fd-4ec1-ae8a-99b96389a14f","D03","BARC","BARC.AOS.buoy.c0","BARC.C0.20200204.FIL","A00000075486","2020-02-04T14:49Z","2020-02-04T14:49Z","EcoCore_CSU","TDN",0.2809,"milligramsPerLiter",2.1,,0,,"OK"
"26acc065-3661-4d97-b58a-47bafb0b72a5","D03","BARC","BARC.AOS.buoy.c0","BARC.C0.20200204.FIL","A00000075486","2020-02-04T14:49Z","2020-02-04T14:49Z","EcoCore_CSU","DOC",2.3040,"milligramsPerLiter",2.1,,0,,"OK"
