uid,domainID,siteID,namedLocation,aquaticSiteType,decimalLatitude,decimalLongitude,coordinateUncertainty,elevation,elevationUncertainty,geodeticDatum,collectDate,eventID,parentSampleID,parentSampleCode,samplingImpractical,biophysicalCriteria,affectedByWind,habitatType,algalSampleType,benthicArea,samplingProtocolVersion,phytoDepth1,phytoDepth2,phytoDepth3,substratumSizeClass,remarks,recordedBy,collectedBy,dataQF
"50f04a9f-8767-487e-ba45-6576532f4da3","D03","BARC","BARC.AOS.riparian.point.08","lake",29.675584,-82.010729,5.0,25.1,5.0,"WGS84","2016-06-29T13:15Z","BARC.20160629","BARC.20160629.EPIPHYTON.1",,,,,"littoral","epiphyton",0.010000,"NEON.DOC.003045vA",,,,,"silt and sand at barc littoral sections","echartrand@neoninc.org","ksandusky@neoninc.org","legacyData"
"25300c7b-d618-41c5-8ba7-e389cfd1b4f7","D03","BARC","BARC.AOS.littoral2","lake",29.674748,-82.008401,1.1,27.1,1.0,"WGS84","2016-06-29T13:15Z","BARC.20160629","BARC.20160629.PHYTOPLANKTON.3",,,,,"pelagic","phytoplankton",,"NEON.DOC.003045vA",0.5,0.9,,,,"echartrand@neoninc.org","ksandusky@neoninc.org","legacyData"
"f8feaab4-f6c1-43dc-bac6-c53ac0037df6","D03","BARC","BARC.AOS.buoy.c0","lake",29.675982,-82.008414,10.0,27.0,10.0,"WGS84","2016-06-29T13:15Z","BARC.20160629","BARC.20160629.PHYTOPLANKTON.1",,,,,"pelagic","phytoplankton",,"NEON.DOC.003045vA",0.5,4.1,,,,"echartrand@neoninc.org","ksandusky@neoninc.org","legacyData"
"f9225970-4a2d-42ae-96ec-b123afdb9ecf","D03","BARC","BARC.AOS.riparian.point.04","lake",29.675164,-82.006743,5.0,22.5,5.0,"WGS84","2016-06-29T13:15Z","BARC.20160629","BARC.20160629.EPIPHYTON.5",,,,,"littoral","epiphyton",0.010000,"NEON.DOC.003045vA",,,,,"silt also exits at BARC littoral sections","echartrand@neoninc.org","ksandusky@neoninc.org","legacyData"
"65c7061a-7ad8-458c-a9bd-1ab7f59218b6","D03","BARC","BARC.AOS.littoral1","lake",29.677479,-82.007710,1.1,26.0,1.0,"WGS84","2016-06-29T13:15Z","BARC.20160629","BARC.20160629.PHYTOPLANKTON.2",,,,,"pelagic","phytoplankton",,"NEON.DOC.003045vA",0.5,1.6,,,,"echartrand@neoninc.org","ksandusky@neoninc.org","legacyData"
"917d84f4-9139-4f2a-883c-9629eabefee5","D03","BARC","BARC.AOS.riparian.point.02","lake",29.677034,-82.006975,5.0,26.1,5.0,"WGS84","2016-06-29T13:15Z","BARC.20160629","BARC.20160629.EPIPHYTON.7",,,,,"littoral","epiphyton",0.010000,"NEON.DOC.003045vA",,,,,"silt also exists at BARC littoral sections","echartrand@neoninc.org","ksandusky@neoninc.org","legacyData"
"46ba5dad-842a-49d0-8d13-c84d5ae21a43","D03","BARC","BARC.AOS.riparian.point.06","lake",29.674507,-82.008596,5.0,26.6,5.0,"WGS84","2016-06-29T13:15Z","BARC.20160629","BARC.20160629.EPIPHYTON.3",,,,,"littoral","epiphyton",0.010000,"NEON.DOC.003045vA",,,,,"silt also substrate at BARC in littoral sections","echartrand@neoninc.org","ksandusky@neoninc.org","legacyData"
"f7577a2a-5456-4a82-8e75-f5ea06021c8e","D03","BARC","BARC.AOS.riparian.point.10","lake",29.677686,-82.008911,5.0,24.2,5.0,"WGS84","2016-06-29T13:15Z","BARC.20160629","BARC.20160629.EPIPHYTON.9",,,,,"littoral","epiphyton",0.010000,"NEON.DOC.003045vA",,,,,"silt also exists at BARC littoral section","echartrand@neoninc.org","ksandusky@neoninc.org","legacyData"
