uid,domainID,siteID,namedLocation,collectDate,parentSampleID,sampleID,sampleCode,filterNumber,analysisType,fieldSampleVolume,domainFilterVolume,storageDays,remarks,measuredBy,recordedBy,sampleCondition,dataQF
"51cef478-3b07-44b9-97fe-360994bfc406","D03","BARC","BARC.AOS.riparian.point.04","2016-06-29T13:15Z","BARC.20160629.EPIPHYTON.5","BARC.20160629.EPIPHYTON.5",,2,"chlorophyll/pheophytin",125.0,5.0,0.1,,,"echartrand@neoninc.org","OK","legacyData"
"0657bfdf-f0e2-4539-8586-d99b4e7a6d99","D03","BARC","BARC.AOS.littoral2","2016-06-29T13:15Z","BARC.20160629.PHYTOPLANKTON.3","BARC.20160629.PHYTOPLANKTON.3",,2,"chlorophyll/pheophytin",4000.0,300.0,0.1,,,"echartrand@neoninc.org","OK","legacyData"
"c29a19a0-4a8e-4099-aadd-c72361daba72","D03","BARC","BARC.AOS.littoral1","2016-06-29T13:15Z","BARC.20160629.PHYTOPLANKTON.2","BARC.20160629.PHYTOPLANKTON.2",,1,"34S",4000.0,250.0,0.1,,,"echartrand@neoninc.org","OK","legacyData"
"4d3ab850-04ef-40c2-b7e8-09ac8e909e0d","D03","BARC","BARC.AOS.riparian.point.04","2016-06-29T13:15Z","BARC.20160629.EPIPHYTON.5","BARC.20160629.EPIPHYTON.5",,1,"13C15N",125.0,5.0,0.1,,,"echartrand@neoninc.org","OK","legacyData"
"6f25cf42-e9c4-4408-951f-e0c7b434becd","D03","BARC","BARC.AOS.riparian.point.06","2016-06-29T13:15Z","BARC.20160629.EPIPHYTON.3","BARC.20160629.EPIPHYTON.3",,1,"CN",125.0,5.0,0.1,,,"echartrand@neoninc.org","OK","legacyData"
"910b3b54-8b59-427a-9885-937e6912ba89","D03","BARC","BARC.AOS.littoral2","2016-06-29T13:15Z","BARC.20160629.PHYTOPLANKTON.3","BARC.20160629.PHYTOPLANKTON.3",,2,"CN",4000.0,300.0,0.1,,,"echartrand@neoninc.org","OK","legacyData"
"5199d869-2539-4e49-ba30-8681d3debe1c","D03","BARC","BARC.AOS.littoral1","2016-06-29T13:15Z","BARC.20160629.PHYTOPLANKTON.2","BARC.20160629.PHYTOPLANKTON.2",,1,"CN",4000.0,250.0,0.1,,,"echartrand@neoninc.org","OK","legacyData"
"bb3f6c40-869c-4238-a8fe-8112154502bf","D03","BARC","BARC.AOS.riparian.point.04","2016-06-29T13:15Z","BARC.20160629.EPIPHYTON.5","BARC.20160629.EPIPHYTON.5",,2,"13C15N",125.0,5.0,0.1,,,"echartrand@neoninc.org","OK","legacyData"
"86e478a5-aa73-49e5-ab95-7b214f3f580c","D03","BARC","BARC.AOS.littoral2","2016-06-29T13:15Z","BARC.20160629.PHYTOPLANKTON.3","BARC.20160629.PHYTOPLANKTON.3",,1,"13C15N",4000.0,300.0,0.1,,,"echartrand@neoninc.org","OK","legacyData"
"1ed9cecc-ab46-467d-9e08-5ac0c013cf49","D03","BARC","BARC.AOS.riparian.point.10","2016-06-29T13:15Z","BARC.20160629.EPIPHYTON.9","BARC.20160629.EPIPHYTON.9",,1,"P",125.0,5.0,0.1,,,"echartrand@neoninc.org","OK","legacyData"
"dacd440c-089d-4eaa-a30f-6ba537cbfb96","D03","BARC","BARC.AOS.littoral2","2016-06-29T13:15Z","BARC.20160629.PHYTOPLANKTON.3","BARC.20160629.PHYTOPLANKTON.3",,1,"P",4000.0,300.0,0.1,,,"echartrand@neoninc.org","OK","legacyData"
"da1d3cb0-a599-4be2-acf6-eb673f4b8150","D03","BARC","BARC.AOS.riparian.point.10","2016-06-29T13:15Z","BARC.20160629.EPIPHYTON.9","BARC.20160629.EPIPHYTON.9",,1,"CN",125.0,5.0,0.1,,,"echartrand@neoninc.org","OK","legacyData"
"a3887cf1-287f-4786-a4c8-21eb829c8266","D03","BARC","BARC.AOS.littoral1","2016-06-29T13:15Z","BARC.20160629.PHYTOPLANKTON.2","BARC.20160629.PHYTOPLANKTON.2",,1,"chlorophyll/pheophytin",4000.0,250.0,0.1,,,"echartrand@neoninc.org","OK","legacyData"
"e00642a6-7f49-486d-ac75-810ca8636f45","D03","BARC","BARC.AOS.riparian.point.08","2016-06-29T13:15Z","BARC.20160629.EPIPHYTON.1","BARC.20160629.EPIPHYTON.1",,2,"13C15N",125.0,5.0,0.1,,,"echartrand@neoninc.org","OK","legacyData"
"7e712840-f007-4118-9fb1-61d67d1dd1db","D03","BARC","BARC.AOS.riparian.point.10","2016-06-29T13:15Z","BARC.20160629.EPIPHYTON.9","BARC.20160629.EPIPHYTON.9",,2,"chlorophyll/pheophytin",125.0,5.0,0.1,,,"echartrand@neoninc.org","OK","legacyData"
"f6c55b7e-c61f-44e2-bc02-88518393daea","D03","BARC","BARC.AOS.riparian.point.02","2016-06-29T13:15Z","BARC.20160629.EPIPHYTON.7","BARC.20160629.EPIPHYTON.7",,1,"34S",125.0,5.0,0.1,,,"echartrand@neoninc.org","OK","legacyData"
"54f4dafa-a24e-4864-b989-c0d7be4ead72","D03","BARC","BARC.AOS.riparian.point.08","2016-06-29T13:15Z","BARC.20160629.EPIPHYTON.1","BARC.20160629.EPIPHYTON.1",,1,"CN",125.0,5.0,0.1,,,"echartrand@neoninc.org","OK","legacyData"
"e36d5fbd-f633-4c09-88e3-f332046d4843","D03","BARC","BARC.AOS.buoy.c0","2016-06-29T13:15Z","BARC.20160629.PHYTOPLANKTON.1","BARC.20160629.PHYTOPLANKTON.1",,1,"13C15N",4000.0,300.0,0.1,,,"echartrand@neoninc.org","OK","legacyData"
"46b90400-83cd-4797-8682-c211d9de9a18","D03","BARC","BARC.AOS.riparian.point.02","2016-06-29T13:15Z","BARC.20160629.EPIPHYTON.7","BARC.20160629.EPIPHYTON.7",,1,"P",125.0,5.0,0.1,,,"echartrand@neoninc.org","OK","legacyData"
"a2dbd530-5e03-4568-878b-bf0722cc7131","D03","BARC","BARC.AOS.riparian.point.06","2016-06-29T13:15Z","BARC.20160629.EPIPHYTON.3","BARC.20160629.EPIPHYTON.3",,2,"chlorophyll/pheophytin",125.0,5.0,0.1,,,"echartrand@neoninc.org","OK","legacyData"
"c40d7b00-31cc-4f7a-b51e-cca254b52993","D03","BARC","BARC.AOS.riparian.point.04","2016-06-29T13:15Z","BARC.20160629.EPIPHYTON.5","BARC.20160629.EPIPHYTON.5",,2,"CN",125.0,5.0,0.1,,,"echartrand@neoninc.org","OK","legacyData"
"73393050-d4a2-45de-aca9-8e1311fbe118","D03","BARC","BARC.AOS.buoy.c0","2016-06-29T13:15Z","BARC.20160629.PHYTOPLANKTON.1","BARC.20160629.PHYTOPLANKTON.1",,1,"CN",4000.0,300.0,0.1,,,"echartrand@neoninc.org","OK","legacyData"
"50e3162c-6bd9-4c48-b46d-97a5f51be11f","D03","BARC","BARC.AOS.littoral1","2016-06-29T13:15Z","BARC.20160629.PHYTOPLANKTON.2","BARC.20160629.PHYTOPLANKTON.2",,1,"13C15N",4000.0,250.0,0.1,,,"echartrand@neoninc.org","OK","legacyData"
"7c1753e8-f1f7-40c9-9f67-9a21c6f1d194","D03","BARC","BARC.AOS.riparian.point.06","2016-06-29T13:15Z","BARC.20160629.EPIPHYTON.3","BARC.20160629.EPIPHYTON.3",,1,"13C15N",125.0,5.0,0.1,,,"echartrand@neoninc.org","OK","legacyData"
"31caf64a-01ea-46b8-8a09-8ae10bf627e3","D03","BARC","BARC.AOS.buoy.c0","2016-06-29T13:15Z","BARC.20160629.PHYTOPLANKTON.1","BARC.20160629.PHYTOPLANKTON.1",,1,"P",4000.0,300.0,0.1,,,"echartrand@neoninc.org","OK","legacyData"
"c271da4d-5a30-4ee6-9297-c504fb503492","D03","BARC","BARC.AOS.riparian.point.02","2016-06-29T13:15Z","BARC.20160629.EPIPHYTON.7","BARC.20160629.EPIPHYTON.7",,1,"13C15N",125.0,5.0,0.1,,,"echartrand@neoninc.org","OK","legacyData"
"56f4c8c2-06dc-4bd4-9cc7-7cc19b02e37a","D03","BARC","BARC.AOS.riparian.point.08","2016-06-29T13:15Z","BARC.20160629.EPIPHYTON.1","BARC.20160629.EPIPHYTON.1",,1,"P",125.0,5.0,0.1,,,"echartrand@neoninc.org","OK","legacyData"
"49dad2f9-23df-4bb4-8290-97632b3cffa5","D03","BARC","BARC.AOS.riparian.point.02","2016-06-29T13:15Z","BARC.20160629.EPIPHYTON.7","BARC.20160629.EPIPHYTON.7",,2,"chlorophyll/pheophytin",125.0,5.0,0.1,,,"echartrand@neoninc.org","OK","legacyData"
"ebb6a774-82a2-4b64-b5e3-3e481545578d","D03","BARC","BARC.AOS.riparian.point.10","2016-06-29T13:15Z","BARC.20160629.EPIPHYTON.9","BARC.20160629.EPIPHYTON.9",,1,"34S",125.0,5.0,0.1,,,"echartrand@neoninc.org","OK","legacyData"
"4cbd84d7-5ed2-4201-b922-42f9d46800dc","D03","BARC","BARC.AOS.littoral1","2016-06-29T13:15Z","BARC.20160629.PHYTOPLANKTON.2","BARC.20160629.PHYTOPLANKTON.2",,1,"P",4000.0,250.0,0.1,,,"echartrand@neoninc.org","OK","legacyData"
"918ecba8-4c44-4b3b-aac9-75ef0d03519f","D03","BARC","BARC.AOS.riparian.point.10","2016-06-29T13:15Z","BARC.20160629.EPIPHYTON.9","BARC.20160629.EPIPHYTON.9",,2,"CN",125.0,5.0,0.1,,,"echartrand@neoninc.org","OK","legacyData"
"b613ccdc-2fba-4a18-b83c-c1995139464f","D03","BARC","BARC.AOS.littoral1","2016-06-29T13:15Z","BARC.20160629.PHYTOPLANKTON.2","BARC.20160629.PHYTOPLANKTON.2",,2,"CN",4000.0,250.0,0.1,,,"echartrand@neoninc.org","OK","legacyData"
"b44418d5-303f-470e-b6b4-5596c0f997b7","D03","BARC","BARC.AOS.littoral2","2016-06-29T13:15Z","BARC.20160629.PHYTOPLANKTON.3","BARC.20160629.PHYTOPLANKTON.3",,2,"13C15N",4000.0,300.0,0.1,,,"echartrand@neoninc.org","OK","legacyData"
"9096f05a-8c42-4ee6-80c0-f9cfd7c81cff","D03","BARC","BARC.AOS.riparian.point.02","2016-06-29T13:15Z","BARC.20160629.EPIPHYTON.7","BARC.20160629.EPIPHYTON.7",,2,"CN",125.0,5.0,0.1,,,"echartrand@neoninc.org","OK","legacyData"
"888dbf97-c8d8-4f50-b1c3-70ae16e6b0c2","D03","BARC","BARC.AOS.littoral1","2016-06-29T13:15Z","BARC.20160629.PHYTOPLANKTON.2","BARC.20160629.PHYTOPLANKTON.2",,2,"13C15N",4000.0,250.0,0.1,,,"echartrand@neoninc.org","OK","legacyData"
"c2ec86d9-0517-427a-8db8-aa0f429984b9","D03","BARC","BARC.AOS.buoy.c0","2016-06-29T13:15Z","BARC.20160629.PHYTOPLANKTON.1","BARC.20160629.PHYTOPLANKTON.1",,2,"CN",4000.0,300.0,0.1,,,"echartrand@neoninc.org","OK","legacyData"
"09402581-1e7c-4309-8294-be9c5516af31","D03","BARC","BARC.AOS.riparian.point.06","2016-06-29T13:15Z","BARC.20160629.EPIPHYTON.3","BARC.20160629.EPIPHYTON.3",,1,"chlorophyll/pheophytin",125.0,5.0,0.1,,,"echartrand@neoninc.org","OK","legacyData"
"9b1b6a69-624e-4952-bb5c-13000349c8d4","D03","BARC","BARC.AOS.riparian.point.04","2016-06-29T13:15Z","BARC.20160629.EPIPHYTON.5","BARC.20160629.EPIPHYTON.5",,1,"CN",125.0,5.0,0.1,,,"echartrand@neoninc.org","OK","legacyData"
"cfeaa1d7-cbd0-4808-a333-4ca9867b32ac","D03","BARC","BARC.AOS.riparian.point.04","2016-06-29T13:15Z","BARC.20160629.EPIPHYTON.5","BARC.20160629.EPIPHYTON.5",,1,"P",125.0,5.0,0.1,,,"echartrand@neoninc.org","OK","legacyData"
"0d064dfa-843a-4b38-afba-d7707137b60b","D03","BARC","BARC.AOS.riparian.point.08","2016-06-29T13:15Z","BARC.20160629.EPIPHYTON.1","BARC.20160629.EPIPHYTON.1",,1,"34S",125.0,5.0,0.1,,,"echartrand@neoninc.org","OK","legacyData"
"dc8dab7e-fe39-46f9-b33e-52be40d938bf","D03","BARC","BARC.AOS.riparian.point.02","2016-06-29T13:15Z","BARC.20160629.EPIPHYTON.7","BARC.20160629.EPIPHYTON.7",,1,"chlorophyll/pheophytin",125.0,5.0,0.1,,,"echartrand@neoninc.org","OK","legacyData"
"d5bf4fc1-4db3-4a5f-9146-07c5ae0dbbe2","D03","BARC","BARC.AOS.riparian.point.02","2016-06-29T13:15Z","BARC.20160629.EPIPHYTON.7","BARC.20160629.EPIPHYTON.7",,2,"13C15N",125.0,5.0,0.1,,,"echartrand@neoninc.org","OK","legacyData"
"24e75897-b68a-4bf0-934b-d4703e74cd79","D03","BARC","BARC.AOS.littoral2","2016-06-29T13:15Z","BARC.20160629.PHYTOPLANKTON.3","BARC.20160629.PHYTOPLANKTON.3",,1,"34S",4000.0,300.0,0.1,,,"echartrand@neoninc.org","OK","legacyData"
"70dac9a7-548c-4b0b-9cdd-ae48f8ddab35","D03","BARC","BARC.AOS.buoy.c0","2016-06-29T13:15Z","BARC.20160629.PHYTOPLANKTON.1","BARC.20160629.PHYTOPLANKTON.1",,1,"34S",4000.0,300.0,0.1,,,"echartrand@neoninc.org","OK","legacyData"
"234e5510-ec28-485c-94f6-d72cfc46ff3e","D03","BARC","BARC.AOS.riparian.point.04","2016-06-29T13:15Z","BARC.20160629.EPIPHYTON.5","BARC.20160629.EPIPHYTON.5",,1,"chlorophyll/pheophytin",125.0,5.0,0.1,,,"echartrand@neoninc.org","OK","legacyData"
"703e2818-48ed-432f-95c4-6d484db4c561","D03","BARC","BARC.AOS.buoy.c0","2016-06-29T13:15Z","BARC.20160629.PHYTOPLANKTON.1","BARC.20160629.PHYTOPLANKTON.1",,2,"13C15N",4000.0,300.0,0.1,,,"echartrand@neoninc.org","OK","legacyData"
"c9ec1b1e-0eb0-43d0-8e30-1c67e8a86adc","D03","BARC","BARC.AOS.littoral2","2016-06-29T13:15Z","BARC.20160629.PHYTOPLANKTON.3","BARC.20160629.PHYTOPLANKTON.3",,1,"chlorophyll/pheophytin",4000.0,300.0,0.1,,,"echartrand@neoninc.org","OK","legacyData"
"1edef4a0-5e5d-473c-9b34-03df2e3696f0","D03","BARC","BARC.AOS.riparian.point.02","2016-06-29T13:15Z","BARC.20160629.EPIPHYTON.7","BARC.20160629.EPIPHYTON.7",,1,"CN",125.0,5.0,0.1,,,"echartrand@neoninc.org","OK","legacyData"
"dbcaf2f8-579b-4e1c-9b9e-6e55b5deb616","D03","BARC","BARC.AOS.littoral1","2016-06-29T13:15Z","BARC.20160629.PHYTOPLANKTON.2","BARC.20160629.PHYTOPLANKTON.2",,2,"chlorophyll/pheophytin",4000.0,250.0,0.1,,,"echartrand@neoninc.org","OK","legacyData"
"e83c992c-ab55-46f0-8bfa-ed0a25e78b0b","D03","BARC","BARC.AOS.riparian.point.10","2016-06-29T13:15Z","BARC.20160629.EPIPHYTON.9","BARC.20160629.EPIPHYTON.9",,1,"13C15N",125.0,5.0,0.1,,,"echartrand@neoninc.org","OK","legacyData"
"75ec1ef3-83ff-4128-949c-63316f9fd165","D03","BARC","BARC.AOS.riparian.point.06","2016-06-29T13:15Z","BARC.20160629.EPIPHYTON.3","BARC.20160629.EPIPHYTON.3",,1,"34S",125.0,5.0,0.1,,,"echartrand@neoninc.org","OK","legacyData"
"b0ac6a4a-fea7-4b84-96f6-b898bd3adb37","D03","BARC","BARC.AOS.riparian.point.08","2016-06-29T13:15Z","BARC.20160629.EPIPHYTON.1","BARC.20160629.EPIPHYTON.1",,2,"chlorophyll/pheophytin",125.0,5.0,0.1,,,"echartrand@neoninc.org","OK","legacyData"
"b78a9859-c897-4e3d-ae65-2c2128a267e7","D03","BARC","BARC.AOS.riparian.point.10","2016-06-29T13:15Z","BARC.20160629.EPIPHYTON.9","BARC.20160629.EPIPHYTON.9",,1,"chlorophyll/pheophytin",125.0,5.0,0.1,,,"echartrand@neoninc.org","OK","legacyData"
"0aa14882-672b-469d-bf54-999b051839b1","D03","BARC","BARC.AOS.buoy.c0","2016-06-29T13:15Z","BARC.20160629.PHYTOPLANKTON.1","BARC.20160629.PHYTOPLANKTON.1",,1,"chlorophyll/pheophytin",4000.0,300.0,0.1,,,"echartrand@neoninc.org","OK","legacyData"
"ea59b66c-20dd-4ee0-8047-bc32687d9df0","D03","BARC","BARC.AOS.riparian.point.08","2016-06-29T13:15Z","BARC.20160629.EPIPHYTON.1","BARC.20160629.EPIPHYTON.1",,1,"13C15N",125.0,5.0,0.1,,,"echartrand@neoninc.org","OK","legacyData"
"2089cbb5-c8d9-4c1a-963e-b1219ed84da0","D03","BARC","BARC.AOS.riparian.point.08","2016-06-29T13:15Z","BARC.20160629.EPIPHYTON.1","BARC.20160629.EPIPHYTON.1",,1,"chlorophyll/pheophytin",125.0,5.0,0.1,,,"echartrand@neoninc.org","OK","legacyData"
"430ae07c-f02a-49ca-b8b6-ff36bfbb5cbf","D03","BARC","BARC.AOS.littoral2","2016-06-29T13:15Z","BARC.20160629.PHYTOPLANKTON.3","BARC.20160629.PHYTOPLANKTON.3",,1,"CN",4000.0,300.0,0.1,,,"echartrand@neoninc.org","OK","legacyData"
"37d9aa45-d05e-4b72-a79b-675b56fe96d6","D03","BARC","BARC.AOS.riparian.point.10","2016-06-29T13:15Z","BARC.20160629.EPIPHYTON.9","BARC.20160629.EPIPHYTON.9",,2,"13C15N",125.0,5.0,0.1,,,"echartrand@neoninc.org","OK","legacyData"
"a6abcf61-6b64-428c-b478-facf08ba2c12","D03","BARC","BARC.AOS.riparian.point.06","2016-06-29T13:15Z","BARC.20160629.EPIPHYTON.3","BARC.20160629.EPIPHYTON.3",,2,"13C15N",125.0,5.0,0.1,,,"echartrand@neoninc.org","OK","legacyData"
"d477953e-2aea-4688-b1ed-2d460b9d955b","D03","BARC","BARC.AOS.riparian.point.04","2016-06-29T13:15Z","BARC.20160629.EPIPHYTON.5","BARC.20160629.EPIPHYTON.5",,1,"34S",125.0,5.0,0.1,,,"echartrand@neoninc.org","OK","legacyData"
"8cbb4c8b-c38b-47a8-bbf2-a27b61dfcebc","D03","BARC","BARC.AOS.riparian.point.06","2016-06-29T13:15Z","BARC.20160629.EPIPHYTON.3","BARC.20160629.EPIPHYTON.3",,1,"P",125.0,5.0,0.1,,,"echartrand@neoninc.org","OK","legacyData"
"2384fa98-f88b-4804-9436-9085634e784c","D03","BARC","BARC.AOS.riparian.point.08","2016-06-29T13:15Z","BARC.20160629.EPIPHYTON.1","BARC.20160629.EPIPHYTON.1",,2,"CN",125.0,5.0,0.1,,,"echartrand@neoninc.org","OK","legacyData"
"39e6f567-c1da-4102-9171-917588e39faa","D03","BARC","BARC.AOS.riparian.point.06","2016-06-29T13:15Z","BARC.20160629.EPIPHYTON.3","BARC.20160629.EPIPHYTON.3",,2,"CN",125.0,5.0,0.1,,,"echartrand@neoninc.org","OK","legacyData"
"e36f189b-070c-419c-8657-cee28709be1c","D03","BARC","BARC.AOS.buoy.c0","2016-06-29T13:15Z","BARC.20160629.PHYTOPLANKTON.1","BARC.20160629.PHYTOPLANKTON.1",,2,"chlorophyll/pheophytin",4000.0,300.0,0.1,,,"echartrand@neoninc.org","OK","legacyData"
