uid,domainID,siteID,namedLocation,collectDate,sampleID,sampleCode,sampleCondition,laboratoryName,analysisDate,analyzedBy,sampleType,replicate,sampleVolumeFiltered,filterSize,percentFilterAnalyzed,dilutionFactor,solventVolume,responseFactor,acidificationResponseFactor,fluorometerSensitivitySetting,preAcidificationFluorescence,postAcidificationFluorescence,analyte,analyteConcentration,plantAlgaeLabUnits,testMethod,method,acidTreatment,externalRemarks,externalLabDataQF
"48a68c45-5e58-45ec-91b6-8c8c994075fb","D03","BARC","BARC.AOS.riparian.point.04","2016-06-29","BARC.20160629.EPIPHYTON.5",,"condition ok","Academy of Natural Sciences of Drexel University","2016-09-26","OKgcKejxXbI=","CN","2",5,25,100,,,,,,,,"nitrogen",4286.72,"microgramsPerLiter","ANSP P-16-54 Rev2",,,,"legacyData|Did not meet quality audit requirements for analysis audit"
"efde5494-bd98-4cbb-a6fb-3b9bbc22bd66","D03","BARC","BARC.AOS.buoy.c0","2016-06-29","BARC.20160629.PHYTOPLANKTON.1",,"condition ok","Academy of Natural Sciences of Drexel University","2016-11-03","+IoRzddUq5A=","P","1",300,25,100,,,,,,,,"phosphorus",2.62,"microgramsPerLiter","ANSP P-16-114 Rev2; ANSP P-16_95 Rev3",,,,"legacyData|Did not meet quality audit requirements for analysis audit"
"876da6ad-fe09-4982-85cc-1cf4006eb195","D03","BARC","BARC.AOS.riparian.point.02","2016-06-29","BARC.20160629.EPIPHYTON.7",,"condition ok","Academy of Natural Sciences of Drexel University","2017-05-16","OKgcKejxXbI=","13C15N","1",5,25,100,,,,,,,,"d15N",4.45,"perMill","ANSP P-16-202 Rev0",,,,"legacyData|Did not meet quality audit requirements for analysis audit"
"5e3a6dbb-671c-4cb6-803c-e6ee2e2a62fa","D03","BARC","BARC.AOS.riparian.point.08","2016-06-29","BARC.20160629.EPIPHYTON.1",,"condition ok","Academy of Natural Sciences of Drexel University","2016-11-03","+IoRzddUq5A=","P","1",5,25,100,,,,,,,,"phosphorus",176.57,"microgramsPerLiter","ANSP P-16-114 Rev2; ANSP P-16_95 Rev3",,,,"legacyData|Did not meet quality audit requirements for analysis audit"
"65397e5b-5c91-4b7b-9239-ba16c030b2b4","D03","BARC","BARC.AOS.littoral2","2016-06-29","BARC.20160629.PHYTOPLANKTON.3",,"condition ok","Academy of Natural Sciences of Drexel University","2016-09-26","OKgcKejxXbI=","CN","2",300,25,100,,,,,,,,"carbon",310.31,"microgramsPerLiter","ANSP P-16-54 Rev2",,"N",,"legacyData|Did not meet quality audit requirements for analysis audit|acidTreatmentSOPNotFollowed"
"8bf7a739-1abc-4056-90fb-c1f416134411","D03","BARC","BARC.AOS.riparian.point.08","2016-06-29","BARC.20160629.EPIPHYTON.1",,"condition ok","Academy of Natural Sciences of Drexel University","2017-05-16","OKgcKejxXbI=","13C15N","2",5,25,100,,,,,,,,"d15N",5.67,"perMill","ANSP P-16-202 Rev0",,,,"legacyData|Did not meet quality audit requirements for analysis audit"
"09b0d81d-e745-4790-8227-a02d2794a2ed","D03","BARC","BARC.AOS.riparian.point.08","2016-06-29","BARC.20160629.EPIPHYTON.1",,"condition ok","Academy of Natural Sciences of Drexel University","2016-09-07","Txt9C5i/u7k=","chlorophyll/pheophytin","2",5,25,100,,,,,,,,"chlorophyll a",,"microgramsPerLiter","ANSP P-16-92 Rev2",,,,"legacyData|Did not meet quality audit requirements for analysis audit"
"be401ef4-a075-4572-8853-e8ff36f79831","D03","BARC","BARC.AOS.buoy.c0","2016-06-29","BARC.20160629.PHYTOPLANKTON.1",,"condition ok","Academy of Natural Sciences of Drexel University","2016-09-07","Txt9C5i/u7k=","chlorophyll/pheophytin","2",300,25,100,,,,,,,,"chlorophyll a",,"microgramsPerLiter","ANSP P-16-92 Rev2",,,,"legacyData|Did not meet quality audit requirements for analysis audit"
"5ff133a1-22c6-4be0-ae4b-8fe705ef2a03","D03","BARC","BARC.AOS.riparian.point.06","2016-06-29","BARC.20160629.EPIPHYTON.3",,"condition ok","Academy of Natural Sciences of Drexel University","2017-05-16","OKgcKejxXbI=","13C15N","1",5,25,100,,,,,,,,"d15N",5.09,"perMill","ANSP P-16-202 Rev0",,,,"legacyData|Did not meet quality audit requirements for analysis audit"
"c33b678d-d2f0-4a95-8fbc-bc6b71b07378","D03","BARC","BARC.AOS.riparian.point.04","2016-06-29","BARC.20160629.EPIPHYTON.5",,"condition ok","Academy of Natural Sciences of Drexel University","2016-11-03","+IoRzddUq5A=","P","1",5,25,100,,,,,,,,"phosphorus",383.31,"microgramsPerLiter","ANSP P-16-114 Rev2; ANSP P-16_95 Rev3",,,,"legacyData|Did not meet quality audit requirements for analysis audit"
"33cd45c3-1adf-47c8-82d5-bb7b2d68cf90","D03","BARC","BARC.AOS.riparian.point.04","2016-06-29","BARC.20160629.EPIPHYTON.5",,"condition ok","Academy of Natural Sciences of Drexel University","2017-05-16","OKgcKejxXbI=","13C15N","2",5,25,100,,,,,,,,"d15N",4.31,"perMill","ANSP P-16-202 Rev0",,,,"legacyData|Did not meet quality audit requirements for analysis audit"
"c27c7d20-ece8-4642-9a35-2d40e42743b9","D03","BARC","BARC.AOS.riparian.point.06","2016-06-29","BARC.20160629.EPIPHYTON.3",,"condition ok","Academy of Natural Sciences of Drexel University","2016-09-07","Txt9C5i/u7k=","chlorophyll/pheophytin","2",5,25,100,,,,,,,,"chlorophyll a",,"microgramsPerLiter","ANSP P-16-92 Rev2",,,,"legacyData|Did not meet quality audit requirements for analysis audit"
"45268877-8319-4e7a-9b65-7ee4aae8add3","D03","BARC","BARC.AOS.littoral1","2016-06-29","BARC.20160629.PHYTOPLANKTON.2",,"condition ok","Academy of Natural Sciences of Drexel University","2017-05-16","OKgcKejxXbI=","13C15N","2",250,25,100,,,,,,,,"d34S",7.63,"perMill","SO2 EA-combustion-IRMS method",,,,"legacyData|Did not meet quality audit requirements for analysis audit"
"ff4bd6b6-7485-4795-bd13-f68f66e33509","D03","BARC","BARC.AOS.littoral2","2016-06-29","BARC.20160629.PHYTOPLANKTON.3",,"condition ok","Academy of Natural Sciences of Drexel University","2017-05-16","OKgcKejxXbI=","13C15N","2",300,25,100,,,,,,,,"d15N",4.19,"perMill","ANSP P-16-202 Rev0",,,,"legacyData|Did not meet quality audit requirements for analysis audit"
"9e991305-2c97-456f-82ac-f138d1a9b628","D03","BARC","BARC.AOS.riparian.point.02","2016-06-29","BARC.20160629.EPIPHYTON.7",,"condition ok","Academy of Natural Sciences of Drexel University","2016-09-26","OKgcKejxXbI=","CN","1",5,25,100,,,,,,,,"carbon",60601.49,"microgramsPerLiter","ANSP P-16-54 Rev2",,"N",,"legacyData|Did not meet quality audit requirements for analysis audit|acidTreatmentSOPNotFollowed"
"782bb7ee-9705-46dc-8362-6dc5f8f55d2e","D03","BARC","BARC.AOS.littoral2","2016-06-29","BARC.20160629.PHYTOPLANKTON.3",,"condition ok","Academy of Natural Sciences of Drexel University","2016-09-07","Txt9C5i/u7k=","chlorophyll/pheophytin","1",300,25,100,,,,,,,,"chlorophyll a",,"microgramsPerLiter","ANSP P-16-92 Rev2",,,,"legacyData|Did not meet quality audit requirements for analysis audit"
"88d4e3b8-0640-44bf-a115-2e5601485daa","D03","BARC","BARC.AOS.riparian.point.06","2016-06-29","BARC.20160629.EPIPHYTON.3",,"condition ok","Academy of Natural Sciences of Drexel University","2017-05-16","OKgcKejxXbI=","13C15N","2",5,25,100,,,,,,,,"d34S",5.99,"perMill","SO2 EA-combustion-IRMS method",,,,"legacyData|Did not meet quality audit requirements for analysis audit"
"2f35a85b-5c0a-44c8-a98e-9e5368fa16fa","D03","BARC","BARC.AOS.riparian.point.06","2016-06-29","BARC.20160629.EPIPHYTON.3",,"condition ok","Academy of Natural Sciences of Drexel University","2016-09-26","OKgcKejxXbI=","CN","1",5,25,100,,,,,,,,"nitrogen",2003.10,"microgramsPerLiter","ANSP P-16-54 Rev2",,,,"legacyData|Did not meet quality audit requirements for analysis audit"
"9a5c7f02-33cf-4872-86bf-43cdde8b0e66","D03","BARC","BARC.AOS.riparian.point.10","2016-06-29","BARC.20160629.EPIPHYTON.9",,"condition ok","Academy of Natural Sciences of Drexel University","2016-09-26","OKgcKejxXbI=","CN","2",5,25,100,,,,,,,,"carbon",66692.67,"microgramsPerLiter","ANSP P-16-54 Rev2",,"N",,"legacyData|Did not meet quality audit requirements for analysis audit|acidTreatmentSOPNotFollowed"
"6f1a2ca3-fcf1-41ac-b7c6-2936de81d206","D03","BARC","BARC.AOS.buoy.c0","2016-06-29","BARC.20160629.PHYTOPLANKTON.1",,"condition ok","Academy of Natural Sciences of Drexel University","2017-05-16","OKgcKejxXbI=","13C15N","1",300,25,100,,,,,,,,"d15N",3.79,"perMill","ANSP P-16-202 Rev0",,,,"legacyData|Did not meet quality audit requirements for analysis audit"
"d76232f3-5d78-4026-8b03-4606c977b322","D03","BARC","BARC.AOS.buoy.c0","2016-06-29","BARC.20160629.PHYTOPLANKTON.1",,"condition ok","Academy of Natural Sciences of Drexel University","2017-05-16","OKgcKejxXbI=","13C15N","1",300,25,100,,,,,,,,"d13C",-31.53,"perMill","ANSP P-16-202 Rev0",,"N",,"legacyData|Did not meet quality audit requirements for analysis audit|acidTreatmentSOPNotFollowed"
"bb1d28da-e885-4496-8dee-1dc041524bab","D03","BARC","BARC.AOS.buoy.c0","2016-06-29","BARC.20160629.PHYTOPLANKTON.1",,"condition ok","Academy of Natural Sciences of Drexel University","2016-09-07","Txt9C5i/u7k=","chlorophyll/pheophytin","1",300,25,100,,,,,,,,"pheophytin",,"microgramsPerLiter","ANSP P-16-92 Rev2",,,,"legacyData|Did not meet quality audit requirements for analysis audit"
"043cc77d-892e-4294-8800-ec4c55a967e6","D03","BARC","BARC.AOS.riparian.point.02","2016-06-29","BARC.20160629.EPIPHYTON.7",,"condition ok","Academy of Natural Sciences of Drexel University","2016-09-26","OKgcKejxXbI=","CN","2",5,25,100,,,,,,,,"nitrogen",4947.45,"microgramsPerLiter","ANSP P-16-54 Rev2",,,,"legacyData|Did not meet quality audit requirements for analysis audit"
"afa2e6ae-d0f3-45ff-9c58-bfbb82a31f53","D03","BARC","BARC.AOS.littoral2","2016-06-29","BARC.20160629.PHYTOPLANKTON.3",,"condition ok","Academy of Natural Sciences of Drexel University","2016-09-26","OKgcKejxXbI=","CN","2",300,25,100,,,,,,,,"nitrogen",46.48,"microgramsPerLiter","ANSP P-16-54 Rev2",,,,"legacyData|Did not meet quality audit requirements for analysis audit"
"3e56407e-e87a-48d5-8a4c-963269365539","D03","BARC","BARC.AOS.littoral1","2016-06-29","BARC.20160629.PHYTOPLANKTON.2",,"condition ok","Academy of Natural Sciences of Drexel University","2017-05-16","OKgcKejxXbI=","13C15N","1",250,25,100,,,,,,,,"d15N",4.19,"perMill","ANSP P-16-202 Rev0",,,,"legacyData|Did not meet quality audit requirements for analysis audit"
"a5363233-bbb6-4f39-95e9-13c009150414","D03","BARC","BARC.AOS.buoy.c0","2016-06-29","BARC.20160629.PHYTOPLANKTON.1",,"condition ok","Academy of Natural Sciences of Drexel University","2017-05-16","OKgcKejxXbI=","13C15N","2",300,25,100,,,,,,,,"d34S",5.84,"perMill","SO2 EA-combustion-IRMS method",,,,"legacyData|Did not meet quality audit requirements for analysis audit"
"87928c36-1e28-47b9-878a-b13294a29d7b","D03","BARC","BARC.AOS.littoral1","2016-06-29","BARC.20160629.PHYTOPLANKTON.2",,"condition ok","Academy of Natural Sciences of Drexel University","2016-09-26","OKgcKejxXbI=","CN","2",250,25,100,,,,,,,,"carbon",1563.37,"microgramsPerLiter","ANSP P-16-54 Rev2",,"N",,"legacyData|Did not meet quality audit requirements for analysis audit|acidTreatmentSOPNotFollowed"
"0f7835e3-a809-43dc-9f92-906ec76cc440","D03","BARC","BARC.AOS.riparian.point.10","2016-06-29","BARC.20160629.EPIPHYTON.9",,"condition ok","Academy of Natural Sciences of Drexel University","2016-09-26","OKgcKejxXbI=","CN","1",5,25,100,,,,,,,,"carbon",53805.27,"microgramsPerLiter","ANSP P-16-54 Rev2",,"N",,"legacyData|Did not meet quality audit requirements for analysis audit|acidTreatmentSOPNotFollowed"
"0b5ba0c1-7533-4601-b6d4-2b3e2b464e7f","D03","BARC","BARC.AOS.riparian.point.06","2016-06-29","BARC.20160629.EPIPHYTON.3",,"condition ok","Academy of Natural Sciences of Drexel University","2016-09-07","Txt9C5i/u7k=","chlorophyll/pheophytin","1",5,25,100,,,,,,,,"pheophytin",,"microgramsPerLiter","ANSP P-16-92 Rev2",,,,"legacyData|Did not meet quality audit requirements for analysis audit"
"c1c1033f-61c5-4cbb-8ea7-70a908671c3d","D03","BARC","BARC.AOS.riparian.point.10","2016-06-29","BARC.20160629.EPIPHYTON.9",,"condition ok","Academy of Natural Sciences of Drexel University","2017-05-16","OKgcKejxXbI=","13C15N","2",5,25,100,,,,,,,,"d34S",7.26,"perMill","SO2 EA-combustion-IRMS method",,,,"legacyData|Did not meet quality audit requirements for analysis audit"
"682d4491-3fc1-4ef7-849e-606fa02c1e17","D03","BARC","BARC.AOS.riparian.point.10","2016-06-29","BARC.20160629.EPIPHYTON.9",,"condition ok","Academy of Natural Sciences of Drexel University","2016-09-26","OKgcKejxXbI=","CN","2",5,25,100,,,,,,,,"nitrogen",4130.07,"microgramsPerLiter","ANSP P-16-54 Rev2",,,,"legacyData|Did not meet quality audit requirements for analysis audit"
"7ec4e977-c6ec-40ff-b6a0-68b5b8b908ab","D03","BARC","BARC.AOS.buoy.c0","2016-06-29","BARC.20160629.PHYTOPLANKTON.1",,"condition ok","Academy of Natural Sciences of Drexel University","2016-09-26","OKgcKejxXbI=","CN","2",300,25,100,,,,,,,,"nitrogen",42.55,"microgramsPerLiter","ANSP P-16-54 Rev2",,,,"legacyData|Did not meet quality audit requirements for analysis audit"
"30382edd-b44a-40fc-b08b-e0ebde9592ae","D03","BARC","BARC.AOS.buoy.c0","2016-06-29","BARC.20160629.PHYTOPLANKTON.1",,"condition ok","Academy of Natural Sciences of Drexel University","2016-09-07","Txt9C5i/u7k=","chlorophyll/pheophytin","2",300,25,100,,,,,,,,"pheophytin",,"microgramsPerLiter","ANSP P-16-92 Rev2",,,,"legacyData|Did not meet quality audit requirements for analysis audit"
"3a1dd510-4be5-4409-8f81-f5e07f4b7cc6","D03","BARC","BARC.AOS.riparian.point.04","2016-06-29","BARC.20160629.EPIPHYTON.5",,"condition ok","Academy of Natural Sciences of Drexel University","2017-05-16","OKgcKejxXbI=","13C15N","2",5,25,100,,,,,,,,"d13C",-28.93,"perMill","ANSP P-16-202 Rev0",,"N",,"legacyData|Did not meet quality audit requirements for analysis audit|acidTreatmentSOPNotFollowed"
"5e4df694-a2bf-440b-8f0b-3b59ac3e437b","D03","BARC","BARC.AOS.riparian.point.04","2016-06-29","BARC.20160629.EPIPHYTON.5",,"condition ok","Academy of Natural Sciences of Drexel University","2016-09-26","OKgcKejxXbI=","CN","1",5,25,100,,,,,,,,"carbon",69378.01,"microgramsPerLiter","ANSP P-16-54 Rev2",,"N",,"legacyData|Did not meet quality audit requirements for analysis audit|acidTreatmentSOPNotFollowed"
"2e0aeed8-f4a7-477e-b4bb-4db93186814e","D03","BARC","BARC.AOS.riparian.point.08","2016-06-29","BARC.20160629.EPIPHYTON.1",,"condition ok","Academy of Natural Sciences of Drexel University","2017-05-16","OKgcKejxXbI=","13C15N","1",5,25,100,,,,,,,,"d15N",4.30,"perMill","ANSP P-16-202 Rev0",,,,"legacyData|Did not meet quality audit requirements for analysis audit"
"9a2caeff-9777-4fe7-a837-ecc4f66ce07e","D03","BARC","BARC.AOS.littoral2","2016-06-29","BARC.20160629.PHYTOPLANKTON.3",,"condition ok","Academy of Natural Sciences of Drexel University","2016-09-07","Txt9C5i/u7k=","chlorophyll/pheophytin","2",300,25,100,,,,,,,,"chlorophyll a",,"microgramsPerLiter","ANSP P-16-92 Rev2",,,,"legacyData|Did not meet quality audit requirements for analysis audit"
"ce3f36ad-dec8-4da4-affc-84396f6efbab","D03","BARC","BARC.AOS.riparian.point.02","2016-06-29","BARC.20160629.EPIPHYTON.7",,"condition ok","Academy of Natural Sciences of Drexel University","2016-09-26","OKgcKejxXbI=","CN","2",5,25,100,,,,,,,,"carbon",76300.35,"microgramsPerLiter","ANSP P-16-54 Rev2",,"N",,"legacyData|Did not meet quality audit requirements for analysis audit|acidTreatmentSOPNotFollowed"
"972f52ef-3777-4e76-9b5d-99c21fa70db8","D03","BARC","BARC.AOS.riparian.point.06","2016-06-29","BARC.20160629.EPIPHYTON.3",,"condition ok","Academy of Natural Sciences of Drexel University","2016-09-26","OKgcKejxXbI=","CN","2",5,25,100,,,,,,,,"carbon",30859.05,"microgramsPerLiter","ANSP P-16-54 Rev2",,"N",,"legacyData|Did not meet quality audit requirements for analysis audit|acidTreatmentSOPNotFollowed"
"cd791211-2ff9-427f-ae70-d00617691d33","D03","BARC","BARC.AOS.riparian.point.08","2016-06-29","BARC.20160629.EPIPHYTON.1",,"condition ok","Academy of Natural Sciences of Drexel University","2017-05-16","OKgcKejxXbI=","13C15N","2",5,25,100,,,,,,,,"d34S",7.09,"perMill","SO2 EA-combustion-IRMS method",,,,"legacyData|Did not meet quality audit requirements for analysis audit"
"b3843249-8714-4f89-a099-07fa4efeac1f","D03","BARC","BARC.AOS.riparian.point.08","2016-06-29","BARC.20160629.EPIPHYTON.1",,"condition ok","Academy of Natural Sciences of Drexel University","2016-09-07","Txt9C5i/u7k=","chlorophyll/pheophytin","1",5,25,100,,,,,,,,"pheophytin",,"microgramsPerLiter","ANSP P-16-92 Rev2",,,,"legacyData|Did not meet quality audit requirements for analysis audit"
"7c93e506-82e2-4b45-a1d7-ce0e1e127b85","D03","BARC","BARC.AOS.littoral1","2016-06-29","BARC.20160629.PHYTOPLANKTON.2",,"condition ok","Academy of Natural Sciences of Drexel University","2016-09-07","Txt9C5i/u7k=","chlorophyll/pheophytin","1",250,25,100,,,,,,,,"pheophytin",,"microgramsPerLiter","ANSP P-16-92 Rev2",,,,"legacyData|Did not meet quality audit requirements for analysis audit"
"dfe206f9-29bf-4be8-8984-2c8963343cf8","D03","BARC","BARC.AOS.riparian.point.02","2016-06-29","BARC.20160629.EPIPHYTON.7",,"condition ok","Academy of Natural Sciences of Drexel University","2017-05-16","OKgcKejxXbI=","13C15N","1",5,25,100,,,,,,,,"d13C",-24.34,"perMill","ANSP P-16-202 Rev0",,"N",,"legacyData|Did not meet quality audit requirements for analysis audit|acidTreatmentSOPNotFollowed"
"74fb9742-d650-455c-b386-92c08420ba33","D03","BARC","BARC.AOS.riparian.point.04","2016-06-29","BARC.20160629.EPIPHYTON.5",,"condition ok","Academy of Natural Sciences of Drexel University","2016-09-07","Txt9C5i/u7k=","chlorophyll/pheophytin","2",5,25,100,,,,,,,,"chlorophyll a",,"microgramsPerLiter","ANSP P-16-92 Rev2",,,,"legacyData|Did not meet quality audit requirements for analysis audit"
"f3e97f97-a772-4559-9a6c-14a7c21ef815","D03","BARC","BARC.AOS.buoy.c0","2016-06-29","BARC.20160629.PHYTOPLANKTON.1",,"condition ok","Academy of Natural Sciences of Drexel University","2017-05-16","OKgcKejxXbI=","13C15N","2",300,25,100,,,,,,,,"d13C",-31.45,"perMill","ANSP P-16-202 Rev0",,"N",,"legacyData|Did not meet quality audit requirements for analysis audit|acidTreatmentSOPNotFollowed"
"265c5b7e-8fc1-4f17-959f-9ba20917c734","D03","BARC","BARC.AOS.riparian.point.06","2016-06-29","BARC.20160629.EPIPHYTON.3",,"condition ok","Academy of Natural Sciences of Drexel University","2017-05-16","OKgcKejxXbI=","13C15N","2",5,25,100,,,,,,,,"d13C",-28.79,"perMill","ANSP P-16-202 Rev0",,"N",,"legacyData|Did not meet quality audit requirements for analysis audit|acidTreatmentSOPNotFollowed"
"9d409788-ab0b-469f-bd23-3427ea363e04","D03","BARC","BARC.AOS.buoy.c0","2016-06-29","BARC.20160629.PHYTOPLANKTON.1",,"condition ok","Academy of Natural Sciences of Drexel University","2016-09-26","OKgcKejxXbI=","CN","1",300,25,100,,,,,,,,"carbon",292.67,"microgramsPerLiter","ANSP P-16-54 Rev2",,"N",,"legacyData|Did not meet quality audit requirements for analysis audit|acidTreatmentSOPNotFollowed"
"a430f620-3e68-48f5-89cb-e833567bb380","D03","BARC","BARC.AOS.riparian.point.08","2016-06-29","BARC.20160629.EPIPHYTON.1",,"condition ok","Academy of Natural Sciences of Drexel University","2016-09-07","Txt9C5i/u7k=","chlorophyll/pheophytin","2",5,25,100,,,,,,,,"pheophytin",,"microgramsPerLiter","ANSP P-16-92 Rev2",,,,"legacyData|Did not meet quality audit requirements for analysis audit"
"382a32ca-258d-4cc6-81ed-3fdc7b08e283","D03","BARC","BARC.AOS.littoral1","2016-06-29","BARC.20160629.PHYTOPLANKTON.2",,"condition ok","Academy of Natural Sciences of Drexel University","2016-09-26","OKgcKejxXbI=","CN","2",250,25,100,,,,,,,,"nitrogen",152.71,"microgramsPerLiter","ANSP P-16-54 Rev2",,,,"legacyData|Did not meet quality audit requirements for analysis audit"
"b99d3e74-c6ae-49ff-aedd-6de4ab048397","D03","BARC","BARC.AOS.riparian.point.06","2016-06-29","BARC.20160629.EPIPHYTON.3",,"condition ok","Academy of Natural Sciences of Drexel University","2017-05-16","OKgcKejxXbI=","13C15N","2",5,25,100,,,,,,,,"d15N",6.97,"perMill","ANSP P-16-202 Rev0",,,,"legacyData|Did not meet quality audit requirements for analysis audit"
"08dd29a7-185b-4174-be38-d0b213ae2592","D03","BARC","BARC.AOS.riparian.point.08","2016-06-29","BARC.20160629.EPIPHYTON.1",,"condition ok","Academy of Natural Sciences of Drexel University","2016-09-07","Txt9C5i/u7k=","chlorophyll/pheophytin","1",5,25,100,,,,,,,,"chlorophyll a",,"microgramsPerLiter","ANSP P-16-92 Rev2",,,,"legacyData|Did not meet quality audit requirements for analysis audit"
"6f651406-d974-439d-9fa7-4817df60be95","D03","BARC","BARC.AOS.buoy.c0","2016-06-29","BARC.20160629.PHYTOPLANKTON.1",,"condition ok","Academy of Natural Sciences of Drexel University","2016-09-26","OKgcKejxXbI=","CN","1",300,25,100,,,,,,,,"nitrogen",48.15,"microgramsPerLiter","ANSP P-16-54 Rev2",,,,"legacyData|Did not meet quality audit requirements for analysis audit"
"4a65a347-e533-448c-a57f-10c4a4f8b67b","D03","BARC","BARC.AOS.riparian.point.04","2016-06-29","BARC.20160629.EPIPHYTON.5",,"condition ok","Academy of Natural Sciences of Drexel University","2016-09-07","Txt9C5i/u7k=","chlorophyll/pheophytin","1",5,25,100,,,,,,,,"chlorophyll a",,"microgramsPerLiter","ANSP P-16-92 Rev2",,,,"legacyData|Did not meet quality audit requirements for analysis audit"
"3d0df23f-2087-4af2-99fb-706a5ca3de24","D03","BARC","BARC.AOS.riparian.point.04","2016-06-29","BARC.20160629.EPIPHYTON.5",,"condition ok","Academy of Natural Sciences of Drexel University","2017-05-16","OKgcKejxXbI=","13C15N","1",5,25,100,,,,,,,,"d15N",4.20,"perMill","ANSP P-16-202 Rev0",,,,"legacyData|Did not meet quality audit requirements for analysis audit"
"804766ac-2466-4698-b065-3e407ecb0a8a","D03","BARC","BARC.AOS.riparian.point.10","2016-06-29","BARC.20160629.EPIPHYTON.9",,"condition ok","Academy of Natural Sciences of Drexel University","2016-11-03","+IoRzddUq5A=","P","1",5,25,100,,,,,,,,"phosphorus",123.72,"microgramsPerLiter","ANSP P-16-114 Rev2; ANSP P-16_95 Rev3",,,,"legacyData|Did not meet quality audit requirements for analysis audit"
"f006eb68-c4ef-449c-845f-096e15663d42","D03","BARC","BARC.AOS.littoral2","2016-06-29","BARC.20160629.PHYTOPLANKTON.3",,"condition ok","Academy of Natural Sciences of Drexel University","2016-09-07","Txt9C5i/u7k=","chlorophyll/pheophytin","2",300,25,100,,,,,,,,"pheophytin",,"microgramsPerLiter","ANSP P-16-92 Rev2",,,,"legacyData|Did not meet quality audit requirements for analysis audit"
"b6aa7601-1c73-4238-aef4-66602f8936ad","D03","BARC","BARC.AOS.buoy.c0","2016-06-29","BARC.20160629.PHYTOPLANKTON.1",,"condition ok","Academy of Natural Sciences of Drexel University","2016-09-07","Txt9C5i/u7k=","chlorophyll/pheophytin","1",300,25,100,,,,,,,,"chlorophyll a",,"microgramsPerLiter","ANSP P-16-92 Rev2",,,,"legacyData|Did not meet quality audit requirements for analysis audit"
"2efced2a-fbbf-4f8d-a8cb-6180f01c17c8","D03","BARC","BARC.AOS.riparian.point.06","2016-06-29","BARC.20160629.EPIPHYTON.3",,"condition ok","Academy of Natural Sciences of Drexel University","2016-09-26","OKgcKejxXbI=","CN","2",5,25,100,,,,,,,,"nitrogen",3074.84,"microgramsPerLiter","ANSP P-16-54 Rev2",,,,"legacyData|Did not meet quality audit requirements for analysis audit"
"eb980f34-f1b3-40ee-ba0a-acf98757d5f3","D03","BARC","BARC.AOS.littoral2","2016-06-29","BARC.20160629.PHYTOPLANKTON.3",,"condition ok","Academy of Natural Sciences of Drexel University","2016-09-26","OKgcKejxXbI=","CN","1",300,25,100,,,,,,,,"nitrogen",67.12,"microgramsPerLiter","ANSP P-16-54 Rev2",,,,"legacyData|Did not meet quality audit requirements for analysis audit"
"48359d60-1a99-4597-b02e-5b0700a7ebee","D03","BARC","BARC.AOS.buoy.c0","2016-06-29","BARC.20160629.PHYTOPLANKTON.1",,"condition ok","Academy of Natural Sciences of Drexel University","2017-05-16","OKgcKejxXbI=","13C15N","2",300,25,100,,,,,,,,"d15N",3.07,"perMill","ANSP P-16-202 Rev0",,,,"legacyData|Did not meet quality audit requirements for analysis audit"
"ee1210eb-8b99-41c6-8e16-d5e84a36c6e7","D03","BARC","BARC.AOS.riparian.point.08","2016-06-29","BARC.20160629.EPIPHYTON.1",,"condition ok","Academy of Natural Sciences of Drexel University","2016-09-26","OKgcKejxXbI=","CN","2",5,25,100,,,,,,,,"carbon",70914.92,"microgramsPerLiter","ANSP P-16-54 Rev2",,"N",,"legacyData|Did not meet quality audit requirements for analysis audit|acidTreatmentSOPNotFollowed"
"18eb1b19-110f-43a5-a193-cf2272ced69c","D03","BARC","BARC.AOS.riparian.point.10","2016-06-29","BARC.20160629.EPIPHYTON.9",,"condition ok","Academy of Natural Sciences of Drexel University","2017-05-16","OKgcKejxXbI=","13C15N","1",5,25,100,,,,,,,,"d15N",5.42,"perMill","ANSP P-16-202 Rev0",,,,"legacyData|Did not meet quality audit requirements for analysis audit"
"a476814a-4b59-40b9-acb3-42eff929ac2f","D03","BARC","BARC.AOS.riparian.point.02","2016-06-29","BARC.20160629.EPIPHYTON.7",,"condition ok","Academy of Natural Sciences of Drexel University","2016-09-26","OKgcKejxXbI=","CN","1",5,25,100,,,,,,,,"nitrogen",4287.99,"microgramsPerLiter","ANSP P-16-54 Rev2",,,,"legacyData|Did not meet quality audit requirements for analysis audit"
"dcdcff28-81f4-4315-80b8-750e3732d4af","D03","BARC","BARC.AOS.riparian.point.02","2016-06-29","BARC.20160629.EPIPHYTON.7",,"condition ok","Academy of Natural Sciences of Drexel University","2017-05-16","OKgcKejxXbI=","13C15N","2",5,25,100,,,,,,,,"d13C",-23.92,"perMill","ANSP P-16-202 Rev0",,"N",,"legacyData|Did not meet quality audit requirements for analysis audit|acidTreatmentSOPNotFollowed"
"f20c949e-5751-40e4-92fd-583f7e62ac12","D03","BARC","BARC.AOS.littoral2","2016-06-29","BARC.20160629.PHYTOPLANKTON.3",,"condition ok","Academy of Natural Sciences of Drexel University","2016-09-07","Txt9C5i/u7k=","chlorophyll/pheophytin","1",300,25,100,,,,,,,,"pheophytin",,"microgramsPerLiter","ANSP P-16-92 Rev2",,,,"legacyData|Did not meet quality audit requirements for analysis audit"
"34ca846f-44a2-4ce2-adc0-2af848614c62","D03","BARC","BARC.AOS.riparian.point.08","2016-06-29","BARC.20160629.EPIPHYTON.1",,"condition ok","Academy of Natural Sciences of Drexel University","2017-05-16","OKgcKejxXbI=","13C15N","2",5,25,100,,,,,,,,"d13C",-28.62,"perMill","ANSP P-16-202 Rev0",,"N",,"legacyData|Did not meet quality audit requirements for analysis audit|acidTreatmentSOPNotFollowed"
"e33dabfe-54a7-4450-8c18-d7c8d36d071e","D03","BARC","BARC.AOS.riparian.point.06","2016-06-29","BARC.20160629.EPIPHYTON.3",,"condition ok","Academy of Natural Sciences of Drexel University","2016-09-07","Txt9C5i/u7k=","chlorophyll/pheophytin","2",5,25,100,,,,,,,,"pheophytin",,"microgramsPerLiter","ANSP P-16-92 Rev2",,,,"legacyData|Did not meet quality audit requirements for analysis audit"
"33149fc1-9781-4f5b-8479-a98cc9723327","D03","BARC","BARC.AOS.riparian.point.06","2016-06-29","BARC.20160629.EPIPHYTON.3",,"condition ok","Academy of Natural Sciences of Drexel University","2016-11-03","+IoRzddUq5A=","P","1",5,25,100,,,,,,,,"phosphorus",354.45,"microgramsPerLiter","ANSP P-16-114 Rev2; ANSP P-16_95 Rev3",,,,"legacyData|Did not meet quality audit requirements for analysis audit"
"e42f402a-0935-4fa9-8733-d37ddff3f8fe","D03","BARC","BARC.AOS.riparian.point.02","2016-06-29","BARC.20160629.EPIPHYTON.7",,"condition ok","Academy of Natural Sciences of Drexel University","2016-09-07","Txt9C5i/u7k=","chlorophyll/pheophytin","2",5,25,100,,,,,,,,"pheophytin",,"microgramsPerLiter","ANSP P-16-92 Rev2",,,,"legacyData|Did not meet quality audit requirements for analysis audit"
"e300c529-eae0-42ea-8fca-14ffca7801db","D03","BARC","BARC.AOS.buoy.c0","2016-06-29","BARC.20160629.PHYTOPLANKTON.1",,"condition ok","Academy of Natural Sciences of Drexel University","2016-09-26","OKgcKejxXbI=","CN","2",300,25,100,,,,,,,,"carbon",247.61,"microgramsPerLiter","ANSP P-16-54 Rev2",,"N",,"legacyData|Did not meet quality audit requirements for analysis audit|acidTreatmentSOPNotFollowed"
"c3e7621e-536a-4375-85f6-2600f7a59160","D03","BARC","BARC.AOS.riparian.point.02","2016-06-29","BARC.20160629.EPIPHYTON.7",,"condition ok","Academy of Natural Sciences of Drexel University","2016-09-07","Txt9C5i/u7k=","chlorophyll/pheophytin","1",5,25,100,,,,,,,,"chlorophyll a",,"microgramsPerLiter","ANSP P-16-92 Rev2",,,,"legacyData|Did not meet quality audit requirements for analysis audit"
"ea829531-9860-40b6-8071-6b5aa994ae95","D03","BARC","BARC.AOS.littoral2","2016-06-29","BARC.20160629.PHYTOPLANKTON.3",,"condition ok","Academy of Natural Sciences of Drexel University","2016-11-03","+IoRzddUq5A=","P","1",300,25,100,,,,,,,,"phosphorus",4.46,"microgramsPerLiter","ANSP P-16-114 Rev2; ANSP P-16_95 Rev3",,,,"legacyData|Did not meet quality audit requirements for analysis audit"
"da6b645c-b36d-48da-92b1-21b94ace8307","D03","BARC","BARC.AOS.riparian.point.04","2016-06-29","BARC.20160629.EPIPHYTON.5",,"condition ok","Academy of Natural Sciences of Drexel University","2016-09-07","Txt9C5i/u7k=","chlorophyll/pheophytin","2",5,25,100,,,,,,,,"pheophytin",,"microgramsPerLiter","ANSP P-16-92 Rev2",,,,"legacyData|Did not meet quality audit requirements for analysis audit"
"9b0c09b2-2b41-4069-8b92-75e569e989aa","D03","BARC","BARC.AOS.riparian.point.04","2016-06-29","BARC.20160629.EPIPHYTON.5",,"condition ok","Academy of Natural Sciences of Drexel University","2017-05-16","OKgcKejxXbI=","13C15N","2",5,25,100,,,,,,,,"d34S",6.12,"perMill","SO2 EA-combustion-IRMS method",,,,"legacyData|Did not meet quality audit requirements for analysis audit"
"809bca2e-1ab6-4290-8cf9-18185ec66c0f","D03","BARC","BARC.AOS.riparian.point.02","2016-06-29","BARC.20160629.EPIPHYTON.7",,"condition ok","Academy of Natural Sciences of Drexel University","2016-09-07","Txt9C5i/u7k=","chlorophyll/pheophytin","1",5,25,100,,,,,,,,"pheophytin",,"microgramsPerLiter","ANSP P-16-92 Rev2",,,,"legacyData|Did not meet quality audit requirements for analysis audit"
"0464c98f-2845-42a2-8159-0cdc3e1e180b","D03","BARC","BARC.AOS.riparian.point.10","2016-06-29","BARC.20160629.EPIPHYTON.9",,"condition ok","Academy of Natural Sciences of Drexel University","2017-05-16","OKgcKejxXbI=","13C15N","2",5,25,100,,,,,,,,"d13C",-29.01,"perMill","ANSP P-16-202 Rev0",,"N",,"legacyData|Did not meet quality audit requirements for analysis audit|acidTreatmentSOPNotFollowed"
"60d5bad4-e485-4a7b-b236-9a29032964a9","D03","BARC","BARC.AOS.littoral1","2016-06-29","BARC.20160629.PHYTOPLANKTON.2",,"condition ok","Academy of Natural Sciences of Drexel University","2017-05-16","OKgcKejxXbI=","13C15N","2",250,25,100,,,,,,,,"d13C",-28.08,"perMill","ANSP P-16-202 Rev0",,"N",,"legacyData|Did not meet quality audit requirements for analysis audit|acidTreatmentSOPNotFollowed"
"846aafa0-41e7-4f93-bf30-d5698f3c00a2","D03","BARC","BARC.AOS.littoral2","2016-06-29","BARC.20160629.PHYTOPLANKTON.3",,"condition ok","Academy of Natural Sciences of Drexel University","2017-05-16","OKgcKejxXbI=","13C15N","1",300,25,100,,,,,,,,"d15N",2.45,"perMill","ANSP P-16-202 Rev0",,,,"legacyData|Did not meet quality audit requirements for analysis audit"
"acc96fb8-773e-4a2e-bb75-b581291f6421","D03","BARC","BARC.AOS.riparian.point.08","2016-06-29","BARC.20160629.EPIPHYTON.1",,"condition ok","Academy of Natural Sciences of Drexel University","2017-05-16","OKgcKejxXbI=","13C15N","1",5,25,100,,,,,,,,"d13C",-28.76,"perMill","ANSP P-16-202 Rev0",,"N",,"legacyData|Did not meet quality audit requirements for analysis audit|acidTreatmentSOPNotFollowed"
"c00aae45-9fe5-4ef0-aa99-19d1acb914b5","D03","BARC","BARC.AOS.riparian.point.02","2016-06-29","BARC.20160629.EPIPHYTON.7",,"condition ok","Academy of Natural Sciences of Drexel University","2017-05-16","OKgcKejxXbI=","13C15N","2",5,25,100,,,,,,,,"d15N",4.05,"perMill","ANSP P-16-202 Rev0",,,,"legacyData|Did not meet quality audit requirements for analysis audit"
"0e87ee49-442a-4f92-8534-dd6c35126d62","D03","BARC","BARC.AOS.riparian.point.02","2016-06-29","BARC.20160629.EPIPHYTON.7",,"condition ok","Academy of Natural Sciences of Drexel University","2016-11-03","+IoRzddUq5A=","P","1",5,25,100,,,,,,,,"phosphorus",171.77,"microgramsPerLiter","ANSP P-16-114 Rev2; ANSP P-16_95 Rev3",,,,"legacyData|Did not meet quality audit requirements for analysis audit"
"0cd21710-fc94-45de-9d03-31678d93f1ef","D03","BARC","BARC.AOS.riparian.point.04","2016-06-29","BARC.20160629.EPIPHYTON.5",,"condition ok","Academy of Natural Sciences of Drexel University","2017-05-16","OKgcKejxXbI=","13C15N","1",5,25,100,,,,,,,,"d13C",-28.88,"perMill","ANSP P-16-202 Rev0",,"N",,"legacyData|Did not meet quality audit requirements for analysis audit|acidTreatmentSOPNotFollowed"
"2810cb77-569a-426d-a694-451605aa7b38","D03","BARC","BARC.AOS.riparian.point.08","2016-06-29","BARC.20160629.EPIPHYTON.1",,"condition ok","Academy of Natural Sciences of Drexel University","2016-09-26","OKgcKejxXbI=","CN","1",5,25,100,,,,,,,,"carbon",16544.69,"microgramsPerLiter","ANSP P-16-54 Rev2",,"N",,"legacyData|Did not meet quality audit requirements for analysis audit|acidTreatmentSOPNotFollowed"
"194e5c64-8046-4a93-9353-e29676efb4ee","D03","BARC","BARC.AOS.littoral1","2016-06-29","BARC.20160629.PHYTOPLANKTON.2",,"condition ok","Academy of Natural Sciences of Drexel University","2017-05-16","OKgcKejxXbI=","13C15N","1",250,25,100,,,,,,,,"d13C",-28.62,"perMill","ANSP P-16-202 Rev0",,"N",,"legacyData|Did not meet quality audit requirements for analysis audit|acidTreatmentSOPNotFollowed"
"5ec19a57-615b-42db-bef7-3268ff89a5b2","D03","BARC","BARC.AOS.riparian.point.10","2016-06-29","BARC.20160629.EPIPHYTON.9",,"condition ok","Academy of Natural Sciences of Drexel University","2017-05-16","OKgcKejxXbI=","13C15N","1",5,25,100,,,,,,,,"d13C",-29.19,"perMill","ANSP P-16-202 Rev0",,"N",,"legacyData|Did not meet quality audit requirements for analysis audit|acidTreatmentSOPNotFollowed"
"e31c37ff-a1ac-4ce4-8563-339e67db2c28","D03","BARC","BARC.AOS.riparian.point.10","2016-06-29","BARC.20160629.EPIPHYTON.9",,"condition ok","Academy of Natural Sciences of Drexel University","2017-05-16","OKgcKejxXbI=","13C15N","2",5,25,100,,,,,,,,"d15N",5.60,"perMill","ANSP P-16-202 Rev0",,,,"legacyData|Did not meet quality audit requirements for analysis audit"
"a99252dc-6359-4f0f-8763-5f960c4daa25","D03","BARC","BARC.AOS.riparian.point.06","2016-06-29","BARC.20160629.EPIPHYTON.3",,"condition ok","Academy of Natural Sciences of Drexel University","2017-05-16","OKgcKejxXbI=","13C15N","1",5,25,100,,,,,,,,"d13C",-28.70,"perMill","ANSP P-16-202 Rev0",,"N",,"legacyData|Did not meet quality audit requirements for analysis audit|acidTreatmentSOPNotFollowed"
"43dffd7e-c1b0-4239-a07f-1f8bcc5d21ca","D03","BARC","BARC.AOS.riparian.point.02","2016-06-29","BARC.20160629.EPIPHYTON.7",,"condition ok","Academy of Natural Sciences of Drexel University","2016-09-07","Txt9C5i/u7k=","chlorophyll/pheophytin","2",5,25,100,,,,,,,,"chlorophyll a",,"microgramsPerLiter","ANSP P-16-92 Rev2",,,,"legacyData|Did not meet quality audit requirements for analysis audit"
"9f5fece7-57d0-469f-b9f4-42817c923c19","D03","BARC","BARC.AOS.riparian.point.04","2016-06-29","BARC.20160629.EPIPHYTON.5",,"condition ok","Academy of Natural Sciences of Drexel University","2016-09-26","OKgcKejxXbI=","CN","2",5,25,100,,,,,,,,"carbon",60503.41,"microgramsPerLiter","ANSP P-16-54 Rev2",,"N",,"legacyData|Did not meet quality audit requirements for analysis audit|acidTreatmentSOPNotFollowed"
"b4284792-82c3-4af9-b4cc-7cb160ec8e3f","D03","BARC","BARC.AOS.riparian.point.10","2016-06-29","BARC.20160629.EPIPHYTON.9",,"condition ok","Academy of Natural Sciences of Drexel University","2016-09-26","OKgcKejxXbI=","CN","1",5,25,100,,,,,,,,"nitrogen",4100.30,"microgramsPerLiter","ANSP P-16-54 Rev2",,,,"legacyData|Did not meet quality audit requirements for analysis audit"
"a8583aae-7c8e-48fb-ba89-44f0354fe62a","D03","BARC","BARC.AOS.littoral2","2016-06-29","BARC.20160629.PHYTOPLANKTON.3",,"condition ok","Academy of Natural Sciences of Drexel University","2017-05-16","OKgcKejxXbI=","13C15N","1",300,25,100,,,,,,,,"d13C",-31.20,"perMill","ANSP P-16-202 Rev0",,"N",,"legacyData|Did not meet quality audit requirements for analysis audit|acidTreatmentSOPNotFollowed"
"16b40676-ffe5-4261-9fb5-4cd12c421841","D03","BARC","BARC.AOS.riparian.point.08","2016-06-29","BARC.20160629.EPIPHYTON.1",,"condition ok","Academy of Natural Sciences of Drexel University","2016-09-26","OKgcKejxXbI=","CN","1",5,25,100,,,,,,,,"nitrogen",2501.73,"microgramsPerLiter","ANSP P-16-54 Rev2",,,,"legacyData|Did not meet quality audit requirements for analysis audit"
"475db1c9-a33f-4158-a9c1-867e61f978a4","D03","BARC","BARC.AOS.riparian.point.06","2016-06-29","BARC.20160629.EPIPHYTON.3",,"condition ok","Academy of Natural Sciences of Drexel University","2016-09-07","Txt9C5i/u7k=","chlorophyll/pheophytin","1",5,25,100,,,,,,,,"chlorophyll a",,"microgramsPerLiter","ANSP P-16-92 Rev2",,,,"legacyData|Did not meet quality audit requirements for analysis audit"
"81320827-a98f-4c42-afae-ac236ca0e91f","D03","BARC","BARC.AOS.littoral1","2016-06-29","BARC.20160629.PHYTOPLANKTON.2",,"condition ok","Academy of Natural Sciences of Drexel University","2016-09-07","Txt9C5i/u7k=","chlorophyll/pheophytin","2",250,25,100,,,,,,,,"pheophytin",,"microgramsPerLiter","ANSP P-16-92 Rev2",,,,"legacyData|Did not meet quality audit requirements for analysis audit"
"cce5f69b-cf37-4477-8be7-5e3c4fb56f69","D03","BARC","BARC.AOS.riparian.point.04","2016-06-29","BARC.20160629.EPIPHYTON.5",,"condition ok","Academy of Natural Sciences of Drexel University","2016-09-07","Txt9C5i/u7k=","chlorophyll/pheophytin","1",5,25,100,,,,,,,,"pheophytin",,"microgramsPerLiter","ANSP P-16-92 Rev2",,,,"legacyData|Did not meet quality audit requirements for analysis audit"
"184c102e-758f-4096-bbc6-48b59a186909","D03","BARC","BARC.AOS.littoral1","2016-06-29","BARC.20160629.PHYTOPLANKTON.2",,"condition ok","Academy of Natural Sciences of Drexel University","2016-09-26","OKgcKejxXbI=","CN","1",250,25,100,,,,,,,,"carbon",557.87,"microgramsPerLiter","ANSP P-16-54 Rev2",,"N",,"legacyData|Did not meet quality audit requirements for analysis audit|acidTreatmentSOPNotFollowed"
"a86d9723-07c5-4835-bd25-90994c12f2df","D03","BARC","BARC.AOS.littoral1","2016-06-29","BARC.20160629.PHYTOPLANKTON.2",,"condition ok","Academy of Natural Sciences of Drexel University","2017-05-16","OKgcKejxXbI=","13C15N","2",250,25,100,,,,,,,,"d15N",4.79,"perMill","ANSP P-16-202 Rev0",,,,"legacyData|Did not meet quality audit requirements for analysis audit"
"f6089521-7b5d-4ac1-80c8-b666a54d04e7","D03","BARC","BARC.AOS.riparian.point.04","2016-06-29","BARC.20160629.EPIPHYTON.5",,"condition ok","Academy of Natural Sciences of Drexel University","2016-09-26","OKgcKejxXbI=","CN","1",5,25,100,,,,,,,,"nitrogen",5307.69,"microgramsPerLiter","ANSP P-16-54 Rev2",,,,"legacyData|Did not meet quality audit requirements for analysis audit"
"d20a4bc9-da4d-45fe-9e23-2de47383ec1a","D03","BARC","BARC.AOS.riparian.point.08","2016-06-29","BARC.20160629.EPIPHYTON.1",,"condition ok","Academy of Natural Sciences of Drexel University","2016-09-26","OKgcKejxXbI=","CN","2",5,25,100,,,,,,,,"nitrogen",5333.33,"microgramsPerLiter","ANSP P-16-54 Rev2",,,,"legacyData|Did not meet quality audit requirements for analysis audit"
"7f852984-8f35-42d7-aeb7-888d3c39fe34","D03","BARC","BARC.AOS.littoral1","2016-06-29","BARC.20160629.PHYTOPLANKTON.2",,"condition ok","Academy of Natural Sciences of Drexel University","2016-09-07","Txt9C5i/u7k=","chlorophyll/pheophytin","2",250,25,100,,,,,,,,"chlorophyll a",,"microgramsPerLiter","ANSP P-16-92 Rev2",,,,"legacyData|Did not meet quality audit requirements for analysis audit"
"76f0e91d-ca13-4850-9e2c-b344b2117419","D03","BARC","BARC.AOS.riparian.point.10","2016-06-29","BARC.20160629.EPIPHYTON.9",,"condition ok","Academy of Natural Sciences of Drexel University","2016-09-07","Txt9C5i/u7k=","chlorophyll/pheophytin","2",5,25,100,,,,,,,,"pheophytin",,"microgramsPerLiter","ANSP P-16-92 Rev2",,,,"legacyData|Did not meet quality audit requirements for analysis audit"
"8988e1e4-7aa8-439e-b7e9-c0116122ffe6","D03","BARC","BARC.AOS.littoral1","2016-06-29","BARC.20160629.PHYTOPLANKTON.2",,"condition ok","Academy of Natural Sciences of Drexel University","2016-11-03","+IoRzddUq5A=","P","1",250,25,100,,,,,,,,"phosphorus",6.32,"microgramsPerLiter","ANSP P-16-114 Rev2; ANSP P-16_95 Rev3",,,,"legacyData|Did not meet quality audit requirements for analysis audit"
"5a98c237-d272-412d-b088-72cd5f180373","D03","BARC","BARC.AOS.littoral1","2016-06-29","BARC.20160629.PHYTOPLANKTON.2",,"condition ok","Academy of Natural Sciences of Drexel University","2016-09-07","Txt9C5i/u7k=","chlorophyll/pheophytin","1",250,25,100,,,,,,,,"chlorophyll a",,"microgramsPerLiter","ANSP P-16-92 Rev2",,,,"legacyData|Did not meet quality audit requirements for analysis audit"
"73702f9d-86f4-4c01-8199-bc3d15887d7c","D03","BARC","BARC.AOS.riparian.point.10","2016-06-29","BARC.20160629.EPIPHYTON.9",,"condition ok","Academy of Natural Sciences of Drexel University","2016-09-07","Txt9C5i/u7k=","chlorophyll/pheophytin","1",5,25,100,,,,,,,,"pheophytin",,"microgramsPerLiter","ANSP P-16-92 Rev2",,,,"legacyData|Did not meet quality audit requirements for analysis audit"
"b450d282-d5d6-403d-aac7-4afa0de812c0","D03","BARC","BARC.AOS.littoral2","2016-06-29","BARC.20160629.PHYTOPLANKTON.3",,"condition ok","Academy of Natural Sciences of Drexel University","2017-05-16","OKgcKejxXbI=","13C15N","2",300,25,100,,,,,,,,"d13C",-30.29,"perMill","ANSP P-16-202 Rev0",,"N",,"legacyData|Did not meet quality audit requirements for analysis audit|acidTreatmentSOPNotFollowed"
"a470016a-b2bc-409f-94c5-8b90b013ab43","D03","BARC","BARC.AOS.riparian.point.06","2016-06-29","BARC.20160629.EPIPHYTON.3",,"condition ok","Academy of Natural Sciences of Drexel University","2016-09-26","OKgcKejxXbI=","CN","1",5,25,100,,,,,,,,"carbon",25085.97,"microgramsPerLiter","ANSP P-16-54 Rev2",,"N",,"legacyData|Did not meet quality audit requirements for analysis audit|acidTreatmentSOPNotFollowed"
"d5e305d5-687f-47d4-902c-38226af8b383","D03","BARC","BARC.AOS.littoral2","2016-06-29","BARC.20160629.PHYTOPLANKTON.3",,"condition ok","Academy of Natural Sciences of Drexel University","2016-09-26","OKgcKejxXbI=","CN","1",300,25,100,,,,,,,,"carbon",259.62,"microgramsPerLiter","ANSP P-16-54 Rev2",,"N",,"legacyData|Did not meet quality audit requirements for analysis audit|acidTreatmentSOPNotFollowed"
"c191221f-b14b-4847-a891-351acb50ff4e","D03","BARC","BARC.AOS.riparian.point.10","2016-06-29","BARC.20160629.EPIPHYTON.9",,"condition ok","Academy of Natural Sciences of Drexel University","2016-09-07","Txt9C5i/u7k=","chlorophyll/pheophytin","1",5,25,100,,,,,,,,"chlorophyll a",,"microgramsPerLiter","ANSP P-16-92 Rev2",,,,"legacyData|Did not meet quality audit requirements for analysis audit"
"14773be2-bfcb-4649-917f-9dd288129e05","D03","BARC","BARC.AOS.littoral2","2016-06-29","BARC.20160629.PHYTOPLANKTON.3",,"condition ok","Academy of Natural Sciences of Drexel University","2017-05-16","OKgcKejxXbI=","13C15N","2",300,25,100,,,,,,,,"d34S",7.24,"perMill","SO2 EA-combustion-IRMS method",,,,"legacyData|Did not meet quality audit requirements for analysis audit"
"f063178a-8faa-4fce-9e41-4278cbbb741d","D03","BARC","BARC.AOS.riparian.point.02","2016-06-29","BARC.20160629.EPIPHYTON.7",,"condition ok","Academy of Natural Sciences of Drexel University","2017-05-16","OKgcKejxXbI=","13C15N","2",5,25,100,,,,,,,,"d34S",6.76,"perMill","SO2 EA-combustion-IRMS method",,,,"legacyData|Did not meet quality audit requirements for analysis audit"
"6116ff41-6852-4504-82ff-c99611513e2e","D03","BARC","BARC.AOS.littoral1","2016-06-29","BARC.20160629.PHYTOPLANKTON.2",,"condition ok","Academy of Natural Sciences of Drexel University","2016-09-26","OKgcKejxXbI=","CN","1",250,25,100,,,,,,,,"nitrogen",66.31,"microgramsPerLiter","ANSP P-16-54 Rev2",,,,"legacyData|Did not meet quality audit requirements for analysis audit"
"ab4e87e9-e726-4c76-b4ed-85e30b4f2ed7","D03","BARC","BARC.AOS.riparian.point.10","2016-06-29","BARC.20160629.EPIPHYTON.9",,"condition ok","Academy of Natural Sciences of Drexel University","2016-09-07","Txt9C5i/u7k=","chlorophyll/pheophytin","2",5,25,100,,,,,,,,"chlorophyll a",,"microgramsPerLiter","ANSP P-16-92 Rev2",,,,"legacyData|Did not meet quality audit requirements for analysis audit"
