uid,domainID,siteID,namedLocation,collectDate,parentSampleID,parentSampleCode,isotopePOMRep2SampleCond,isotopePOMRep2SampleID,isotopePOMRep2SampleCode,isotopePOMSampleCond,isotopePOMSampleID,isotopePOMSampleCode,processedDateFilters,sampleVolumeFilteredPOMRep1,sampleVolumeFilteredPOMRep2,fieldDataQF
"0b964539-66ac-460c-b78c-79e78f8386a8","D05","CRAM","CRAM.AOS.buoy.c1","2020-10-06T16:02Z","CRAM.C1.20201006",,,,,,,,,,,
"0385d104-52cd-4997-a2e0-c3e81aaa6bcd","D05","CRAM","CRAM.AOS.buoy.c1","2020-10-06T16:02Z","CRAM.C1.20201006",,,,,,,,,,,
"bb0434af-92d3-44c5-a7db-4231ff715d87","D05","CRAM","CRAM.AOS.buoy.c1","2020-10-06T16:02Z","CRAM.C1.20201006",,"Sample condition ok","CRAM.C1.20201006.POM.2","A00000204409","Sample condition ok","CRAM.C1.20201006.POM.1","A00000204410","2020-10-06T18:56Z",150,150,
"3fcaa70b-41c3-4238-8e4f-8b47548c6cf0","D05","CRAM","CRAM.AOS.buoy.c2","2020-10-06T16:20Z","CRAM.C2.20201006",,,,,,,,,,,
"bebc86e3-71d8-4b2d-90d5-f4f9f5b02aaf","D05","CRAM","CRAM.AOS.buoy.c2","2020-10-06T16:20Z","CRAM.C2.20201006",,"Sample condition ok","CRAM.C2.20201006.POM.2","A00000204407","Sample condition ok","CRAM.C2.20201006.POM.1","A00000204408","2020-10-06T19:26Z",150,150,
"b5914ff0-a57c-40a0-928b-43eb73d22221","D05","CRAM","CRAM.AOS.buoy.c2","2020-10-06T16:20Z","CRAM.C2.20201006",,,,,,,,,,,
"a5133bbe-27d5-48c6-b733-fc304257ad79","D05","CRAM","CRAM.AOS.buoy.c1","2020-10-20T16:38Z","CRAM.C1.20201020",,"Sample condition ok","CRAM.C1.20201020.POM.2","A00000204385","Sample condition ok","CRAM.C1.20201020.POM.1","A00000204387",,100,100,
"90a7ca48-b8e3-4ec7-aad8-a8a32f684a54","D05","CRAM","CRAM.AOS.buoy.c2","2020-10-20T16:41Z","CRAM.C2.20201020",,"Sample condition ok","CRAM.C2.20201020.POM.2","A00000204381","Sample condition ok","CRAM.C2.20201020.POM.1","A00000204382",,100,100,
