uid,domainID,siteID,namedLocation,collectDate,parentSampleID,sampleCondition,sampleID,replicateNumber,processedDate,processedDateFilters,sampleVolumeFiltered,shipmentTimeRange,filtSampleCond,filtSampleID,filtSampleCode,filtNutSampleCond,filtNutSampleID,filtNutSampleBarcode,rawSampleCond,rawSampleID,rawSampleCode,rawNutSampleCond,rawNutSampleID,rawNutSampleBarcode,pcnSampleCond,pcnSampleID,pcnSampleCode,fieldDataQF
"10439eb7-6442-4af1-94df-a54059fc44e9","D05","CRAM","CRAM.AOS.buoy.c1","2020-10-06T16:02Z","CRAM.C1.20201006","Sample condition ok","CRAM.C1.20201006",1,"2020-10-06T18:22Z","2020-10-06T18:56Z",150.0,"within 24 to 72 hours of collection","Sample condition ok","CRAM.C1.20201006.FIL","A00000204275","Sample condition ok","CRAM.C1.20201006.FIL.NUT","B00000062800","Sample condition ok","CRAM.C1.20201006.RAW","A00000204302","Sample condition ok","CRAM.C1.20201006.RAW.NUT","B00000062803",,,,
"d57dcf79-23dd-46ad-9c77-3304a82dd3f7","D05","CRAM","CRAM.AOS.buoy.c1","2020-10-06T16:02Z","CRAM.C1.20201006",,"CRAM.C1.20201006.3",3,"2020-10-06T18:48Z","2020-10-06T18:57Z",150.0,"within 24 to 72 hours of collection","Sample condition ok","CRAM.C1.20201006.FIL.3","A00000204301",,,,"Sample condition ok","CRAM.C1.20201006.RAW.3","A00000204296",,,,,,,
"8c348114-823d-48cd-bbc8-4441495f4c38","D05","CRAM","CRAM.AOS.buoy.c1","2020-10-06T16:02Z","CRAM.C1.20201006",,"CRAM.C1.20201006.2",2,"2020-10-06T18:37Z","2020-10-06T18:57Z",150.0,"within 24 to 72 hours of collection","Sample condition ok","CRAM.C1.20201006.FIL.2","A00000204285",,,,"Sample condition ok","CRAM.C1.20201006.RAW.2","A00000204297",,,,,,,
"e6df7f80-bbc1-44bf-addb-c28cd5e0aaae","D05","CRAM","CRAM.AOS.buoy.c2","2020-10-06T16:20Z","CRAM.C2.20201006",,"CRAM.C2.20201006.3",3,"2020-10-06T19:17Z","2020-10-06T19:30Z",150.0,"within 24 to 72 hours of collection","Sample condition ok","CRAM.C2.20201006.FIL.3","A00000204276",,,,"Sample condition ok","CRAM.C2.20201006.RAW.3","A00000203290",,,,,,,
"a29e5032-8ddb-45a5-99c8-ceacee676503","D05","CRAM","CRAM.AOS.buoy.c2","2020-10-06T16:20Z","CRAM.C2.20201006","Sample condition ok","CRAM.C2.20201006",1,"2020-10-06T18:57Z","2020-10-06T19:26Z",150.0,"within 24 to 72 hours of collection","Sample condition ok","CRAM.C2.20201006.FIL","A00000203289","Sample condition ok","CRAM.C2.20201006.FIL.NUT","B00000062806","Sample condition ok","CRAM.C2.20201006.RAW","A00000204289","Sample condition ok","CRAM.C2.20201006.RAW.NUT","B00000062809",,,,
"d3628b50-46b1-4e8d-88c4-38ceb78b67c3","D05","CRAM","CRAM.AOS.buoy.c2","2020-10-06T16:20Z","CRAM.C2.20201006",,"CRAM.C2.20201006.2",2,"2020-10-06T19:07Z","2020-10-06T19:30Z",150.0,"within 24 to 72 hours of collection","Sample condition ok","CRAM.C2.20201006.FIL.2","A00000204271",,,,"Sample condition ok","CRAM.C2.20201006.RAW.2","A00000204288",,,,,,,
"9480bd24-2605-425b-b7e4-7c9a08c888f3","D05","CRAM","CRAM.AOS.buoy.c1","2020-10-20T16:38Z","CRAM.C1.20201020","Sample condition ok","CRAM.C1.20201020",1,"2020-10-20T18:20Z","2020-10-20T18:20Z",100.0,"within 24 to 72 hours of collection","Sample condition ok","CRAM.C1.20201020.FIL","A00000205018","Sample condition ok","CRAM.C1.20201020.FIL.NUT","B00000062915","Sample condition ok","CRAM.C1.20201020.RAW","A00000205020","Sample condition ok","CRAM.C1.20201020.RAW.NUT","B00000062914",,,,
"75321af1-6dc2-4ac7-a5ee-24389c526218","D05","CRAM","CRAM.AOS.buoy.c2","2020-10-20T16:41Z","CRAM.C2.20201020","Sample condition ok","CRAM.C2.20201020",1,"2020-10-20T18:48Z","2020-10-20T18:48Z",100.0,"within 24 to 72 hours of collection","Sample condition ok","CRAM.C2.20201020.FIL","A00000204273","Sample condition ok","CRAM.C2.20201020.FIL.NUT","B00000062917","Sample condition ok","CRAM.C2.20201020.RAW","A00000205019","Sample condition ok","CRAM.C2.20201020.RAW.NUT","B00000062916",,,,
