uid,domainID,siteID,namedLocation,sampleID,sampleCode,startDate,collectDate,laboratoryName,analyte,analyteConcentration,analyteUnits,coolerTemp,remarks,shipmentWarmQF,externalLabDataQF,sampleCondition
"b9c8e4b8-d364-4389-8e50-b1b260229f09","D05","CRAM","CRAM.AOS.buoy.c1","CRAM.C1.20201006.FIL.3","A00000204301","2020-10-06T16:02Z","2020-10-06T16:02Z","EcoCore_CSU","UV Absorbance (254 nm)",0.1367,,4.5,,0,,"OK"
"a4ed8850-5731-428b-9d9e-b445aa40b588","D05","CRAM","CRAM.AOS.buoy.c1","CRAM.C1.20201006.FIL.2","A00000204285","2020-10-06T16:02Z","2020-10-06T16:02Z","EcoCore_CSU","UV Absorbance (254 nm)",0.1510,,4.5,,0,,"OK"
"e8ccc792-dfe9-4cd6-abf8-b707b5f127f9","D05","CRAM","CRAM.AOS.buoy.c1","CRAM.C1.20201006.FIL","A00000204275","2020-10-06T16:02Z","2020-10-06T16:02Z","EcoCore_CSU","UV Absorbance (280 nm)",0.0842,,4.5,,0,,"OK"
"872bcb39-05fa-4a04-92ef-77e784745b43","D05","CRAM","CRAM.AOS.buoy.c1","CRAM.C1.20201006.FIL.2","A00000204285","2020-10-06T16:02Z","2020-10-06T16:02Z","EcoCore_CSU","UV Absorbance (280 nm)",0.0988,,4.5,,0,,"OK"
"17b50367-81c5-42ed-87be-5f67870ea711","D05","CRAM","CRAM.AOS.buoy.c1","CRAM.C1.20201006.FIL","A00000204275","2020-10-06T16:02Z","2020-10-06T16:02Z","EcoCore_CSU","UV Absorbance (254 nm)",0.1311,,4.5,,0,,"OK"
"254d9244-771a-4acb-abf0-fb3e323d2913","D05","CRAM","CRAM.AOS.buoy.c1","CRAM.C1.20201006.RAW.2","A00000204297","2020-10-06T16:02Z","2020-10-06T16:02Z","EcoCore_CSU","TOC",4.9030,"milligramsPerLiter",4.5,,0,,"OK"
"0370d47f-0041-4319-b3fb-91b6d721ff03","D05","CRAM","CRAM.AOS.buoy.c1","CRAM.C1.20201006.FIL.2","A00000204285","2020-10-06T16:02Z","2020-10-06T16:02Z","EcoCore_CSU","DIC",1.1540,"milligramsPerLiter",4.5,,0,,"OK"
"bfc98fee-61b9-4c48-994b-0db68405208a","D05","CRAM","CRAM.AOS.buoy.c1","CRAM.C1.20201006.FIL.3","A00000204301","2020-10-06T16:02Z","2020-10-06T16:02Z","EcoCore_CSU","DOC",4.0750,"milligramsPerLiter",4.5,,0,,"OK"
"e2a7f665-659d-47ed-8b30-1d6e3f1c4666","D05","CRAM","CRAM.AOS.buoy.c1","CRAM.C1.20201006.FIL","A00000204275","2020-10-06T16:02Z","2020-10-06T16:02Z","EcoCore_CSU","DOC",4.4170,"milligramsPerLiter",4.5,,0,,"OK"
"94364b5f-03d7-4727-9341-e37ab503f37f","D05","CRAM","CRAM.AOS.buoy.c1","CRAM.C1.20201006.RAW.3","A00000204296","2020-10-06T16:02Z","2020-10-06T16:02Z","EcoCore_CSU","TOC",5.1220,"milligramsPerLiter",4.5,,0,,"OK"
"4f8f492c-66b4-4dbc-913f-b83520280cea","D05","CRAM","CRAM.AOS.buoy.c1","CRAM.C1.20201006.RAW","A00000204302","2020-10-06T16:02Z","2020-10-06T16:02Z","EcoCore_CSU","TN",0.3161,"milligramsPerLiter",4.5,,0,,"OK"
"e5de4297-0fe6-4037-973e-ef7155450827","D05","CRAM","CRAM.AOS.buoy.c1","CRAM.C1.20201006.RAW.2","A00000204297","2020-10-06T16:02Z","2020-10-06T16:02Z","EcoCore_CSU","TN",0.3475,"milligramsPerLiter",4.5,,0,,"OK"
"cb7c72aa-2603-4c92-84b5-81077e8a855e","D05","CRAM","CRAM.AOS.buoy.c1","CRAM.C1.20201006.FIL","A00000204275","2020-10-06T16:02Z","2020-10-06T16:02Z","EcoCore_CSU","DIC",1.1990,"milligramsPerLiter",4.5,,0,,"OK"
"f4cc3eb7-7e5f-4bd0-8467-fb513f3d0f91","D05","CRAM","CRAM.AOS.buoy.c1","CRAM.C1.20201006.FIL.3","A00000204301","2020-10-06T16:02Z","2020-10-06T16:02Z","EcoCore_CSU","UV Absorbance (280 nm)",0.0853,,4.5,,0,,"OK"
"d33369f4-4481-46f8-bf7c-8b47547b9fe6","D05","CRAM","CRAM.AOS.buoy.c1","CRAM.C1.20201006.FIL.3","A00000204301","2020-10-06T16:02Z","2020-10-06T16:02Z","EcoCore_CSU","Br",0.0050,"milligramsPerLiter",4.5,,0,,"Cold Chain Broken During Storage|Hold Time Exceeded"
"1b2a7463-0a5c-46f6-972e-4be708e3a42c","D05","CRAM","CRAM.AOS.buoy.c1","CRAM.C1.20201006.FIL.2","A00000204285","2020-10-06T16:02Z","2020-10-06T16:02Z","EcoCore_CSU","Cl",0.3714,"milligramsPerLiter",4.5,,0,,"Cold Chain Broken During Storage|Hold Time Exceeded"
"a5c8deeb-ee0a-4eb0-8b7d-4b65e43ecca6","D05","CRAM","CRAM.AOS.buoy.c1","CRAM.C1.20201006.FIL.3","A00000204301","2020-10-06T16:02Z","2020-10-06T16:02Z","EcoCore_CSU","Cl",0.2871,"milligramsPerLiter",4.5,,0,,"Cold Chain Broken During Storage|Hold Time Exceeded"
"92dce454-9f50-40b7-8091-c02138726ee9","D05","CRAM","CRAM.AOS.buoy.c1","CRAM.C1.20201006.FIL.3","A00000204301","2020-10-06T16:02Z","2020-10-06T16:02Z","EcoCore_CSU","SO4",1.7613,"milligramsPerLiter",4.5,,0,,"Cold Chain Broken During Storage|Hold Time Exceeded"
"8ca27d8f-7520-438b-80a9-ddf7e856a412","D05","CRAM","CRAM.AOS.buoy.c1","CRAM.C1.20201006.FIL.2","A00000204285","2020-10-06T16:02Z","2020-10-06T16:02Z","EcoCore_CSU","F",0.0050,"milligramsPerLiter",4.5,,0,,"Cold Chain Broken During Storage|Hold Time Exceeded"
"9be05d5d-3ca9-4773-8df8-59ea2a282d9a","D05","CRAM","CRAM.AOS.buoy.c1","CRAM.C1.20201006.FIL.2","A00000204285","2020-10-06T16:02Z","2020-10-06T16:02Z","EcoCore_CSU","Br",0.0050,"milligramsPerLiter",4.5,,0,,"Cold Chain Broken During Storage|Hold Time Exceeded"
"14a00ea1-c3a5-44fb-b511-a8f1c95b66b0","D05","CRAM","CRAM.AOS.buoy.c1","CRAM.C1.20201006.FIL","A00000204275","2020-10-06T16:02Z","2020-10-06T16:02Z","EcoCore_CSU","Br",0.0050,"milligramsPerLiter",4.5,,0,,"Cold Chain Broken During Storage|Hold Time Exceeded"
"c3edd272-66bd-46d5-bd68-58f684f877f7","D05","CRAM","CRAM.AOS.buoy.c1","CRAM.C1.20201006.FIL","A00000204275","2020-10-06T16:02Z","2020-10-06T16:02Z","EcoCore_CSU","F",0.0050,"milligramsPerLiter",4.5,,0,,"Cold Chain Broken During Storage|Hold Time Exceeded"
"ed73e177-a3c5-4d0e-9b77-7eac8b2604ed","D05","CRAM","CRAM.AOS.buoy.c1","CRAM.C1.20201006.FIL","A00000204275","2020-10-06T16:02Z","2020-10-06T16:02Z","EcoCore_CSU","SO4",1.6843,"milligramsPerLiter",4.5,,0,,"Cold Chain Broken During Storage|Hold Time Exceeded"
"9e3bcc52-b3bf-4675-8a5c-adf246c2f587","D05","CRAM","CRAM.AOS.buoy.c1","CRAM.C1.20201006.FIL","A00000204275","2020-10-06T16:02Z","2020-10-06T16:02Z","EcoCore_CSU","Cl",0.3352,"milligramsPerLiter",4.5,,0,,"Cold Chain Broken During Storage|Hold Time Exceeded"
"c9f511fa-b5e0-4e14-bc74-17c04dce2de6","D05","CRAM","CRAM.AOS.buoy.c1","CRAM.C1.20201006.FIL.3","A00000204301","2020-10-06T16:02Z","2020-10-06T16:02Z","EcoCore_CSU","F",0.0050,"milligramsPerLiter",4.5,,0,,"Cold Chain Broken During Storage|Hold Time Exceeded"
"86a0b7d3-63df-45c5-9064-06847b30ea93","D05","CRAM","CRAM.AOS.buoy.c1","CRAM.C1.20201006.FIL.2","A00000204285","2020-10-06T16:02Z","2020-10-06T16:02Z","EcoCore_CSU","SO4",1.7297,"milligramsPerLiter",4.5,,0,,"Cold Chain Broken During Storage|Hold Time Exceeded"
"360c383c-003c-4e72-97ce-630b8ce1049d","D05","CRAM","CRAM.AOS.buoy.c1","CRAM.C1.20201006.FIL","A00000204275","2020-10-06T16:02Z","2020-10-06T16:02Z","EcoCore_CSU","Fe",0.0140,"milligramsPerLiter",4.5,,0,,"Hold Time Exceeded"
"f7ca34a0-aa7e-41ba-a562-05ab11478e78","D05","CRAM","CRAM.AOS.buoy.c1","CRAM.C1.20201006.FIL.3","A00000204301","2020-10-06T16:02Z","2020-10-06T16:02Z","EcoCore_CSU","Mg",0.3470,"milligramsPerLiter",4.5,,0,,"Hold Time Exceeded"
"41605227-d6c9-4871-b4ef-a6fb054fc82d","D05","CRAM","CRAM.AOS.buoy.c1","CRAM.C1.20201006.FIL.3","A00000204301","2020-10-06T16:02Z","2020-10-06T16:02Z","EcoCore_CSU","Na",0.0290,"milligramsPerLiter",4.5,,0,,"Hold Time Exceeded"
"f8d7dd9f-bc61-4e5a-9f27-8c0bd7c49e32","D05","CRAM","CRAM.AOS.buoy.c1","CRAM.C1.20201006.FIL.2","A00000204285","2020-10-06T16:02Z","2020-10-06T16:02Z","EcoCore_CSU","Ca",0.0910,"milligramsPerLiter",4.5,,0,,"Hold Time Exceeded"
"333aef4b-1375-4e02-8972-87e0aca261f8","D05","CRAM","CRAM.AOS.buoy.c1","CRAM.C1.20201006.FIL","A00000204275","2020-10-06T16:02Z","2020-10-06T16:02Z","EcoCore_CSU","K",0.1440,"milligramsPerLiter",4.5,,0,,"Hold Time Exceeded"
"1b5ae51e-a603-4ec4-91ec-d46fcfac359b","D05","CRAM","CRAM.AOS.buoy.c1","CRAM.C1.20201006.FIL","A00000204275","2020-10-06T16:02Z","2020-10-06T16:02Z","EcoCore_CSU","Ca",0.0910,"milligramsPerLiter",4.5,,0,,"Hold Time Exceeded"
"3d46633f-c320-422c-b1d8-e55ac9cc553a","D05","CRAM","CRAM.AOS.buoy.c1","CRAM.C1.20201006.FIL.3","A00000204301","2020-10-06T16:02Z","2020-10-06T16:02Z","EcoCore_CSU","Fe",0.0160,"milligramsPerLiter",4.5,,0,,"Hold Time Exceeded"
"cbdbec29-ad6b-4c1d-b13b-51b4e890ecdb","D05","CRAM","CRAM.AOS.buoy.c1","CRAM.C1.20201006.FIL.3","A00000204301","2020-10-06T16:02Z","2020-10-06T16:02Z","EcoCore_CSU","Ca",0.0880,"milligramsPerLiter",4.5,,0,,"Hold Time Exceeded"
"2e167e7b-c91f-48bd-ae3b-bf439f3b794b","D05","CRAM","CRAM.AOS.buoy.c1","CRAM.C1.20201006.FIL.2","A00000204285","2020-10-06T16:02Z","2020-10-06T16:02Z","EcoCore_CSU","Mn",0.0005,"milligramsPerLiter",4.5,,0,,"Hold Time Exceeded"
"7ec56eef-4986-4c47-9cc5-a28402b8ec9e","D05","CRAM","CRAM.AOS.buoy.c1","CRAM.C1.20201006.FIL.2","A00000204285","2020-10-06T16:02Z","2020-10-06T16:02Z","EcoCore_CSU","Fe",0.0140,"milligramsPerLiter",4.5,,0,,"Hold Time Exceeded"
"c720fe84-0e8e-4b38-8541-25e4c2148426","D05","CRAM","CRAM.AOS.buoy.c1","CRAM.C1.20201006.FIL.2","A00000204285","2020-10-06T16:02Z","2020-10-06T16:02Z","EcoCore_CSU","K",0.1560,"milligramsPerLiter",4.5,,0,,"Hold Time Exceeded"
"aa4a1f7e-5827-4e31-bf2d-6033a23a79fd","D05","CRAM","CRAM.AOS.buoy.c1","CRAM.C1.20201006.FIL.3","A00000204301","2020-10-06T16:02Z","2020-10-06T16:02Z","EcoCore_CSU","K",0.1410,"milligramsPerLiter",4.5,,0,,"Hold Time Exceeded"
"e0556a09-7280-4489-b95b-fdeb017c38b4","D05","CRAM","CRAM.AOS.buoy.c1","CRAM.C1.20201006.FIL","A00000204275","2020-10-06T16:02Z","2020-10-06T16:02Z","EcoCore_CSU","Na",0.0410,"milligramsPerLiter",4.5,,0,,"Hold Time Exceeded"
"7bc5b8ee-f798-4c2a-98a2-45c2888bd707","D05","CRAM","CRAM.AOS.buoy.c1","CRAM.C1.20201006.FIL.2","A00000204285","2020-10-06T16:02Z","2020-10-06T16:02Z","EcoCore_CSU","Si",0.0800,"milligramsPerLiter",4.5,,0,,"Hold Time Exceeded"
"b9d8a0d6-4473-482a-8cbc-56a917c6ca54","D05","CRAM","CRAM.AOS.buoy.c1","CRAM.C1.20201006.FIL","A00000204275","2020-10-06T16:02Z","2020-10-06T16:02Z","EcoCore_CSU","Si",0.0970,"milligramsPerLiter",4.5,,0,,"Hold Time Exceeded"
"8aa9e63e-ee17-4cf6-bab8-c00fc252fa34","D05","CRAM","CRAM.AOS.buoy.c1","CRAM.C1.20201006.FIL.3","A00000204301","2020-10-06T16:02Z","2020-10-06T16:02Z","EcoCore_CSU","Si",0.0780,"milligramsPerLiter",4.5,,0,,"Hold Time Exceeded"
"edbbc966-5af5-404f-bec0-7bfdb4672f17","D05","CRAM","CRAM.AOS.buoy.c1","CRAM.C1.20201006.FIL.3","A00000204301","2020-10-06T16:02Z","2020-10-06T16:02Z","EcoCore_CSU","Mn",0.0005,"milligramsPerLiter",4.5,,0,,"Hold Time Exceeded"
"81543b17-4826-4f3d-9b35-532be7d65fc9","D05","CRAM","CRAM.AOS.buoy.c1","CRAM.C1.20201006.FIL.2","A00000204285","2020-10-06T16:02Z","2020-10-06T16:02Z","EcoCore_CSU","Mg",0.3580,"milligramsPerLiter",4.5,,0,,"Hold Time Exceeded"
"0547b274-87f3-4ca2-b672-62d9fdbb2cb2","D05","CRAM","CRAM.AOS.buoy.c1","CRAM.C1.20201006.FIL.2","A00000204285","2020-10-06T16:02Z","2020-10-06T16:02Z","EcoCore_CSU","Na",0.0340,"milligramsPerLiter",4.5,,0,,"Hold Time Exceeded"
"0325cf86-23e0-4775-a1e0-92de6d615277","D05","CRAM","CRAM.AOS.buoy.c1","CRAM.C1.20201006.FIL","A00000204275","2020-10-06T16:02Z","2020-10-06T16:02Z","EcoCore_CSU","Mn",0.0005,"milligramsPerLiter",4.5,,0,,"Hold Time Exceeded"
"6ea2f992-7e62-40b2-b3d9-55df622fac91","D05","CRAM","CRAM.AOS.buoy.c1","CRAM.C1.20201006.FIL","A00000204275","2020-10-06T16:02Z","2020-10-06T16:02Z","EcoCore_CSU","Mg",0.3580,"milligramsPerLiter",4.5,,0,,"Hold Time Exceeded"
"98c5fafb-9c66-46f4-a939-372e010c603f","D05","CRAM","CRAM.AOS.buoy.c1","CRAM.C1.20201006.POM.1","A00000204410","2020-10-06T16:02Z","2020-10-06T16:02Z","SIRFER Lab at University of Utah","TPC",719.1240,"microgramsPerLiter",,,-1,,"OK"
"b3d9c2c5-47df-4001-955a-1f49be247123","D05","CRAM","CRAM.AOS.buoy.c1","CRAM.C1.20201006.POM.1","A00000204410","2020-10-06T16:02Z","2020-10-06T16:02Z","SIRFER Lab at University of Utah","TPN",83.0243,"microgramsPerLiter",,,-1,,"OK"
"97ba0bcd-6ee7-41a7-abf2-2607ac2374c1","D05","CRAM","CRAM.AOS.buoy.c1","CRAM.C1.20201006.RAW.3","A00000204296","2020-10-06T16:02Z","2020-10-06T16:02Z","EcoCore_CSU","pH",,"pH",4.5,,0,,"Cold Chain Broken"
"cb7d4657-0c1f-4b44-a073-8c2d64133a6d","D05","CRAM","CRAM.AOS.buoy.c1","CRAM.C1.20201006.FIL.3","A00000204301","2020-10-06T16:02Z","2020-10-06T16:02Z","EcoCore_CSU","HCO3",,"milligramsPerLiter",4.5,,0,,"Cold Chain Broken"
"5a41f2fc-4214-43ff-9863-c1bb38b9dd81","D05","CRAM","CRAM.AOS.buoy.c1","CRAM.C1.20201006.FIL","A00000204275","2020-10-06T16:02Z","2020-10-06T16:02Z","EcoCore_CSU","TDS",,"milligramsPerLiter",4.5,,0,,"Cold Chain Broken"
"34334eae-eacc-43ee-b0db-db892bbe7322","D05","CRAM","CRAM.AOS.buoy.c1","CRAM.C1.20201006.FIL.2","A00000204285","2020-10-06T16:02Z","2020-10-06T16:02Z","EcoCore_CSU","CO3",,"milligramsPerLiter",4.5,,0,,"Cold Chain Broken"
"7415d919-d542-4a65-a208-07d4e1b41b73","D05","CRAM","CRAM.AOS.buoy.c1","CRAM.C1.20201006.FIL.2","A00000204285","2020-10-06T16:02Z","2020-10-06T16:02Z","EcoCore_CSU","HCO3",,"milligramsPerLiter",4.5,,0,,"Cold Chain Broken"
"05f50880-c35b-4d6c-b446-0224b139296c","D05","CRAM","CRAM.AOS.buoy.c1","CRAM.C1.20201006.FIL","A00000204275","2020-10-06T16:02Z","2020-10-06T16:02Z","EcoCore_CSU","HCO3",,"milligramsPerLiter",4.5,,0,,"Cold Chain Broken"
"c21a82b3-7d68-425f-82bc-17ad2ed36491","D05","CRAM","CRAM.AOS.buoy.c1","CRAM.C1.20201006.FIL.3","A00000204301","2020-10-06T16:02Z","2020-10-06T16:02Z","EcoCore_CSU","CO3",,"milligramsPerLiter",4.5,,0,,"Cold Chain Broken"
"2f357deb-a649-430d-84df-d82d654d1756","D05","CRAM","CRAM.AOS.buoy.c1","CRAM.C1.20201006.RAW.3","A00000204296","2020-10-06T16:02Z","2020-10-06T16:02Z","EcoCore_CSU","TSS",,"milligramsPerLiter",4.5,,0,,"Cold Chain Broken"
"92f214d5-8e57-41e4-8250-f85a3a885d61","D05","CRAM","CRAM.AOS.buoy.c1","CRAM.C1.20201006.RAW.3","A00000204296","2020-10-06T16:02Z","2020-10-06T16:02Z","EcoCore_CSU","TSS - Dry Mass",,"microgram",4.5,,0,,"Cold Chain Broken"
"b2547bc2-3520-4580-9d5c-d1a2d380406f","D05","CRAM","CRAM.AOS.buoy.c1","CRAM.C1.20201006.FIL","A00000204275","2020-10-06T16:02Z","2020-10-06T16:02Z","EcoCore_CSU","CO3",,"milligramsPerLiter",4.5,,0,,"Cold Chain Broken"
"18e23258-bdb3-4679-adfe-75eca6971adc","D05","CRAM","CRAM.AOS.buoy.c1","CRAM.C1.20201006.RAW.2","A00000204297","2020-10-06T16:02Z","2020-10-06T16:02Z","EcoCore_CSU","TSS",,"milligramsPerLiter",4.5,,0,,"Cold Chain Broken"
"a9c5620a-6acc-42ae-9112-e7bd13f1441c","D05","CRAM","CRAM.AOS.buoy.c1","CRAM.C1.20201006.RAW.2","A00000204297","2020-10-06T16:02Z","2020-10-06T16:02Z","EcoCore_CSU","pH",,"pH",4.5,,0,,"Cold Chain Broken"
"c580f597-b34b-4805-8400-9c8e913ea016","D05","CRAM","CRAM.AOS.buoy.c1","CRAM.C1.20201006.RAW","A00000204302","2020-10-06T16:02Z","2020-10-06T16:02Z","EcoCore_CSU","TSS",,"milligramsPerLiter",4.5,,0,,"Cold Chain Broken"
"6b4bed2d-af5d-4956-a6c2-7bcb3459bee9","D05","CRAM","CRAM.AOS.buoy.c1","CRAM.C1.20201006.FIL.2","A00000204285","2020-10-06T16:02Z","2020-10-06T16:02Z","EcoCore_CSU","TDS",,"milligramsPerLiter",4.5,,0,,"Cold Chain Broken"
"b75b7ea0-747a-4435-b358-fe6e7a9785ca","D05","CRAM","CRAM.AOS.buoy.c1","CRAM.C1.20201006.RAW.2","A00000204297","2020-10-06T16:02Z","2020-10-06T16:02Z","EcoCore_CSU","TSS - Dry Mass",,"microgram",4.5,,0,,"Cold Chain Broken"
"21e24c14-a108-4a6d-a728-42139fa6d1e4","D05","CRAM","CRAM.AOS.buoy.c1","CRAM.C1.20201006.RAW","A00000204302","2020-10-06T16:02Z","2020-10-06T16:02Z","EcoCore_CSU","pH",,"pH",4.5,,0,,"Cold Chain Broken"
"f5c1b627-16e9-4e70-8466-7c23ba2e3734","D05","CRAM","CRAM.AOS.buoy.c1","CRAM.C1.20201006.RAW","A00000204302","2020-10-06T16:02Z","2020-10-06T16:02Z","EcoCore_CSU","TSS - Dry Mass",,"microgram",4.5,,0,,"Cold Chain Broken"
"db34b4ac-5d04-4650-b8c9-45103008f001","D05","CRAM","CRAM.AOS.buoy.c1","CRAM.C1.20201006.FIL.3","A00000204301","2020-10-06T16:02Z","2020-10-06T16:02Z","EcoCore_CSU","TDS",,"milligramsPerLiter",4.5,,0,,"Cold Chain Broken"
"300d465c-f7d5-4db1-88df-5b71c55ec964","D05","CRAM","CRAM.AOS.buoy.c1","CRAM.C1.20201006.FIL.2","A00000204285","2020-10-06T16:02Z","2020-10-06T16:02Z","EcoCore_CSU","DOC",4.1570,"milligramsPerLiter",4.5,,0,,"OK"
"d17c9312-4070-4cd2-8b61-b2df9c1728e8","D05","CRAM","CRAM.AOS.buoy.c1","CRAM.C1.20201006.FIL.2","A00000204285","2020-10-06T16:02Z","2020-10-06T16:02Z","EcoCore_CSU","TDN",0.2270,"milligramsPerLiter",4.5,,0,,"OK"
"a5de0d18-e8f0-4316-a7f8-b0b22fa5d451","D05","CRAM","CRAM.AOS.buoy.c1","CRAM.C1.20201006.RAW","A00000204302","2020-10-06T16:02Z","2020-10-06T16:02Z","EcoCore_CSU","TOC",5.0710,"milligramsPerLiter",4.5,,0,,"OK"
"a3d164f7-1785-4e33-a80a-d96c203ef779","D05","CRAM","CRAM.AOS.buoy.c1","CRAM.C1.20201006.FIL.3","A00000204301","2020-10-06T16:02Z","2020-10-06T16:02Z","EcoCore_CSU","DIC",1.1290,"milligramsPerLiter",4.5,,0,,"OK"
"4565f1b0-a14b-4a9e-bf08-9e21a143d492","D05","CRAM","CRAM.AOS.buoy.c1","CRAM.C1.20201006.FIL.3","A00000204301","2020-10-06T16:02Z","2020-10-06T16:02Z","EcoCore_CSU","TDN",0.2220,"milligramsPerLiter",4.5,,0,,"OK"
"0146bc4a-e731-403d-a938-f6b077801490","D05","CRAM","CRAM.AOS.buoy.c1","CRAM.C1.20201006.FIL","A00000204275","2020-10-06T16:02Z","2020-10-06T16:02Z","EcoCore_CSU","TDN",0.2470,"milligramsPerLiter",4.5,,0,,"OK"
"148588fa-f52b-4ea5-85ea-1db4b18654c0","D05","CRAM","CRAM.AOS.buoy.c1","CRAM.C1.20201006.RAW.3","A00000204296","2020-10-06T16:02Z","2020-10-06T16:02Z","EcoCore_CSU","TN",0.2960,"milligramsPerLiter",4.5,,0,,"OK"
"e39848de-f9c3-4d31-b0d0-f096d64ce3d8","D05","CRAM","CRAM.AOS.buoy.c2","CRAM.C2.20201006.POM.1","A00000204408","2020-10-06T16:20Z","2020-10-06T16:20Z","SIRFER Lab at University of Utah","TPC",1495.7132,"microgramsPerLiter",,,-1,,"OK"
"0e2d2876-1ca7-4f4c-99e5-087ae40ffe4a","D05","CRAM","CRAM.AOS.buoy.c2","CRAM.C2.20201006.FIL.2","A00000204271","2020-10-06T16:20Z","2020-10-06T16:20Z","EcoCore_CSU","Na",0.0410,"milligramsPerLiter",4.5,,0,,"Hold Time Exceeded"
"604e9f78-fe79-4877-80b6-4fc10145e87c","D05","CRAM","CRAM.AOS.buoy.c2","CRAM.C2.20201006.FIL","A00000203289","2020-10-06T16:20Z","2020-10-06T16:20Z","EcoCore_CSU","Ca",0.1500,"milligramsPerLiter",4.5,,0,,"Hold Time Exceeded"
"3691cc1a-d642-4279-bdd0-138dbf645feb","D05","CRAM","CRAM.AOS.buoy.c2","CRAM.C2.20201006.FIL.3","A00000204276","2020-10-06T16:20Z","2020-10-06T16:20Z","EcoCore_CSU","Fe",0.3050,"milligramsPerLiter",4.5,,0,,"Hold Time Exceeded"
"5e685908-beff-483b-85e0-7c85c9b71869","D05","CRAM","CRAM.AOS.buoy.c2","CRAM.C2.20201006.FIL.2","A00000204271","2020-10-06T16:20Z","2020-10-06T16:20Z","EcoCore_CSU","Mn",0.0005,"milligramsPerLiter",4.5,,0,,"Hold Time Exceeded"
"dd162d49-f9e0-4883-b0d2-fa493cfd94fa","D05","CRAM","CRAM.AOS.buoy.c2","CRAM.C2.20201006.FIL","A00000203289","2020-10-06T16:20Z","2020-10-06T16:20Z","EcoCore_CSU","K",0.2260,"milligramsPerLiter",4.5,,0,,"Hold Time Exceeded"
"00fdb8e2-105d-468f-8824-6e00a01a5227","D05","CRAM","CRAM.AOS.buoy.c2","CRAM.C2.20201006.FIL.2","A00000204271","2020-10-06T16:20Z","2020-10-06T16:20Z","EcoCore_CSU","Si",0.6750,"milligramsPerLiter",4.5,,0,,"Hold Time Exceeded"
"aa64ebf1-ef79-43cb-af75-8d49a50079eb","D05","CRAM","CRAM.AOS.buoy.c2","CRAM.C2.20201006.FIL.3","A00000204276","2020-10-06T16:20Z","2020-10-06T16:20Z","EcoCore_CSU","Mg",0.3950,"milligramsPerLiter",4.5,,0,,"Hold Time Exceeded"
"3b366281-1d2e-4402-bac8-f4d74e683a72","D05","CRAM","CRAM.AOS.buoy.c2","CRAM.C2.20201006.FIL.2","A00000204271","2020-10-06T16:20Z","2020-10-06T16:20Z","EcoCore_CSU","Ca",0.1440,"milligramsPerLiter",4.5,,0,,"Hold Time Exceeded"
"7d77eb84-f9c0-4f79-926a-5ae66b326e97","D05","CRAM","CRAM.AOS.buoy.c2","CRAM.C2.20201006.FIL.3","A00000204276","2020-10-06T16:20Z","2020-10-06T16:20Z","EcoCore_CSU","Mn",0.0010,"milligramsPerLiter",4.5,,0,,"Hold Time Exceeded"
"6fedd9e8-98e9-4818-8353-d31ade67a5cf","D05","CRAM","CRAM.AOS.buoy.c2","CRAM.C2.20201006.FIL","A00000203289","2020-10-06T16:20Z","2020-10-06T16:20Z","EcoCore_CSU","Mn",0.0005,"milligramsPerLiter",4.5,,0,,"Hold Time Exceeded"
"8c3e9a8e-dd3a-4cb5-923c-588d59244c1f","D05","CRAM","CRAM.AOS.buoy.c2","CRAM.C2.20201006.FIL.3","A00000204276","2020-10-06T16:20Z","2020-10-06T16:20Z","EcoCore_CSU","Na",0.0340,"milligramsPerLiter",4.5,,0,,"Hold Time Exceeded"
"a97425f4-258a-4790-ac3d-4a8cb0d180d9","D05","CRAM","CRAM.AOS.buoy.c2","CRAM.C2.20201006.FIL.3","A00000204276","2020-10-06T16:20Z","2020-10-06T16:20Z","EcoCore_CSU","Si",0.6340,"milligramsPerLiter",4.5,,0,,"Hold Time Exceeded"
"a55604f3-0275-4607-a962-a6d583fcf516","D05","CRAM","CRAM.AOS.buoy.c2","CRAM.C2.20201006.FIL","A00000203289","2020-10-06T16:20Z","2020-10-06T16:20Z","EcoCore_CSU","Mg",0.5020,"milligramsPerLiter",4.5,,0,,"Hold Time Exceeded"
"b2815ecc-f3d6-4e76-9479-37bd360a4c83","D05","CRAM","CRAM.AOS.buoy.c2","CRAM.C2.20201006.FIL.2","A00000204271","2020-10-06T16:20Z","2020-10-06T16:20Z","EcoCore_CSU","Fe",0.2950,"milligramsPerLiter",4.5,,0,,"Hold Time Exceeded"
"5e2cd193-de66-493d-842b-212c3ad4d248","D05","CRAM","CRAM.AOS.buoy.c2","CRAM.C2.20201006.FIL.3","A00000204276","2020-10-06T16:20Z","2020-10-06T16:20Z","EcoCore_CSU","F",0.0050,"milligramsPerLiter",4.5,,0,,"Cold Chain Broken During Storage|Hold Time Exceeded"
"49876c72-3476-40f4-a3e4-bb2977222d91","D05","CRAM","CRAM.AOS.buoy.c2","CRAM.C2.20201006.FIL.2","A00000204271","2020-10-06T16:20Z","2020-10-06T16:20Z","EcoCore_CSU","SO4",1.6254,"milligramsPerLiter",4.5,,0,,"Cold Chain Broken During Storage|Hold Time Exceeded"
"421ca166-1a27-4ed7-a650-ad9a9a00f662","D05","CRAM","CRAM.AOS.buoy.c2","CRAM.C2.20201006.FIL.2","A00000204271","2020-10-06T16:20Z","2020-10-06T16:20Z","EcoCore_CSU","Cl",0.3782,"milligramsPerLiter",4.5,,0,,"Cold Chain Broken During Storage|Hold Time Exceeded"
"609449cb-7b82-4be8-a7a9-f2220179b093","D05","CRAM","CRAM.AOS.buoy.c2","CRAM.C2.20201006.FIL.3","A00000204276","2020-10-06T16:20Z","2020-10-06T16:20Z","EcoCore_CSU","SO4",1.7610,"milligramsPerLiter",4.5,,0,,"Cold Chain Broken During Storage|Hold Time Exceeded"
"73ba58a8-85e9-4264-bda2-b634e0e9f7ff","D05","CRAM","CRAM.AOS.buoy.c2","CRAM.C2.20201006.FIL.3","A00000204276","2020-10-06T16:20Z","2020-10-06T16:20Z","EcoCore_CSU","Br",0.0050,"milligramsPerLiter",4.5,,0,,"Cold Chain Broken During Storage|Hold Time Exceeded"
"72f42b0f-c0f7-43ba-99b9-a247094cd29d","D05","CRAM","CRAM.AOS.buoy.c2","CRAM.C2.20201006.FIL.3","A00000204276","2020-10-06T16:20Z","2020-10-06T16:20Z","EcoCore_CSU","Cl",0.3659,"milligramsPerLiter",4.5,,0,,"Cold Chain Broken During Storage|Hold Time Exceeded"
"a7f0f8a2-0ef1-41fe-a1c4-9d8c6238312d","D05","CRAM","CRAM.AOS.buoy.c2","CRAM.C2.20201006.FIL","A00000203289","2020-10-06T16:20Z","2020-10-06T16:20Z","EcoCore_CSU","Br",0.0050,"milligramsPerLiter",4.5,,0,,"Cold Chain Broken During Storage|Hold Time Exceeded"
"f6f614e0-9463-481f-af10-79998d987be1","D05","CRAM","CRAM.AOS.buoy.c2","CRAM.C2.20201006.FIL","A00000203289","2020-10-06T16:20Z","2020-10-06T16:20Z","EcoCore_CSU","SO4",1.6510,"milligramsPerLiter",4.5,,0,,"Cold Chain Broken During Storage|Hold Time Exceeded"
"9689cea9-85b3-4039-9974-21959842429e","D05","CRAM","CRAM.AOS.buoy.c2","CRAM.C2.20201006.FIL.2","A00000204271","2020-10-06T16:20Z","2020-10-06T16:20Z","EcoCore_CSU","F",0.0050,"milligramsPerLiter",4.5,,0,,"Cold Chain Broken During Storage|Hold Time Exceeded"
"60153578-c050-4579-875b-039a29a9be8d","D05","CRAM","CRAM.AOS.buoy.c2","CRAM.C2.20201006.FIL.2","A00000204271","2020-10-06T16:20Z","2020-10-06T16:20Z","EcoCore_CSU","Br",0.0050,"milligramsPerLiter",4.5,,0,,"Cold Chain Broken During Storage|Hold Time Exceeded"
"a1144659-b524-4fd0-96b6-373d217d7b62","D05","CRAM","CRAM.AOS.buoy.c2","CRAM.C2.20201006.FIL","A00000203289","2020-10-06T16:20Z","2020-10-06T16:20Z","EcoCore_CSU","Cl",0.2789,"milligramsPerLiter",4.5,,0,,"Cold Chain Broken During Storage|Hold Time Exceeded"
"600ac790-6d33-472a-9fb4-beaf95f089a5","D05","CRAM","CRAM.AOS.buoy.c2","CRAM.C2.20201006.FIL","A00000203289","2020-10-06T16:20Z","2020-10-06T16:20Z","EcoCore_CSU","F",0.0050,"milligramsPerLiter",4.5,,0,,"Cold Chain Broken During Storage|Hold Time Exceeded"
"7a6ea4fd-48a2-4cad-9c0a-7cc4d055624b","D05","CRAM","CRAM.AOS.buoy.c2","CRAM.C2.20201006.FIL.3","A00000204276","2020-10-06T16:20Z","2020-10-06T16:20Z","EcoCore_CSU","K",0.2050,"milligramsPerLiter",4.5,,0,,"Hold Time Exceeded"
"6e6b0042-d531-4f37-91b0-408b83b2510d","D05","CRAM","CRAM.AOS.buoy.c2","CRAM.C2.20201006.FIL","A00000203289","2020-10-06T16:20Z","2020-10-06T16:20Z","EcoCore_CSU","Fe",0.3240,"milligramsPerLiter",4.5,,0,,"Hold Time Exceeded"
"e2785093-63ba-4a59-80a1-625fb3adc872","D05","CRAM","CRAM.AOS.buoy.c2","CRAM.C2.20201006.FIL.3","A00000204276","2020-10-06T16:20Z","2020-10-06T16:20Z","EcoCore_CSU","Ca",0.1360,"milligramsPerLiter",4.5,,0,,"Hold Time Exceeded"
"e62898ad-7ae3-4b2d-8b6a-adb967be2590","D05","CRAM","CRAM.AOS.buoy.c2","CRAM.C2.20201006.FIL","A00000203289","2020-10-06T16:20Z","2020-10-06T16:20Z","EcoCore_CSU","Na",0.0370,"milligramsPerLiter",4.5,,0,,"Hold Time Exceeded"
"2c0e466f-05d1-4671-99fc-846f0370bd7f","D05","CRAM","CRAM.AOS.buoy.c2","CRAM.C2.20201006.FIL","A00000203289","2020-10-06T16:20Z","2020-10-06T16:20Z","EcoCore_CSU","Si",0.6900,"milligramsPerLiter",4.5,,0,,"Hold Time Exceeded"
"0d219514-036f-4e66-95de-3e55c37f8dca","D05","CRAM","CRAM.AOS.buoy.c2","CRAM.C2.20201006.FIL.2","A00000204271","2020-10-06T16:20Z","2020-10-06T16:20Z","EcoCore_CSU","Mg",0.4080,"milligramsPerLiter",4.5,,0,,"Hold Time Exceeded"
"d6e78e80-b8a2-43f7-a02f-835d250395fa","D05","CRAM","CRAM.AOS.buoy.c2","CRAM.C2.20201006.POM.1","A00000204408","2020-10-06T16:20Z","2020-10-06T16:20Z","SIRFER Lab at University of Utah","TPN",540.4071,"microgramsPerLiter",,,-1,,"OK"
"9e72e535-1939-4f1e-a369-ee9c7e8687bd","D05","CRAM","CRAM.AOS.buoy.c2","CRAM.C2.20201006.FIL.2","A00000204271","2020-10-06T16:20Z","2020-10-06T16:20Z","EcoCore_CSU","K",0.2130,"milligramsPerLiter",4.5,,0,,"Hold Time Exceeded"
"8a8a944f-04a1-4fbf-904d-9b8074590ee2","D05","CRAM","CRAM.AOS.buoy.c2","CRAM.C2.20201006.FIL.2","A00000204271","2020-10-06T16:20Z","2020-10-06T16:20Z","EcoCore_CSU","TDS",,"milligramsPerLiter",4.5,,0,,"Cold Chain Broken"
"a45ca6e3-1d4b-425e-9510-e9b14a33c97d","D05","CRAM","CRAM.AOS.buoy.c2","CRAM.C2.20201006.RAW.3","A00000203290","2020-10-06T16:20Z","2020-10-06T16:20Z","EcoCore_CSU","TSS - Dry Mass",,"microgram",4.5,,0,,"Cold Chain Broken"
"db76dec6-a2b5-4f42-8785-b8850025405c","D05","CRAM","CRAM.AOS.buoy.c2","CRAM.C2.20201006.FIL.3","A00000204276","2020-10-06T16:20Z","2020-10-06T16:20Z","EcoCore_CSU","TDS",,"milligramsPerLiter",4.5,,0,,"Cold Chain Broken"
"d7e38e6e-a9c6-4d47-9f5d-6eb11ee3f187","D05","CRAM","CRAM.AOS.buoy.c2","CRAM.C2.20201006.RAW.2","A00000204288","2020-10-06T16:20Z","2020-10-06T16:20Z","EcoCore_CSU","TSS",,"milligramsPerLiter",4.5,,0,,"Cold Chain Broken"
"6f2a343e-cd5e-4131-9c7e-7fced2970b9f","D05","CRAM","CRAM.AOS.buoy.c2","CRAM.C2.20201006.RAW.3","A00000203290","2020-10-06T16:20Z","2020-10-06T16:20Z","EcoCore_CSU","TSS",,"milligramsPerLiter",4.5,,0,,"Cold Chain Broken"
"12a15f36-23ca-4fa4-be22-e48d9555e3fe","D05","CRAM","CRAM.AOS.buoy.c2","CRAM.C2.20201006.RAW.3","A00000203290","2020-10-06T16:20Z","2020-10-06T16:20Z","EcoCore_CSU","pH",,"pH",4.5,,0,,"Cold Chain Broken"
"cceaf783-44f7-4373-a5c2-fc3fb05700ea","D05","CRAM","CRAM.AOS.buoy.c2","CRAM.C2.20201006.FIL.2","A00000204271","2020-10-06T16:20Z","2020-10-06T16:20Z","EcoCore_CSU","CO3",,"milligramsPerLiter",4.5,,0,,"Cold Chain Broken"
"a92096f7-8611-4592-b93e-16c30f66fbc9","D05","CRAM","CRAM.AOS.buoy.c2","CRAM.C2.20201006.RAW.2","A00000204288","2020-10-06T16:20Z","2020-10-06T16:20Z","EcoCore_CSU","pH",,"pH",4.5,,0,,"Cold Chain Broken"
"20affa1a-f302-4a82-b77f-135ed536627c","D05","CRAM","CRAM.AOS.buoy.c2","CRAM.C2.20201006.RAW","A00000204289","2020-10-06T16:20Z","2020-10-06T16:20Z","EcoCore_CSU","pH",,"pH",4.5,,0,,"Cold Chain Broken"
"289373fe-f975-4006-8516-e8faf5aa63ff","D05","CRAM","CRAM.AOS.buoy.c2","CRAM.C2.20201006.FIL","A00000203289","2020-10-06T16:20Z","2020-10-06T16:20Z","EcoCore_CSU","HCO3",,"milligramsPerLiter",4.5,,0,,"Cold Chain Broken"
"c5034338-29e5-41f3-bdef-b74e3a2d04ea","D05","CRAM","CRAM.AOS.buoy.c2","CRAM.C2.20201006.FIL.2","A00000204271","2020-10-06T16:20Z","2020-10-06T16:20Z","EcoCore_CSU","HCO3",,"milligramsPerLiter",4.5,,0,,"Cold Chain Broken"
"0dd3ca2b-d7c6-4995-92ca-336faec24677","D05","CRAM","CRAM.AOS.buoy.c2","CRAM.C2.20201006.FIL.3","A00000204276","2020-10-06T16:20Z","2020-10-06T16:20Z","EcoCore_CSU","HCO3",,"milligramsPerLiter",4.5,,0,,"Cold Chain Broken"
"986c4f04-0b33-4985-be65-4b8c7261d3c2","D05","CRAM","CRAM.AOS.buoy.c2","CRAM.C2.20201006.RAW","A00000204289","2020-10-06T16:20Z","2020-10-06T16:20Z","EcoCore_CSU","TSS - Dry Mass",,"microgram",4.5,,0,,"Cold Chain Broken"
"bba3c464-377d-4f6f-a1d8-6ab08516bb5f","D05","CRAM","CRAM.AOS.buoy.c2","CRAM.C2.20201006.FIL.3","A00000204276","2020-10-06T16:20Z","2020-10-06T16:20Z","EcoCore_CSU","CO3",,"milligramsPerLiter",4.5,,0,,"Cold Chain Broken"
"9fa83db6-c3fc-4a76-9021-8089e651b765","D05","CRAM","CRAM.AOS.buoy.c2","CRAM.C2.20201006.FIL","A00000203289","2020-10-06T16:20Z","2020-10-06T16:20Z","EcoCore_CSU","TDS",,"milligramsPerLiter",4.5,,0,,"Cold Chain Broken"
"fbe9ce23-f8b7-4c6c-ad7d-404cfd7d460e","D05","CRAM","CRAM.AOS.buoy.c2","CRAM.C2.20201006.RAW","A00000204289","2020-10-06T16:20Z","2020-10-06T16:20Z","EcoCore_CSU","TSS",,"milligramsPerLiter",4.5,,0,,"Cold Chain Broken"
"30f0784b-5e70-409b-81cf-927af8351dac","D05","CRAM","CRAM.AOS.buoy.c2","CRAM.C2.20201006.FIL","A00000203289","2020-10-06T16:20Z","2020-10-06T16:20Z","EcoCore_CSU","CO3",,"milligramsPerLiter",4.5,,0,,"Cold Chain Broken"
"b49bd94b-9398-4388-9d33-7c560c28dfec","D05","CRAM","CRAM.AOS.buoy.c2","CRAM.C2.20201006.RAW.2","A00000204288","2020-10-06T16:20Z","2020-10-06T16:20Z","EcoCore_CSU","TSS - Dry Mass",,"microgram",4.5,,0,,"Cold Chain Broken"
"a3d96c9e-6728-44a5-b47e-49007ecfaf63","D05","CRAM","CRAM.AOS.buoy.c2","CRAM.C2.20201006.RAW.3","A00000203290","2020-10-06T16:20Z","2020-10-06T16:20Z","EcoCore_CSU","TN",0.5120,"milligramsPerLiter",4.5,,0,,"OK"
"2bcab95a-88d7-4ffc-bdfc-b9e18db11bdd","D05","CRAM","CRAM.AOS.buoy.c2","CRAM.C2.20201006.RAW.2","A00000204288","2020-10-06T16:20Z","2020-10-06T16:20Z","EcoCore_CSU","TN",0.4953,"milligramsPerLiter",4.5,,0,,"OK"
"68001d9b-1ee2-4af2-80b0-8a40c391b4d0","D05","CRAM","CRAM.AOS.buoy.c2","CRAM.C2.20201006.RAW","A00000204289","2020-10-06T16:20Z","2020-10-06T16:20Z","EcoCore_CSU","TOC",4.6680,"milligramsPerLiter",4.5,,0,,"OK"
"c8d13b26-7c7f-4374-a7b3-7d9c44ae281c","D05","CRAM","CRAM.AOS.buoy.c2","CRAM.C2.20201006.FIL.2","A00000204271","2020-10-06T16:20Z","2020-10-06T16:20Z","EcoCore_CSU","TDN",0.5403,"milligramsPerLiter",4.5,,0,,"OK"
"99676e66-c51d-46a5-a75c-71e591ea2b03","D05","CRAM","CRAM.AOS.buoy.c2","CRAM.C2.20201006.RAW.2","A00000204288","2020-10-06T16:20Z","2020-10-06T16:20Z","EcoCore_CSU","TOC",4.6450,"milligramsPerLiter",4.5,,0,,"OK"
"a80b5874-9d6f-4990-9ba6-590acb0860ce","D05","CRAM","CRAM.AOS.buoy.c2","CRAM.C2.20201006.RAW.3","A00000203290","2020-10-06T16:20Z","2020-10-06T16:20Z","EcoCore_CSU","TOC",4.6760,"milligramsPerLiter",4.5,,0,,"OK"
"998ae834-f6bd-4103-aea5-ff1dff422633","D05","CRAM","CRAM.AOS.buoy.c2","CRAM.C2.20201006.FIL","A00000203289","2020-10-06T16:20Z","2020-10-06T16:20Z","EcoCore_CSU","TDN",0.5626,"milligramsPerLiter",4.5,,0,,"OK"
"552d9141-217b-49c9-8557-1e0b985659af","D05","CRAM","CRAM.AOS.buoy.c2","CRAM.C2.20201006.FIL","A00000203289","2020-10-06T16:20Z","2020-10-06T16:20Z","EcoCore_CSU","DOC",4.7790,"milligramsPerLiter",4.5,,0,,"OK"
"288d48c5-050c-4d71-87b1-04e06bc43e67","D05","CRAM","CRAM.AOS.buoy.c2","CRAM.C2.20201006.RAW","A00000204289","2020-10-06T16:20Z","2020-10-06T16:20Z","EcoCore_CSU","TN",0.4995,"milligramsPerLiter",4.5,,0,,"OK"
"7e83157e-fb7d-4cea-adde-9a505ad0dfd1","D05","CRAM","CRAM.AOS.buoy.c2","CRAM.C2.20201006.FIL.2","A00000204271","2020-10-06T16:20Z","2020-10-06T16:20Z","EcoCore_CSU","DOC",4.6860,"milligramsPerLiter",4.5,,0,,"OK"
"b6e28156-c9fc-48b1-b193-0b90561064b9","D05","CRAM","CRAM.AOS.buoy.c2","CRAM.C2.20201006.FIL.2","A00000204271","2020-10-06T16:20Z","2020-10-06T16:20Z","EcoCore_CSU","DIC",4.1360,"milligramsPerLiter",4.5,,0,,"OK"
"91c1c5a7-ed3d-4e27-93fe-37978c66b03b","D05","CRAM","CRAM.AOS.buoy.c2","CRAM.C2.20201006.FIL.3","A00000204276","2020-10-06T16:20Z","2020-10-06T16:20Z","EcoCore_CSU","DIC",4.5380,"milligramsPerLiter",4.5,,0,,"OK"
"5b5e0fa2-5086-45ff-ba30-6167bc203cd4","D05","CRAM","CRAM.AOS.buoy.c2","CRAM.C2.20201006.FIL","A00000203289","2020-10-06T16:20Z","2020-10-06T16:20Z","EcoCore_CSU","DIC",4.0350,"milligramsPerLiter",4.5,,0,,"OK"
"d2fa7453-f182-491f-ad7d-13d3237f71fd","D05","CRAM","CRAM.AOS.buoy.c2","CRAM.C2.20201006.FIL.3","A00000204276","2020-10-06T16:20Z","2020-10-06T16:20Z","EcoCore_CSU","TDN",0.5437,"milligramsPerLiter",4.5,,0,,"OK"
"f203925c-17e5-4242-a3e3-d605ff36f99a","D05","CRAM","CRAM.AOS.buoy.c2","CRAM.C2.20201006.FIL.3","A00000204276","2020-10-06T16:20Z","2020-10-06T16:20Z","EcoCore_CSU","DOC",4.5810,"milligramsPerLiter",4.5,,0,,"OK"
"b1a65c1d-4264-492c-9a34-795eba69b53c","D05","CRAM","CRAM.AOS.buoy.c2","CRAM.C2.20201006.FIL","A00000203289","2020-10-06T16:20Z","2020-10-06T16:20Z","EcoCore_CSU","UV Absorbance (254 nm)",0.1754,,4.5,,0,,"OK"
"b3456251-2d76-4cd8-9463-a5cc6bc17831","D05","CRAM","CRAM.AOS.buoy.c2","CRAM.C2.20201006.FIL.3","A00000204276","2020-10-06T16:20Z","2020-10-06T16:20Z","EcoCore_CSU","UV Absorbance (254 nm)",0.1743,,4.5,,0,,"OK"
"cf578f83-e6ae-4234-9c12-89cca77034a7","D05","CRAM","CRAM.AOS.buoy.c2","CRAM.C2.20201006.FIL.3","A00000204276","2020-10-06T16:20Z","2020-10-06T16:20Z","EcoCore_CSU","UV Absorbance (280 nm)",0.1173,,4.5,,0,,"OK"
"44ae0545-dc43-4ee0-b295-f1188e858c6c","D05","CRAM","CRAM.AOS.buoy.c2","CRAM.C2.20201006.FIL.2","A00000204271","2020-10-06T16:20Z","2020-10-06T16:20Z","EcoCore_CSU","UV Absorbance (254 nm)",0.1756,,4.5,,0,,"OK"
"70bcfcc4-1920-4089-ac62-3ab64f86e5fa","D05","CRAM","CRAM.AOS.buoy.c2","CRAM.C2.20201006.FIL","A00000203289","2020-10-06T16:20Z","2020-10-06T16:20Z","EcoCore_CSU","UV Absorbance (280 nm)",0.1193,,4.5,,0,,"OK"
"24ed9452-f935-472d-a2ae-89c0a5be3fe3","D05","CRAM","CRAM.AOS.buoy.c2","CRAM.C2.20201006.FIL.2","A00000204271","2020-10-06T16:20Z","2020-10-06T16:20Z","EcoCore_CSU","UV Absorbance (280 nm)",0.1187,,4.5,,0,,"OK"
"ec4d4f28-61b4-466e-a792-9ce8b64ee5d2","D05","CRAM","CRAM.AOS.buoy.c1","CRAM.C1.20201020.FIL","A00000205018","2020-10-20T16:38Z","2020-10-20T16:38Z","EcoCore_CSU","UV Absorbance (254 nm)",0.0988,,0.6,,0,,"OK"
"37455000-c6fc-45c0-8176-a03b16b02d79","D05","CRAM","CRAM.AOS.buoy.c1","CRAM.C1.20201020.FIL","A00000205018","2020-10-20T16:38Z","2020-10-20T16:38Z","EcoCore_CSU","Cl",0.2832,"milligramsPerLiter",0.6,,0,,"Cold Chain Broken During Storage|Hold Time Exceeded"
"6f1b4096-5a74-4849-a923-01c18a9bc08b","D05","CRAM","CRAM.AOS.buoy.c1","CRAM.C1.20201020.FIL","A00000205018","2020-10-20T16:38Z","2020-10-20T16:38Z","EcoCore_CSU","SO4",1.7592,"milligramsPerLiter",0.6,,0,,"Cold Chain Broken During Storage|Hold Time Exceeded"
"9ae04339-d8ea-4e84-8d85-7ffc223a4eca","D05","CRAM","CRAM.AOS.buoy.c1","CRAM.C1.20201020.FIL","A00000205018","2020-10-20T16:38Z","2020-10-20T16:38Z","EcoCore_CSU","Br",0.0050,"milligramsPerLiter",0.6,,0,,"Cold Chain Broken During Storage|Hold Time Exceeded"
"38623c65-6686-415d-80fd-30783dc35fb6","D05","CRAM","CRAM.AOS.buoy.c1","CRAM.C1.20201020.FIL","A00000205018","2020-10-20T16:38Z","2020-10-20T16:38Z","EcoCore_CSU","F",0.0050,"milligramsPerLiter",0.6,,0,,"Cold Chain Broken During Storage|Hold Time Exceeded"
"b4477e60-631c-40e3-95ef-ce4c3549df07","D05","CRAM","CRAM.AOS.buoy.c1","CRAM.C1.20201020.FIL","A00000205018","2020-10-20T16:38Z","2020-10-20T16:38Z","EcoCore_CSU","Fe",0.0210,"milligramsPerLiter",0.6,,0,,"Hold Time Exceeded"
"4bb5f646-8ba8-45dc-87f6-9dfb083c848e","D05","CRAM","CRAM.AOS.buoy.c1","CRAM.C1.20201020.FIL","A00000205018","2020-10-20T16:38Z","2020-10-20T16:38Z","EcoCore_CSU","Mg",0.3270,"milligramsPerLiter",0.6,,0,,"Hold Time Exceeded"
"e090f75b-aff6-4b4b-a8e5-232f9a937906","D05","CRAM","CRAM.AOS.buoy.c1","CRAM.C1.20201020.FIL","A00000205018","2020-10-20T16:38Z","2020-10-20T16:38Z","EcoCore_CSU","Si",0.0860,"milligramsPerLiter",0.6,,0,,"Hold Time Exceeded"
"8569d77c-cdc7-42ad-8e4b-cfac6efb21db","D05","CRAM","CRAM.AOS.buoy.c1","CRAM.C1.20201020.FIL","A00000205018","2020-10-20T16:38Z","2020-10-20T16:38Z","EcoCore_CSU","Na",0.0310,"milligramsPerLiter",0.6,,0,,"Hold Time Exceeded"
"0bbaed51-ab08-4050-bc50-4f85c355fe3a","D05","CRAM","CRAM.AOS.buoy.c1","CRAM.C1.20201020.FIL","A00000205018","2020-10-20T16:38Z","2020-10-20T16:38Z","EcoCore_CSU","K",0.1600,"milligramsPerLiter",0.6,,0,,"Hold Time Exceeded"
"d69939d6-5c40-43d9-95bb-f8fa50166906","D05","CRAM","CRAM.AOS.buoy.c1","CRAM.C1.20201020.FIL","A00000205018","2020-10-20T16:38Z","2020-10-20T16:38Z","EcoCore_CSU","Mn",0.0005,"milligramsPerLiter",0.6,,0,,"Hold Time Exceeded"
"4a5fb1d6-563e-450c-864f-22b3f91b79be","D05","CRAM","CRAM.AOS.buoy.c1","CRAM.C1.20201020.FIL","A00000205018","2020-10-20T16:38Z","2020-10-20T16:38Z","EcoCore_CSU","Ca",0.0970,"milligramsPerLiter",0.6,,0,,"Hold Time Exceeded"
"89234818-dddd-4bdb-a2d9-8be370a74637","D05","CRAM","CRAM.AOS.buoy.c1","CRAM.C1.20201020.RAW","A00000205020","2020-10-20T16:38Z","2020-10-20T16:38Z","EcoCore_CSU","TSS",,"milligramsPerLiter",0.6,,0,,"Cold Chain Broken"
"63ea5d84-da4b-4adf-81fa-24d96b0ae1d7","D05","CRAM","CRAM.AOS.buoy.c1","CRAM.C1.20201020.FIL","A00000205018","2020-10-20T16:38Z","2020-10-20T16:38Z","EcoCore_CSU","TDS",,"milligramsPerLiter",0.6,,0,,"Cold Chain Broken"
"93e2d36f-cb64-45ab-9222-26a83c9dd75c","D05","CRAM","CRAM.AOS.buoy.c1","CRAM.C1.20201020.RAW","A00000205020","2020-10-20T16:38Z","2020-10-20T16:38Z","EcoCore_CSU","pH",,"pH",0.6,,0,,"Cold Chain Broken"
"7a64afe6-86bc-4a47-a449-75e5593d330f","D05","CRAM","CRAM.AOS.buoy.c1","CRAM.C1.20201020.RAW","A00000205020","2020-10-20T16:38Z","2020-10-20T16:38Z","EcoCore_CSU","TSS - Dry Mass",,"microgram",0.6,,0,,"Cold Chain Broken"
"1d050161-de94-4779-9caf-340c41c6e23f","D05","CRAM","CRAM.AOS.buoy.c1","CRAM.C1.20201020.FIL","A00000205018","2020-10-20T16:38Z","2020-10-20T16:38Z","EcoCore_CSU","CO3",,"milligramsPerLiter",0.6,,0,,"Cold Chain Broken"
"0c1b7035-51f2-4de6-bfcf-721cf1797603","D05","CRAM","CRAM.AOS.buoy.c1","CRAM.C1.20201020.FIL","A00000205018","2020-10-20T16:38Z","2020-10-20T16:38Z","EcoCore_CSU","HCO3",,"milligramsPerLiter",0.6,,0,,"Cold Chain Broken"
"bf912187-cb66-479e-8c60-ea8bb518d543","D05","CRAM","CRAM.AOS.buoy.c1","CRAM.C1.20201020.FIL","A00000205018","2020-10-20T16:38Z","2020-10-20T16:38Z","EcoCore_CSU","DOC",4.6450,"milligramsPerLiter",0.6,,0,,"OK"
"518e1ec0-f9a3-41c5-83cf-91e27eb19e71","D05","CRAM","CRAM.AOS.buoy.c1","CRAM.C1.20201020.FIL","A00000205018","2020-10-20T16:38Z","2020-10-20T16:38Z","EcoCore_CSU","DIC",1.2290,"milligramsPerLiter",0.6,,0,,"OK"
"7bf79d00-ba69-44cf-893d-81a1ecb737d9","D05","CRAM","CRAM.AOS.buoy.c1","CRAM.C1.20201020.RAW","A00000205020","2020-10-20T16:38Z","2020-10-20T16:38Z","EcoCore_CSU","TN",0.1862,"milligramsPerLiter",0.6,,0,,"OK"
"78103fc9-b2e5-42d0-b222-3a2b1f5a987c","D05","CRAM","CRAM.AOS.buoy.c1","CRAM.C1.20201020.FIL","A00000205018","2020-10-20T16:38Z","2020-10-20T16:38Z","EcoCore_CSU","TDN",0.1499,"milligramsPerLiter",0.6,,0,,"OK"
"73bcd0d7-c2f2-4e83-b116-a11b44017b98","D05","CRAM","CRAM.AOS.buoy.c1","CRAM.C1.20201020.RAW","A00000205020","2020-10-20T16:38Z","2020-10-20T16:38Z","EcoCore_CSU","TOC",5.1130,"milligramsPerLiter",0.6,,0,,"OK"
"60a487e0-8bb4-4b45-b6be-4785278e3e36","D05","CRAM","CRAM.AOS.buoy.c1","CRAM.C1.20201020.FIL","A00000205018","2020-10-20T16:38Z","2020-10-20T16:38Z","EcoCore_CSU","UV Absorbance (280 nm)",0.0721,,0.6,,0,,"OK"
"d582905f-36a6-4f84-b911-629f9a01c375","D05","CRAM","CRAM.AOS.buoy.c2","CRAM.C2.20201020.FIL","A00000204273","2020-10-20T16:41Z","2020-10-20T16:41Z","EcoCore_CSU","Cl",0.3786,"milligramsPerLiter",0.6,,0,,"Cold Chain Broken During Storage|Hold Time Exceeded"
"ad05ce42-601c-49e9-bcb9-8f0cc6240e88","D05","CRAM","CRAM.AOS.buoy.c2","CRAM.C2.20201020.FIL","A00000204273","2020-10-20T16:41Z","2020-10-20T16:41Z","EcoCore_CSU","TDS",,"milligramsPerLiter",0.6,,0,,"Cold Chain Broken"
"79773302-f333-4a41-8f54-8dcc07aa2982","D05","CRAM","CRAM.AOS.buoy.c2","CRAM.C2.20201020.FIL","A00000204273","2020-10-20T16:41Z","2020-10-20T16:41Z","EcoCore_CSU","HCO3",,"milligramsPerLiter",0.6,,0,,"Cold Chain Broken"
"04d42554-906d-4ac9-8f90-1350b2c92ceb","D05","CRAM","CRAM.AOS.buoy.c2","CRAM.C2.20201020.FIL","A00000204273","2020-10-20T16:41Z","2020-10-20T16:41Z","EcoCore_CSU","CO3",,"milligramsPerLiter",0.6,,0,,"Cold Chain Broken"
"5ae22710-249b-489d-aad7-c2762bff2636","D05","CRAM","CRAM.AOS.buoy.c2","CRAM.C2.20201020.FIL","A00000204273","2020-10-20T16:41Z","2020-10-20T16:41Z","EcoCore_CSU","Fe",0.3460,"milligramsPerLiter",0.6,,0,,"Hold Time Exceeded"
"156aff49-da3f-4e73-beea-d5bb1f591535","D05","CRAM","CRAM.AOS.buoy.c2","CRAM.C2.20201020.FIL","A00000204273","2020-10-20T16:41Z","2020-10-20T16:41Z","EcoCore_CSU","K",0.2290,"milligramsPerLiter",0.6,,0,,"Hold Time Exceeded"
"126bf47e-0540-42c0-a2b2-800e48573b97","D05","CRAM","CRAM.AOS.buoy.c2","CRAM.C2.20201020.FIL","A00000204273","2020-10-20T16:41Z","2020-10-20T16:41Z","EcoCore_CSU","Mg",0.3800,"milligramsPerLiter",0.6,,0,,"Hold Time Exceeded"
"1ec72785-df95-4c75-9685-deef1a92b8fa","D05","CRAM","CRAM.AOS.buoy.c2","CRAM.C2.20201020.FIL","A00000204273","2020-10-20T16:41Z","2020-10-20T16:41Z","EcoCore_CSU","Mn",0.0005,"milligramsPerLiter",0.6,,0,,"Hold Time Exceeded"
"c1d30f0d-e02d-4cfd-896d-09bb5dd933ac","D05","CRAM","CRAM.AOS.buoy.c2","CRAM.C2.20201020.FIL","A00000204273","2020-10-20T16:41Z","2020-10-20T16:41Z","EcoCore_CSU","Na",0.0430,"milligramsPerLiter",0.6,,0,,"Hold Time Exceeded"
"74e6d4c3-edbd-482f-aa55-f3540b7bca50","D05","CRAM","CRAM.AOS.buoy.c2","CRAM.C2.20201020.FIL","A00000204273","2020-10-20T16:41Z","2020-10-20T16:41Z","EcoCore_CSU","Ca",0.1320,"milligramsPerLiter",0.6,,0,,"Hold Time Exceeded"
"27cba23a-ba1f-473a-bee0-3de8f793e69c","D05","CRAM","CRAM.AOS.buoy.c2","CRAM.C2.20201020.FIL","A00000204273","2020-10-20T16:41Z","2020-10-20T16:41Z","EcoCore_CSU","Si",0.7580,"milligramsPerLiter",0.6,,0,,"Hold Time Exceeded"
"4204ac17-20f7-4f74-8bf6-a23600c5da98","D05","CRAM","CRAM.AOS.buoy.c2","CRAM.C2.20201020.FIL","A00000204273","2020-10-20T16:41Z","2020-10-20T16:41Z","EcoCore_CSU","Br",0.0050,"milligramsPerLiter",0.6,,0,,"Cold Chain Broken During Storage|Hold Time Exceeded"
"40f3adae-8937-44cf-8d80-22f315c67366","D05","CRAM","CRAM.AOS.buoy.c2","CRAM.C2.20201020.FIL","A00000204273","2020-10-20T16:41Z","2020-10-20T16:41Z","EcoCore_CSU","SO4",1.5595,"milligramsPerLiter",0.6,,0,,"Cold Chain Broken During Storage|Hold Time Exceeded"
"917cd43d-e402-4a49-92ef-67dd9ffd5997","D05","CRAM","CRAM.AOS.buoy.c2","CRAM.C2.20201020.FIL","A00000204273","2020-10-20T16:41Z","2020-10-20T16:41Z","EcoCore_CSU","F",0.0050,"milligramsPerLiter",0.6,,0,,"Cold Chain Broken During Storage|Hold Time Exceeded"
"2943129a-69e6-4c27-9cce-ce3764a1f614","D05","CRAM","CRAM.AOS.buoy.c2","CRAM.C2.20201020.RAW","A00000205019","2020-10-20T16:41Z","2020-10-20T16:41Z","EcoCore_CSU","TSS - Dry Mass",,"microgram",0.6,,0,,"Cold Chain Broken"
"c19c266d-eda3-433b-bf46-e2ec3aefff10","D05","CRAM","CRAM.AOS.buoy.c2","CRAM.C2.20201020.RAW","A00000205019","2020-10-20T16:41Z","2020-10-20T16:41Z","EcoCore_CSU","TSS",,"milligramsPerLiter",0.6,,0,,"Cold Chain Broken"
"396eff9b-5389-4a6b-a17a-5cb038243980","D05","CRAM","CRAM.AOS.buoy.c2","CRAM.C2.20201020.RAW","A00000205019","2020-10-20T16:41Z","2020-10-20T16:41Z","EcoCore_CSU","pH",,"pH",0.6,,0,,"Cold Chain Broken"
"82a667d3-31ee-470c-b130-aec939ed19ab","D05","CRAM","CRAM.AOS.buoy.c2","CRAM.C2.20201020.RAW","A00000205019","2020-10-20T16:41Z","2020-10-20T16:41Z","EcoCore_CSU","TN",0.6301,"milligramsPerLiter",0.6,,0,,"OK"
"5574ce0d-83fc-43bc-ae74-98c9abfb7006","D05","CRAM","CRAM.AOS.buoy.c2","CRAM.C2.20201020.FIL","A00000204273","2020-10-20T16:41Z","2020-10-20T16:41Z","EcoCore_CSU","DOC",5.7810,"milligramsPerLiter",0.6,,0,,"OK"
"6b535c91-b1ee-4c2e-aba1-2c35b4424a32","D05","CRAM","CRAM.AOS.buoy.c2","CRAM.C2.20201020.RAW","A00000205019","2020-10-20T16:41Z","2020-10-20T16:41Z","EcoCore_CSU","TOC",5.3940,"milligramsPerLiter",0.6,,0,,"OK"
"a4f65bbe-bdb5-4578-adfc-7381bf78512b","D05","CRAM","CRAM.AOS.buoy.c2","CRAM.C2.20201020.FIL","A00000204273","2020-10-20T16:41Z","2020-10-20T16:41Z","EcoCore_CSU","DIC",4.4210,"milligramsPerLiter",0.6,,0,,"OK"
"ed6bf086-d708-4820-baf3-37367e88ef74","D05","CRAM","CRAM.AOS.buoy.c2","CRAM.C2.20201020.FIL","A00000204273","2020-10-20T16:41Z","2020-10-20T16:41Z","EcoCore_CSU","TDN",0.7276,"milligramsPerLiter",0.6,,0,,"OK"
"2ea43472-6f6e-4469-8228-02f2ef55e977","D05","CRAM","CRAM.AOS.buoy.c2","CRAM.C2.20201020.FIL","A00000204273","2020-10-20T16:41Z","2020-10-20T16:41Z","EcoCore_CSU","UV Absorbance (254 nm)",0.0515,,0.6,,0,,"OK"
"85b19213-a6fa-4410-b6ff-3c0e1246dd72","D05","CRAM","CRAM.AOS.buoy.c2","CRAM.C2.20201020.FIL","A00000204273","2020-10-20T16:41Z","2020-10-20T16:41Z","EcoCore_CSU","UV Absorbance (280 nm)",0.0354,,0.6,,0,,"OK"
