uid,domainID,siteID,namedLocation,decimalLatitude,decimalLongitude,coordinateUncertainty,additionalCoordUncertainty,elevation,elevationUncertainty,geodeticDatum,altLocation,altLatitude,altLongitude,altCoordinateUncertainty,altGeodeticDatum,collectDate,aquaticSiteType,samplingImpractical,waterChemSamplesCollected,parentSampleID,eventID,samplerType,dissolvedOxygen,dissolvedOxygenSaturation,specificConductance,waterTemp,swcSamplingProtocolVersion,lowerSegmentDepth,upperSegmentDepth,maxDepth,lakeSampleDepth1,lakeSampleDepth2,aCollectedBy,bCollectedBy,remarks,fieldDataQF
"e81fcf23-2a83-4c7d-bf2f-eda394a7241b","D05","CRAM","CRAM.AOS.buoy.c1",46.210592,-89.476861,10.0,10.0,509.0,10.0,"WGS84",,,,,,"2020-10-06T16:02Z","lake",,"Y","CRAM.C1.20201006","CRAM.20201006","Kemmerer",8.67,80.90,10.70,12.20,"NEON.DOC.002905vG",6.5,0.0,15.9,0.5,,"0000-0003-1075-1249","0000-0001-8490-5154",,
"447ae547-4611-4f36-9d94-065fc0466fd5","D05","CRAM","CRAM.AOS.buoy.c2",46.210592,-89.476861,10.0,10.0,509.0,10.0,"WGS84",,,,,,"2020-10-06T16:20Z","lake",,"Y","CRAM.C2.20201006","CRAM.20201006","Kemmerer",0.08,0.60,16.40,5.40,"NEON.DOC.002905vG",15.9,9.0,15.9,10.7,14.2,"0000-0003-1075-1249","0000-0001-8490-5154",,
"2bd9d58f-d44e-4537-a955-0d24e39231ad","D05","CRAM","CRAM.AOS.buoy.c1",46.210592,-89.476861,10.0,10.0,509.0,10.0,"WGS84",,,,,,"2020-10-20T16:38Z","lake",,"Y","CRAM.C1.20201020","CRAM.20201020","Kemmerer",8.82,73.70,3.80,7.80,"NEON.DOC.002905vG",9.5,0.0,16.8,0.5,,"0000-0003-1075-1249","0000-0001-8490-5154",,
"e419ba1e-efb1-4532-93d2-90d427658b25","D05","CRAM","CRAM.AOS.buoy.c2",46.210592,-89.476861,10.0,10.0,509.0,10.0,"WGS84",,,,,,"2020-10-20T16:41Z","lake",,"Y","CRAM.C2.20201020","CRAM.20201020","Kemmerer",0.06,0.40,19.20,5.20,"NEON.DOC.002905vG",16.8,11.0,16.8,12.5,15.4,"0000-0003-1075-1249","0000-0001-8490-5154",,
