uid,domainID,siteID,namedLocation,collectDate,titrationDate,parentSampleID,domainSampleID,domainSampleCode,titrationLocation,sampleType,initialSamplepH,initialSampleTemp,normality,sampleVolume,methodType,remarks,measuredBy,alkMeqPerL,alkMgPerL,ancMeqPerL,ancMgPerL,dataQF
"062c25cb-bd7a-458f-a0d5-65ce076f2d74","D05","CRAM","CRAM.AOS.buoy.c1","2020-10-06T16:02Z","2020-10-06T21:59Z","CRAM.C1.20201006","CRAM.C1.20201006.ANC",,"support facility","ANC",6.17,23.5,"0.16",150.0,"Gran",,"Schoofs",,,0.050,2.280,
"1000edc8-4df1-44c4-bc5a-35ca88d6b738","D05","CRAM","CRAM.AOS.buoy.c1","2020-10-06T16:02Z","2020-10-06T21:10Z","CRAM.C1.20201006","CRAM.C1.20201006.ALK",,"support facility","ALK",6.25,23.6,"0.16",150.0,"Gran",,"Schoofs",0.050,2.610,,,
"5caae12c-1738-42ed-a4ee-8fe581871a8d","D05","CRAM","CRAM.AOS.buoy.c2","2020-10-06T16:20Z","2020-10-06T23:18Z","CRAM.C2.20201006","CRAM.C2.20201006.ANC",,"support facility","ANC",6.22,23.7,"0.16",150.0,"Gran",,"Schoofs",,,0.130,6.330,
"98885274-7a99-4acc-970b-a51dbfd90b09","D05","CRAM","CRAM.AOS.buoy.c2","2020-10-06T16:20Z","2020-10-06T22:23Z","CRAM.C2.20201006","CRAM.C2.20201006.ALK",,"support facility","ALK",6.02,23.4,"0.16",150.0,"Gran",,"Schoofs",0.140,7.040,,,
"be65758b-7411-4b41-96ce-ac4111362358","D05","CRAM","CRAM.AOS.buoy.c1","2020-10-20T16:38Z","2020-10-20T20:20Z","CRAM.C1.20201020","CRAM.C1.20201020.ALK",,"support facility","ALK",6.14,20.3,"0.16",150.0,"Gran",,"Schoofs",0.070,3.320,,,
"3c2e4e37-8653-41c8-8ba0-49b01116783f","D05","CRAM","CRAM.AOS.buoy.c1","2020-10-20T16:38Z","2020-10-20T20:40Z","CRAM.C1.20201020","CRAM.C1.20201020.ANC",,"support facility","ANC",6.25,20.6,"0.16",150.0,"Gran",,"Schoofs",,,0.050,2.360,
"d77a5f01-5553-4b5b-986b-66922fa2da47","D05","CRAM","CRAM.AOS.buoy.c2","2020-10-20T16:41Z","2020-10-20T21:17Z","CRAM.C2.20201020","CRAM.C2.20201020.ANC",,"support facility","ANC",6.22,21.0,"0.16",150.0,"Gran",,"Schoofs",,,0.160,7.800,
"6a07cfab-332e-4101-81a5-81815d9f6738","D05","CRAM","CRAM.AOS.buoy.c2","2020-10-20T16:41Z","2020-10-20T21:00Z","CRAM.C2.20201020","CRAM.C2.20201020.ALK",,"support facility","ALK",6.20,20.3,"0.16",150.0,"Gran",,"Schoofs",0.170,8.540,,,
