uid,domainID,siteID,namedLocation,sampleID,sampleCode,startDate,collectDate,laboratoryName,analyte,analyteConcentration,analyteUnits,coolerTemp,remarks,shipmentWarmQF,externalLabDataQF,sampleCondition
"3c0ae03b-46e9-4894-96a3-5f9cb6a5cc06","D03","BARC","BARC.AOS.buoy.c0","BARC.C0.20210309.FIL.NUT","A00000132588","2021-03-09T13:45Z","2021-03-09T13:45Z","Florida International University","TDP",0.0047,"milligramsPerLiter",-1.0,,0,,"OK"
"6d0c2573-54ee-41f5-be24-8de233ff94ba","D03","BARC","BARC.AOS.buoy.c0","BARC.C0.20210309.FIL.NUT","A00000132588","2021-03-09T13:45Z","2021-03-09T13:45Z","Florida International University","NH4 - N",0.0095,"milligramsPerLiter",-1.0,,0,,"OK"
"a74373ef-1bf1-4365-a92f-7fe7d9829ec2","D03","BARC","BARC.AOS.buoy.c0","BARC.C0.20210309.RAW.NUT","A00000132590","2021-03-09T13:45Z","2021-03-09T13:45Z","Florida International University","TP",0.0079,"milligramsPerLiter",-1.0,,0,,"OK"
"ad33f263-8c66-490d-8311-13fc0938eea6","D03","BARC","BARC.AOS.buoy.c0","BARC.C0.20210309.FIL.NUT","A00000132588","2021-03-09T13:45Z","2021-03-09T13:45Z","Florida International University","Ortho - P",0.0000,"milligramsPerLiter",-1.0,,0,,"OK"
"293e757c-199d-49dc-83ee-5ef4f8d0ab63","D03","BARC","BARC.AOS.buoy.c0","BARC.C0.20210309.FIL.NUT","A00000132588","2021-03-09T13:45Z","2021-03-09T13:45Z","Florida International University","NO3+NO2 - N",0.0079,"milligramsPerLiter",-1.0,,0,,"OK"
"b33d049c-3aae-40fd-9caf-f6e2c3b9a2fa","D03","BARC","BARC.AOS.buoy.c0","BARC.C0.20210309.FIL.NUT","A00000132588","2021-03-09T13:45Z","2021-03-09T13:45Z","Florida International University","NO2 - N",0.0003,"milligramsPerLiter",-1.0,,0,,"OK"
"a76abb70-a0e2-4435-84c4-0f399f7c871d","D03","BARC","BARC.AOS.buoy.c0","BARC.C0.20210309.FIL","A00000132587","2021-03-09T13:45Z","2021-03-09T13:45Z","EcoCore_CSU","HCO3",4.8048,"milligramsPerLiter",3.8,,0,,"OK"
"f34215f2-e7be-4a51-855f-9fb0861dd52b","D03","BARC","BARC.AOS.buoy.c0","BARC.C0.20210309.FIL","A00000132587","2021-03-09T13:45Z","2021-03-09T13:45Z","EcoCore_CSU","CO3",0.0050,"milligramsPerLiter",3.8,,0,,"OK"
"c47080b1-5d65-4901-8d6a-d9b109eccc24","D03","BARC","BARC.AOS.buoy.c0","BARC.C0.20210309.FIL","A00000132587","2021-03-09T13:45Z","2021-03-09T13:45Z","EcoCore_CSU","Cl",5.7877,"milligramsPerLiter",3.8,,0,,"OK"
"757f73bb-e97c-443f-910c-63fea4417043","D03","BARC","BARC.AOS.buoy.c0","BARC.C0.20210309.FIL","A00000132587","2021-03-09T13:45Z","2021-03-09T13:45Z","EcoCore_CSU","F",0.0574,"milligramsPerLiter",3.8,,0,,"OK"
"c13dfa7e-5371-4eca-b1bb-1e97002d4dd1","D03","BARC","BARC.AOS.buoy.c0","BARC.C0.20210309.FIL","A00000132587","2021-03-09T13:45Z","2021-03-09T13:45Z","EcoCore_CSU","SO4",2.4539,"milligramsPerLiter",3.8,,0,,"OK"
"c2986e3f-6b09-48a1-910a-30fb34888926","D03","BARC","BARC.AOS.buoy.c0","BARC.C0.20210309.FIL","A00000132587","2021-03-09T13:45Z","2021-03-09T13:45Z","EcoCore_CSU","Br",0.0050,"milligramsPerLiter",3.8,,0,,"OK"
"dc72f897-bbb6-4848-8604-671cd8ce9518","D03","BARC","BARC.AOS.buoy.c0","BARC.C0.20210309.FIL","A00000132587","2021-03-09T13:45Z","2021-03-09T13:45Z","EcoCore_CSU","Ca",0.1940,"milligramsPerLiter",3.8,,0,,"OK"
"92ed3447-e0a1-411a-8bad-28aede8cf827","D03","BARC","BARC.AOS.buoy.c0","BARC.C0.20210309.FIL","A00000132587","2021-03-09T13:45Z","2021-03-09T13:45Z","EcoCore_CSU","K",0.2590,"milligramsPerLiter",3.8,,0,,"OK"
"554ae709-5ac5-41cf-90b7-ee00a6b1623a","D03","BARC","BARC.AOS.buoy.c0","BARC.C0.20210309.FIL","A00000132587","2021-03-09T13:45Z","2021-03-09T13:45Z","EcoCore_CSU","Mn",0.0160,"milligramsPerLiter",3.8,,0,,"OK"
"2e9615c2-ffb5-42bc-9b62-0d8226c36a97","D03","BARC","BARC.AOS.buoy.c0","BARC.C0.20210309.FIL","A00000132587","2021-03-09T13:45Z","2021-03-09T13:45Z","EcoCore_CSU","Fe",0.0300,"milligramsPerLiter",3.8,,0,,"OK"
"47368241-d154-48e2-8ca9-9c46d09e128f","D03","BARC","BARC.AOS.buoy.c0","BARC.C0.20210309.FIL","A00000132587","2021-03-09T13:45Z","2021-03-09T13:45Z","EcoCore_CSU","Mg",0.5240,"milligramsPerLiter",3.8,,0,,"OK"
"332601ce-dcc4-4e3c-9aeb-7359a393c0f7","D03","BARC","BARC.AOS.buoy.c0","BARC.C0.20210309.FIL","A00000132587","2021-03-09T13:45Z","2021-03-09T13:45Z","EcoCore_CSU","Si",1.8340,"milligramsPerLiter",3.8,,0,,"OK"
"49030c9f-4d2a-4dc1-8bdd-43e3ed5831f4","D03","BARC","BARC.AOS.buoy.c0","BARC.C0.20210309.FIL","A00000132587","2021-03-09T13:45Z","2021-03-09T13:45Z","EcoCore_CSU","Na",3.3550,"milligramsPerLiter",3.8,,0,,"OK"
"dd2e27e6-638d-41ad-a593-3ae16b7d7f7f","D03","BARC","BARC.AOS.buoy.c0","BARC.C0.20210309.RAW","A00000132589","2021-03-09T13:45Z","2021-03-09T13:45Z","EcoCore_CSU","TSS",6.0000,"milligramsPerLiter",3.8,"TSS vol in ml = 100",0,,"OK"
"0d1b9fd6-5a63-4271-b4c1-cbdd993f2ff7","D03","BARC","BARC.AOS.buoy.c0","BARC.C0.20210309.RAW","A00000132589","2021-03-09T13:45Z","2021-03-09T13:45Z","EcoCore_CSU","pH",7.1500,"pH",3.8,,0,,"OK"
"02849f72-f716-4558-8997-1084e80716e0","D03","BARC","BARC.AOS.buoy.c0","BARC.C0.20210309.FIL","A00000132587","2021-03-09T13:45Z","2021-03-09T13:45Z","EcoCore_CSU","UV Absorbance (280 nm)",0.0122,,3.8,,0,,"OK"
"517f7e40-ad6e-4193-beda-372624bf59ae","D03","BARC","BARC.AOS.buoy.c0","BARC.C0.20210309.FIL","A00000132587","2021-03-09T13:45Z","2021-03-09T13:45Z","EcoCore_CSU","UV Absorbance (254 nm)",0.0202,,3.8,,0,,"OK"
"6f293691-c4b4-4910-9b01-15c535236144","D03","BARC","BARC.AOS.buoy.c0","BARC.C0.20210309.FIL","A00000132587","2021-03-09T13:45Z","2021-03-09T13:45Z","EcoCore_CSU","DOC",2.4880,"milligramsPerLiter",3.8,,0,,"OK"
"994a8df7-8455-4e7a-bd66-2887c82c86f9","D03","BARC","BARC.AOS.buoy.c0","BARC.C0.20210309.RAW","A00000132589","2021-03-09T13:45Z","2021-03-09T13:45Z","EcoCore_CSU","TN",0.2380,"milligramsPerLiter",3.8,,0,,"OK"
"9039769a-795d-470a-87e6-b9d2e35713cb","D03","BARC","BARC.AOS.buoy.c0","BARC.C0.20210309.FIL","A00000132587","2021-03-09T13:45Z","2021-03-09T13:45Z","EcoCore_CSU","TDN",0.2251,"milligramsPerLiter",3.8,,0,,"OK"
"955c4190-dce2-42fb-8012-7ead783ed943","D03","BARC","BARC.AOS.buoy.c0","BARC.C0.20210309.FIL","A00000132587","2021-03-09T13:45Z","2021-03-09T13:45Z","EcoCore_CSU","DIC",0.8090,"milligramsPerLiter",3.8,,0,,"OK"
"b5f85484-684b-4038-8b0f-fc2f0afc3641","D03","BARC","BARC.AOS.buoy.c0","BARC.C0.20210309.RAW","A00000132589","2021-03-09T13:45Z","2021-03-09T13:45Z","EcoCore_CSU","TOC",2.6030,"milligramsPerLiter",3.8,,0,,"OK"
