uid,domainID,siteID,namedLocation,collectDate,titrationDate,parentSampleID,domainSampleID,domainSampleCode,titrationLocation,sampleType,initialSamplepH,initialSampleTemp,normality,sampleVolume,methodType,remarks,measuredBy,alkMeqPerL,alkMgPerL,ancMeqPerL,ancMgPerL,dataQF
"361dddae-6fed-4e6b-ac8b-aa190198b587","D05","CRAM","CRAM.AOS.buoy.c1","2020-09-01T17:30Z","2020-09-02T14:07Z","CRAM.C1.20200901","CRAM.C1.20200901.ANC",,"support facility","ANC",6.10,17.9,"0.16",150.0,"Gran",,"Schoofs",,,0.050,2.390,
"5708130f-2c54-48f4-971e-97d94f8217d0","D05","CRAM","CRAM.AOS.buoy.c1","2020-09-01T17:30Z","2020-09-02T13:42Z","CRAM.C1.20200901","CRAM.C1.20200901.ALK",,"support facility","ALK",6.14,17.1,"0.16",150.0,"Gran",,"Schoofs",0.040,1.880,,,
"d2236739-9b32-42c3-99cb-c2485cfb6f32","D05","CRAM","CRAM.AOS.buoy.c2","2020-09-01T17:41Z","2020-09-02T14:51Z","CRAM.C2.20200901","CRAM.C2.20200901.ANC",,"support facility","ANC",6.02,19.1,"0.16",150.0,"Gran",,"Schoofs",,,0.120,5.910,
"a4d62436-d6d7-492c-8b35-ab0c68672842","D05","CRAM","CRAM.AOS.buoy.c2","2020-09-01T17:41Z","2020-09-02T14:30Z","CRAM.C2.20200901","CRAM.C2.20200901.ALK",,"support facility","ALK",6.04,18.4,"0.16",150.0,"Gran",,"Schoofs",0.110,5.680,,,
