uid,domainID,siteID,namedLocation,sampleID,sampleCode,startDate,collectDate,laboratoryName,analyte,analyteConcentration,analyteUnits,coolerTemp,remarks,shipmentWarmQF,externalLabDataQF,sampleCondition
"d87f0e38-dcf4-42d6-886a-04c85c2f9afd","D05","CRAM","CRAM.AOS.buoy.c1","CRAM.C1.20200901.FIL","A00000204269","2020-09-01T17:30Z","2020-09-01T17:30Z","EcoCore_CSU","UV Absorbance (254 nm)",0.1115,,3.2,,0,,"OK"
"0fe719e6-c66c-4126-bc48-9bf81fad9559","D05","CRAM","CRAM.AOS.buoy.c1","CRAM.C1.20200901.FIL","A00000204269","2020-09-01T17:30Z","2020-09-01T17:30Z","EcoCore_CSU","SO4",1.6345,"milligramsPerLiter",3.2,,0,,"Cold Chain Broken During Storage|Hold Time Exceeded"
"3a191960-3c4e-4fd8-b99a-96a0aa6828bd","D05","CRAM","CRAM.AOS.buoy.c1","CRAM.C1.20200901.FIL","A00000204269","2020-09-01T17:30Z","2020-09-01T17:30Z","EcoCore_CSU","Cl",0.3133,"milligramsPerLiter",3.2,,0,,"Cold Chain Broken During Storage|Hold Time Exceeded"
"8b071699-9d9e-4113-99c4-590c904d2bac","D05","CRAM","CRAM.AOS.buoy.c1","CRAM.C1.20200901.FIL","A00000204269","2020-09-01T17:30Z","2020-09-01T17:30Z","EcoCore_CSU","F",0.0050,"milligramsPerLiter",3.2,,0,,"Cold Chain Broken During Storage|Hold Time Exceeded"
"a65bdb82-1666-4550-9022-530c9f62f09c","D05","CRAM","CRAM.AOS.buoy.c1","CRAM.C1.20200901.FIL","A00000204269","2020-09-01T17:30Z","2020-09-01T17:30Z","EcoCore_CSU","Br",0.0050,"milligramsPerLiter",3.2,,0,,"Cold Chain Broken During Storage|Hold Time Exceeded"
"c7fb6eb2-a096-420c-bb4f-e617f056a5aa","D05","CRAM","CRAM.AOS.buoy.c1","CRAM.C1.20200901.FIL","A00000204269","2020-09-01T17:30Z","2020-09-01T17:30Z","EcoCore_CSU","Na",0.0550,"milligramsPerLiter",3.2,,0,,"Hold Time Exceeded"
"13520218-46fe-4061-8642-e114fa23a187","D05","CRAM","CRAM.AOS.buoy.c1","CRAM.C1.20200901.FIL","A00000204269","2020-09-01T17:30Z","2020-09-01T17:30Z","EcoCore_CSU","Mg",0.4140,"milligramsPerLiter",3.2,,0,,"Hold Time Exceeded"
"0606605a-7106-419a-95be-5dcad32fad69","D05","CRAM","CRAM.AOS.buoy.c1","CRAM.C1.20200901.FIL","A00000204269","2020-09-01T17:30Z","2020-09-01T17:30Z","EcoCore_CSU","Si",0.1140,"milligramsPerLiter",3.2,,0,,"Hold Time Exceeded"
"09121695-bbac-4e59-a96b-5197a2c5843e","D05","CRAM","CRAM.AOS.buoy.c1","CRAM.C1.20200901.FIL","A00000204269","2020-09-01T17:30Z","2020-09-01T17:30Z","EcoCore_CSU","Ca",0.1130,"milligramsPerLiter",3.2,,0,,"Hold Time Exceeded"
"66abd049-dcf9-47dc-ba60-2af8cf98ffad","D05","CRAM","CRAM.AOS.buoy.c1","CRAM.C1.20200901.FIL","A00000204269","2020-09-01T17:30Z","2020-09-01T17:30Z","EcoCore_CSU","K",0.1710,"milligramsPerLiter",3.2,,0,,"Hold Time Exceeded"
"f6d37a18-4d21-49b8-a787-21c1b3eb83e4","D05","CRAM","CRAM.AOS.buoy.c1","CRAM.C1.20200901.FIL","A00000204269","2020-09-01T17:30Z","2020-09-01T17:30Z","EcoCore_CSU","Mn",0.0050,"milligramsPerLiter",3.2,,0,,"Hold Time Exceeded"
"0a2e83ba-eea4-4cb1-a8b0-1b0b821b2717","D05","CRAM","CRAM.AOS.buoy.c1","CRAM.C1.20200901.FIL","A00000204269","2020-09-01T17:30Z","2020-09-01T17:30Z","EcoCore_CSU","Fe",0.0170,"milligramsPerLiter",3.2,,0,,"Hold Time Exceeded"
"ce06bd63-4deb-4bdf-bb13-d8676618449f","D05","CRAM","CRAM.AOS.buoy.c1","CRAM.C1.20200901.POM.1","A00000204478","2020-09-01T17:30Z","2020-09-01T17:30Z","SIRFER Lab at University of Utah","TPN",102.5163,"microgramsPerLiter",,,-1,,"OK"
"c7fb82de-6241-4571-ab8b-c8cf4c096c38","D05","CRAM","CRAM.AOS.buoy.c1","CRAM.C1.20200901.POM.1","A00000204478","2020-09-01T17:30Z","2020-09-01T17:30Z","SIRFER Lab at University of Utah","TPC",994.9156,"microgramsPerLiter",,,-1,,"OK"
"92c8add1-b4bb-4896-af0c-74b9b7cd92c6","D05","CRAM","CRAM.AOS.buoy.c1","CRAM.C1.20200901.FIL","A00000204269","2020-09-01T17:30Z","2020-09-01T17:30Z","EcoCore_CSU","CO3",,"milligramsPerLiter",3.2,,0,,"Cold Chain Broken"
"9501b63e-bef6-4fee-842a-0f03b8124e59","D05","CRAM","CRAM.AOS.buoy.c1","CRAM.C1.20200901.RAW","A00000204286","2020-09-01T17:30Z","2020-09-01T17:30Z","EcoCore_CSU","pH",,"pH",3.2,,0,,"Cold Chain Broken"
"590846a7-4270-43ad-a5c6-6023603975a2","D05","CRAM","CRAM.AOS.buoy.c1","CRAM.C1.20200901.RAW","A00000204286","2020-09-01T17:30Z","2020-09-01T17:30Z","EcoCore_CSU","TSS - Dry Mass",,"microgram",3.2,,0,,"Cold Chain Broken"
"2964f04f-606f-42ac-9b43-1241b7cb4479","D05","CRAM","CRAM.AOS.buoy.c1","CRAM.C1.20200901.RAW","A00000204286","2020-09-01T17:30Z","2020-09-01T17:30Z","EcoCore_CSU","TSS",,"milligramsPerLiter",3.2,,0,,"Cold Chain Broken"
"d791fa2d-4a76-4fb9-821a-923b89c4ac74","D05","CRAM","CRAM.AOS.buoy.c1","CRAM.C1.20200901.FIL","A00000204269","2020-09-01T17:30Z","2020-09-01T17:30Z","EcoCore_CSU","TDS",,"milligramsPerLiter",3.2,,0,,"Cold Chain Broken"
"44ba2c27-2716-415e-97c4-d5a6657c3cbe","D05","CRAM","CRAM.AOS.buoy.c1","CRAM.C1.20200901.FIL","A00000204269","2020-09-01T17:30Z","2020-09-01T17:30Z","EcoCore_CSU","HCO3",,"milligramsPerLiter",3.2,,0,,"Cold Chain Broken"
"25f0f074-edb4-4b4f-af80-61c15adcba48","D05","CRAM","CRAM.AOS.buoy.c1","CRAM.C1.20200901.FIL","A00000204269","2020-09-01T17:30Z","2020-09-01T17:30Z","EcoCore_CSU","DOC",5.0880,"milligramsPerLiter",3.2,,0,,"OK"
"05bf178c-93fd-432a-b27c-e42bb9e510b7","D05","CRAM","CRAM.AOS.buoy.c1","CRAM.C1.20200901.RAW","A00000204286","2020-09-01T17:30Z","2020-09-01T17:30Z","EcoCore_CSU","TOC",4.9680,"milligramsPerLiter",3.2,,0,,"OK"
"9a96f54c-73de-43dd-8d2c-4b71dbf38de7","D05","CRAM","CRAM.AOS.buoy.c1","CRAM.C1.20200901.FIL","A00000204269","2020-09-01T17:30Z","2020-09-01T17:30Z","EcoCore_CSU","TDN",0.2317,"milligramsPerLiter",3.2,,0,,"OK"
"4e86174f-7d1d-42f5-8e7c-0ea24fdc0abc","D05","CRAM","CRAM.AOS.buoy.c1","CRAM.C1.20200901.FIL","A00000204269","2020-09-01T17:30Z","2020-09-01T17:30Z","EcoCore_CSU","DIC",1.1090,"milligramsPerLiter",3.2,,0,,"OK"
"cc170d1e-0b77-418c-a73b-03a43c1833ac","D05","CRAM","CRAM.AOS.buoy.c1","CRAM.C1.20200901.RAW","A00000204286","2020-09-01T17:30Z","2020-09-01T17:30Z","EcoCore_CSU","TN",0.2636,"milligramsPerLiter",3.2,,0,,"OK"
"b10e93f5-39c8-477b-b80b-026a9f206186","D05","CRAM","CRAM.AOS.buoy.c1","CRAM.C1.20200901.FIL","A00000204269","2020-09-01T17:30Z","2020-09-01T17:30Z","EcoCore_CSU","UV Absorbance (280 nm)",0.0799,,3.2,,0,,"OK"
"08d18104-14cb-4bc1-8f5b-3cc3cee932e5","D05","CRAM","CRAM.AOS.buoy.c2","CRAM.C2.20200901.FIL","A00000204300","2020-09-01T17:41Z","2020-09-01T17:41Z","EcoCore_CSU","SO4",1.6789,"milligramsPerLiter",3.2,,0,,"Cold Chain Broken During Storage|Hold Time Exceeded"
"7a2e8e11-8f7b-4dcf-acdc-b16280b99ec4","D05","CRAM","CRAM.AOS.buoy.c2","CRAM.C2.20200901.FIL","A00000204300","2020-09-01T17:41Z","2020-09-01T17:41Z","EcoCore_CSU","F",0.0050,"milligramsPerLiter",3.2,,0,,"Cold Chain Broken During Storage|Hold Time Exceeded"
"152c3ede-0f72-4008-9bf0-06dfa270ff2f","D05","CRAM","CRAM.AOS.buoy.c2","CRAM.C2.20200901.FIL","A00000204300","2020-09-01T17:41Z","2020-09-01T17:41Z","EcoCore_CSU","Cl",0.2416,"milligramsPerLiter",3.2,,0,,"Cold Chain Broken During Storage|Hold Time Exceeded"
"0e5061cf-18b3-4c2b-a053-7e17502d5581","D05","CRAM","CRAM.AOS.buoy.c2","CRAM.C2.20200901.FIL","A00000204300","2020-09-01T17:41Z","2020-09-01T17:41Z","EcoCore_CSU","Br",0.0050,"milligramsPerLiter",3.2,,0,,"Cold Chain Broken During Storage|Hold Time Exceeded"
"0bebb416-6e2c-4b19-bbe4-c69210075d21","D05","CRAM","CRAM.AOS.buoy.c2","CRAM.C2.20200901.FIL","A00000204300","2020-09-01T17:41Z","2020-09-01T17:41Z","EcoCore_CSU","Mn",0.0005,"milligramsPerLiter",3.2,,0,,"Hold Time Exceeded"
"9316d480-2f89-4e79-bdc2-fa5d51b388b0","D05","CRAM","CRAM.AOS.buoy.c2","CRAM.C2.20200901.FIL","A00000204300","2020-09-01T17:41Z","2020-09-01T17:41Z","EcoCore_CSU","Ca",0.1350,"milligramsPerLiter",3.2,,0,,"Hold Time Exceeded"
"2b74ffd0-c77a-4081-b6a7-d9e125f3e24f","D05","CRAM","CRAM.AOS.buoy.c2","CRAM.C2.20200901.FIL","A00000204300","2020-09-01T17:41Z","2020-09-01T17:41Z","EcoCore_CSU","Na",0.0400,"milligramsPerLiter",3.2,,0,,"Hold Time Exceeded"
"4f30747e-03b6-4306-ac5b-61ab332ffc38","D05","CRAM","CRAM.AOS.buoy.c2","CRAM.C2.20200901.FIL","A00000204300","2020-09-01T17:41Z","2020-09-01T17:41Z","EcoCore_CSU","Mg",0.4050,"milligramsPerLiter",3.2,,0,,"Hold Time Exceeded"
"f37e9609-9634-4202-8d9e-8d02792def01","D05","CRAM","CRAM.AOS.buoy.c2","CRAM.C2.20200901.FIL","A00000204300","2020-09-01T17:41Z","2020-09-01T17:41Z","EcoCore_CSU","K",0.2070,"milligramsPerLiter",3.2,,0,,"Hold Time Exceeded"
"d8dfcbd6-9927-49f4-aea8-3d2ae2c86ba7","D05","CRAM","CRAM.AOS.buoy.c2","CRAM.C2.20200901.FIL","A00000204300","2020-09-01T17:41Z","2020-09-01T17:41Z","EcoCore_CSU","Fe",0.1800,"milligramsPerLiter",3.2,,0,,"Hold Time Exceeded"
"5259347d-4184-4be7-bcef-bced4376b8a1","D05","CRAM","CRAM.AOS.buoy.c2","CRAM.C2.20200901.FIL","A00000204300","2020-09-01T17:41Z","2020-09-01T17:41Z","EcoCore_CSU","Si",0.6140,"milligramsPerLiter",3.2,,0,,"Hold Time Exceeded"
"6ce1d4c5-8561-4b19-812e-45e6f88ea326","D05","CRAM","CRAM.AOS.buoy.c2","CRAM.C2.20200901.POM.1","A00000204480","2020-09-01T17:41Z","2020-09-01T17:41Z","SIRFER Lab at University of Utah","TPN",122.8276,"microgramsPerLiter",,,-1,,"OK"
"469bf08a-8373-4513-af6c-b8ff7107ed6f","D05","CRAM","CRAM.AOS.buoy.c2","CRAM.C2.20200901.POM.1","A00000204480","2020-09-01T17:41Z","2020-09-01T17:41Z","SIRFER Lab at University of Utah","TPC",1052.2559,"microgramsPerLiter",,,-1,,"OK"
"1f4ef1e9-1d55-4a6c-82d5-d4aafd76a854","D05","CRAM","CRAM.AOS.buoy.c2","CRAM.C2.20200901.FIL","A00000204300","2020-09-01T17:41Z","2020-09-01T17:41Z","EcoCore_CSU","CO3",,"milligramsPerLiter",3.2,,0,,"Cold Chain Broken"
"f3186abb-d72e-48c6-8ec9-9ab0936a59e1","D05","CRAM","CRAM.AOS.buoy.c2","CRAM.C2.20200901.FIL","A00000204300","2020-09-01T17:41Z","2020-09-01T17:41Z","EcoCore_CSU","TDS",,"milligramsPerLiter",3.2,,0,,"Cold Chain Broken"
"a7f1c9f5-65b1-4400-a1dd-8ca2b00bc4f7","D05","CRAM","CRAM.AOS.buoy.c2","CRAM.C2.20200901.RAW","A00000204295","2020-09-01T17:41Z","2020-09-01T17:41Z","EcoCore_CSU","TSS",,"milligramsPerLiter",3.2,,0,,"Cold Chain Broken"
"715337d1-6c47-471c-82c0-96eba71675e7","D05","CRAM","CRAM.AOS.buoy.c2","CRAM.C2.20200901.RAW","A00000204295","2020-09-01T17:41Z","2020-09-01T17:41Z","EcoCore_CSU","pH",,"pH",3.2,,0,,"Cold Chain Broken"
"bf6d5697-b933-421b-a59d-871fe3dc2ec9","D05","CRAM","CRAM.AOS.buoy.c2","CRAM.C2.20200901.RAW","A00000204295","2020-09-01T17:41Z","2020-09-01T17:41Z","EcoCore_CSU","TSS - Dry Mass",,"microgram",3.2,,0,,"Cold Chain Broken"
"b8efaf58-dc28-46ca-9cf0-8e8bbb31fbde","D05","CRAM","CRAM.AOS.buoy.c2","CRAM.C2.20200901.FIL","A00000204300","2020-09-01T17:41Z","2020-09-01T17:41Z","EcoCore_CSU","HCO3",,"milligramsPerLiter",3.2,,0,,"Cold Chain Broken"
"b30c666c-fc19-4250-b792-6768edd7d87a","D05","CRAM","CRAM.AOS.buoy.c2","CRAM.C2.20200901.RAW","A00000204295","2020-09-01T17:41Z","2020-09-01T17:41Z","EcoCore_CSU","TN",0.4908,"milligramsPerLiter",3.2,,0,,"OK"
"716267ba-8bce-4c5b-a7a1-ca8b33832af5","D05","CRAM","CRAM.AOS.buoy.c2","CRAM.C2.20200901.FIL","A00000204300","2020-09-01T17:41Z","2020-09-01T17:41Z","EcoCore_CSU","DOC",5.1630,"milligramsPerLiter",3.2,,0,,"OK"
"ac73ee62-8624-4a5b-b6b0-e525a3359f6c","D05","CRAM","CRAM.AOS.buoy.c2","CRAM.C2.20200901.RAW","A00000204295","2020-09-01T17:41Z","2020-09-01T17:41Z","EcoCore_CSU","TOC",5.1500,"milligramsPerLiter",3.2,,0,,"OK"
"b95e7bf8-8bd8-405a-9d82-fcab5059c578","D05","CRAM","CRAM.AOS.buoy.c2","CRAM.C2.20200901.FIL","A00000204300","2020-09-01T17:41Z","2020-09-01T17:41Z","EcoCore_CSU","DIC",3.6500,"milligramsPerLiter",3.2,,0,,"OK"
"13201a28-f98e-4b47-9c51-ef75f25482ba","D05","CRAM","CRAM.AOS.buoy.c2","CRAM.C2.20200901.FIL","A00000204300","2020-09-01T17:41Z","2020-09-01T17:41Z","EcoCore_CSU","TDN",0.4801,"milligramsPerLiter",3.2,,0,,"OK"
"ca89d7fc-1c17-4f2f-9125-b263c654f5ce","D05","CRAM","CRAM.AOS.buoy.c2","CRAM.C2.20200901.FIL","A00000204300","2020-09-01T17:41Z","2020-09-01T17:41Z","EcoCore_CSU","UV Absorbance (254 nm)",0.1139,,3.2,,0,,"OK"
"406ebe5f-64f5-4fff-9998-42ad3394bb44","D05","CRAM","CRAM.AOS.buoy.c2","CRAM.C2.20200901.FIL","A00000204300","2020-09-01T17:41Z","2020-09-01T17:41Z","EcoCore_CSU","UV Absorbance (280 nm)",0.0806,,3.2,,0,,"OK"
