uid,domainID,siteID,namedLocation,date,eventID,sampleDepth,waterTemp,specificConductance,dissolvedOxygen,dissolvedOxygenSaturation,dataQF
"1f262ea2-e903-45dc-a2d1-e773cdfb3792","D03","BARC","BARC.AOS.buoy.c0","2021-07-12T13:39Z","BARC.c0.20210712",1.0,26.4,32.8,9.0,105.9,
"00b8535a-a11c-4d3f-87e7-7eaa145d3a89","D03","BARC","BARC.AOS.buoy.c0","2021-07-12T13:39Z","BARC.c0.20210712",2.5,25.9,33.2,7.6,92.9,
"9fb86274-c71c-4ab0-b55f-6cd30cb3cfb6","D03","BARC","BARC.AOS.buoy.c0","2021-07-12T13:39Z","BARC.c0.20210712",5.0,24.7,33.5,6.2,74.7,
"7540a6df-561b-42c0-909c-3f60f75b3540","D03","BARC","BARC.AOS.buoy.c0","2021-07-12T13:39Z","BARC.c0.20210712",3.0,25.4,33.1,8.1,96.5,
"c31d1803-46f8-49eb-9518-0188b7a6c898","D03","BARC","BARC.AOS.buoy.c0","2021-07-12T13:39Z","BARC.c0.20210712",4.0,24.4,33.4,7.4,86.2,
"22be9608-f503-40e9-a2e1-007555313d8a","D03","BARC","BARC.AOS.buoy.c0","2021-07-12T13:39Z","BARC.c0.20210712",4.5,24.8,33.4,7.2,86.0,
"caaaeca9-fb88-47f0-a8de-098f78651de4","D03","BARC","BARC.AOS.buoy.c0","2021-07-12T13:39Z","BARC.c0.20210712",3.5,25.2,33.2,7.7,92.2,
"0f6248d3-7936-4d40-93b8-bf883cc2bbbb","D03","BARC","BARC.AOS.buoy.c0","2021-07-12T13:39Z","BARC.c0.20210712",2.0,26.3,32.9,8.1,101.3,
"195bab3b-f81a-433b-bbbe-6b196b2cf83f","D03","BARC","BARC.AOS.buoy.c0","2021-07-12T13:39Z","BARC.c0.20210712",1.5,26.4,32.7,8.7,107.9,
"350dc870-afc6-461d-908e-23721ffd354e","D03","BARC","BARC.AOS.buoy.c0","2021-07-12T13:39Z","BARC.c0.20210712",0.5,26.5,32.8,8.9,105.8,
