uid,domainID,siteID,namedLocation,aquaticSiteType,decimalLatitude,decimalLongitude,coordinateUncertainty,elevation,elevationUncertainty,geodeticDatum,collectDate,eventID,parentSampleID,parentSampleCode,samplingImpractical,biophysicalCriteria,affectedByWind,habitatType,algalSampleType,benthicArea,samplingProtocolVersion,phytoDepth1,phytoDepth2,phytoDepth3,substratumSizeClass,remarks,recordedBy,collectedBy,dataQF
"bad9e439-f7a0-4537-9df2-0da72b41fa3c","D03","BARC","BARC.AOS.riparian.point.05","lake",29.674476,-82.007454,5.0,25.9,5.0,"WGS84","2016-11-21T14:35Z","BARC.20161121","BARC.20161121.EPIPHYTON.5",,,,,"littoral","epiphyton",0.010000,"NEON.DOC.003045vA",,,,,,"ksandusky@neoninc.org","cproia@field-ops.org",
"801755a4-a7b4-477a-afca-188dbcdd1fc8","D03","BARC","BARC.AOS.riparian.point.09","lake",29.676597,-82.009967,5.0,19.5,5.0,"WGS84","2016-11-21T14:35Z","BARC.20161121","BARC.20161121.EPIPHYTON.9",,,,,"littoral","epiphyton",0.010000,"NEON.DOC.003045vA",,,,,,"ksandusky@neoninc.org","cproia@field-ops.org",
"aa35c14f-2847-4479-bf88-36cbe771cfff","D03","BARC","BARC.AOS.riparian.point.03","lake",29.676118,-82.006564,5.0,22.2,5.0,"WGS84","2016-11-21T14:35Z","BARC.20161121","BARC.20161121.EPIPHYTON.3",,,,,"littoral","epiphyton",0.010000,"NEON.DOC.003045vA",,,,,,"ksandusky@neoninc.org","cproia@field-ops.org",
"585e28d9-3cbf-4c62-ad25-063272fe0b9f","D03","BARC","BARC.AOS.littoral1","lake",29.677479,-82.007710,1.1,26.0,1.0,"WGS84","2016-11-21T14:35Z","BARC.20161121","BARC.20161121.PHYTOPLANKTON.2",,,,,"pelagic","phytoplankton",,"NEON.DOC.003045vA",0.5,0.6,,,,"ksandusky@neoninc.org","cproia@field-ops.org",
"eefa8e90-0075-4b71-a4aa-9875bb37de87","D03","BARC","BARC.AOS.littoral2","lake",29.674748,-82.008401,1.1,27.1,1.0,"WGS84","2016-11-21T14:35Z","BARC.20161121","BARC.20161121.PHYTOPLANKTON.3",,,,,"pelagic","phytoplankton",,"NEON.DOC.003045vA",0.5,0.8,,,,"ksandusky@neoninc.org","cproia@field-ops.org",
"db1c1a73-2985-41bc-ad66-da7a2734cf8c","D03","BARC","BARC.AOS.buoy.c0","lake",29.675982,-82.008414,10.0,27.0,10.0,"WGS84","2016-11-21T14:35Z","BARC.20161121","BARC.20161121.PHYTOPLANKTON.1",,,,,"pelagic","phytoplankton",,"NEON.DOC.003045vA",0.5,4.5,,,,"ksandusky@neoninc.org","cproia@field-ops.org",
"64a299af-533e-4723-a249-31daa6cb4ff8","D03","BARC","BARC.AOS.riparian.point.07","lake",29.674953,-82.009818,5.0,26.4,5.0,"WGS84","2016-11-21T14:35Z","BARC.20161121","BARC.20161121.EPIPHYTON.7",,,,,"littoral","epiphyton",0.010000,"NEON.DOC.003045vA",,,,,,"ksandusky@neoninc.org","cproia@field-ops.org",
"f63a30e4-a826-4456-98f8-14aac64829a4","D03","BARC","BARC.AOS.riparian.point.01","lake",29.677784,-82.007670,5.0,24.7,5.0,"WGS84","2016-11-21T14:35Z","BARC.20161121","BARC.20161121.EPIPHYTON.1",,,,,"littoral","epiphyton",0.010000,"NEON.DOC.003045vA",,,,,,"ksandusky@neoninc.org","cproia@field-ops.org",
