uid,domainID,siteID,namedLocation,collectDate,sampleID,sampleCode,sampleCondition,laboratoryName,analysisDate,analyzedBy,sampleType,replicate,sampleVolumeFiltered,filterSize,percentFilterAnalyzed,dilutionFactor,solventVolume,responseFactor,acidificationResponseFactor,fluorometerSensitivitySetting,preAcidificationFluorescence,postAcidificationFluorescence,analyte,analyteConcentration,plantAlgaeLabUnits,testMethod,method,acidTreatment,externalRemarks,externalLabDataQF
"e50798ec-cc92-4399-8e90-5508dea815b8","D03","BARC","BARC.AOS.riparian.point.09","2016-11-21","BARC.20161121.EPIPHYTON.9",,"condition ok","Academy of Natural Sciences of Drexel University","2017-03-28","klDchE8PvEQ=","chlorophyll/pheophytin","1",5,25,100,,,,,,,,"pheophytin",,"microgramsPerLiter","ANSP P-16-92 Rev2",,,,"legacyData|Did not meet quality audit requirements for analysis audit"
"0c6ac7ef-86bd-4fef-b2d6-3a1868259edc","D03","BARC","BARC.AOS.riparian.point.07","2016-11-21","BARC.20161121.EPIPHYTON.7",,"other (specify in remarks)","Academy of Natural Sciences of Drexel University","2017-03-28","klDchE8PvEQ=","chlorophyll/pheophytin","1",7,25,100,,,,,,,,"chlorophyll a",,"microgramsPerLiter","ANSP P-16-92 Rev2",,,"Rim tear","legacyData|Did not meet quality audit requirements for analysis audit"
"ff39e8a4-25d5-483a-92de-919a669e83e9","D03","BARC","BARC.AOS.buoy.c0","2016-11-21","BARC.20161121.PHYTOPLANKTON.1",,"other (specify in remarks)","Academy of Natural Sciences of Drexel University","2017-03-28","klDchE8PvEQ=","chlorophyll/pheophytin","1",400,25,100,,,,,,,,"chlorophyll a",,"microgramsPerLiter","ANSP P-16-92 Rev2",,,"Rim tear","legacyData|Did not meet quality audit requirements for analysis audit"
"0cff1b0d-0e71-456d-9fe2-42fd75085183","D03","BARC","BARC.AOS.riparian.point.05","2016-11-21","BARC.20161121.EPIPHYTON.5",,"condition ok","Academy of Natural Sciences of Drexel University","2017-03-28","klDchE8PvEQ=","chlorophyll/pheophytin","2",7,25,100,,,,,,,,"pheophytin",,"microgramsPerLiter","ANSP P-16-92 Rev2",,,,"legacyData|Did not meet quality audit requirements for analysis audit"
"04a042a0-30ba-4bfa-aeda-7e64ec8d7591","D03","BARC","BARC.AOS.littoral2","2016-11-21","BARC.20161121.PHYTOPLANKTON.3",,"other (specify in remarks)","Academy of Natural Sciences of Drexel University","2017-03-28","klDchE8PvEQ=","chlorophyll/pheophytin","2",300,25,100,,,,,,,,"pheophytin",,"microgramsPerLiter","ANSP P-16-92 Rev2",,,"Rim tear","legacyData|Did not meet quality audit requirements for analysis audit"
"7b2f8584-8ba5-446d-a244-72b3a88f5969","D03","BARC","BARC.AOS.riparian.point.07","2016-11-21","BARC.20161121.EPIPHYTON.7",,"condition ok","Academy of Natural Sciences of Drexel University","2017-03-28","klDchE8PvEQ=","chlorophyll/pheophytin","2",7,25,100,,,,,,,,"pheophytin",,"microgramsPerLiter","ANSP P-16-92 Rev2",,,,"legacyData|Did not meet quality audit requirements for analysis audit"
"0aad99c4-13f7-4b8e-b1ca-58b018a8070a","D03","BARC","BARC.AOS.riparian.point.01","2016-11-21","BARC.20161121.EPIPHYTON.1",,"condition ok","Academy of Natural Sciences of Drexel University","2017-03-28","klDchE8PvEQ=","chlorophyll/pheophytin","1",5,25,100,,,,,,,,"pheophytin",,"microgramsPerLiter","ANSP P-16-92 Rev2",,,,"legacyData|Did not meet quality audit requirements for analysis audit"
"4287710e-37b6-479a-8758-9bd985ba59b2","D03","BARC","BARC.AOS.buoy.c0","2016-11-21","BARC.20161121.PHYTOPLANKTON.1",,"other (specify in remarks)","Academy of Natural Sciences of Drexel University","2017-03-28","klDchE8PvEQ=","chlorophyll/pheophytin","1",400,25,100,,,,,,,,"pheophytin",,"microgramsPerLiter","ANSP P-16-92 Rev2",,,"Rim tear","legacyData|Did not meet quality audit requirements for analysis audit"
"f47c03b7-eb56-4596-9e53-d35cab087aa7","D03","BARC","BARC.AOS.riparian.point.05","2016-11-21","BARC.20161121.EPIPHYTON.5",,"condition ok","Academy of Natural Sciences of Drexel University","2017-03-28","klDchE8PvEQ=","chlorophyll/pheophytin","1",7,25,100,,,,,,,,"chlorophyll a",,"microgramsPerLiter","ANSP P-16-92 Rev2",,,,"legacyData|Did not meet quality audit requirements for analysis audit"
"5862a76f-d054-433f-9949-e3c3127429c9","D03","BARC","BARC.AOS.littoral1","2016-11-21","BARC.20161121.PHYTOPLANKTON.2",,"condition ok","Academy of Natural Sciences of Drexel University","2017-03-28","klDchE8PvEQ=","chlorophyll/pheophytin","1",400,25,100,,,,,,,,"chlorophyll a",,"microgramsPerLiter","ANSP P-16-92 Rev2",,,,"legacyData|Did not meet quality audit requirements for analysis audit"
"4612dfd8-4ade-4385-be07-23b751aaeac9","D03","BARC","BARC.AOS.riparian.point.03","2016-11-21","BARC.20161121.EPIPHYTON.3",,"condition ok","Academy of Natural Sciences of Drexel University","2017-03-28","klDchE8PvEQ=","chlorophyll/pheophytin","1",5,25,100,,,,,,,,"chlorophyll a",,"microgramsPerLiter","ANSP P-16-92 Rev2",,,,"legacyData|Did not meet quality audit requirements for analysis audit"
"aecc95d4-f54b-4b52-acfe-0344183a745e","D03","BARC","BARC.AOS.riparian.point.05","2016-11-21","BARC.20161121.EPIPHYTON.5",,"condition ok","Academy of Natural Sciences of Drexel University","2017-03-28","klDchE8PvEQ=","chlorophyll/pheophytin","1",7,25,100,,,,,,,,"pheophytin",,"microgramsPerLiter","ANSP P-16-92 Rev2",,,,"legacyData|Did not meet quality audit requirements for analysis audit"
"a0766217-57c8-4f6a-ba2d-3455fc0de9bd","D03","BARC","BARC.AOS.littoral1","2016-11-21","BARC.20161121.PHYTOPLANKTON.2",,"other (specify in remarks)","Academy of Natural Sciences of Drexel University","2017-03-28","klDchE8PvEQ=","chlorophyll/pheophytin","2",400,25,100,,,,,,,,"chlorophyll a",,"microgramsPerLiter","ANSP P-16-92 Rev2",,,"Rim tear","legacyData|Did not meet quality audit requirements for analysis audit"
"a7018949-8a50-4209-9e66-d9870dee03ce","D03","BARC","BARC.AOS.riparian.point.03","2016-11-21","BARC.20161121.EPIPHYTON.3",,"condition ok","Academy of Natural Sciences of Drexel University","2017-03-28","klDchE8PvEQ=","chlorophyll/pheophytin","1",5,25,100,,,,,,,,"pheophytin",,"microgramsPerLiter","ANSP P-16-92 Rev2",,,,"legacyData|Did not meet quality audit requirements for analysis audit"
"f8da96ad-cf18-47ba-a597-515c3ad25965","D03","BARC","BARC.AOS.riparian.point.03","2016-11-21","BARC.20161121.EPIPHYTON.3",,"condition ok","Academy of Natural Sciences of Drexel University","2017-03-28","klDchE8PvEQ=","chlorophyll/pheophytin","2",5,25,100,,,,,,,,"chlorophyll a",,"microgramsPerLiter","ANSP P-16-92 Rev2",,,,"legacyData|Did not meet quality audit requirements for analysis audit"
"d54ac11c-4296-4555-a8f0-8d7b870d741a","D03","BARC","BARC.AOS.riparian.point.01","2016-11-21","BARC.20161121.EPIPHYTON.1",,"condition ok","Academy of Natural Sciences of Drexel University","2017-03-28","klDchE8PvEQ=","chlorophyll/pheophytin","2",5,25,100,,,,,,,,"chlorophyll a",,"microgramsPerLiter","ANSP P-16-92 Rev2",,,,"legacyData|Did not meet quality audit requirements for analysis audit"
"62292996-4b82-4eef-a95e-ea5a73824066","D03","BARC","BARC.AOS.riparian.point.07","2016-11-21","BARC.20161121.EPIPHYTON.7",,"other (specify in remarks)","Academy of Natural Sciences of Drexel University","2017-03-28","klDchE8PvEQ=","chlorophyll/pheophytin","1",7,25,100,,,,,,,,"pheophytin",,"microgramsPerLiter","ANSP P-16-92 Rev2",,,"Rim tear","legacyData|Did not meet quality audit requirements for analysis audit"
"046f98f1-ba53-40c7-bd8e-132474db2f2e","D03","BARC","BARC.AOS.riparian.point.07","2016-11-21","BARC.20161121.EPIPHYTON.7",,"condition ok","Academy of Natural Sciences of Drexel University","2017-03-28","klDchE8PvEQ=","chlorophyll/pheophytin","2",7,25,100,,,,,,,,"chlorophyll a",,"microgramsPerLiter","ANSP P-16-92 Rev2",,,,"legacyData|Did not meet quality audit requirements for analysis audit"
"d2bfae83-448b-4e74-be75-3a18b01a19eb","D03","BARC","BARC.AOS.riparian.point.05","2016-11-21","BARC.20161121.EPIPHYTON.5",,"condition ok","Academy of Natural Sciences of Drexel University","2017-03-28","klDchE8PvEQ=","chlorophyll/pheophytin","2",7,25,100,,,,,,,,"chlorophyll a",,"microgramsPerLiter","ANSP P-16-92 Rev2",,,,"legacyData|Did not meet quality audit requirements for analysis audit"
"87a0c77a-606c-4981-ba0c-5ba1fcbcf721","D03","BARC","BARC.AOS.riparian.point.03","2016-11-21","BARC.20161121.EPIPHYTON.3",,"condition ok","Academy of Natural Sciences of Drexel University","2017-03-28","klDchE8PvEQ=","chlorophyll/pheophytin","2",5,25,100,,,,,,,,"pheophytin",,"microgramsPerLiter","ANSP P-16-92 Rev2",,,,"legacyData|Did not meet quality audit requirements for analysis audit"
"afa727be-c898-4206-89bd-b4dd499fac3d","D03","BARC","BARC.AOS.riparian.point.01","2016-11-21","BARC.20161121.EPIPHYTON.1",,"condition ok","Academy of Natural Sciences of Drexel University","2017-03-28","klDchE8PvEQ=","chlorophyll/pheophytin","1",5,25,100,,,,,,,,"chlorophyll a",,"microgramsPerLiter","ANSP P-16-92 Rev2",,,,"legacyData|Did not meet quality audit requirements for analysis audit"
"131e0eb6-a745-4125-9489-4d3eadce9a75","D03","BARC","BARC.AOS.littoral2","2016-11-21","BARC.20161121.PHYTOPLANKTON.3",,"other (specify in remarks)","Academy of Natural Sciences of Drexel University","2017-03-28","klDchE8PvEQ=","chlorophyll/pheophytin","2",300,25,100,,,,,,,,"chlorophyll a",,"microgramsPerLiter","ANSP P-16-92 Rev2",,,"Rim tear","legacyData|Did not meet quality audit requirements for analysis audit"
"b773449a-30f7-484e-9cfd-9ef6ede2686e","D03","BARC","BARC.AOS.buoy.c0","2016-11-21","BARC.20161121.PHYTOPLANKTON.1",,"condition ok","Academy of Natural Sciences of Drexel University","2017-03-28","klDchE8PvEQ=","chlorophyll/pheophytin","2",400,25,100,,,,,,,,"pheophytin",,"microgramsPerLiter","ANSP P-16-92 Rev2",,,,"legacyData|Did not meet quality audit requirements for analysis audit"
"1f8bdc5b-4aff-411e-b5c7-d9de5f515cc5","D03","BARC","BARC.AOS.littoral1","2016-11-21","BARC.20161121.PHYTOPLANKTON.2",,"condition ok","Academy of Natural Sciences of Drexel University","2017-03-28","klDchE8PvEQ=","chlorophyll/pheophytin","1",400,25,100,,,,,,,,"pheophytin",,"microgramsPerLiter","ANSP P-16-92 Rev2",,,,"legacyData|Did not meet quality audit requirements for analysis audit"
"9f0b0f2e-a659-4a21-aa4d-0bb39d36a3cf","D03","BARC","BARC.AOS.buoy.c0","2016-11-21","BARC.20161121.PHYTOPLANKTON.1",,"condition ok","Academy of Natural Sciences of Drexel University","2017-03-28","klDchE8PvEQ=","chlorophyll/pheophytin","2",400,25,100,,,,,,,,"chlorophyll a",,"microgramsPerLiter","ANSP P-16-92 Rev2",,,,"legacyData|Did not meet quality audit requirements for analysis audit"
"38387241-321d-4c03-8635-fcf81644ea1c","D03","BARC","BARC.AOS.riparian.point.09","2016-11-21","BARC.20161121.EPIPHYTON.9",,"condition ok","Academy of Natural Sciences of Drexel University","2017-03-28","klDchE8PvEQ=","chlorophyll/pheophytin","2",5,25,100,,,,,,,,"pheophytin",,"microgramsPerLiter","ANSP P-16-92 Rev2",,,,"legacyData|Did not meet quality audit requirements for analysis audit"
"3fd1cf7a-16ae-4c7f-9c58-c293199c44f1","D03","BARC","BARC.AOS.riparian.point.09","2016-11-21","BARC.20161121.EPIPHYTON.9",,"condition ok","Academy of Natural Sciences of Drexel University","2017-03-28","klDchE8PvEQ=","chlorophyll/pheophytin","1",5,25,100,,,,,,,,"chlorophyll a",,"microgramsPerLiter","ANSP P-16-92 Rev2",,,,"legacyData|Did not meet quality audit requirements for analysis audit"
"1e838dc6-d8c7-412d-af0a-0d7afdee943d","D03","BARC","BARC.AOS.riparian.point.01","2016-11-21","BARC.20161121.EPIPHYTON.1",,"condition ok","Academy of Natural Sciences of Drexel University","2017-03-28","klDchE8PvEQ=","chlorophyll/pheophytin","2",5,25,100,,,,,,,,"pheophytin",,"microgramsPerLiter","ANSP P-16-92 Rev2",,,,"legacyData|Did not meet quality audit requirements for analysis audit"
"17f59663-a115-4319-9bd4-0a04979bd5c4","D03","BARC","BARC.AOS.littoral2","2016-11-21","BARC.20161121.PHYTOPLANKTON.3",,"other (specify in remarks)","Academy of Natural Sciences of Drexel University","2017-03-28","klDchE8PvEQ=","chlorophyll/pheophytin","1",300,25,100,,,,,,,,"pheophytin",,"microgramsPerLiter","ANSP P-16-92 Rev2",,,"Rim missing","legacyData|Did not meet quality audit requirements for analysis audit"
"02a7d436-cbfc-4b38-a3e7-740cc8c213cb","D03","BARC","BARC.AOS.riparian.point.09","2016-11-21","BARC.20161121.EPIPHYTON.9",,"condition ok","Academy of Natural Sciences of Drexel University","2017-03-28","klDchE8PvEQ=","chlorophyll/pheophytin","2",5,25,100,,,,,,,,"chlorophyll a",,"microgramsPerLiter","ANSP P-16-92 Rev2",,,,"legacyData|Did not meet quality audit requirements for analysis audit"
"e8ee8bc4-1eee-4e5b-b575-a7a26209d1d8","D03","BARC","BARC.AOS.littoral2","2016-11-21","BARC.20161121.PHYTOPLANKTON.3",,"other (specify in remarks)","Academy of Natural Sciences of Drexel University","2017-03-28","klDchE8PvEQ=","chlorophyll/pheophytin","1",300,25,100,,,,,,,,"chlorophyll a",,"microgramsPerLiter","ANSP P-16-92 Rev2",,,"Rim missing","legacyData|Did not meet quality audit requirements for analysis audit"
"aa5ec445-6a88-4536-af9e-fd850cc8705a","D03","BARC","BARC.AOS.littoral1","2016-11-21","BARC.20161121.PHYTOPLANKTON.2",,"other (specify in remarks)","Academy of Natural Sciences of Drexel University","2017-03-28","klDchE8PvEQ=","chlorophyll/pheophytin","2",400,25,100,,,,,,,,"pheophytin",,"microgramsPerLiter","ANSP P-16-92 Rev2",,,"Rim tear","legacyData|Did not meet quality audit requirements for analysis audit"
"66f1402e-0317-4549-a661-7d23ec0eb1b0","D03","BARC","BARC.AOS.riparian.point.09","2016-11-21","BARC.20161121.EPIPHYTON.9",,"condition ok","Academy of Natural Sciences of Drexel University","2017-06-20","OKgcKejxXbI=","13C15N","2",5,25,100,,,,,,,,"d15N",1.44,"perMill","ANSP P-16-202 Rev0",,,,"legacyData|Did not meet quality audit requirements for analysis audit"
"cda16d18-70cf-43d2-9af5-b5ce419b4521","D03","BARC","BARC.AOS.riparian.point.05","2016-11-21","BARC.20161121.EPIPHYTON.5",,"condition ok","Academy of Natural Sciences of Drexel University","2017-02-03","OKgcKejxXbI=","CN","1",7,25,100,,,,,,,,"carbon",25528.15,"microgramsPerLiter","ANSP P-16-54 Rev2",,"N",,"legacyData|Did not meet quality audit requirements for analysis audit|acidTreatmentSOPNotFollowed"
"2ff93d33-2829-4399-81a9-dee0667ca110","D03","BARC","BARC.AOS.riparian.point.05","2016-11-21","BARC.20161121.EPIPHYTON.5",,"condition ok","Academy of Natural Sciences of Drexel University","2017-06-20","OKgcKejxXbI=","13C15N","1",7,25,100,,,,,,,,"d15N",2.61,"perMill","ANSP P-16-202 Rev0",,,,"legacyData|Did not meet quality audit requirements for analysis audit"
"52fc4378-ccb9-42c6-bd6a-33534ab172b0","D03","BARC","BARC.AOS.riparian.point.01","2016-11-21","BARC.20161121.EPIPHYTON.1",,"condition ok","Academy of Natural Sciences of Drexel University","2017-06-20","OKgcKejxXbI=","13C15N","1",5,25,100,,,,,,,,"d15N",1.86,"perMill","ANSP P-16-202 Rev0",,,,"legacyData|Did not meet quality audit requirements for analysis audit"
"97540cdf-d1ff-4dd5-b75b-96a4246b5c13","D03","BARC","BARC.AOS.littoral1","2016-11-21","BARC.20161121.PHYTOPLANKTON.2",,"other (specify in remarks)","Academy of Natural Sciences of Drexel University","2017-02-03","OKgcKejxXbI=","CN","1",400,25,100,,,,,,,,"nitrogen",32.44,"microgramsPerLiter","ANSP P-16-54 Rev2",,,"Rim tear","legacyData|Did not meet quality audit requirements for analysis audit"
"ebbceceb-2963-44a2-9e26-6428688c6bc0","D03","BARC","BARC.AOS.riparian.point.09","2016-11-21","BARC.20161121.EPIPHYTON.9",,"condition ok","Academy of Natural Sciences of Drexel University","2017-02-15","+IoRzddUq5A=","P","1",5,25,100,,,,,,,,"phosphorus",444.80,"microgramsPerLiter","ANSP P-16-114 Rev2; ANSP P-16_95 Rev3",,,,"legacyData|Did not meet quality audit requirements for analysis audit"
"3c723a85-b5a8-4155-ac85-527c09dacbf5","D03","BARC","BARC.AOS.littoral1","2016-11-21","BARC.20161121.PHYTOPLANKTON.2",,"condition ok","Academy of Natural Sciences of Drexel University","2017-02-03","OKgcKejxXbI=","CN","2",400,25,100,,,,,,,,"nitrogen",30.99,"microgramsPerLiter","ANSP P-16-54 Rev2",,,,"legacyData|Did not meet quality audit requirements for analysis audit"
"9d7f1f16-0c65-451d-99cf-1b7d1a03955f","D03","BARC","BARC.AOS.littoral1","2016-11-21","BARC.20161121.PHYTOPLANKTON.2",,"condition ok","Academy of Natural Sciences of Drexel University","2017-06-20","OKgcKejxXbI=","13C15N","2",400,25,100,,,,,,,,"d13C",-29.98,"perMill","ANSP P-16-202 Rev0",,"N",,"legacyData|Did not meet quality audit requirements for analysis audit|acidTreatmentSOPNotFollowed"
"d2cc8765-209b-44e2-8b15-3ca762024501","D03","BARC","BARC.AOS.riparian.point.01","2016-11-21","BARC.20161121.EPIPHYTON.1",,"condition ok","Academy of Natural Sciences of Drexel University","2017-02-15","+IoRzddUq5A=","P","1",5,25,100,,,,,,,,"phosphorus",493.20,"microgramsPerLiter","ANSP P-16-114 Rev2; ANSP P-16_95 Rev3",,,,"legacyData|Did not meet quality audit requirements for analysis audit"
"038780d7-aa6e-4a70-b063-772bdda73ca8","D03","BARC","BARC.AOS.riparian.point.05","2016-11-21","BARC.20161121.EPIPHYTON.5",,"condition ok","Academy of Natural Sciences of Drexel University","2017-06-20","OKgcKejxXbI=","13C15N","2",7,25,100,,,,,,,,"d13C",-29.32,"perMill","ANSP P-16-202 Rev0",,"N",,"legacyData|Did not meet quality audit requirements for analysis audit|acidTreatmentSOPNotFollowed"
"c3e461ee-5072-4a23-a533-a3c0b9b03835","D03","BARC","BARC.AOS.buoy.c0","2016-11-21","BARC.20161121.PHYTOPLANKTON.1",,"other (specify in remarks)","Academy of Natural Sciences of Drexel University","2017-02-03","OKgcKejxXbI=","CN","2",400,25,100,,,,,,,,"nitrogen",36.26,"microgramsPerLiter","ANSP P-16-54 Rev2",,,"Rim tear","legacyData|Did not meet quality audit requirements for analysis audit"
"63f8782f-265f-44ae-93ed-de88a50b64c9","D03","BARC","BARC.AOS.riparian.point.03","2016-11-21","BARC.20161121.EPIPHYTON.3",,"other (specify in remarks)","Academy of Natural Sciences of Drexel University","2017-06-20","OKgcKejxXbI=","13C15N","1",5,25,100,,,,,,,,"d15N",3.24,"perMill","ANSP P-16-202 Rev0",,,"filter folded poorly; sample loss","legacyData|Did not meet quality audit requirements for analysis audit"
"6b88e067-e0db-407b-bf5f-b2e9e5fe85b5","D03","BARC","BARC.AOS.littoral1","2016-11-21","BARC.20161121.PHYTOPLANKTON.2",,"other (specify in remarks)","Academy of Natural Sciences of Drexel University","2017-02-03","OKgcKejxXbI=","CN","1",400,25,100,,,,,,,,"carbon",192.48,"microgramsPerLiter","ANSP P-16-54 Rev2",,"N","Rim tear","legacyData|Did not meet quality audit requirements for analysis audit|acidTreatmentSOPNotFollowed"
"bcffdc20-3fb0-4de0-a1e5-48361256190f","D03","BARC","BARC.AOS.littoral2","2016-11-21","BARC.20161121.PHYTOPLANKTON.3",,"condition ok","Academy of Natural Sciences of Drexel University","2017-06-20","OKgcKejxXbI=","13C15N","1",400,25,100,,,,,,,,"d34S",6.59,"perMill","SO2 EA-combustion-IRMS method",,,,"legacyData|Did not meet quality audit requirements for analysis audit"
"d50a185b-12ab-4295-9202-76c4fa6a22ee","D03","BARC","BARC.AOS.littoral2","2016-11-21","BARC.20161121.PHYTOPLANKTON.3",,"condition ok","Academy of Natural Sciences of Drexel University","2017-06-20","OKgcKejxXbI=","13C15N","1",400,25,100,,,,,,,,"d15N",4.68,"perMill","ANSP P-16-202 Rev0",,,,"legacyData|Did not meet quality audit requirements for analysis audit"
"46e93043-9064-4c91-ab4a-18c7813a523f","D03","BARC","BARC.AOS.buoy.c0","2016-11-21","BARC.20161121.PHYTOPLANKTON.1",,"condition ok","Academy of Natural Sciences of Drexel University","2017-06-20","OKgcKejxXbI=","13C15N","2",400,25,100,,,,,,,,"d15N",3.18,"perMill","ANSP P-16-202 Rev0",,,,"legacyData|Did not meet quality audit requirements for analysis audit"
"5477d7de-0464-4df3-8421-a3580fe79383","D03","BARC","BARC.AOS.littoral1","2016-11-21","BARC.20161121.PHYTOPLANKTON.2",,"condition ok","Academy of Natural Sciences of Drexel University","2017-02-15","+IoRzddUq5A=","P","1",400,25,100,,,,,,,,"phosphorus",2.75,"microgramsPerLiter","ANSP P-16-114 Rev2; ANSP P-16_95 Rev3",,,,"legacyData|Did not meet quality audit requirements for analysis audit"
"8d319c9d-e127-4a36-bb62-cf2efaf9ba2e","D03","BARC","BARC.AOS.riparian.point.05","2016-11-21","BARC.20161121.EPIPHYTON.5",,"condition ok","Academy of Natural Sciences of Drexel University","2017-06-20","OKgcKejxXbI=","13C15N","1",7,25,100,,,,,,,,"d34S",7.10,"perMill","SO2 EA-combustion-IRMS method",,,,"legacyData|Did not meet quality audit requirements for analysis audit"
"ef05add7-dc59-44ec-904b-766c0b37f101","D03","BARC","BARC.AOS.riparian.point.05","2016-11-21","BARC.20161121.EPIPHYTON.5",,"condition ok","Academy of Natural Sciences of Drexel University","2017-06-20","OKgcKejxXbI=","13C15N","1",7,25,100,,,,,,,,"d13C",-29.15,"perMill","ANSP P-16-202 Rev0",,"N",,"legacyData|Did not meet quality audit requirements for analysis audit|acidTreatmentSOPNotFollowed"
"32b2978b-f3bb-4ef5-b7ac-370d687c0bbf","D03","BARC","BARC.AOS.littoral2","2016-11-21","BARC.20161121.PHYTOPLANKTON.3",,"condition ok","Academy of Natural Sciences of Drexel University","2017-02-03","OKgcKejxXbI=","CN","2",250,25,100,,,,,,,,"carbon",992.89,"microgramsPerLiter","ANSP P-16-54 Rev2",,"N","Difference in volume filtered","legacyData|Did not meet quality audit requirements for analysis audit|acidTreatmentSOPNotFollowed"
"fe5c4613-6b2d-4614-8d55-a4c6214f79e7","D03","BARC","BARC.AOS.riparian.point.07","2016-11-21","BARC.20161121.EPIPHYTON.7",,"other (specify in remarks)","Academy of Natural Sciences of Drexel University","2017-06-20","OKgcKejxXbI=","13C15N","1",7,25,100,,,,,,,,"d13C",-26.94,"perMill","ANSP P-16-202 Rev0",,"N","filter folded poorly; sample loss","legacyData|Did not meet quality audit requirements for analysis audit|acidTreatmentSOPNotFollowed"
"67a1acf4-e5af-4165-8ece-eed577383b55","D03","BARC","BARC.AOS.buoy.c0","2016-11-21","BARC.20161121.PHYTOPLANKTON.1",,"condition ok","Academy of Natural Sciences of Drexel University","2017-02-03","OKgcKejxXbI=","CN","1",400,25,100,,,,,,,,"carbon",215.09,"microgramsPerLiter","ANSP P-16-54 Rev2",,"N",,"legacyData|Did not meet quality audit requirements for analysis audit|acidTreatmentSOPNotFollowed"
"c96dd124-a517-49f9-98f7-95c791305c5c","D03","BARC","BARC.AOS.riparian.point.09","2016-11-21","BARC.20161121.EPIPHYTON.9",,"condition ok","Academy of Natural Sciences of Drexel University","2017-02-03","OKgcKejxXbI=","CN","2",5,25,100,,,,,,,,"nitrogen",19374.57,"microgramsPerLiter","ANSP P-16-54 Rev2",,,,"legacyData|Did not meet quality audit requirements for analysis audit"
"363cc7d7-e6b1-44f8-8426-b8e3724f133e","D03","BARC","BARC.AOS.riparian.point.03","2016-11-21","BARC.20161121.EPIPHYTON.3",,"other (specify in remarks)","Academy of Natural Sciences of Drexel University","2017-02-03","OKgcKejxXbI=","CN","1",5,25,100,,,,,,,,"nitrogen",16928.54,"microgramsPerLiter","ANSP P-16-54 Rev2",,,"Rim missing; slight poor fold","legacyData|Did not meet quality audit requirements for analysis audit"
"ac1e0ea1-05e0-4df0-9ae2-f8fc95a581e4","D03","BARC","BARC.AOS.littoral2","2016-11-21","BARC.20161121.PHYTOPLANKTON.3",,"condition ok","Academy of Natural Sciences of Drexel University","2017-02-15","+IoRzddUq5A=","P","1",250,25,100,,,,,,,,"phosphorus",4.72,"microgramsPerLiter","ANSP P-16-114 Rev2; ANSP P-16_95 Rev3",,,,"legacyData|Did not meet quality audit requirements for analysis audit"
"8022d321-36f5-4ce2-b973-94b88ede3653","D03","BARC","BARC.AOS.littoral2","2016-11-21","BARC.20161121.PHYTOPLANKTON.3",,"condition ok","Academy of Natural Sciences of Drexel University","2017-02-03","OKgcKejxXbI=","CN","1",300,25,100,,,,,,,,"carbon",982.25,"microgramsPerLiter","ANSP P-16-54 Rev2",,"N","Difference in volume filtered","legacyData|Did not meet quality audit requirements for analysis audit|acidTreatmentSOPNotFollowed"
"68b1d91c-a2d4-45c4-9733-1993788c3878","D03","BARC","BARC.AOS.littoral1","2016-11-21","BARC.20161121.PHYTOPLANKTON.2",,"condition ok","Academy of Natural Sciences of Drexel University","2017-02-03","OKgcKejxXbI=","CN","2",400,25,100,,,,,,,,"carbon",253.65,"microgramsPerLiter","ANSP P-16-54 Rev2",,"N",,"legacyData|Did not meet quality audit requirements for analysis audit|acidTreatmentSOPNotFollowed"
"866adb3e-b72e-44df-a0e3-1ae56f328366","D03","BARC","BARC.AOS.riparian.point.05","2016-11-21","BARC.20161121.EPIPHYTON.5",,"other (specify in remarks)","Academy of Natural Sciences of Drexel University","2017-02-03","OKgcKejxXbI=","CN","2",7,25,100,,,,,,,,"nitrogen",2666.41,"microgramsPerLiter","ANSP P-16-54 Rev2",,,"Rim tear","legacyData|Did not meet quality audit requirements for analysis audit"
"52942bbe-23be-4e9e-b56b-c069be11db16","D03","BARC","BARC.AOS.riparian.point.07","2016-11-21","BARC.20161121.EPIPHYTON.7",,"other (specify in remarks)","Academy of Natural Sciences of Drexel University","2017-06-20","OKgcKejxXbI=","13C15N","1",7,25,100,,,,,,,,"d15N",3.41,"perMill","ANSP P-16-202 Rev0",,,"filter folded poorly; sample loss","legacyData|Did not meet quality audit requirements for analysis audit"
"8fa084ed-2ffd-4511-8cf3-0bd71f8a031c","D03","BARC","BARC.AOS.riparian.point.07","2016-11-21","BARC.20161121.EPIPHYTON.7",,"condition ok","Academy of Natural Sciences of Drexel University","2017-02-15","+IoRzddUq5A=","P","1",7,25,100,,,,,,,,"phosphorus",256.29,"microgramsPerLiter","ANSP P-16-114 Rev2; ANSP P-16_95 Rev3",,,,"legacyData|Did not meet quality audit requirements for analysis audit"
"f5ccda7f-0231-496d-b3d8-a43a7b8b1465","D03","BARC","BARC.AOS.riparian.point.09","2016-11-21","BARC.20161121.EPIPHYTON.9",,"condition ok","Academy of Natural Sciences of Drexel University","2017-02-03","OKgcKejxXbI=","CN","1",5,25,100,,,,,,,,"carbon",163235.40,"microgramsPerLiter","ANSP P-16-54 Rev2",,"N",,"legacyData|Did not meet quality audit requirements for analysis audit|acidTreatmentSOPNotFollowed"
"9f13eddc-71ad-4820-af89-3c7fd61098e5","D03","BARC","BARC.AOS.littoral1","2016-11-21","BARC.20161121.PHYTOPLANKTON.2",,"condition ok","Academy of Natural Sciences of Drexel University","2017-06-20","OKgcKejxXbI=","13C15N","1",400,25,100,,,,,,,,"d34S",7.45,"perMill","SO2 EA-combustion-IRMS method",,,,"legacyData|Did not meet quality audit requirements for analysis audit"
"f30e4971-a095-4a67-8fd7-e0d6cf27530a","D03","BARC","BARC.AOS.riparian.point.03","2016-11-21","BARC.20161121.EPIPHYTON.3",,"condition ok","Academy of Natural Sciences of Drexel University","2017-06-20","OKgcKejxXbI=","13C15N","2",5,25,100,,,,,,,,"d13C",-27.32,"perMill","ANSP P-16-202 Rev0",,"N",,"legacyData|Did not meet quality audit requirements for analysis audit|acidTreatmentSOPNotFollowed"
"dbb5dbc8-a18f-46f7-8768-8533d15ece9c","D03","BARC","BARC.AOS.littoral2","2016-11-21","BARC.20161121.PHYTOPLANKTON.3",,"condition ok","Academy of Natural Sciences of Drexel University","2017-02-03","OKgcKejxXbI=","CN","1",300,25,100,,,,,,,,"nitrogen",124.37,"microgramsPerLiter","ANSP P-16-54 Rev2",,,"Difference in volume filtered","legacyData|Did not meet quality audit requirements for analysis audit"
"7e37b74f-1881-49a7-8530-7fdd55b0c711","D03","BARC","BARC.AOS.riparian.point.05","2016-11-21","BARC.20161121.EPIPHYTON.5",,"other (specify in remarks)","Academy of Natural Sciences of Drexel University","2017-02-03","OKgcKejxXbI=","CN","2",7,25,100,,,,,,,,"carbon",23038.29,"microgramsPerLiter","ANSP P-16-54 Rev2",,"N","Rim tear","legacyData|Did not meet quality audit requirements for analysis audit|acidTreatmentSOPNotFollowed"
"5c161889-a733-49d6-95fc-c45339c03f6b","D03","BARC","BARC.AOS.riparian.point.01","2016-11-21","BARC.20161121.EPIPHYTON.1",,"other (specify in remarks)","Academy of Natural Sciences of Drexel University","2017-02-03","OKgcKejxXbI=","CN","2",5,25,100,,,,,,,,"nitrogen",13009.46,"microgramsPerLiter","ANSP P-16-54 Rev2",,,"Slight poor folding","legacyData|Did not meet quality audit requirements for analysis audit"
"a39b1d72-cc52-4773-94bc-bfa132744b9b","D03","BARC","BARC.AOS.riparian.point.03","2016-11-21","BARC.20161121.EPIPHYTON.3",,"other (specify in remarks)","Academy of Natural Sciences of Drexel University","2017-02-03","OKgcKejxXbI=","CN","1",5,25,100,,,,,,,,"carbon",197545.93,"microgramsPerLiter","ANSP P-16-54 Rev2",,"N","Rim missing; slight poor fold","legacyData|Did not meet quality audit requirements for analysis audit|acidTreatmentSOPNotFollowed"
"c4a922e1-568c-4f4c-a1ac-8583e4cd8fa1","D03","BARC","BARC.AOS.littoral1","2016-11-21","BARC.20161121.PHYTOPLANKTON.2",,"condition ok","Academy of Natural Sciences of Drexel University","2017-06-20","OKgcKejxXbI=","13C15N","1",400,25,100,,,,,,,,"d15N",4.43,"perMill","ANSP P-16-202 Rev0",,,,"legacyData|Did not meet quality audit requirements for analysis audit"
"271183fa-e9ee-4c69-a604-bf2ffa618243","D03","BARC","BARC.AOS.riparian.point.09","2016-11-21","BARC.20161121.EPIPHYTON.9",,"condition ok","Academy of Natural Sciences of Drexel University","2017-06-20","OKgcKejxXbI=","13C15N","1",5,25,100,,,,,,,,"d13C",-27.90,"perMill","ANSP P-16-202 Rev0",,"N",,"legacyData|Did not meet quality audit requirements for analysis audit|acidTreatmentSOPNotFollowed"
"e459cea4-1295-4926-9092-318aef13a404","D03","BARC","BARC.AOS.riparian.point.03","2016-11-21","BARC.20161121.EPIPHYTON.3",,"condition ok","Academy of Natural Sciences of Drexel University","2017-02-15","+IoRzddUq5A=","P","1",5,25,100,,,,,,,,"phosphorus",502.80,"microgramsPerLiter","ANSP P-16-114 Rev2; ANSP P-16_95 Rev3",,,,"legacyData|Did not meet quality audit requirements for analysis audit"
"e96be741-0786-48b0-85f5-c31d91087c0b","D03","BARC","BARC.AOS.littoral2","2016-11-21","BARC.20161121.PHYTOPLANKTON.3",,"other (specify in remarks)","Academy of Natural Sciences of Drexel University","2017-06-20","OKgcKejxXbI=","13C15N","2",400,25,100,,,,,,,,"d15N",4.63,"perMill","ANSP P-16-202 Rev0",,,"filter folded poorly; sample loss","legacyData|Did not meet quality audit requirements for analysis audit"
"ad65702e-f3f8-4108-9bc3-d7ce276c036b","D03","BARC","BARC.AOS.riparian.point.09","2016-11-21","BARC.20161121.EPIPHYTON.9",,"condition ok","Academy of Natural Sciences of Drexel University","2017-06-20","OKgcKejxXbI=","13C15N","1",5,25,100,,,,,,,,"d15N",1.38,"perMill","ANSP P-16-202 Rev0",,,,"legacyData|Did not meet quality audit requirements for analysis audit"
"a4c283f7-dc17-4885-bf37-494bba1f2986","D03","BARC","BARC.AOS.buoy.c0","2016-11-21","BARC.20161121.PHYTOPLANKTON.1",,"condition ok","Academy of Natural Sciences of Drexel University","2017-02-15","+IoRzddUq5A=","P","1",400,25,100,,,,,,,,"phosphorus",3.37,"microgramsPerLiter","ANSP P-16-114 Rev2; ANSP P-16_95 Rev3",,,,"legacyData|Did not meet quality audit requirements for analysis audit"
"8b71acb1-8b38-4e2e-9873-a5b565426284","D03","BARC","BARC.AOS.littoral1","2016-11-21","BARC.20161121.PHYTOPLANKTON.2",,"condition ok","Academy of Natural Sciences of Drexel University","2017-06-20","OKgcKejxXbI=","13C15N","2",400,25,100,,,,,,,,"d15N",3.67,"perMill","ANSP P-16-202 Rev0",,,,"legacyData|Did not meet quality audit requirements for analysis audit"
"3d705894-4bd2-4c6f-ac24-9add615bd1e8","D03","BARC","BARC.AOS.littoral2","2016-11-21","BARC.20161121.PHYTOPLANKTON.3",,"condition ok","Academy of Natural Sciences of Drexel University","2017-02-03","OKgcKejxXbI=","CN","2",250,25,100,,,,,,,,"nitrogen",108.28,"microgramsPerLiter","ANSP P-16-54 Rev2",,,"Difference in volume filtered","legacyData|Did not meet quality audit requirements for analysis audit"
"58daf434-016e-4eac-9bc4-c1db0b2beffc","D03","BARC","BARC.AOS.littoral2","2016-11-21","BARC.20161121.PHYTOPLANKTON.3",,"condition ok","Academy of Natural Sciences of Drexel University","2017-06-20","OKgcKejxXbI=","13C15N","1",400,25,100,,,,,,,,"d13C",-29.70,"perMill","ANSP P-16-202 Rev0",,"N",,"legacyData|Did not meet quality audit requirements for analysis audit|acidTreatmentSOPNotFollowed"
"c1e94c43-5d06-4a44-828a-e57602dba209","D03","BARC","BARC.AOS.riparian.point.09","2016-11-21","BARC.20161121.EPIPHYTON.9",,"condition ok","Academy of Natural Sciences of Drexel University","2017-02-03","OKgcKejxXbI=","CN","1",5,25,100,,,,,,,,"nitrogen",16189.67,"microgramsPerLiter","ANSP P-16-54 Rev2",,,,"legacyData|Did not meet quality audit requirements for analysis audit"
"3c02445b-7097-4d98-a4c8-149e8f6727c6","D03","BARC","BARC.AOS.riparian.point.01","2016-11-21","BARC.20161121.EPIPHYTON.1",,"condition ok","Academy of Natural Sciences of Drexel University","2017-02-03","OKgcKejxXbI=","CN","1",5,25,100,,,,,,,,"carbon",131531.98,"microgramsPerLiter","ANSP P-16-54 Rev2",,"N",,"legacyData|Did not meet quality audit requirements for analysis audit|acidTreatmentSOPNotFollowed"
"fbec4457-c916-481e-a38d-8d073233eece","D03","BARC","BARC.AOS.riparian.point.07","2016-11-21","BARC.20161121.EPIPHYTON.7",,"condition ok","Academy of Natural Sciences of Drexel University","2017-02-03","OKgcKejxXbI=","CN","2",7,25,100,,,,,,,,"nitrogen",9391.43,"microgramsPerLiter","ANSP P-16-54 Rev2",,,,"legacyData|Did not meet quality audit requirements for analysis audit"
"08c889c5-8e0e-43b6-9120-a1e803f76f01","D03","BARC","BARC.AOS.buoy.c0","2016-11-21","BARC.20161121.PHYTOPLANKTON.1",,"condition ok","Academy of Natural Sciences of Drexel University","2017-06-20","OKgcKejxXbI=","13C15N","1",400,25,100,,,,,,,,"d15N",4.14,"perMill","ANSP P-16-202 Rev0",,,,"legacyData|Did not meet quality audit requirements for analysis audit"
"0c488e9d-8b53-47e8-8b05-0727d7a36440","D03","BARC","BARC.AOS.littoral1","2016-11-21","BARC.20161121.PHYTOPLANKTON.2",,"condition ok","Academy of Natural Sciences of Drexel University","2017-06-20","OKgcKejxXbI=","13C15N","1",400,25,100,,,,,,,,"d13C",-30.00,"perMill","ANSP P-16-202 Rev0",,"N",,"legacyData|Did not meet quality audit requirements for analysis audit|acidTreatmentSOPNotFollowed"
"a78b4b07-55fb-4492-ac65-7636aea416f6","D03","BARC","BARC.AOS.buoy.c0","2016-11-21","BARC.20161121.PHYTOPLANKTON.1",,"condition ok","Academy of Natural Sciences of Drexel University","2017-06-20","OKgcKejxXbI=","13C15N","1",400,25,100,,,,,,,,"d34S",5.52,"perMill","SO2 EA-combustion-IRMS method",,,,"legacyData|Did not meet quality audit requirements for analysis audit"
"ceb74912-ea30-4dc8-9c6d-751738ea190a","D03","BARC","BARC.AOS.buoy.c0","2016-11-21","BARC.20161121.PHYTOPLANKTON.1",,"condition ok","Academy of Natural Sciences of Drexel University","2017-06-20","OKgcKejxXbI=","13C15N","2",400,25,100,,,,,,,,"d13C",-32.46,"perMill","ANSP P-16-202 Rev0",,"N",,"legacyData|Did not meet quality audit requirements for analysis audit|acidTreatmentSOPNotFollowed"
"101b4cb5-2d9c-45ad-a47b-a94efa5eab79","D03","BARC","BARC.AOS.buoy.c0","2016-11-21","BARC.20161121.PHYTOPLANKTON.1",,"condition ok","Academy of Natural Sciences of Drexel University","2017-02-03","OKgcKejxXbI=","CN","1",400,25,100,,,,,,,,"nitrogen",39.39,"microgramsPerLiter","ANSP P-16-54 Rev2",,,,"legacyData|Did not meet quality audit requirements for analysis audit"
"53d71b2f-4da2-4173-b45b-d53dd7ff19c7","D03","BARC","BARC.AOS.riparian.point.09","2016-11-21","BARC.20161121.EPIPHYTON.9",,"condition ok","Academy of Natural Sciences of Drexel University","2017-06-20","OKgcKejxXbI=","13C15N","2",5,25,100,,,,,,,,"d13C",-27.88,"perMill","ANSP P-16-202 Rev0",,"N",,"legacyData|Did not meet quality audit requirements for analysis audit|acidTreatmentSOPNotFollowed"
"2c912789-1232-4b41-abfe-1a7e05ca5d5c","D03","BARC","BARC.AOS.riparian.point.03","2016-11-21","BARC.20161121.EPIPHYTON.3",,"condition ok","Academy of Natural Sciences of Drexel University","2017-02-03","OKgcKejxXbI=","CN","2",5,25,100,,,,,,,,"carbon",201198.43,"microgramsPerLiter","ANSP P-16-54 Rev2",,"N",,"legacyData|Did not meet quality audit requirements for analysis audit|acidTreatmentSOPNotFollowed"
"1ba8a1ac-948b-44f1-a4a4-f653a23356fd","D03","BARC","BARC.AOS.riparian.point.03","2016-11-21","BARC.20161121.EPIPHYTON.3",,"other (specify in remarks)","Academy of Natural Sciences of Drexel University","2017-06-20","OKgcKejxXbI=","13C15N","1",5,25,100,,,,,,,,"d13C",-27.11,"perMill","ANSP P-16-202 Rev0",,"N","filter folded poorly; sample loss","legacyData|Did not meet quality audit requirements for analysis audit|acidTreatmentSOPNotFollowed"
"413a08cf-b1c9-4050-ae87-d859b4c8f1c1","D03","BARC","BARC.AOS.riparian.point.01","2016-11-21","BARC.20161121.EPIPHYTON.1",,"condition ok","Academy of Natural Sciences of Drexel University","2017-06-20","OKgcKejxXbI=","13C15N","2",5,25,100,,,,,,,,"d13C",-26.54,"perMill","ANSP P-16-202 Rev0",,"N",,"legacyData|Did not meet quality audit requirements for analysis audit|acidTreatmentSOPNotFollowed"
"8df227e8-3baa-4b4a-bf96-6404ba9bca66","D03","BARC","BARC.AOS.riparian.point.03","2016-11-21","BARC.20161121.EPIPHYTON.3",,"condition ok","Academy of Natural Sciences of Drexel University","2017-02-03","OKgcKejxXbI=","CN","2",5,25,100,,,,,,,,"nitrogen",18078.99,"microgramsPerLiter","ANSP P-16-54 Rev2",,,,"legacyData|Did not meet quality audit requirements for analysis audit"
"ed342b75-6357-4ba3-9cb0-9e771251d405","D03","BARC","BARC.AOS.riparian.point.09","2016-11-21","BARC.20161121.EPIPHYTON.9",,"condition ok","Academy of Natural Sciences of Drexel University","2017-02-03","OKgcKejxXbI=","CN","2",5,25,100,,,,,,,,"carbon",188042.07,"microgramsPerLiter","ANSP P-16-54 Rev2",,"N",,"legacyData|Did not meet quality audit requirements for analysis audit|acidTreatmentSOPNotFollowed"
"5c9bd3a3-998b-463d-8b70-6745abd102f3","D03","BARC","BARC.AOS.riparian.point.05","2016-11-21","BARC.20161121.EPIPHYTON.5",,"condition ok","Academy of Natural Sciences of Drexel University","2017-02-03","OKgcKejxXbI=","CN","1",7,25,100,,,,,,,,"nitrogen",3105.74,"microgramsPerLiter","ANSP P-16-54 Rev2",,,,"legacyData|Did not meet quality audit requirements for analysis audit"
"310cd476-339a-40bc-98a2-c0f35628ce79","D03","BARC","BARC.AOS.riparian.point.07","2016-11-21","BARC.20161121.EPIPHYTON.7",,"condition ok","Academy of Natural Sciences of Drexel University","2017-02-03","OKgcKejxXbI=","CN","1",7,25,100,,,,,,,,"nitrogen",9159.61,"microgramsPerLiter","ANSP P-16-54 Rev2",,,,"legacyData|Did not meet quality audit requirements for analysis audit"
"3eb5cf7d-5d77-47ee-a901-26309720f3a0","D03","BARC","BARC.AOS.littoral2","2016-11-21","BARC.20161121.PHYTOPLANKTON.3",,"other (specify in remarks)","Academy of Natural Sciences of Drexel University","2017-06-20","OKgcKejxXbI=","13C15N","2",400,25,100,,,,,,,,"d13C",-29.63,"perMill","ANSP P-16-202 Rev0",,"N","filter folded poorly; sample loss","legacyData|Did not meet quality audit requirements for analysis audit|acidTreatmentSOPNotFollowed"
"d9d7f0a0-81ad-41a0-81ba-f4c23245b26b","D03","BARC","BARC.AOS.riparian.point.09","2016-11-21","BARC.20161121.EPIPHYTON.9",,"condition ok","Academy of Natural Sciences of Drexel University","2017-06-20","OKgcKejxXbI=","13C15N","1",5,25,100,,,,,,,,"d34S",9.41,"perMill","SO2 EA-combustion-IRMS method",,,,"legacyData|Did not meet quality audit requirements for analysis audit"
"a67df755-1c9d-49e8-858c-e12a0b0ce302","D03","BARC","BARC.AOS.riparian.point.05","2016-11-21","BARC.20161121.EPIPHYTON.5",,"condition ok","Academy of Natural Sciences of Drexel University","2017-06-20","OKgcKejxXbI=","13C15N","2",7,25,100,,,,,,,,"d15N",2.49,"perMill","ANSP P-16-202 Rev0",,,,"legacyData|Did not meet quality audit requirements for analysis audit"
"8e514720-a630-4262-ab35-8e99811420ca","D03","BARC","BARC.AOS.riparian.point.01","2016-11-21","BARC.20161121.EPIPHYTON.1",,"other (specify in remarks)","Academy of Natural Sciences of Drexel University","2017-02-03","OKgcKejxXbI=","CN","2",5,25,100,,,,,,,,"carbon",140471.27,"microgramsPerLiter","ANSP P-16-54 Rev2",,"N","Slight poor folding","legacyData|Did not meet quality audit requirements for analysis audit|acidTreatmentSOPNotFollowed"
"86e7a7bf-908a-4153-9b4b-9bd397d801a7","D03","BARC","BARC.AOS.riparian.point.03","2016-11-21","BARC.20161121.EPIPHYTON.3",,"other (specify in remarks)","Academy of Natural Sciences of Drexel University","2017-06-20","OKgcKejxXbI=","13C15N","1",5,25,100,,,,,,,,"d34S",8.65,"perMill","SO2 EA-combustion-IRMS method",,,"filter folded poorly; sample loss","legacyData|Did not meet quality audit requirements for analysis audit"
"4645a7c4-64d9-44ec-aef3-5966f794e7d2","D03","BARC","BARC.AOS.riparian.point.05","2016-11-21","BARC.20161121.EPIPHYTON.5",,"condition ok","Academy of Natural Sciences of Drexel University","2017-02-15","+IoRzddUq5A=","P","1",7,25,100,,,,,,,,"phosphorus",87.71,"microgramsPerLiter","ANSP P-16-114 Rev2; ANSP P-16_95 Rev3",,,,"legacyData|Did not meet quality audit requirements for analysis audit"
"703a454e-c32f-4267-bfcb-d05c89af0f93","D03","BARC","BARC.AOS.riparian.point.07","2016-11-21","BARC.20161121.EPIPHYTON.7",,"condition ok","Academy of Natural Sciences of Drexel University","2017-06-20","OKgcKejxXbI=","13C15N","2",7,25,100,,,,,,,,"d13C",-27.06,"perMill","ANSP P-16-202 Rev0",,"N",,"legacyData|Did not meet quality audit requirements for analysis audit|acidTreatmentSOPNotFollowed"
"7cc93413-7bf2-4b3c-9760-c1f899ba41eb","D03","BARC","BARC.AOS.riparian.point.03","2016-11-21","BARC.20161121.EPIPHYTON.3",,"condition ok","Academy of Natural Sciences of Drexel University","2017-06-20","OKgcKejxXbI=","13C15N","2",5,25,100,,,,,,,,"d15N",3.24,"perMill","ANSP P-16-202 Rev0",,,,"legacyData|Did not meet quality audit requirements for analysis audit"
"3feba00d-817c-46a0-9940-d7c1d0473966","D03","BARC","BARC.AOS.riparian.point.07","2016-11-21","BARC.20161121.EPIPHYTON.7",,"other (specify in remarks)","Academy of Natural Sciences of Drexel University","2017-06-20","OKgcKejxXbI=","13C15N","1",7,25,100,,,,,,,,"d34S",9.00,"perMill","SO2 EA-combustion-IRMS method",,,"filter folded poorly; sample loss","legacyData|Did not meet quality audit requirements for analysis audit"
"493d9e0a-6e57-44a8-87de-0c054ef4c0ee","D03","BARC","BARC.AOS.buoy.c0","2016-11-21","BARC.20161121.PHYTOPLANKTON.1",,"other (specify in remarks)","Academy of Natural Sciences of Drexel University","2017-02-03","OKgcKejxXbI=","CN","2",400,25,100,,,,,,,,"carbon",197.63,"microgramsPerLiter","ANSP P-16-54 Rev2",,"N","Rim tear","legacyData|Did not meet quality audit requirements for analysis audit|acidTreatmentSOPNotFollowed"
"ec7a833a-e220-4bde-954e-202ce623c4af","D03","BARC","BARC.AOS.riparian.point.01","2016-11-21","BARC.20161121.EPIPHYTON.1",,"condition ok","Academy of Natural Sciences of Drexel University","2017-06-20","OKgcKejxXbI=","13C15N","1",5,25,100,,,,,,,,"d13C",-25.81,"perMill","ANSP P-16-202 Rev0",,"N",,"legacyData|Did not meet quality audit requirements for analysis audit|acidTreatmentSOPNotFollowed"
"cb427130-8e15-4dc2-adac-0183dc169171","D03","BARC","BARC.AOS.buoy.c0","2016-11-21","BARC.20161121.PHYTOPLANKTON.1",,"condition ok","Academy of Natural Sciences of Drexel University","2017-06-20","OKgcKejxXbI=","13C15N","1",400,25,100,,,,,,,,"d13C",-32.22,"perMill","ANSP P-16-202 Rev0",,"N",,"legacyData|Did not meet quality audit requirements for analysis audit|acidTreatmentSOPNotFollowed"
"1d799b2a-3bba-4420-8159-1aae8f00c3ea","D03","BARC","BARC.AOS.riparian.point.01","2016-11-21","BARC.20161121.EPIPHYTON.1",,"condition ok","Academy of Natural Sciences of Drexel University","2017-02-03","OKgcKejxXbI=","CN","1",5,25,100,,,,,,,,"nitrogen",12205.18,"microgramsPerLiter","ANSP P-16-54 Rev2",,,,"legacyData|Did not meet quality audit requirements for analysis audit"
"b5dae589-e49c-4e57-8d65-412b065f1cff","D03","BARC","BARC.AOS.riparian.point.01","2016-11-21","BARC.20161121.EPIPHYTON.1",,"condition ok","Academy of Natural Sciences of Drexel University","2017-06-20","OKgcKejxXbI=","13C15N","1",5,25,100,,,,,,,,"d34S",9.54,"perMill","SO2 EA-combustion-IRMS method",,,,"legacyData|Did not meet quality audit requirements for analysis audit"
"d4a74c41-3ee7-4dcb-a237-443e0cf677f1","D03","BARC","BARC.AOS.riparian.point.07","2016-11-21","BARC.20161121.EPIPHYTON.7",,"condition ok","Academy of Natural Sciences of Drexel University","2017-02-03","OKgcKejxXbI=","CN","1",7,25,100,,,,,,,,"carbon",88082.28,"microgramsPerLiter","ANSP P-16-54 Rev2",,"N",,"legacyData|Did not meet quality audit requirements for analysis audit|acidTreatmentSOPNotFollowed"
"5254ddbd-21f7-4030-b1f2-331d0c7133f4","D03","BARC","BARC.AOS.riparian.point.01","2016-11-21","BARC.20161121.EPIPHYTON.1",,"condition ok","Academy of Natural Sciences of Drexel University","2017-06-20","OKgcKejxXbI=","13C15N","2",5,25,100,,,,,,,,"d15N",1.50,"perMill","ANSP P-16-202 Rev0",,,,"legacyData|Did not meet quality audit requirements for analysis audit"
"d4f1625e-627a-455d-a425-5737c8aff60e","D03","BARC","BARC.AOS.riparian.point.07","2016-11-21","BARC.20161121.EPIPHYTON.7",,"condition ok","Academy of Natural Sciences of Drexel University","2017-06-20","OKgcKejxXbI=","13C15N","2",7,25,100,,,,,,,,"d15N",2.53,"perMill","ANSP P-16-202 Rev0",,,,"legacyData|Did not meet quality audit requirements for analysis audit"
"c8eef5d1-d8da-4dd9-a8cc-5a29699ba6b7","D03","BARC","BARC.AOS.riparian.point.07","2016-11-21","BARC.20161121.EPIPHYTON.7",,"condition ok","Academy of Natural Sciences of Drexel University","2017-02-03","OKgcKejxXbI=","CN","2",7,25,100,,,,,,,,"carbon",93727.83,"microgramsPerLiter","ANSP P-16-54 Rev2",,"N",,"legacyData|Did not meet quality audit requirements for analysis audit|acidTreatmentSOPNotFollowed"
