uid,domainID,siteID,namedLocation,collectDate,parentSampleID,sampleID,sampleCode,filterNumber,analysisType,fieldSampleVolume,domainFilterVolume,storageDays,remarks,measuredBy,recordedBy,sampleCondition,dataQF
"3bff380f-1b2d-4a68-9ad6-aaed1bf1ae4b","D03","BARC","BARC.AOS.riparian.point.09","2016-11-21T14:35Z","BARC.20161121.EPIPHYTON.9","BARC.20161121.EPIPHYTON.9",,1,"CNS",115.0,5.0,0.1,,"ksandusky@neoninc.org","echartrand@neoninc.org","OK",
"eeb26fc3-8620-4826-bac9-0ee3ee11b82a","D03","BARC","BARC.AOS.riparian.point.09","2016-11-21T14:35Z","BARC.20161121.EPIPHYTON.9","BARC.20161121.EPIPHYTON.9",,1,"P",115.0,5.0,0.1,,"ksandusky@neoninc.org","echartrand@neoninc.org","OK",
"e1c17865-db3a-49e7-9282-dedc830262ed","D03","BARC","BARC.AOS.riparian.point.09","2016-11-21T14:35Z","BARC.20161121.EPIPHYTON.9","BARC.20161121.EPIPHYTON.9",,2,"chlorophyll/pheophytin",115.0,5.0,0.1,,"ksandusky@neoninc.org","echartrand@neoninc.org","OK",
"daa1dca8-7a07-4707-9006-6e35694b5ebe","D03","BARC","BARC.AOS.riparian.point.09","2016-11-21T14:35Z","BARC.20161121.EPIPHYTON.9","BARC.20161121.EPIPHYTON.9",,2,"CN",115.0,5.0,0.1,,"ksandusky@neoninc.org","echartrand@neoninc.org","OK",
"8952c144-5339-43e4-9efc-ad6e10a8e2c2","D03","BARC","BARC.AOS.riparian.point.09","2016-11-21T14:35Z","BARC.20161121.EPIPHYTON.9","BARC.20161121.EPIPHYTON.9",,1,"CN",115.0,5.0,0.1,,"ksandusky@neoninc.org","echartrand@neoninc.org","OK",
"089983aa-b6d8-4044-abac-3c09660bf383","D03","BARC","BARC.AOS.riparian.point.09","2016-11-21T14:35Z","BARC.20161121.EPIPHYTON.9","BARC.20161121.EPIPHYTON.9",,1,"chlorophyll/pheophytin",115.0,5.0,0.1,,"ksandusky@neoninc.org","echartrand@neoninc.org","OK",
"6a9bce3d-ec56-4c4f-a789-00f723bbedd7","D03","BARC","BARC.AOS.riparian.point.09","2016-11-21T14:35Z","BARC.20161121.EPIPHYTON.9","BARC.20161121.EPIPHYTON.9",,2,"CNS",115.0,5.0,0.1,,"ksandusky@neoninc.org","echartrand@neoninc.org","OK",
"79e19f15-7e01-46a8-b5b3-20ae305f1207","D03","BARC","BARC.AOS.littoral1","2016-11-21T14:35Z","BARC.20161121.PHYTOPLANKTON.2","BARC.20161121.PHYTOPLANKTON.2",,1,"P",5000.0,400.0,0.9,,"ksandusky@neoninc.org","echartrand@neoninc.org","OK",
"17dfaf66-5fbc-4efc-abfd-eafdbd5a7da9","D03","BARC","BARC.AOS.littoral2","2016-11-21T14:35Z","BARC.20161121.PHYTOPLANKTON.3","BARC.20161121.PHYTOPLANKTON.3",,2,"chlorophyll/pheophytin",5000.0,300.0,1.0,,"ksandusky@neoninc.org","echartrand@neoninc.org","OK",
"171dd5fc-fdd0-4447-9842-5f2267e66bf4","D03","BARC","BARC.AOS.littoral1","2016-11-21T14:35Z","BARC.20161121.PHYTOPLANKTON.2","BARC.20161121.PHYTOPLANKTON.2",,2,"chlorophyll/pheophytin",5000.0,400.0,0.9,,"ksandusky@neoninc.org","echartrand@neoninc.org","OK",
"966766e1-e8d0-4e70-8b13-0b10f682b7ea","D03","BARC","BARC.AOS.riparian.point.05","2016-11-21T14:35Z","BARC.20161121.EPIPHYTON.5","BARC.20161121.EPIPHYTON.5",,1,"P",120.0,7.0,0.2,,"ksandusky@neoninc.org","echartrand@neoninc.org","OK",
"a6d8f29e-2a54-4220-bc38-de7c9b4b0ed9","D03","BARC","BARC.AOS.riparian.point.07","2016-11-21T14:35Z","BARC.20161121.EPIPHYTON.7","BARC.20161121.EPIPHYTON.7",,2,"CN",122.0,7.0,0.3,,"ksandusky@neoninc.org","echartrand@neoninc.org","OK",
"4da71ae0-74da-418b-99a9-5e5709455cc2","D03","BARC","BARC.AOS.littoral1","2016-11-21T14:35Z","BARC.20161121.PHYTOPLANKTON.2","BARC.20161121.PHYTOPLANKTON.2",,2,"CNS",5000.0,400.0,0.9,,"ksandusky@neoninc.org","echartrand@neoninc.org","OK",
"d64f6807-dd22-4e93-ad5b-31cdadedd267","D03","BARC","BARC.AOS.buoy.c0","2016-11-21T14:35Z","BARC.20161121.PHYTOPLANKTON.1","BARC.20161121.PHYTOPLANKTON.1",,2,"CN",5000.0,400.0,0.9,,"ksandusky@neoninc.org","echartrand@neoninc.org","OK",
"05a967a3-d9cc-4e39-acaa-4324922a2165","D03","BARC","BARC.AOS.littoral1","2016-11-21T14:35Z","BARC.20161121.PHYTOPLANKTON.2","BARC.20161121.PHYTOPLANKTON.2",,1,"chlorophyll/pheophytin",5000.0,400.0,0.9,,"ksandusky@neoninc.org","echartrand@neoninc.org","OK",
"7508aa19-2685-4d3f-8817-fc580891c6a0","D03","BARC","BARC.AOS.riparian.point.05","2016-11-21T14:35Z","BARC.20161121.EPIPHYTON.5","BARC.20161121.EPIPHYTON.5",,1,"CN",120.0,7.0,0.2,,"ksandusky@neoninc.org","echartrand@neoninc.org","OK",
"b4387c90-1798-4ff5-9099-76daa7047946","D03","BARC","BARC.AOS.littoral1","2016-11-21T14:35Z","BARC.20161121.PHYTOPLANKTON.2","BARC.20161121.PHYTOPLANKTON.2",,1,"CN",5000.0,400.0,0.9,,"ksandusky@neoninc.org","echartrand@neoninc.org","OK",
"daa89416-6933-4455-ae9d-ccba5dfe06e6","D03","BARC","BARC.AOS.riparian.point.05","2016-11-21T14:35Z","BARC.20161121.EPIPHYTON.5","BARC.20161121.EPIPHYTON.5",,1,"CNS",120.0,7.0,0.2,,"ksandusky@neoninc.org","echartrand@neoninc.org","OK",
"0a8f1704-846c-481d-9e64-16673bc4ce5f","D03","BARC","BARC.AOS.buoy.c0","2016-11-21T14:35Z","BARC.20161121.PHYTOPLANKTON.1","BARC.20161121.PHYTOPLANKTON.1",,2,"chlorophyll/pheophytin",5000.0,400.0,0.9,,"ksandusky@neoninc.org","echartrand@neoninc.org","OK",
"24309a2f-fec3-4bf4-854b-cb40fdd74b97","D03","BARC","BARC.AOS.littoral2","2016-11-21T14:35Z","BARC.20161121.PHYTOPLANKTON.3","BARC.20161121.PHYTOPLANKTON.3",,1,"CN",5000.0,300.0,1.0,,"ksandusky@neoninc.org","echartrand@neoninc.org","OK",
"c067455b-c6aa-46b9-9754-8c0580227771","D03","BARC","BARC.AOS.littoral2","2016-11-21T14:35Z","BARC.20161121.PHYTOPLANKTON.3","BARC.20161121.PHYTOPLANKTON.3",,1,"P",5000.0,250.0,1.0,,"ksandusky@neoninc.org","echartrand@neoninc.org","OK",
"816b700c-2480-44ee-9bb2-1af47dd8bfbf","D03","BARC","BARC.AOS.riparian.point.07","2016-11-21T14:35Z","BARC.20161121.EPIPHYTON.7","BARC.20161121.EPIPHYTON.7",,1,"CN",122.0,7.0,0.3,,"ksandusky@neoninc.org","echartrand@neoninc.org","OK",
"f379dac7-8fa4-4d03-9b96-46952d276ba1","D03","BARC","BARC.AOS.riparian.point.05","2016-11-21T14:35Z","BARC.20161121.EPIPHYTON.5","BARC.20161121.EPIPHYTON.5",,2,"CN",120.0,7.0,0.2,,"ksandusky@neoninc.org","echartrand@neoninc.org","OK",
"61439d8a-cadd-4acb-9a64-d29a504d0603","D03","BARC","BARC.AOS.riparian.point.05","2016-11-21T14:35Z","BARC.20161121.EPIPHYTON.5","BARC.20161121.EPIPHYTON.5",,1,"chlorophyll/pheophytin",120.0,7.0,0.2,,"ksandusky@neoninc.org","echartrand@neoninc.org","OK",
"0b3c1bd7-8ccf-42fe-a5d5-7d44446cfff7","D03","BARC","BARC.AOS.littoral2","2016-11-21T14:35Z","BARC.20161121.PHYTOPLANKTON.3","BARC.20161121.PHYTOPLANKTON.3",,1,"CNS",5000.0,400.0,1.0,,"ksandusky@neoninc.org","echartrand@neoninc.org","OK",
"6c9921c7-acac-4501-8748-58e347733ab1","D03","BARC","BARC.AOS.riparian.point.05","2016-11-21T14:35Z","BARC.20161121.EPIPHYTON.5","BARC.20161121.EPIPHYTON.5",,2,"CNS",120.0,7.0,0.2,,"ksandusky@neoninc.org","echartrand@neoninc.org","OK",
"353967c8-28fb-4d53-9fbf-b0ab2b6a0877","D03","BARC","BARC.AOS.littoral2","2016-11-21T14:35Z","BARC.20161121.PHYTOPLANKTON.3","BARC.20161121.PHYTOPLANKTON.3",,1,"chlorophyll/pheophytin",5000.0,300.0,1.0,,"ksandusky@neoninc.org","echartrand@neoninc.org","OK",
"31b358bf-8770-4455-95eb-a6f11e295d0a","D03","BARC","BARC.AOS.buoy.c0","2016-11-21T14:35Z","BARC.20161121.PHYTOPLANKTON.1","BARC.20161121.PHYTOPLANKTON.1",,1,"CN",5000.0,400.0,0.9,,"ksandusky@neoninc.org","echartrand@neoninc.org","OK",
"ea192c59-6800-40d8-b58f-46d51f0a6ecc","D03","BARC","BARC.AOS.buoy.c0","2016-11-21T14:35Z","BARC.20161121.PHYTOPLANKTON.1","BARC.20161121.PHYTOPLANKTON.1",,1,"CNS",5000.0,400.0,0.9,,"ksandusky@neoninc.org","echartrand@neoninc.org","OK",
"0c735fa5-2407-4348-8aa9-6d122fe838d4","D03","BARC","BARC.AOS.littoral1","2016-11-21T14:35Z","BARC.20161121.PHYTOPLANKTON.2","BARC.20161121.PHYTOPLANKTON.2",,2,"CN",5000.0,400.0,0.9,,"ksandusky@neoninc.org","echartrand@neoninc.org","OK",
"1cb18932-79cc-4f90-b5aa-a9d3ce304e6b","D03","BARC","BARC.AOS.riparian.point.07","2016-11-21T14:35Z","BARC.20161121.EPIPHYTON.7","BARC.20161121.EPIPHYTON.7",,2,"CNS",122.0,7.0,0.3,,"ksandusky@neoninc.org","echartrand@neoninc.org","OK",
"b699c5aa-d54f-4474-a481-dc210ca70e23","D03","BARC","BARC.AOS.riparian.point.07","2016-11-21T14:35Z","BARC.20161121.EPIPHYTON.7","BARC.20161121.EPIPHYTON.7",,1,"CNS",122.0,7.0,0.3,,"ksandusky@neoninc.org","echartrand@neoninc.org","OK",
"fd9483fd-7217-4ad6-a2ba-5dec8d4982db","D03","BARC","BARC.AOS.riparian.point.07","2016-11-21T14:35Z","BARC.20161121.EPIPHYTON.7","BARC.20161121.EPIPHYTON.7",,2,"chlorophyll/pheophytin",122.0,7.0,0.3,,"ksandusky@neoninc.org","echartrand@neoninc.org","OK",
"dcefb242-2b7f-48af-b2c4-6c08ce1fafd9","D03","BARC","BARC.AOS.littoral2","2016-11-21T14:35Z","BARC.20161121.PHYTOPLANKTON.3","BARC.20161121.PHYTOPLANKTON.3",,2,"CNS",5000.0,400.0,1.0,,"ksandusky@neoninc.org","echartrand@neoninc.org","OK",
"c20e7fda-accd-4a72-9bef-71c0feb9f1c6","D03","BARC","BARC.AOS.buoy.c0","2016-11-21T14:35Z","BARC.20161121.PHYTOPLANKTON.1","BARC.20161121.PHYTOPLANKTON.1",,2,"CNS",5000.0,400.0,0.9,,"ksandusky@neoninc.org","echartrand@neoninc.org","OK",
"b4af67ae-ed85-4f9f-9cf1-4679490193d6","D03","BARC","BARC.AOS.littoral2","2016-11-21T14:35Z","BARC.20161121.PHYTOPLANKTON.3","BARC.20161121.PHYTOPLANKTON.3",,2,"CN",5000.0,250.0,1.0,,"ksandusky@neoninc.org","echartrand@neoninc.org","OK",
"83ab6107-f5f5-4b12-a78b-707f9e48ad14","D03","BARC","BARC.AOS.littoral1","2016-11-21T14:35Z","BARC.20161121.PHYTOPLANKTON.2","BARC.20161121.PHYTOPLANKTON.2",,1,"CNS",5000.0,400.0,0.9,,"ksandusky@neoninc.org","echartrand@neoninc.org","OK",
"9af1a9d4-2b95-4271-86f4-053752d9cf31","D03","BARC","BARC.AOS.riparian.point.05","2016-11-21T14:35Z","BARC.20161121.EPIPHYTON.5","BARC.20161121.EPIPHYTON.5",,2,"chlorophyll/pheophytin",120.0,7.0,0.2,,"ksandusky@neoninc.org","echartrand@neoninc.org","OK",
"5d8923a3-dfce-4c99-bbf6-61c468d977d7","D03","BARC","BARC.AOS.riparian.point.07","2016-11-21T14:35Z","BARC.20161121.EPIPHYTON.7","BARC.20161121.EPIPHYTON.7",,1,"chlorophyll/pheophytin",122.0,7.0,0.3,,"ksandusky@neoninc.org","echartrand@neoninc.org","OK",
"dda1df09-f7d8-4cc7-93a9-5a37c9ab17ae","D03","BARC","BARC.AOS.buoy.c0","2016-11-21T14:35Z","BARC.20161121.PHYTOPLANKTON.1","BARC.20161121.PHYTOPLANKTON.1",,1,"P",5000.0,400.0,0.9,,"ksandusky@neoninc.org","echartrand@neoninc.org","OK",
"de748192-d79a-466b-b7fd-ac01eefed003","D03","BARC","BARC.AOS.buoy.c0","2016-11-21T14:35Z","BARC.20161121.PHYTOPLANKTON.1","BARC.20161121.PHYTOPLANKTON.1",,1,"chlorophyll/pheophytin",5000.0,400.0,0.9,,"ksandusky@neoninc.org","echartrand@neoninc.org","OK",
"91b53838-5887-4074-a2d8-7ce98aabaef8","D03","BARC","BARC.AOS.riparian.point.07","2016-11-21T14:35Z","BARC.20161121.EPIPHYTON.7","BARC.20161121.EPIPHYTON.7",,1,"P",122.0,7.0,0.3,,"ksandusky@neoninc.org","echartrand@neoninc.org","OK",
"2c57b412-c081-4534-857c-c1405e96f18c","D03","BARC","BARC.AOS.riparian.point.01","2016-11-21T14:35Z","BARC.20161121.EPIPHYTON.1","BARC.20161121.EPIPHYTON.1",,2,"chlorophyll/pheophytin",130.0,5.0,0.2,,"ksandusky@neoninc.org","echartrand@neoninc.org","OK",
"393bdeb6-b6f9-4bde-a4f0-88155c43df11","D03","BARC","BARC.AOS.riparian.point.03","2016-11-21T14:35Z","BARC.20161121.EPIPHYTON.3","BARC.20161121.EPIPHYTON.3",,1,"P",118.0,5.0,0.2,,"ksandusky@neoninc.org","echartrand@neoninc.org","OK",
"14381067-a684-4cbd-b5b5-968362103c1e","D03","BARC","BARC.AOS.riparian.point.03","2016-11-21T14:35Z","BARC.20161121.EPIPHYTON.3","BARC.20161121.EPIPHYTON.3",,1,"chlorophyll/pheophytin",118.0,5.0,0.2,,"ksandusky@neoninc.org","echartrand@neoninc.org","OK",
"d5f16223-6f8f-4faa-b0fc-0f79363edb67","D03","BARC","BARC.AOS.riparian.point.01","2016-11-21T14:35Z","BARC.20161121.EPIPHYTON.1","BARC.20161121.EPIPHYTON.1",,1,"CN",130.0,5.0,0.2,,"ksandusky@neoninc.org","echartrand@neoninc.org","OK",
"3d703823-13b9-4447-9cd1-d592de429e34","D03","BARC","BARC.AOS.riparian.point.03","2016-11-21T14:35Z","BARC.20161121.EPIPHYTON.3","BARC.20161121.EPIPHYTON.3",,2,"chlorophyll/pheophytin",118.0,5.0,0.2,,"ksandusky@neoninc.org","echartrand@neoninc.org","OK",
"68372f43-5150-4591-a15c-b519c4e74ebe","D03","BARC","BARC.AOS.riparian.point.03","2016-11-21T14:35Z","BARC.20161121.EPIPHYTON.3","BARC.20161121.EPIPHYTON.3",,2,"CN",118.0,5.0,0.2,,"ksandusky@neoninc.org","echartrand@neoninc.org","OK",
"88511986-6734-4056-8687-ac7313478e1e","D03","BARC","BARC.AOS.riparian.point.01","2016-11-21T14:35Z","BARC.20161121.EPIPHYTON.1","BARC.20161121.EPIPHYTON.1",,2,"CN",130.0,5.0,0.2,,"ksandusky@neoninc.org","echartrand@neoninc.org","OK",
"74c3b72f-8a4e-4de4-8791-ef5a7b6dd075","D03","BARC","BARC.AOS.riparian.point.03","2016-11-21T14:35Z","BARC.20161121.EPIPHYTON.3","BARC.20161121.EPIPHYTON.3",,2,"CNS",118.0,5.0,0.2,,"ksandusky@neoninc.org","echartrand@neoninc.org","OK",
"38c39b84-81be-4dfa-8488-d51f2dc4bfd4","D03","BARC","BARC.AOS.riparian.point.01","2016-11-21T14:35Z","BARC.20161121.EPIPHYTON.1","BARC.20161121.EPIPHYTON.1",,1,"CNS",130.0,5.0,0.2,,"ksandusky@neoninc.org","echartrand@neoninc.org","OK",
"e22768be-c046-47d7-9f00-4d1c0f6f13c5","D03","BARC","BARC.AOS.riparian.point.01","2016-11-21T14:35Z","BARC.20161121.EPIPHYTON.1","BARC.20161121.EPIPHYTON.1",,2,"CNS",130.0,5.0,0.2,,"ksandusky@neoninc.org","echartrand@neoninc.org","OK",
"5261fbdb-6576-41d9-9b1e-f322dfd01670","D03","BARC","BARC.AOS.riparian.point.03","2016-11-21T14:35Z","BARC.20161121.EPIPHYTON.3","BARC.20161121.EPIPHYTON.3",,1,"CN",118.0,5.0,0.2,,"ksandusky@neoninc.org","echartrand@neoninc.org","OK",
"6d2bb11c-b91f-44b5-9dad-94e3c30317c3","D03","BARC","BARC.AOS.riparian.point.03","2016-11-21T14:35Z","BARC.20161121.EPIPHYTON.3","BARC.20161121.EPIPHYTON.3",,1,"CNS",118.0,5.0,0.2,,"ksandusky@neoninc.org","echartrand@neoninc.org","OK",
"c048f96e-f4eb-41c1-98a7-a567bbcbc0ce","D03","BARC","BARC.AOS.riparian.point.01","2016-11-21T14:35Z","BARC.20161121.EPIPHYTON.1","BARC.20161121.EPIPHYTON.1",,1,"P",130.0,5.0,0.2,,"ksandusky@neoninc.org","echartrand@neoninc.org","OK",
"cf3c7485-7f75-47f8-8328-70473f51210c","D03","BARC","BARC.AOS.riparian.point.01","2016-11-21T14:35Z","BARC.20161121.EPIPHYTON.1","BARC.20161121.EPIPHYTON.1",,1,"chlorophyll/pheophytin",130.0,5.0,0.2,,"ksandusky@neoninc.org","echartrand@neoninc.org","OK",
