uid,domainID,siteID,namedLocation,date,eventID,sampleDepth,waterTemp,specificConductance,dissolvedOxygen,dissolvedOxygenSaturation,dataQF
"07dfbfa6-5078-4861-b99a-ceed7d2f4696","D09","PRLA","PRLA.AOS.buoy.c0","2021-02-02T16:38Z","PRLA.c0.20210202",0.5,2.5,1277.0,11.6,92.1,
"411518ee-8e7e-4c89-94f3-a638f2dfa97b","D09","PRLA","PRLA.AOS.buoy.c0","2021-02-02T16:38Z","PRLA.c0.20210202",2.0,3.3,1283.0,9.9,79.7,
"55bb6500-06ee-49b1-b354-69992219fb31","D09","PRLA","PRLA.AOS.buoy.c0","2021-02-02T16:38Z","PRLA.c0.20210202",2.5,3.6,1303.0,2.9,23.6,
"800bf7d8-9a52-4ad3-8470-ac9ac557bf82","D09","PRLA","PRLA.AOS.buoy.c0","2021-02-02T16:38Z","PRLA.c0.20210202",1.5,3.1,1282.0,10.2,81.8,
"fd0fed17-3555-4719-b360-8a5843f0c3b5","D09","PRLA","PRLA.AOS.buoy.c0","2021-02-02T16:38Z","PRLA.c0.20210202",1.0,2.8,1286.0,11.4,90.1,
