uid,domainID,siteID,namedLocation,aquaticSiteType,decimalLatitude,decimalLongitude,coordinateUncertainty,elevation,elevationUncertainty,geodeticDatum,collectDate,eventID,parentSampleID,parentSampleCode,samplingImpractical,biophysicalCriteria,affectedByWind,habitatType,algalSampleType,benthicArea,samplingProtocolVersion,phytoDepth1,phytoDepth2,phytoDepth3,substratumSizeClass,remarks,recordedBy,collectedBy,dataQF
"b1cc0d48-610e-45cc-b7ba-a569d205aedd","D03","BARC","BARC.AOS.littoral2","lake",29.674748,-82.008401,1.1,27.1,1.0,"WGS84","2015-07-15T13:40Z","BARC.20150715","BARC.20150715.PHYTOPLANKTON.3",,,,,"pelagic","phytoplankton",,"NEON.DOC.001203vD",0.5,0.5,,,,"tburlingame@neoninc.org","cfoster@neoninc.org","legacyData"
"76c82407-9fa8-4fea-98ef-0e92581bc276","D03","BARC","BARC.AOS.riparian.point.06","lake",29.674507,-82.008596,5.0,26.6,5.0,"WGS84","2015-07-15T13:40Z","BARC.20150715","BARC.20150715.EPIPHYTON.2",,,,,"pelagic","epiphyton",0.010000,"NEON.DOC.001203vD",,,,,,"tburlingame@neoninc.org","cfoster@neoninc.org","legacyData"
"5ca42f3d-e842-495f-9308-f58673e012d1","D03","BARC","BARC.AOS.riparian.point.08","lake",29.675584,-82.010729,5.0,25.1,5.0,"WGS84","2015-07-15T13:40Z","BARC.20150715","BARC.20150715.EPIPHYTON.1",,,,,"pelagic","epiphyton",0.010000,"NEON.DOC.001203vD",,,,,,"tburlingame@neoninc.org","cfoster@neoninc.org","legacyData"
"b9513fbf-3794-4d86-8704-a3bbaf8adebe","D03","BARC","BARC.AOS.littoral1","lake",29.677479,-82.007710,1.1,26.0,1.0,"WGS84","2015-07-15T13:40Z","BARC.20150715","BARC.20150715.PHYTOPLANKTON.2",,,,,"pelagic","phytoplankton",,"NEON.DOC.001203vD",0.5,0.5,,,,"tburlingame@neoninc.org","cfoster@neoninc.org","legacyData"
"55cc4f0f-9edf-4801-bd65-f8d72b5f6423","D03","BARC","BARC.AOS.riparian.point.02","lake",29.677034,-82.006975,5.0,26.1,5.0,"WGS84","2015-07-15T13:40Z","BARC.20150715","BARC.20150715.EPIPHYTON.4",,,,,"pelagic","epiphyton",0.010000,"NEON.DOC.001203vD",,,,,,"tburlingame@neoninc.org","cfoster@neoninc.org","legacyData"
"941ac6b0-977b-4e41-b3e2-eae5049919bc","D03","BARC","BARC.AOS.buoy.c0","lake",29.675982,-82.008414,10.0,27.0,10.0,"WGS84","2015-07-15T13:40Z","BARC.20150715","BARC.20150715.PHYTOPLANKTON.1",,,,,"pelagic","phytoplankton",,"NEON.DOC.001203vD",0.5,0.5,,,,"tburlingame@neoninc.org","cfoster@neoninc.org","legacyData"
"e4d91861-7ef1-402f-907c-d3427f8284db","D03","BARC","BARC.AOS.riparian.point.04","lake",29.675164,-82.006743,5.0,22.5,5.0,"WGS84","2015-07-15T13:40Z","BARC.20150715","BARC.20150715.EPIPHYTON.3",,,,,"pelagic","epiphyton",0.010000,"NEON.DOC.001203vD",,,,,,"tburlingame@neoninc.org","cfoster@neoninc.org","legacyData"
"00a2acce-950b-4f74-832a-d3587ac44a8f","D03","BARC","BARC.AOS.riparian.point.10","lake",29.677686,-82.008911,5.0,24.2,5.0,"WGS84","2015-07-15T13:40Z","BARC.20150715","BARC.20150715.EPIPHYTON.5",,,,,"pelagic","epiphyton",0.010000,"NEON.DOC.001203vD",,,,,,"tburlingame@neoninc.org","cfoster@neoninc.org","legacyData"
