uid,domainID,siteID,namedLocation,collectDate,parentSampleID,sampleID,sampleCode,filterNumber,analysisType,fieldSampleVolume,domainFilterVolume,storageDays,remarks,measuredBy,recordedBy,sampleCondition,dataQF
"75eac0e0-15cf-4b47-9851-401c8e86860f","D03","BARC","BARC.AOS.riparian.point.02","2015-07-15T13:40Z","BARC.20150715.EPIPHYTON.4","BARC.20150715.EPIPHYTON.4",,2,"CN",125.0,5.0,6.1,,,"Ksanducky@neoninc.org","OK","legacyData"
"63f74467-8c92-43b0-8982-e8cd52050898","D03","BARC","BARC.AOS.littoral1","2015-07-15T13:40Z","BARC.20150715.PHYTOPLANKTON.2","BARC.20150715.PHYTOPLANKTON.2",,2,"13C15N",4000.0,250.0,6.1,,,"Ksanducky@neoninc.org","OK","legacyData"
"eecf4211-9c52-447d-9b7d-4da9c582f902","D03","BARC","BARC.AOS.riparian.point.04","2015-07-15T13:40Z","BARC.20150715.EPIPHYTON.3","BARC.20150715.EPIPHYTON.3",,1,"34S",125.0,5.0,6.1,,,"Ksanducky@neoninc.org","OK","legacyData"
"78938773-8b43-4cc7-a3af-b90ff238cee6","D03","BARC","BARC.AOS.riparian.point.02","2015-07-15T13:40Z","BARC.20150715.EPIPHYTON.4","BARC.20150715.EPIPHYTON.4",,1,"chlorophyll/pheophytin",125.0,5.0,6.1,,,"Ksanducky@neoninc.org","OK","legacyData"
"63285eb0-b551-4635-a4f1-e0b9441dc19b","D03","BARC","BARC.AOS.littoral2","2015-07-15T13:40Z","BARC.20150715.PHYTOPLANKTON.3","BARC.20150715.PHYTOPLANKTON.3",,1,"chlorophyll/pheophytin",4000.0,250.0,6.1,,,"Ksanducky@neoninc.org","OK","legacyData"
"1d6ad9a2-faec-461f-8201-256d617349ad","D03","BARC","BARC.AOS.riparian.point.08","2015-07-15T13:40Z","BARC.20150715.EPIPHYTON.1","BARC.20150715.EPIPHYTON.1",,1,"34S",125.0,5.0,6.1,,,"Ksanducky@neoninc.org","OK","legacyData"
"7d903764-27d0-4e89-bee0-ac7dce400088","D03","BARC","BARC.AOS.riparian.point.04","2015-07-15T13:40Z","BARC.20150715.EPIPHYTON.3","BARC.20150715.EPIPHYTON.3",,1,"CN",125.0,5.0,6.1,,,"Ksanducky@neoninc.org","OK","legacyData"
"eb595c45-2580-44a0-afde-431bc5eef62a","D03","BARC","BARC.AOS.riparian.point.10","2015-07-15T13:40Z","BARC.20150715.EPIPHYTON.5","BARC.20150715.EPIPHYTON.5",,1,"13C15N",125.0,3.0,6.1,,,"Ksanducky@neoninc.org","OK","legacyData"
"abd5f808-e426-46c2-86ff-62491fceedf0","D03","BARC","BARC.AOS.littoral2","2015-07-15T13:40Z","BARC.20150715.PHYTOPLANKTON.3","BARC.20150715.PHYTOPLANKTON.3",,2,"CN",4000.0,250.0,6.1,,,"Ksanducky@neoninc.org","OK","legacyData"
"819f86f3-76b8-45eb-8238-d5d6309c2600","D03","BARC","BARC.AOS.riparian.point.10","2015-07-15T13:40Z","BARC.20150715.EPIPHYTON.5","BARC.20150715.EPIPHYTON.5",,2,"CN",125.0,3.0,6.1,,,"Ksanducky@neoninc.org","OK","legacyData"
"41a28985-129b-4a05-912a-a91d264a2820","D03","BARC","BARC.AOS.buoy.c0","2015-07-15T13:40Z","BARC.20150715.PHYTOPLANKTON.1","BARC.20150715.PHYTOPLANKTON.1",,1,"CN",4000.0,250.0,6.1,,,"Ksanducky@neoninc.org","OK","legacyData"
"088d28e2-77fb-4534-a1aa-71eace69f823","D03","BARC","BARC.AOS.riparian.point.04","2015-07-15T13:40Z","BARC.20150715.EPIPHYTON.3","BARC.20150715.EPIPHYTON.3",,1,"13C15N",125.0,5.0,6.1,,,"Ksanducky@neoninc.org","OK","legacyData"
"57b36e49-92e8-4938-b29c-005ab8c7df79","D03","BARC","BARC.AOS.riparian.point.10","2015-07-15T13:40Z","BARC.20150715.EPIPHYTON.5","BARC.20150715.EPIPHYTON.5",,2,"chlorophyll/pheophytin",125.0,3.0,6.1,,,"Ksanducky@neoninc.org","OK","legacyData"
"e12a9b8b-a361-4cd0-bc2e-254586de8883","D03","BARC","BARC.AOS.littoral1","2015-07-15T13:40Z","BARC.20150715.PHYTOPLANKTON.2","BARC.20150715.PHYTOPLANKTON.2",,1,"13C15N",4000.0,250.0,6.1,,,"Ksanducky@neoninc.org","OK","legacyData"
"fc08fc07-d094-4d94-82ad-caf8496137ca","D03","BARC","BARC.AOS.buoy.c0","2015-07-15T13:40Z","BARC.20150715.PHYTOPLANKTON.1","BARC.20150715.PHYTOPLANKTON.1",,1,"34S",4000.0,250.0,6.1,,,"Ksanducky@neoninc.org","OK","legacyData"
"2adb080c-8623-4801-9f70-7d9a36663e5d","D03","BARC","BARC.AOS.riparian.point.10","2015-07-15T13:40Z","BARC.20150715.EPIPHYTON.5","BARC.20150715.EPIPHYTON.5",,2,"13C15N",125.0,3.0,6.1,,,"Ksanducky@neoninc.org","OK","legacyData"
"70ca21b2-3920-4ee6-85b5-3ed30208f96c","D03","BARC","BARC.AOS.riparian.point.02","2015-07-15T13:40Z","BARC.20150715.EPIPHYTON.4","BARC.20150715.EPIPHYTON.4",,1,"P",125.0,5.0,6.1,,,"Ksanducky@neoninc.org","OK","legacyData"
"be59b0b4-8487-4291-93b5-a49736f88d20","D03","BARC","BARC.AOS.riparian.point.08","2015-07-15T13:40Z","BARC.20150715.EPIPHYTON.1","BARC.20150715.EPIPHYTON.1",,2,"CN",125.0,5.0,6.1,,,"Ksanducky@neoninc.org","OK","legacyData"
"4687f214-1403-4367-a315-96ee934acd27","D03","BARC","BARC.AOS.buoy.c0","2015-07-15T13:40Z","BARC.20150715.PHYTOPLANKTON.1","BARC.20150715.PHYTOPLANKTON.1",,1,"13C15N",4000.0,250.0,6.1,,,"Ksanducky@neoninc.org","OK","legacyData"
"72d7f401-827f-4ccf-865c-e5245631f5ba","D03","BARC","BARC.AOS.riparian.point.08","2015-07-15T13:40Z","BARC.20150715.EPIPHYTON.1","BARC.20150715.EPIPHYTON.1",,2,"chlorophyll/pheophytin",125.0,5.0,6.1,,,"Ksanducky@neoninc.org","OK","legacyData"
"33a17eae-d28a-4b6a-bde0-33a4704b5a7a","D03","BARC","BARC.AOS.riparian.point.08","2015-07-15T13:40Z","BARC.20150715.EPIPHYTON.1","BARC.20150715.EPIPHYTON.1",,1,"13C15N",125.0,5.0,6.1,,,"Ksanducky@neoninc.org","OK","legacyData"
"359366ce-9701-491e-882c-b2d5c4776654","D03","BARC","BARC.AOS.littoral1","2015-07-15T13:40Z","BARC.20150715.PHYTOPLANKTON.2","BARC.20150715.PHYTOPLANKTON.2",,1,"P",4000.0,250.0,6.1,,,"Ksanducky@neoninc.org","OK","legacyData"
"a6cfddcf-72c7-4eb1-be82-227760499917","D03","BARC","BARC.AOS.buoy.c0","2015-07-15T13:40Z","BARC.20150715.PHYTOPLANKTON.1","BARC.20150715.PHYTOPLANKTON.1",,1,"P",4000.0,250.0,6.1,,,"Ksanducky@neoninc.org","OK","legacyData"
"3dcdfc95-035b-4d43-a36d-7985b2d887b4","D03","BARC","BARC.AOS.riparian.point.08","2015-07-15T13:40Z","BARC.20150715.EPIPHYTON.1","BARC.20150715.EPIPHYTON.1",,1,"P",125.0,5.0,6.1,,,"Ksanducky@neoninc.org","OK","legacyData"
"b2d5ee1f-384d-4b83-b214-7ed100806983","D03","BARC","BARC.AOS.riparian.point.10","2015-07-15T13:40Z","BARC.20150715.EPIPHYTON.5","BARC.20150715.EPIPHYTON.5",,1,"P",125.0,3.0,6.1,,,"Ksanducky@neoninc.org","OK","legacyData"
"38082e7d-a713-4986-8c7b-dddc508fb3e5","D03","BARC","BARC.AOS.riparian.point.08","2015-07-15T13:40Z","BARC.20150715.EPIPHYTON.1","BARC.20150715.EPIPHYTON.1",,2,"13C15N",125.0,5.0,6.1,,,"Ksanducky@neoninc.org","OK","legacyData"
"787c43ee-7527-4e6f-a7b3-364009329a11","D03","BARC","BARC.AOS.riparian.point.02","2015-07-15T13:40Z","BARC.20150715.EPIPHYTON.4","BARC.20150715.EPIPHYTON.4",,2,"13C15N",125.0,5.0,6.1,,,"Ksanducky@neoninc.org","OK","legacyData"
"9f84ba85-1cc7-47f0-a5a9-ffd62978c869","D03","BARC","BARC.AOS.buoy.c0","2015-07-15T13:40Z","BARC.20150715.PHYTOPLANKTON.1","BARC.20150715.PHYTOPLANKTON.1",,2,"chlorophyll/pheophytin",4000.0,250.0,6.1,,,"Ksanducky@neoninc.org","OK","legacyData"
"b72e1c14-062b-4536-9673-5a69c2bd1de8","D03","BARC","BARC.AOS.littoral2","2015-07-15T13:40Z","BARC.20150715.PHYTOPLANKTON.3","BARC.20150715.PHYTOPLANKTON.3",,1,"P",4000.0,250.0,6.1,,,"Ksanducky@neoninc.org","OK","legacyData"
"550fff32-1f01-44da-980d-b6fae73e69e4","D03","BARC","BARC.AOS.littoral2","2015-07-15T13:40Z","BARC.20150715.PHYTOPLANKTON.3","BARC.20150715.PHYTOPLANKTON.3",,1,"34S",4000.0,250.0,6.1,,,"Ksanducky@neoninc.org","OK","legacyData"
"35a51e5d-34ef-413a-8c57-2baf9e1c6e5e","D03","BARC","BARC.AOS.littoral2","2015-07-15T13:40Z","BARC.20150715.PHYTOPLANKTON.3","BARC.20150715.PHYTOPLANKTON.3",,2,"13C15N",4000.0,250.0,6.1,,,"Ksanducky@neoninc.org","OK","legacyData"
"055edffe-7e6a-4502-9b16-20c9560db3f5","D03","BARC","BARC.AOS.littoral2","2015-07-15T13:40Z","BARC.20150715.PHYTOPLANKTON.3","BARC.20150715.PHYTOPLANKTON.3",,2,"chlorophyll/pheophytin",4000.0,250.0,6.1,,,"Ksanducky@neoninc.org","OK","legacyData"
"e6d9e8eb-6bac-4b83-88c3-696bb94cc85f","D03","BARC","BARC.AOS.buoy.c0","2015-07-15T13:40Z","BARC.20150715.PHYTOPLANKTON.1","BARC.20150715.PHYTOPLANKTON.1",,2,"13C15N",4000.0,250.0,6.1,,,"Ksanducky@neoninc.org","OK","legacyData"
"866c3a5b-82cd-47bb-80c7-8e4144a73e03","D03","BARC","BARC.AOS.riparian.point.02","2015-07-15T13:40Z","BARC.20150715.EPIPHYTON.4","BARC.20150715.EPIPHYTON.4",,2,"chlorophyll/pheophytin",125.0,5.0,6.1,,,"Ksanducky@neoninc.org","OK","legacyData"
"8f7e39eb-ffc1-42cc-916d-ed21d8b4e1ab","D03","BARC","BARC.AOS.riparian.point.08","2015-07-15T13:40Z","BARC.20150715.EPIPHYTON.1","BARC.20150715.EPIPHYTON.1",,1,"CN",125.0,5.0,6.1,,,"Ksanducky@neoninc.org","OK","legacyData"
"e32ef543-4984-4352-a180-561c031b2852","D03","BARC","BARC.AOS.riparian.point.10","2015-07-15T13:40Z","BARC.20150715.EPIPHYTON.5","BARC.20150715.EPIPHYTON.5",,1,"CN",125.0,3.0,6.1,,,"Ksanducky@neoninc.org","OK","legacyData"
"61fe5903-2ebd-4150-88a0-8dee4cc07b7d","D03","BARC","BARC.AOS.riparian.point.04","2015-07-15T13:40Z","BARC.20150715.EPIPHYTON.3","BARC.20150715.EPIPHYTON.3",,1,"chlorophyll/pheophytin",125.0,5.0,6.1,,,"Ksanducky@neoninc.org","OK","legacyData"
"5e39a6f9-96c5-416c-ac2e-143e5f0d6dc1","D03","BARC","BARC.AOS.riparian.point.02","2015-07-15T13:40Z","BARC.20150715.EPIPHYTON.4","BARC.20150715.EPIPHYTON.4",,1,"34S",125.0,5.0,6.1,,,"Ksanducky@neoninc.org","OK","legacyData"
"94824f86-f1a4-461c-a368-0794fe132abc","D03","BARC","BARC.AOS.riparian.point.08","2015-07-15T13:40Z","BARC.20150715.EPIPHYTON.1","BARC.20150715.EPIPHYTON.1",,1,"chlorophyll/pheophytin",125.0,5.0,6.1,,,"Ksanducky@neoninc.org","OK","legacyData"
"a7714061-4618-47f0-980e-06af7d3111d9","D03","BARC","BARC.AOS.littoral1","2015-07-15T13:40Z","BARC.20150715.PHYTOPLANKTON.2","BARC.20150715.PHYTOPLANKTON.2",,2,"CN",4000.0,250.0,6.1,,,"Ksanducky@neoninc.org","OK","legacyData"
"118bfac4-2259-4bc9-8b5f-0a3127186ff1","D03","BARC","BARC.AOS.littoral2","2015-07-15T13:40Z","BARC.20150715.PHYTOPLANKTON.3","BARC.20150715.PHYTOPLANKTON.3",,1,"CN",4000.0,250.0,6.1,,,"Ksanducky@neoninc.org","OK","legacyData"
"66920839-cb2a-4e9f-a30a-c90550c57130","D03","BARC","BARC.AOS.riparian.point.04","2015-07-15T13:40Z","BARC.20150715.EPIPHYTON.3","BARC.20150715.EPIPHYTON.3",,1,"P",125.0,5.0,6.1,,,"Ksanducky@neoninc.org","OK","legacyData"
"662ab46b-6909-40a1-90bf-36cdd30500df","D03","BARC","BARC.AOS.riparian.point.02","2015-07-15T13:40Z","BARC.20150715.EPIPHYTON.4","BARC.20150715.EPIPHYTON.4",,1,"CN",125.0,5.0,6.1,,,"Ksanducky@neoninc.org","OK","legacyData"
"c7ed3ed2-d60d-42e3-80ae-0a99be089959","D03","BARC","BARC.AOS.riparian.point.10","2015-07-15T13:40Z","BARC.20150715.EPIPHYTON.5","BARC.20150715.EPIPHYTON.5",,1,"chlorophyll/pheophytin",125.0,3.0,6.1,,,"Ksanducky@neoninc.org","OK","legacyData"
"3a489694-d7cb-4e92-8ece-4f70b50b5e97","D03","BARC","BARC.AOS.littoral1","2015-07-15T13:40Z","BARC.20150715.PHYTOPLANKTON.2","BARC.20150715.PHYTOPLANKTON.2",,2,"chlorophyll/pheophytin",4000.0,250.0,6.1,,,"Ksanducky@neoninc.org","OK","legacyData"
"694317ae-de2f-480a-b431-4a0cd315aff1","D03","BARC","BARC.AOS.riparian.point.04","2015-07-15T13:40Z","BARC.20150715.EPIPHYTON.3","BARC.20150715.EPIPHYTON.3",,2,"chlorophyll/pheophytin",125.0,5.0,6.1,,,"Ksanducky@neoninc.org","OK","legacyData"
"5d12fc0a-d197-4970-ac68-09aaa5c3d5f8","D03","BARC","BARC.AOS.riparian.point.06","2015-07-15T13:40Z","BARC.20150715.EPIPHYTON.2","BARC.20150715.EPIPHYTON.2",,1,"chlorophyll/pheophytin",125.0,7.5,6.1,,,"Ksanducky@neoninc.org","OK","legacyData"
"9ecd109f-5994-4895-b796-ec51204d4278","D03","BARC","BARC.AOS.riparian.point.10","2015-07-15T13:40Z","BARC.20150715.EPIPHYTON.5","BARC.20150715.EPIPHYTON.5",,1,"34S",125.0,3.0,6.1,,,"Ksanducky@neoninc.org","OK","legacyData"
"aec64299-4bcd-4e76-b8d1-cf74e8f6ca74","D03","BARC","BARC.AOS.riparian.point.06","2015-07-15T13:40Z","BARC.20150715.EPIPHYTON.2","BARC.20150715.EPIPHYTON.2",,2,"chlorophyll/pheophytin",125.0,7.5,6.1,,,"Ksanducky@neoninc.org","OK","legacyData"
"4d852562-e585-43ed-ba50-2db9f72f0eb9","D03","BARC","BARC.AOS.riparian.point.04","2015-07-15T13:40Z","BARC.20150715.EPIPHYTON.3","BARC.20150715.EPIPHYTON.3",,2,"CN",125.0,5.0,6.1,,,"Ksanducky@neoninc.org","OK","legacyData"
"bb3d47d8-5759-457a-bab1-8f934df686a2","D03","BARC","BARC.AOS.littoral2","2015-07-15T13:40Z","BARC.20150715.PHYTOPLANKTON.3","BARC.20150715.PHYTOPLANKTON.3",,1,"13C15N",4000.0,250.0,6.1,,,"Ksanducky@neoninc.org","OK","legacyData"
"aebc1200-6086-40c1-8ad4-893b98ecb261","D03","BARC","BARC.AOS.riparian.point.06","2015-07-15T13:40Z","BARC.20150715.EPIPHYTON.2","BARC.20150715.EPIPHYTON.2",,2,"13C15N",125.0,7.5,6.1,,,"Ksanducky@neoninc.org","OK","legacyData"
"5be87ff1-7eb1-45bf-bb11-4c4ded38ff0f","D03","BARC","BARC.AOS.buoy.c0","2015-07-15T13:40Z","BARC.20150715.PHYTOPLANKTON.1","BARC.20150715.PHYTOPLANKTON.1",,2,"CN",4000.0,250.0,6.1,,,"Ksanducky@neoninc.org","OK","legacyData"
"9a2f9891-1393-47ad-9700-63305b47d9d1","D03","BARC","BARC.AOS.littoral1","2015-07-15T13:40Z","BARC.20150715.PHYTOPLANKTON.2","BARC.20150715.PHYTOPLANKTON.2",,1,"34S",4000.0,250.0,6.1,,,"Ksanducky@neoninc.org","OK","legacyData"
"2d2808fe-2e46-49e4-b343-9c454ef28075","D03","BARC","BARC.AOS.riparian.point.06","2015-07-15T13:40Z","BARC.20150715.EPIPHYTON.2","BARC.20150715.EPIPHYTON.2",,1,"P",125.0,7.5,6.1,,,"Ksanducky@neoninc.org","OK","legacyData"
"190b0c46-1e82-4183-b5f4-e0973a444240","D03","BARC","BARC.AOS.littoral1","2015-07-15T13:40Z","BARC.20150715.PHYTOPLANKTON.2","BARC.20150715.PHYTOPLANKTON.2",,1,"CN",4000.0,250.0,6.1,,,"Ksanducky@neoninc.org","OK","legacyData"
"d604f86e-cc2b-4133-a165-644562966cb7","D03","BARC","BARC.AOS.riparian.point.06","2015-07-15T13:40Z","BARC.20150715.EPIPHYTON.2","BARC.20150715.EPIPHYTON.2",,1,"13C15N",125.0,7.5,6.1,,,"Ksanducky@neoninc.org","OK","legacyData"
"2373de9f-775c-4bcb-a25a-9441215a9e1b","D03","BARC","BARC.AOS.buoy.c0","2015-07-15T13:40Z","BARC.20150715.PHYTOPLANKTON.1","BARC.20150715.PHYTOPLANKTON.1",,1,"chlorophyll/pheophytin",4000.0,250.0,6.1,,,"Ksanducky@neoninc.org","OK","legacyData"
"cbb0ebb5-e12a-4e21-938c-9781dc62a406","D03","BARC","BARC.AOS.riparian.point.06","2015-07-15T13:40Z","BARC.20150715.EPIPHYTON.2","BARC.20150715.EPIPHYTON.2",,1,"CN",125.0,7.5,6.1,,,"Ksanducky@neoninc.org","OK","legacyData"
"7c509644-5fe1-4030-b4a5-b2cea81ac9b8","D03","BARC","BARC.AOS.riparian.point.02","2015-07-15T13:40Z","BARC.20150715.EPIPHYTON.4","BARC.20150715.EPIPHYTON.4",,1,"13C15N",125.0,5.0,6.1,,,"Ksanducky@neoninc.org","OK","legacyData"
"208eea93-a55c-4991-876a-8c9902755e77","D03","BARC","BARC.AOS.riparian.point.06","2015-07-15T13:40Z","BARC.20150715.EPIPHYTON.2","BARC.20150715.EPIPHYTON.2",,2,"CN",125.0,7.5,6.1,,,"Ksanducky@neoninc.org","OK","legacyData"
"6c4fbcc2-5c17-4452-8daf-3f299c6832a9","D03","BARC","BARC.AOS.riparian.point.04","2015-07-15T13:40Z","BARC.20150715.EPIPHYTON.3","BARC.20150715.EPIPHYTON.3",,2,"13C15N",125.0,5.0,6.1,,,"Ksanducky@neoninc.org","OK","legacyData"
"bd211cb7-92f8-4802-b906-1eb3ef6f4b7e","D03","BARC","BARC.AOS.littoral1","2015-07-15T13:40Z","BARC.20150715.PHYTOPLANKTON.2","BARC.20150715.PHYTOPLANKTON.2",,1,"chlorophyll/pheophytin",4000.0,250.0,6.1,,,"Ksanducky@neoninc.org","OK","legacyData"
"fd0e8d5f-2fdf-4507-8691-e3997518ef5f","D03","BARC","BARC.AOS.riparian.point.06","2015-07-15T13:40Z","BARC.20150715.EPIPHYTON.2","BARC.20150715.EPIPHYTON.2",,1,"34S",125.0,7.5,6.1,,,"Ksanducky@neoninc.org","OK","legacyData"
