uid,domainID,siteID,namedLocation,collectDate,sampleID,sampleCode,sampleCondition,laboratoryName,analysisDate,analyzedBy,sampleType,replicate,sampleVolumeFiltered,filterSize,percentFilterAnalyzed,dilutionFactor,solventVolume,responseFactor,acidificationResponseFactor,fluorometerSensitivitySetting,preAcidificationFluorescence,postAcidificationFluorescence,analyte,analyteConcentration,plantAlgaeLabUnits,testMethod,method,acidTreatment,externalRemarks,externalLabDataQF
"36d1c067-e52e-417d-bb0e-490223dca45a","D03","BARC","BARC.AOS.buoy.c0","2015-07-15","BARC.20150715.PHYTOPLANKTON.1",,"condition ok","Academy of Natural Sciences of Drexel University","2016-06-02","Txt9C5i/u7k=","chlorophyll/pheophytin","2",,25,100,,,,,,,,"pheophytin",,"microgramsPerLiter","ANSP P-16-92 Rev2",,,,"legacyData|Did not meet quality audit requirements for analysis audit"
"f64e54eb-a629-4530-ad92-2fa8cee46282","D03","BARC","BARC.AOS.littoral2","2015-07-15","BARC.20150715.PHYTOPLANKTON.3",,"condition ok","Academy of Natural Sciences of Drexel University","2016-06-02","Txt9C5i/u7k=","chlorophyll/pheophytin","2",,25,100,,,,,,,,"chlorophyll a",,"microgramsPerLiter","ANSP P-16-92 Rev2",,,,"legacyData|Did not meet quality audit requirements for analysis audit"
"36bf90bd-01a1-4c52-9208-361344a78faf","D03","BARC","BARC.AOS.riparian.point.06","2015-07-15","BARC.20150715.EPIPHYTON.2",,"condition ok","Academy of Natural Sciences of Drexel University","2016-06-02","Txt9C5i/u7k=","chlorophyll/pheophytin","2",,25,100,,,,,,,,"chlorophyll a",,"microgramsPerLiter","ANSP P-16-92 Rev2",,,,"legacyData|Did not meet quality audit requirements for analysis audit"
"1c4a928b-84a4-4d9a-9e56-62a66d4a68a9","D03","BARC","BARC.AOS.riparian.point.08","2015-07-15","BARC.20150715.EPIPHYTON.1",,"other (specify in remarks)","Academy of Natural Sciences of Drexel University","2017-04-04","OKgcKejxXbI=","13C15N","1",,25,100,,,,,,,,"d15N",2.74,"perMill","ANSP P-16-202 Rev0",,,"poor filter preservation","legacyData|Did not meet quality audit requirements for analysis audit"
"381945ec-7c7b-4715-8a55-a08b906109cd","D03","BARC","BARC.AOS.buoy.c0","2015-07-15","BARC.20150715.PHYTOPLANKTON.1",,"condition ok","Academy of Natural Sciences of Drexel University","2016-06-02","Txt9C5i/u7k=","chlorophyll/pheophytin","2",,25,100,,,,,,,,"chlorophyll a",,"microgramsPerLiter","ANSP P-16-92 Rev2",,,,"legacyData|Did not meet quality audit requirements for analysis audit"
"da7a83e5-930e-4b14-aab1-185dc607cf09","D03","BARC","BARC.AOS.riparian.point.04","2015-07-15","BARC.20150715.EPIPHYTON.3",,"other (specify in remarks)","Academy of Natural Sciences of Drexel University","2017-04-04","OKgcKejxXbI=","13C15N","1",,25,100,,,,,,,,"d15N",4.13,"perMill","ANSP P-16-202 Rev0",,,"poor filter preservation","legacyData|Did not meet quality audit requirements for analysis audit"
"3174fb24-f976-4203-815e-2be0a6fabba9","D03","BARC","BARC.AOS.littoral1","2015-07-15","BARC.20150715.PHYTOPLANKTON.2",,"condition ok","Academy of Natural Sciences of Drexel University","2016-06-15","+IoRzddUq5A=","P","1",,25,100,,,,,,,,"phosphorus",7.11,"microgramsPerLiter","ANSP P-16-114 Rev2; ANSP P-16_95 Rev3",,,,"legacyData|Did not meet quality audit requirements for analysis audit"
"091d1f62-ff78-4cc5-b793-9ace04b7f0f1","D03","BARC","BARC.AOS.riparian.point.02","2015-07-15","BARC.20150715.EPIPHYTON.4",,"other (specify in remarks)","Academy of Natural Sciences of Drexel University","2017-04-04","OKgcKejxXbI=","13C15N","1",,25,100,,,,,,,,"d13C",-28.62,"perMill","ANSP P-16-202 Rev0",,"N","poor filter preservation","legacyData|Did not meet quality audit requirements for analysis audit|acidTreatmentSOPNotFollowed"
"027a5f2b-4508-4f1d-83ef-e70a69bc7ced","D03","BARC","BARC.AOS.riparian.point.04","2015-07-15","BARC.20150715.EPIPHYTON.3",,"condition ok","Academy of Natural Sciences of Drexel University","2016-06-02","Txt9C5i/u7k=","chlorophyll/pheophytin","2",,25,100,,,,,,,,"pheophytin",,"microgramsPerLiter","ANSP P-16-92 Rev2",,,,"legacyData|Did not meet quality audit requirements for analysis audit"
"0c3d5e44-fbc6-4bde-9e54-a33648d7d247","D03","BARC","BARC.AOS.littoral2","2015-07-15","BARC.20150715.PHYTOPLANKTON.3",,"other (specify in remarks)","Academy of Natural Sciences of Drexel University","2017-04-04","OKgcKejxXbI=","13C15N","2",,25,100,,,,,,,,"d34S",15.41,"perMill","SO2 EA-combustion-IRMS method",,,"poor filter preservation","legacyData|Did not meet quality audit requirements for analysis audit"
"8e71690d-d892-4b9b-ba25-17c739276645","D03","BARC","BARC.AOS.littoral2","2015-07-15","BARC.20150715.PHYTOPLANKTON.3",,"other (specify in remarks)","Academy of Natural Sciences of Drexel University","2017-04-04","OKgcKejxXbI=","13C15N","2",,25,100,,,,,,,,"d15N",5.87,"perMill","ANSP P-16-202 Rev0",,,"poor filter preservation","legacyData|Did not meet quality audit requirements for analysis audit"
"9741537f-fb71-47f1-9902-ebccab3ff718","D03","BARC","BARC.AOS.riparian.point.08","2015-07-15","BARC.20150715.EPIPHYTON.1",,"other (specify in remarks)","Academy of Natural Sciences of Drexel University","2017-04-04","OKgcKejxXbI=","13C15N","1",,25,100,,,,,,,,"d13C",-28.49,"perMill","ANSP P-16-202 Rev0",,"N","poor filter preservation","legacyData|Did not meet quality audit requirements for analysis audit|acidTreatmentSOPNotFollowed"
"2b1c3dfd-6446-4fc9-b896-1bf907ec02a1","D03","BARC","BARC.AOS.riparian.point.02","2015-07-15","BARC.20150715.EPIPHYTON.4",,"condition ok","Academy of Natural Sciences of Drexel University","2016-08-01","OKgcKejxXbI=","CN","2",,25,100,,,,,,,,"nitrogen",22710.61,"microgramsPerLiter","ANSP P-16-54 Rev2",,,,"legacyData|Did not meet quality audit requirements for analysis audit"
"40434a79-e198-48ba-918c-4df246a08ee5","D03","BARC","BARC.AOS.riparian.point.04","2015-07-15","BARC.20150715.EPIPHYTON.3",,"condition ok","Academy of Natural Sciences of Drexel University","2016-06-13","+IoRzddUq5A=","P","1",,25,100,,,,,,,,"phosphorus",1571.20,"microgramsPerLiter","ANSP P-16-114 Rev2; ANSP P-16_95 Rev3",,,,"legacyData|Did not meet quality audit requirements for analysis audit"
"abe00866-15c0-4bde-a815-3cbe499b2eb3","D03","BARC","BARC.AOS.littoral2","2015-07-15","BARC.20150715.PHYTOPLANKTON.3",,"condition ok","Academy of Natural Sciences of Drexel University","2016-06-02","Txt9C5i/u7k=","chlorophyll/pheophytin","1",,25,100,,,,,,,,"chlorophyll a",,"microgramsPerLiter","ANSP P-16-92 Rev2",,,,"legacyData|Did not meet quality audit requirements for analysis audit"
"86205940-0e32-4a56-8bd9-68b44948d6b4","D03","BARC","BARC.AOS.littoral2","2015-07-15","BARC.20150715.PHYTOPLANKTON.3",,"condition ok","Academy of Natural Sciences of Drexel University","2016-08-01","OKgcKejxXbI=","CN","2",,25,100,,,,,,,,"nitrogen",81.56,"microgramsPerLiter","ANSP P-16-54 Rev2",,,,"legacyData|Did not meet quality audit requirements for analysis audit"
"bb84c8e1-e757-43c7-888f-17bf197d613f","D03","BARC","BARC.AOS.buoy.c0","2015-07-15","BARC.20150715.PHYTOPLANKTON.1",,"condition ok","Academy of Natural Sciences of Drexel University","2016-08-01","OKgcKejxXbI=","CN","1",,25,100,,,,,,,,"carbon",208.18,"microgramsPerLiter","ANSP P-16-54 Rev2",,"N",,"legacyData|Did not meet quality audit requirements for analysis audit|acidTreatmentSOPNotFollowed"
"bd3a4dcc-15be-4b21-a65f-c0bce65b99da","D03","BARC","BARC.AOS.riparian.point.10","2015-07-15","BARC.20150715.EPIPHYTON.5",,"other (specify in remarks)","Academy of Natural Sciences of Drexel University","2017-04-04","OKgcKejxXbI=","13C15N","1",,25,100,,,,,,,,"d15N",3.30,"perMill","ANSP P-16-202 Rev0",,,"Difference in volume filtered","legacyData|Did not meet quality audit requirements for analysis audit"
"4d465198-e64b-4596-91cb-ec6c552bf08f","D03","BARC","BARC.AOS.riparian.point.02","2015-07-15","BARC.20150715.EPIPHYTON.4",,"other (specify in remarks)","Academy of Natural Sciences of Drexel University","2017-04-04","OKgcKejxXbI=","13C15N","2",,25,100,,,,,,,,"d15N",5.19,"perMill","ANSP P-16-202 Rev0",,,"poor filter preservation","legacyData|Did not meet quality audit requirements for analysis audit"
"9126f9bb-1fb7-4c8d-ba3b-d728ca7df1e9","D03","BARC","BARC.AOS.littoral1","2015-07-15","BARC.20150715.PHYTOPLANKTON.2",,"condition ok","Academy of Natural Sciences of Drexel University","2016-08-01","OKgcKejxXbI=","CN","1",,25,100,,,,,,,,"carbon",214.86,"microgramsPerLiter","ANSP P-16-54 Rev2",,"N",,"legacyData|Did not meet quality audit requirements for analysis audit|acidTreatmentSOPNotFollowed"
"c4b2b61d-034b-4e4a-8505-6d65f6a0cf0b","D03","BARC","BARC.AOS.riparian.point.04","2015-07-15","BARC.20150715.EPIPHYTON.3",,"condition ok","Academy of Natural Sciences of Drexel University","2016-06-02","Txt9C5i/u7k=","chlorophyll/pheophytin","1",,25,100,,,,,,,,"chlorophyll a",,"microgramsPerLiter","ANSP P-16-92 Rev2",,,,"legacyData|Did not meet quality audit requirements for analysis audit"
"f3dbe516-0c91-4f3a-bc40-0399b8241471","D03","BARC","BARC.AOS.riparian.point.06","2015-07-15","BARC.20150715.EPIPHYTON.2",,"other (specify in remarks)","Academy of Natural Sciences of Drexel University","2017-04-04","OKgcKejxXbI=","13C15N","1",,25,100,,,,,,,,"d34S",9.47,"perMill","SO2 EA-combustion-IRMS method",,,"poor filter preservation","legacyData|Did not meet quality audit requirements for analysis audit"
"6812ba1e-93da-48ba-8389-f578a1a25d0e","D03","BARC","BARC.AOS.buoy.c0","2015-07-15","BARC.20150715.PHYTOPLANKTON.1",,"condition ok","Academy of Natural Sciences of Drexel University","2016-06-02","Txt9C5i/u7k=","chlorophyll/pheophytin","1",,25,100,,,,,,,,"chlorophyll a",,"microgramsPerLiter","ANSP P-16-92 Rev2",,,,"legacyData|Did not meet quality audit requirements for analysis audit"
"35552cf9-a8a9-468e-8667-4fca523d3a35","D03","BARC","BARC.AOS.riparian.point.06","2015-07-15","BARC.20150715.EPIPHYTON.2",,"condition ok","Academy of Natural Sciences of Drexel University","2016-06-02","Txt9C5i/u7k=","chlorophyll/pheophytin","1",,25,100,,,,,,,,"pheophytin",,"microgramsPerLiter","ANSP P-16-92 Rev2",,,,"legacyData|Did not meet quality audit requirements for analysis audit"
"3eb58c50-18ed-480c-883a-1e558591cf68","D03","BARC","BARC.AOS.riparian.point.02","2015-07-15","BARC.20150715.EPIPHYTON.4",,"condition ok","Academy of Natural Sciences of Drexel University","2016-08-01","OKgcKejxXbI=","CN","1",,25,100,,,,,,,,"nitrogen",20593.98,"microgramsPerLiter","ANSP P-16-54 Rev2",,,,"legacyData|Did not meet quality audit requirements for analysis audit"
"38a3f11e-7521-4b09-b42d-ad0f07cf1bda","D03","BARC","BARC.AOS.littoral2","2015-07-15","BARC.20150715.PHYTOPLANKTON.3",,"condition ok","Academy of Natural Sciences of Drexel University","2016-08-01","OKgcKejxXbI=","CN","1",,25,100,,,,,,,,"carbon",705.74,"microgramsPerLiter","ANSP P-16-54 Rev2",,"N",,"legacyData|Did not meet quality audit requirements for analysis audit|acidTreatmentSOPNotFollowed"
"00a4468e-883d-4959-bd98-7aa06df8419d","D03","BARC","BARC.AOS.riparian.point.06","2015-07-15","BARC.20150715.EPIPHYTON.2",,"other (specify in remarks)","Academy of Natural Sciences of Drexel University","2017-04-04","OKgcKejxXbI=","13C15N","1",,25,100,,,,,,,,"d13C",-27.85,"perMill","ANSP P-16-202 Rev0",,"N","poor filter preservation","legacyData|Did not meet quality audit requirements for analysis audit|acidTreatmentSOPNotFollowed"
"a0fcc4a0-1a1f-4193-a5ce-9c6a666707bc","D03","BARC","BARC.AOS.riparian.point.08","2015-07-15","BARC.20150715.EPIPHYTON.1",,"condition ok","Academy of Natural Sciences of Drexel University","2016-08-01","OKgcKejxXbI=","CN","1",,25,100,,,,,,,,"carbon",222329.71,"microgramsPerLiter","ANSP P-16-54 Rev2",,"N",,"legacyData|Did not meet quality audit requirements for analysis audit|acidTreatmentSOPNotFollowed"
"ea968a36-6764-4365-bdc1-10e7dc9e5335","D03","BARC","BARC.AOS.riparian.point.06","2015-07-15","BARC.20150715.EPIPHYTON.2",,"other (specify in remarks)","Academy of Natural Sciences of Drexel University","2017-04-04","OKgcKejxXbI=","13C15N","2",,25,100,,,,,,,,"d15N",,"perMill","ANSP P-16-202 Rev0",,,"not enough sample for analysis","legacyData|Did not meet quality audit requirements for analysis audit"
"3c051091-883d-4c32-8d3d-aef9d93e8c12","D03","BARC","BARC.AOS.littoral1","2015-07-15","BARC.20150715.PHYTOPLANKTON.2",,"other (specify in remarks)","Academy of Natural Sciences of Drexel University","2017-04-04","OKgcKejxXbI=","13C15N","2",,25,100,,,,,,,,"d13C",-30.24,"perMill","ANSP P-16-202 Rev0",,"N","poor filter preservation","legacyData|Did not meet quality audit requirements for analysis audit|acidTreatmentSOPNotFollowed"
"1e0bc6ee-1e26-43f9-baf1-7287b92a1321","D03","BARC","BARC.AOS.littoral2","2015-07-15","BARC.20150715.PHYTOPLANKTON.3",,"condition ok","Academy of Natural Sciences of Drexel University","2016-08-01","OKgcKejxXbI=","CN","1",,25,100,,,,,,,,"nitrogen",78.50,"microgramsPerLiter","ANSP P-16-54 Rev2",,,,"legacyData|Did not meet quality audit requirements for analysis audit"
"f5260917-4385-455d-b149-08bbba2fcdee","D03","BARC","BARC.AOS.riparian.point.10","2015-07-15","BARC.20150715.EPIPHYTON.5",,"condition ok","Academy of Natural Sciences of Drexel University","2016-06-13","+IoRzddUq5A=","P","1",,25,100,,,,,,,,"phosphorus",1400.00,"microgramsPerLiter","ANSP P-16-114 Rev2; ANSP P-16_95 Rev3",,,,"legacyData|Did not meet quality audit requirements for analysis audit"
"4ca1820b-4b97-47d5-a3f8-12be0a5bdefb","D03","BARC","BARC.AOS.littoral2","2015-07-15","BARC.20150715.PHYTOPLANKTON.3",,"other (specify in remarks)","Academy of Natural Sciences of Drexel University","2017-04-04","OKgcKejxXbI=","13C15N","1",,25,100,,,,,,,,"d15N",4.62,"perMill","ANSP P-16-202 Rev0",,,"poor filter preservation","legacyData|Did not meet quality audit requirements for analysis audit"
"5ff59c2c-248e-4fa8-a2f8-5c3ab8169459","D03","BARC","BARC.AOS.littoral2","2015-07-15","BARC.20150715.PHYTOPLANKTON.3",,"condition ok","Academy of Natural Sciences of Drexel University","2016-06-15","+IoRzddUq5A=","P","1",,25,100,,,,,,,,"phosphorus",11.06,"microgramsPerLiter","ANSP P-16-114 Rev2; ANSP P-16_95 Rev3",,,,"legacyData|Did not meet quality audit requirements for analysis audit"
"841aa195-63ed-4ccb-b9a2-be4c25386826","D03","BARC","BARC.AOS.riparian.point.10","2015-07-15","BARC.20150715.EPIPHYTON.5",,"other (specify in remarks)","Academy of Natural Sciences of Drexel University","2017-04-04","OKgcKejxXbI=","13C15N","2",,25,100,,,,,,,,"d15N",3.05,"perMill","ANSP P-16-202 Rev0",,,"Difference in volume filtered","legacyData|Did not meet quality audit requirements for analysis audit"
"dd639583-82f1-4254-a605-8821937a3753","D03","BARC","BARC.AOS.littoral1","2015-07-15","BARC.20150715.PHYTOPLANKTON.2",,"other (specify in remarks)","Academy of Natural Sciences of Drexel University","2016-06-02","Txt9C5i/u7k=","chlorophyll/pheophytin","1",,25,100,,,,,,,,"chlorophyll a",,"microgramsPerLiter","ANSP P-16-92 Rev2",,,"Slight poor folding, sample leakage","legacyData|Did not meet quality audit requirements for analysis audit"
"f6ca0d76-e59d-445b-8681-2aa686265960","D03","BARC","BARC.AOS.riparian.point.08","2015-07-15","BARC.20150715.EPIPHYTON.1",,"other (specify in remarks)","Academy of Natural Sciences of Drexel University","2017-04-04","OKgcKejxXbI=","13C15N","2",,25,100,,,,,,,,"d13C",,"perMill","ANSP P-16-202 Rev0",,"N","not enough sample for analysis","legacyData|Did not meet quality audit requirements for analysis audit|acidTreatmentSOPNotFollowed"
"f6ec7fd6-a93f-4864-943d-a0c5d7dce372","D03","BARC","BARC.AOS.buoy.c0","2015-07-15","BARC.20150715.PHYTOPLANKTON.1",,"condition ok","Academy of Natural Sciences of Drexel University","2016-08-01","OKgcKejxXbI=","CN","1",,25,100,,,,,,,,"nitrogen",43.02,"microgramsPerLiter","ANSP P-16-54 Rev2",,,,"legacyData|Did not meet quality audit requirements for analysis audit"
"46010275-8c98-47b8-83db-81c037b45711","D03","BARC","BARC.AOS.riparian.point.08","2015-07-15","BARC.20150715.EPIPHYTON.1",,"condition ok","Academy of Natural Sciences of Drexel University","2016-08-01","OKgcKejxXbI=","CN","2",,25,100,,,,,,,,"nitrogen",16959.08,"microgramsPerLiter","ANSP P-16-54 Rev2",,,,"legacyData|Did not meet quality audit requirements for analysis audit"
"3611e40a-461c-4fce-90e9-291981bb4f84","D03","BARC","BARC.AOS.riparian.point.04","2015-07-15","BARC.20150715.EPIPHYTON.3",,"other (specify in remarks)","Academy of Natural Sciences of Drexel University","2017-04-04","OKgcKejxXbI=","13C15N","2",,25,100,,,,,,,,"d13C",,"perMill","ANSP P-16-202 Rev0",,"N","not enough sample for analysis","legacyData|Did not meet quality audit requirements for analysis audit|acidTreatmentSOPNotFollowed"
"d3eae59c-e942-4764-82f7-092a6033f93c","D03","BARC","BARC.AOS.riparian.point.02","2015-07-15","BARC.20150715.EPIPHYTON.4",,"condition ok","Academy of Natural Sciences of Drexel University","2016-08-01","OKgcKejxXbI=","CN","2",,25,100,,,,,,,,"carbon",328388.21,"microgramsPerLiter","ANSP P-16-54 Rev2",,"N",,"legacyData|Did not meet quality audit requirements for analysis audit|acidTreatmentSOPNotFollowed"
"049c2318-90b2-4a8c-92a7-ae973089889f","D03","BARC","BARC.AOS.riparian.point.02","2015-07-15","BARC.20150715.EPIPHYTON.4",,"condition ok","Academy of Natural Sciences of Drexel University","2016-06-02","Txt9C5i/u7k=","chlorophyll/pheophytin","1",,25,100,,,,,,,,"chlorophyll a",,"microgramsPerLiter","ANSP P-16-92 Rev2",,,,"legacyData|Did not meet quality audit requirements for analysis audit"
"873698ea-a4f3-4f06-847d-52ffdca411c5","D03","BARC","BARC.AOS.riparian.point.06","2015-07-15","BARC.20150715.EPIPHYTON.2",,"condition ok","Academy of Natural Sciences of Drexel University","2016-08-01","OKgcKejxXbI=","CN","1",,25,100,,,,,,,,"carbon",102462.73,"microgramsPerLiter","ANSP P-16-54 Rev2",,"N",,"legacyData|Did not meet quality audit requirements for analysis audit|acidTreatmentSOPNotFollowed"
"1dea5016-5703-49e4-a1f2-a0b4c3e02925","D03","BARC","BARC.AOS.riparian.point.04","2015-07-15","BARC.20150715.EPIPHYTON.3",,"other (specify in remarks)","Academy of Natural Sciences of Drexel University","2017-04-04","OKgcKejxXbI=","13C15N","1",,25,100,,,,,,,,"d13C",-25.61,"perMill","ANSP P-16-202 Rev0",,"N","poor filter preservation","legacyData|Did not meet quality audit requirements for analysis audit|acidTreatmentSOPNotFollowed"
"2df3f37f-6eff-4773-b3c2-c97c9e58a849","D03","BARC","BARC.AOS.littoral1","2015-07-15","BARC.20150715.PHYTOPLANKTON.2",,"condition ok","Academy of Natural Sciences of Drexel University","2016-06-02","Txt9C5i/u7k=","chlorophyll/pheophytin","2",,25,100,,,,,,,,"chlorophyll a",,"microgramsPerLiter","ANSP P-16-92 Rev2",,,,"legacyData|Did not meet quality audit requirements for analysis audit"
"5ff8cc50-4510-4e0e-9550-a8540ff3ee85","D03","BARC","BARC.AOS.riparian.point.10","2015-07-15","BARC.20150715.EPIPHYTON.5",,"condition ok","Academy of Natural Sciences of Drexel University","2016-08-01","OKgcKejxXbI=","CN","2",,25,100,,,,,,,,"carbon",226919.97,"microgramsPerLiter","ANSP P-16-54 Rev2",,"N",,"legacyData|Did not meet quality audit requirements for analysis audit|acidTreatmentSOPNotFollowed"
"6e147125-a6d5-4423-b23e-53778e17016f","D03","BARC","BARC.AOS.buoy.c0","2015-07-15","BARC.20150715.PHYTOPLANKTON.1",,"condition ok","Academy of Natural Sciences of Drexel University","2016-06-02","Txt9C5i/u7k=","chlorophyll/pheophytin","1",,25,100,,,,,,,,"pheophytin",,"microgramsPerLiter","ANSP P-16-92 Rev2",,,,"legacyData|Did not meet quality audit requirements for analysis audit"
"efa92fa5-ecf9-4f23-8aeb-24c77dcb677b","D03","BARC","BARC.AOS.littoral1","2015-07-15","BARC.20150715.PHYTOPLANKTON.2",,"other (specify in remarks)","Academy of Natural Sciences of Drexel University","2017-04-04","OKgcKejxXbI=","13C15N","2",,25,100,,,,,,,,"d34S",15.26,"perMill","SO2 EA-combustion-IRMS method",,,"poor filter preservation","legacyData|Did not meet quality audit requirements for analysis audit"
"73091f4d-c027-4f9d-9a0e-3faaee6a4ce4","D03","BARC","BARC.AOS.riparian.point.02","2015-07-15","BARC.20150715.EPIPHYTON.4",,"condition ok","Academy of Natural Sciences of Drexel University","2016-06-02","Txt9C5i/u7k=","chlorophyll/pheophytin","1",,25,100,,,,,,,,"pheophytin",,"microgramsPerLiter","ANSP P-16-92 Rev2",,,,"legacyData|Did not meet quality audit requirements for analysis audit"
"0c484276-71c6-45e5-8468-1a69286e8664","D03","BARC","BARC.AOS.riparian.point.08","2015-07-15","BARC.20150715.EPIPHYTON.1",,"condition ok","Academy of Natural Sciences of Drexel University","2016-06-13","+IoRzddUq5A=","P","1",,25,100,,,,,,,,"phosphorus",1079.60,"microgramsPerLiter","ANSP P-16-114 Rev2; ANSP P-16_95 Rev3",,,,"legacyData|Did not meet quality audit requirements for analysis audit"
"c385313a-98e8-4a9a-88a4-330d9f0d0cab","D03","BARC","BARC.AOS.littoral2","2015-07-15","BARC.20150715.PHYTOPLANKTON.3",,"condition ok","Academy of Natural Sciences of Drexel University","2016-06-02","Txt9C5i/u7k=","chlorophyll/pheophytin","2",,25,100,,,,,,,,"pheophytin",,"microgramsPerLiter","ANSP P-16-92 Rev2",,,,"legacyData|Did not meet quality audit requirements for analysis audit"
"657bca84-0f97-4008-93ac-6a264e483b54","D03","BARC","BARC.AOS.buoy.c0","2015-07-15","BARC.20150715.PHYTOPLANKTON.1",,"condition ok","Academy of Natural Sciences of Drexel University","2016-08-01","OKgcKejxXbI=","CN","2",,25,100,,,,,,,,"carbon",285.80,"microgramsPerLiter","ANSP P-16-54 Rev2",,"N",,"legacyData|Did not meet quality audit requirements for analysis audit|acidTreatmentSOPNotFollowed"
"cf035a54-7888-4691-b902-fdb070d765cf","D03","BARC","BARC.AOS.buoy.c0","2015-07-15","BARC.20150715.PHYTOPLANKTON.1",,"other (specify in remarks)","Academy of Natural Sciences of Drexel University","2017-04-04","OKgcKejxXbI=","13C15N","2",,25,100,,,,,,,,"d34S",14.36,"perMill","SO2 EA-combustion-IRMS method",,,"poor filter preservation","legacyData|Did not meet quality audit requirements for analysis audit"
"e6d9bf95-aecd-4f06-9001-2855b406e369","D03","BARC","BARC.AOS.riparian.point.04","2015-07-15","BARC.20150715.EPIPHYTON.3",,"condition ok","Academy of Natural Sciences of Drexel University","2016-06-02","Txt9C5i/u7k=","chlorophyll/pheophytin","2",,25,100,,,,,,,,"chlorophyll a",,"microgramsPerLiter","ANSP P-16-92 Rev2",,,,"legacyData|Did not meet quality audit requirements for analysis audit"
"2214c87b-9ffc-4d6b-a508-e8736b205b54","D03","BARC","BARC.AOS.riparian.point.08","2015-07-15","BARC.20150715.EPIPHYTON.1",,"condition ok","Academy of Natural Sciences of Drexel University","2016-06-02","Txt9C5i/u7k=","chlorophyll/pheophytin","1",,25,100,,,,,,,,"chlorophyll a",,"microgramsPerLiter","ANSP P-16-92 Rev2",,,,"legacyData|Did not meet quality audit requirements for analysis audit"
"8686e603-9974-46cc-8b1e-9bb25519948a","D03","BARC","BARC.AOS.riparian.point.06","2015-07-15","BARC.20150715.EPIPHYTON.2",,"condition ok","Academy of Natural Sciences of Drexel University","2016-08-01","OKgcKejxXbI=","CN","2",,25,100,,,,,,,,"carbon",94918.41,"microgramsPerLiter","ANSP P-16-54 Rev2",,"N",,"legacyData|Did not meet quality audit requirements for analysis audit|acidTreatmentSOPNotFollowed"
"b87954b4-6529-4297-8ec2-ea0b2b7d2b39","D03","BARC","BARC.AOS.riparian.point.04","2015-07-15","BARC.20150715.EPIPHYTON.3",,"condition ok","Academy of Natural Sciences of Drexel University","2016-06-02","Txt9C5i/u7k=","chlorophyll/pheophytin","1",,25,100,,,,,,,,"pheophytin",,"microgramsPerLiter","ANSP P-16-92 Rev2",,,,"legacyData|Did not meet quality audit requirements for analysis audit"
"bf4e65c6-2ff9-4088-9150-7aea4bcf5775","D03","BARC","BARC.AOS.riparian.point.02","2015-07-15","BARC.20150715.EPIPHYTON.4",,"other (specify in remarks)","Academy of Natural Sciences of Drexel University","2017-04-04","OKgcKejxXbI=","13C15N","1",,25,100,,,,,,,,"d15N",4.72,"perMill","ANSP P-16-202 Rev0",,,"poor filter preservation","legacyData|Did not meet quality audit requirements for analysis audit"
"6d08f8ca-d5c3-4c53-97f8-aebab3c9160e","D03","BARC","BARC.AOS.buoy.c0","2015-07-15","BARC.20150715.PHYTOPLANKTON.1",,"other (specify in remarks)","Academy of Natural Sciences of Drexel University","2017-04-04","OKgcKejxXbI=","13C15N","2",,25,100,,,,,,,,"d15N",3.27,"perMill","ANSP P-16-202 Rev0",,,"poor filter preservation","legacyData|Did not meet quality audit requirements for analysis audit"
"92d0212e-801e-42ef-a885-825757557870","D03","BARC","BARC.AOS.riparian.point.04","2015-07-15","BARC.20150715.EPIPHYTON.3",,"other (specify in remarks)","Academy of Natural Sciences of Drexel University","2017-04-04","OKgcKejxXbI=","13C15N","2",,25,100,,,,,,,,"d15N",5.25,"perMill","ANSP P-16-202 Rev0",,,"poor filter preservation","legacyData|Did not meet quality audit requirements for analysis audit"
"400b36d3-a961-4a8e-b15c-f915d5939ff4","D03","BARC","BARC.AOS.riparian.point.06","2015-07-15","BARC.20150715.EPIPHYTON.2",,"other (specify in remarks)","Academy of Natural Sciences of Drexel University","2017-04-04","OKgcKejxXbI=","13C15N","2",,25,100,,,,,,,,"d13C",,"perMill","ANSP P-16-202 Rev0",,"N","not enough sample for analysis","legacyData|Did not meet quality audit requirements for analysis audit|acidTreatmentSOPNotFollowed"
"a04dc99c-948b-463c-a783-ccd878b46303","D03","BARC","BARC.AOS.riparian.point.06","2015-07-15","BARC.20150715.EPIPHYTON.2",,"other (specify in remarks)","Academy of Natural Sciences of Drexel University","2017-04-04","OKgcKejxXbI=","13C15N","1",,25,100,,,,,,,,"d15N",3.86,"perMill","ANSP P-16-202 Rev0",,,"poor filter preservation","legacyData|Did not meet quality audit requirements for analysis audit"
"ad03195e-e19f-4caa-afd5-26c1a3e87d72","D03","BARC","BARC.AOS.riparian.point.04","2015-07-15","BARC.20150715.EPIPHYTON.3",,"condition ok","Academy of Natural Sciences of Drexel University","2016-08-01","OKgcKejxXbI=","CN","2",,25,100,,,,,,,,"carbon",321285.80,"microgramsPerLiter","ANSP P-16-54 Rev2",,"N",,"legacyData|Did not meet quality audit requirements for analysis audit|acidTreatmentSOPNotFollowed"
"4f423c5c-dcd4-4214-9470-052a48f9f937","D03","BARC","BARC.AOS.littoral1","2015-07-15","BARC.20150715.PHYTOPLANKTON.2",,"condition ok","Academy of Natural Sciences of Drexel University","2016-08-01","OKgcKejxXbI=","CN","1",,25,100,,,,,,,,"nitrogen",44.09,"microgramsPerLiter","ANSP P-16-54 Rev2",,,,"legacyData|Did not meet quality audit requirements for analysis audit"
"500029c2-871e-46e8-ab18-d6e663dc6591","D03","BARC","BARC.AOS.riparian.point.02","2015-07-15","BARC.20150715.EPIPHYTON.4",,"condition ok","Academy of Natural Sciences of Drexel University","2016-08-01","OKgcKejxXbI=","CN","1",,25,100,,,,,,,,"carbon",326057.07,"microgramsPerLiter","ANSP P-16-54 Rev2",,"N",,"legacyData|Did not meet quality audit requirements for analysis audit|acidTreatmentSOPNotFollowed"
"c6b1b6af-06ec-48b9-a1d8-835910465419","D03","BARC","BARC.AOS.riparian.point.10","2015-07-15","BARC.20150715.EPIPHYTON.5",,"other (specify in remarks)","Academy of Natural Sciences of Drexel University","2017-04-04","OKgcKejxXbI=","13C15N","1",,25,100,,,,,,,,"d13C",-29.56,"perMill","ANSP P-16-202 Rev0",,"N","Difference in volume filtered","legacyData|Did not meet quality audit requirements for analysis audit|acidTreatmentSOPNotFollowed"
"7bdc681c-1807-44d7-ae08-6551ba3c59e9","D03","BARC","BARC.AOS.littoral2","2015-07-15","BARC.20150715.PHYTOPLANKTON.3",,"other (specify in remarks)","Academy of Natural Sciences of Drexel University","2017-04-04","OKgcKejxXbI=","13C15N","1",,25,100,,,,,,,,"d13C",-26.90,"perMill","ANSP P-16-202 Rev0",,"N","poor filter preservation","legacyData|Did not meet quality audit requirements for analysis audit|acidTreatmentSOPNotFollowed"
"a3138662-a034-4827-b4d1-c50a9599b7c0","D03","BARC","BARC.AOS.riparian.point.02","2015-07-15","BARC.20150715.EPIPHYTON.4",,"condition ok","Academy of Natural Sciences of Drexel University","2016-06-02","Txt9C5i/u7k=","chlorophyll/pheophytin","2",,25,100,,,,,,,,"chlorophyll a",,"microgramsPerLiter","ANSP P-16-92 Rev2",,,,"legacyData|Did not meet quality audit requirements for analysis audit"
"66c77f89-3c39-4ec0-ac2b-63e77bd05b45","D03","BARC","BARC.AOS.riparian.point.10","2015-07-15","BARC.20150715.EPIPHYTON.5",,"other (specify in remarks)","Academy of Natural Sciences of Drexel University","2017-04-04","OKgcKejxXbI=","13C15N","2",,25,100,,,,,,,,"d13C",,"perMill","ANSP P-16-202 Rev0",,"N","not enough sample for analysis","legacyData|Did not meet quality audit requirements for analysis audit|acidTreatmentSOPNotFollowed"
"3b0dda12-e125-4be6-b9a3-62abbb237cc3","D03","BARC","BARC.AOS.riparian.point.08","2015-07-15","BARC.20150715.EPIPHYTON.1",,"other (specify in remarks)","Academy of Natural Sciences of Drexel University","2017-04-04","OKgcKejxXbI=","13C15N","1",,25,100,,,,,,,,"d34S",10.63,"perMill","SO2 EA-combustion-IRMS method",,,"poor filter preservation","legacyData|Did not meet quality audit requirements for analysis audit"
"0b1e5490-6e1c-4dc6-9317-fc29898138c5","D03","BARC","BARC.AOS.riparian.point.08","2015-07-15","BARC.20150715.EPIPHYTON.1",,"condition ok","Academy of Natural Sciences of Drexel University","2016-06-02","Txt9C5i/u7k=","chlorophyll/pheophytin","2",,25,100,,,,,,,,"chlorophyll a",,"microgramsPerLiter","ANSP P-16-92 Rev2",,,,"legacyData|Did not meet quality audit requirements for analysis audit"
"a8d198b4-60bd-47b1-9dd4-3d2b80fa05b4","D03","BARC","BARC.AOS.littoral1","2015-07-15","BARC.20150715.PHYTOPLANKTON.2",,"condition ok","Academy of Natural Sciences of Drexel University","2016-06-02","Txt9C5i/u7k=","chlorophyll/pheophytin","2",,25,100,,,,,,,,"pheophytin",,"microgramsPerLiter","ANSP P-16-92 Rev2",,,,"legacyData|Did not meet quality audit requirements for analysis audit"
"58ecaed1-dcc0-4c5a-b9e3-f8a780156bc8","D03","BARC","BARC.AOS.littoral2","2015-07-15","BARC.20150715.PHYTOPLANKTON.3",,"condition ok","Academy of Natural Sciences of Drexel University","2016-06-02","Txt9C5i/u7k=","chlorophyll/pheophytin","1",,25,100,,,,,,,,"pheophytin",,"microgramsPerLiter","ANSP P-16-92 Rev2",,,,"legacyData|Did not meet quality audit requirements for analysis audit"
"9f022101-6fdc-402d-84cb-5b07ff6333b7","D03","BARC","BARC.AOS.riparian.point.02","2015-07-15","BARC.20150715.EPIPHYTON.4",,"condition ok","Academy of Natural Sciences of Drexel University","2016-06-13","+IoRzddUq5A=","P","1",,25,100,,,,,,,,"phosphorus",1634.00,"microgramsPerLiter","ANSP P-16-114 Rev2; ANSP P-16_95 Rev3",,,,"legacyData|Did not meet quality audit requirements for analysis audit"
"3176dfac-b6a4-4038-a396-755f9a1cbdac","D03","BARC","BARC.AOS.riparian.point.04","2015-07-15","BARC.20150715.EPIPHYTON.3",,"condition ok","Academy of Natural Sciences of Drexel University","2016-08-01","OKgcKejxXbI=","CN","1",,25,100,,,,,,,,"nitrogen",22184.60,"microgramsPerLiter","ANSP P-16-54 Rev2",,,,"legacyData|Did not meet quality audit requirements for analysis audit"
"b0d2061d-0bc0-4162-ada2-572acb33064a","D03","BARC","BARC.AOS.buoy.c0","2015-07-15","BARC.20150715.PHYTOPLANKTON.1",,"other (specify in remarks)","Academy of Natural Sciences of Drexel University","2017-04-04","OKgcKejxXbI=","13C15N","2",,25,100,,,,,,,,"d13C",-29.80,"perMill","ANSP P-16-202 Rev0",,"N","poor filter preservation","legacyData|Did not meet quality audit requirements for analysis audit|acidTreatmentSOPNotFollowed"
"1f3579ba-eb6e-42e8-97b3-593119a6e5ef","D03","BARC","BARC.AOS.littoral1","2015-07-15","BARC.20150715.PHYTOPLANKTON.2",,"other (specify in remarks)","Academy of Natural Sciences of Drexel University","2017-04-04","OKgcKejxXbI=","13C15N","1",,25,100,,,,,,,,"d13C",,"perMill","ANSP P-16-202 Rev0",,"N","not enough sample for analysis","legacyData|Did not meet quality audit requirements for analysis audit|acidTreatmentSOPNotFollowed"
"9a3188b2-9bb8-41e0-b601-03e7858b6787","D03","BARC","BARC.AOS.buoy.c0","2015-07-15","BARC.20150715.PHYTOPLANKTON.1",,"other (specify in remarks)","Academy of Natural Sciences of Drexel University","2017-04-04","OKgcKejxXbI=","13C15N","1",,25,100,,,,,,,,"d15N",,"perMill","ANSP P-16-202 Rev0",,,"not enough sample for analysis","legacyData|Did not meet quality audit requirements for analysis audit"
"5016c625-984b-4e7d-a8a7-10e31254fdf2","D03","BARC","BARC.AOS.riparian.point.02","2015-07-15","BARC.20150715.EPIPHYTON.4",,"condition ok","Academy of Natural Sciences of Drexel University","2016-06-02","Txt9C5i/u7k=","chlorophyll/pheophytin","2",,25,100,,,,,,,,"pheophytin",,"microgramsPerLiter","ANSP P-16-92 Rev2",,,,"legacyData|Did not meet quality audit requirements for analysis audit"
"76184668-0e70-4d79-aa20-1573534a7ceb","D03","BARC","BARC.AOS.littoral1","2015-07-15","BARC.20150715.PHYTOPLANKTON.2",,"condition ok","Academy of Natural Sciences of Drexel University","2016-08-01","OKgcKejxXbI=","CN","2",,25,100,,,,,,,,"nitrogen",40.23,"microgramsPerLiter","ANSP P-16-54 Rev2",,,,"legacyData|Did not meet quality audit requirements for analysis audit"
"6dfa594e-ca73-4934-b662-b555e4e724e0","D03","BARC","BARC.AOS.riparian.point.10","2015-07-15","BARC.20150715.EPIPHYTON.5",,"other (specify in remarks)","Academy of Natural Sciences of Drexel University","2017-04-04","OKgcKejxXbI=","13C15N","1",,25,100,,,,,,,,"d34S",11.34,"perMill","SO2 EA-combustion-IRMS method",,,"poor filter preservation","legacyData|Did not meet quality audit requirements for analysis audit"
"779b4c42-a81f-4a97-9563-1465a0d771ff","D03","BARC","BARC.AOS.riparian.point.02","2015-07-15","BARC.20150715.EPIPHYTON.4",,"other (specify in remarks)","Academy of Natural Sciences of Drexel University","2017-04-04","OKgcKejxXbI=","13C15N","2",,25,100,,,,,,,,"d13C",,"perMill","ANSP P-16-202 Rev0",,"N","not enough sample for analysis","legacyData|Did not meet quality audit requirements for analysis audit|acidTreatmentSOPNotFollowed"
"e8ffa55b-eddf-4fa9-a32d-13352664a5b9","D03","BARC","BARC.AOS.riparian.point.04","2015-07-15","BARC.20150715.EPIPHYTON.3",,"condition ok","Academy of Natural Sciences of Drexel University","2016-08-01","OKgcKejxXbI=","CN","1",,25,100,,,,,,,,"carbon",345304.84,"microgramsPerLiter","ANSP P-16-54 Rev2",,"N",,"legacyData|Did not meet quality audit requirements for analysis audit|acidTreatmentSOPNotFollowed"
"0be672f4-12ba-4f44-8d15-15735a209b3e","D03","BARC","BARC.AOS.riparian.point.04","2015-07-15","BARC.20150715.EPIPHYTON.3",,"condition ok","Academy of Natural Sciences of Drexel University","2016-08-01","OKgcKejxXbI=","CN","2",,25,100,,,,,,,,"nitrogen",20748.13,"microgramsPerLiter","ANSP P-16-54 Rev2",,,,"legacyData|Did not meet quality audit requirements for analysis audit"
"d74c1a5c-d75b-4aa6-8136-2d2c950f25fb","D03","BARC","BARC.AOS.littoral1","2015-07-15","BARC.20150715.PHYTOPLANKTON.2",,"condition ok","Academy of Natural Sciences of Drexel University","2016-08-01","OKgcKejxXbI=","CN","2",,25,100,,,,,,,,"carbon",196.09,"microgramsPerLiter","ANSP P-16-54 Rev2",,"N",,"legacyData|Did not meet quality audit requirements for analysis audit|acidTreatmentSOPNotFollowed"
"5e77a9b0-3bc5-46b3-aead-a0b94dc92e56","D03","BARC","BARC.AOS.riparian.point.04","2015-07-15","BARC.20150715.EPIPHYTON.3",,"other (specify in remarks)","Academy of Natural Sciences of Drexel University","2017-04-04","OKgcKejxXbI=","13C15N","1",,25,100,,,,,,,,"d34S",10.67,"perMill","SO2 EA-combustion-IRMS method",,,"poor filter preservation","legacyData|Did not meet quality audit requirements for analysis audit"
"fe70aa27-3854-4e2b-a3a6-69094a4619cb","D03","BARC","BARC.AOS.littoral1","2015-07-15","BARC.20150715.PHYTOPLANKTON.2",,"other (specify in remarks)","Academy of Natural Sciences of Drexel University","2016-06-02","Txt9C5i/u7k=","chlorophyll/pheophytin","1",,25,100,,,,,,,,"pheophytin",,"microgramsPerLiter","ANSP P-16-92 Rev2",,,"Slight poor folding, sample leakage","legacyData|Did not meet quality audit requirements for analysis audit"
"d3117a22-9bd7-49f1-b2f1-a1ac36a7d8b8","D03","BARC","BARC.AOS.riparian.point.10","2015-07-15","BARC.20150715.EPIPHYTON.5",,"condition ok","Academy of Natural Sciences of Drexel University","2016-06-02","Txt9C5i/u7k=","chlorophyll/pheophytin","2",,25,100,,,,,,,,"chlorophyll a",,"microgramsPerLiter","ANSP P-16-92 Rev2",,,,"legacyData|Did not meet quality audit requirements for analysis audit"
"7db3662b-51c7-44ba-b6f9-1772fab76c5b","D03","BARC","BARC.AOS.riparian.point.10","2015-07-15","BARC.20150715.EPIPHYTON.5",,"condition ok","Academy of Natural Sciences of Drexel University","2016-08-01","OKgcKejxXbI=","CN","1",,25,100,,,,,,,,"carbon",483347.52,"microgramsPerLiter","ANSP P-16-54 Rev2",,"N",,"legacyData|Did not meet quality audit requirements for analysis audit|acidTreatmentSOPNotFollowed"
"d081c6e7-9606-439a-8981-f42658c44c5a","D03","BARC","BARC.AOS.riparian.point.06","2015-07-15","BARC.20150715.EPIPHYTON.2",,"condition ok","Academy of Natural Sciences of Drexel University","2016-06-02","Txt9C5i/u7k=","chlorophyll/pheophytin","2",,25,100,,,,,,,,"pheophytin",,"microgramsPerLiter","ANSP P-16-92 Rev2",,,,"legacyData|Did not meet quality audit requirements for analysis audit"
"e1b631c8-ea9d-4ae7-85b0-b0f70319b63d","D03","BARC","BARC.AOS.riparian.point.10","2015-07-15","BARC.20150715.EPIPHYTON.5",,"condition ok","Academy of Natural Sciences of Drexel University","2016-06-02","Txt9C5i/u7k=","chlorophyll/pheophytin","2",,25,100,,,,,,,,"pheophytin",,"microgramsPerLiter","ANSP P-16-92 Rev2",,,,"legacyData|Did not meet quality audit requirements for analysis audit"
"2635500d-8082-4d97-bc15-734d82d6e789","D03","BARC","BARC.AOS.riparian.point.06","2015-07-15","BARC.20150715.EPIPHYTON.2",,"condition ok","Academy of Natural Sciences of Drexel University","2016-08-01","OKgcKejxXbI=","CN","2",,25,100,,,,,,,,"nitrogen",7114.13,"microgramsPerLiter","ANSP P-16-54 Rev2",,,,"legacyData|Did not meet quality audit requirements for analysis audit"
"a6b37ac1-d04e-4669-bc6e-85b392446b42","D03","BARC","BARC.AOS.riparian.point.08","2015-07-15","BARC.20150715.EPIPHYTON.1",,"condition ok","Academy of Natural Sciences of Drexel University","2016-08-01","OKgcKejxXbI=","CN","1",,25,100,,,,,,,,"nitrogen",17945.59,"microgramsPerLiter","ANSP P-16-54 Rev2",,,,"legacyData|Did not meet quality audit requirements for analysis audit"
"ac97626c-5592-4de3-a4aa-c5e7e9d7fe5c","D03","BARC","BARC.AOS.riparian.point.02","2015-07-15","BARC.20150715.EPIPHYTON.4",,"other (specify in remarks)","Academy of Natural Sciences of Drexel University","2017-04-04","OKgcKejxXbI=","13C15N","1",,25,100,,,,,,,,"d34S",10.47,"perMill","SO2 EA-combustion-IRMS method",,,"poor filter preservation","legacyData|Did not meet quality audit requirements for analysis audit"
"83e59ab4-aba7-420e-a2b8-c6ccd5c1b935","D03","BARC","BARC.AOS.riparian.point.08","2015-07-15","BARC.20150715.EPIPHYTON.1",,"condition ok","Academy of Natural Sciences of Drexel University","2016-08-01","OKgcKejxXbI=","CN","2",,25,100,,,,,,,,"carbon",210973.53,"microgramsPerLiter","ANSP P-16-54 Rev2",,"N",,"legacyData|Did not meet quality audit requirements for analysis audit|acidTreatmentSOPNotFollowed"
"518f7261-f47f-4d84-b91f-5d95dbb5b131","D03","BARC","BARC.AOS.buoy.c0","2015-07-15","BARC.20150715.PHYTOPLANKTON.1",,"other (specify in remarks)","Academy of Natural Sciences of Drexel University","2017-04-04","OKgcKejxXbI=","13C15N","1",,25,100,,,,,,,,"d13C",,"perMill","ANSP P-16-202 Rev0",,"N","not enough sample for analysis","legacyData|Did not meet quality audit requirements for analysis audit|acidTreatmentSOPNotFollowed"
"37052374-5ad7-4a4d-ae10-f1324a58de59","D03","BARC","BARC.AOS.riparian.point.10","2015-07-15","BARC.20150715.EPIPHYTON.5",,"condition ok","Academy of Natural Sciences of Drexel University","2016-08-01","OKgcKejxXbI=","CN","2",,25,100,,,,,,,,"nitrogen",15169.87,"microgramsPerLiter","ANSP P-16-54 Rev2",,,,"legacyData|Did not meet quality audit requirements for analysis audit"
"92ebefb3-4fc2-45c2-8c80-0228bce6836f","D03","BARC","BARC.AOS.riparian.point.10","2015-07-15","BARC.20150715.EPIPHYTON.5",,"condition ok","Academy of Natural Sciences of Drexel University","2016-06-02","Txt9C5i/u7k=","chlorophyll/pheophytin","1",,25,100,,,,,,,,"chlorophyll a",,"microgramsPerLiter","ANSP P-16-92 Rev2",,,,"legacyData|Did not meet quality audit requirements for analysis audit"
"a95ef153-7142-4158-a877-e722b9c477ad","D03","BARC","BARC.AOS.buoy.c0","2015-07-15","BARC.20150715.PHYTOPLANKTON.1",,"condition ok","Academy of Natural Sciences of Drexel University","2016-06-15","+IoRzddUq5A=","P","1",,25,100,,,,,,,,"phosphorus",9.91,"microgramsPerLiter","ANSP P-16-114 Rev2; ANSP P-16_95 Rev3",,,,"legacyData|Did not meet quality audit requirements for analysis audit"
"bd4255f7-381b-412a-bc87-65f842f1bc09","D03","BARC","BARC.AOS.buoy.c0","2015-07-15","BARC.20150715.PHYTOPLANKTON.1",,"condition ok","Academy of Natural Sciences of Drexel University","2016-08-01","OKgcKejxXbI=","CN","2",,25,100,,,,,,,,"nitrogen",56.72,"microgramsPerLiter","ANSP P-16-54 Rev2",,,,"legacyData|Did not meet quality audit requirements for analysis audit"
"4d97dc61-9fa3-425a-9475-5997c849619b","D03","BARC","BARC.AOS.littoral2","2015-07-15","BARC.20150715.PHYTOPLANKTON.3",,"other (specify in remarks)","Academy of Natural Sciences of Drexel University","2017-04-04","OKgcKejxXbI=","13C15N","2",,25,100,,,,,,,,"d13C",-30.76,"perMill","ANSP P-16-202 Rev0",,"N","poor filter preservation","legacyData|Did not meet quality audit requirements for analysis audit|acidTreatmentSOPNotFollowed"
"9ad3eaca-ecf8-435d-92e4-3464d3917247","D03","BARC","BARC.AOS.riparian.point.08","2015-07-15","BARC.20150715.EPIPHYTON.1",,"other (specify in remarks)","Academy of Natural Sciences of Drexel University","2017-04-04","OKgcKejxXbI=","13C15N","2",,25,100,,,,,,,,"d15N",,"perMill","ANSP P-16-202 Rev0",,,"not enough sample for analysis","legacyData|Did not meet quality audit requirements for analysis audit"
"4cfb5655-1610-4be1-8b8c-16c127158075","D03","BARC","BARC.AOS.riparian.point.08","2015-07-15","BARC.20150715.EPIPHYTON.1",,"condition ok","Academy of Natural Sciences of Drexel University","2016-06-02","Txt9C5i/u7k=","chlorophyll/pheophytin","2",,25,100,,,,,,,,"pheophytin",,"microgramsPerLiter","ANSP P-16-92 Rev2",,,,"legacyData|Did not meet quality audit requirements for analysis audit"
"96ebd402-4cf5-40ed-9ac0-eaf736557d87","D03","BARC","BARC.AOS.riparian.point.06","2015-07-15","BARC.20150715.EPIPHYTON.2",,"condition ok","Academy of Natural Sciences of Drexel University","2016-08-01","OKgcKejxXbI=","CN","1",,25,100,,,,,,,,"nitrogen",8125.98,"microgramsPerLiter","ANSP P-16-54 Rev2",,,,"legacyData|Did not meet quality audit requirements for analysis audit"
"c5efc466-824c-4b96-9cde-10cc2edace87","D03","BARC","BARC.AOS.littoral1","2015-07-15","BARC.20150715.PHYTOPLANKTON.2",,"other (specify in remarks)","Academy of Natural Sciences of Drexel University","2017-04-04","OKgcKejxXbI=","13C15N","1",,25,100,,,,,,,,"d15N",,"perMill","ANSP P-16-202 Rev0",,,"not enough sample for analysis","legacyData|Did not meet quality audit requirements for analysis audit"
"d1ae7067-43d3-43ae-84ed-77533c1aaeee","D03","BARC","BARC.AOS.riparian.point.10","2015-07-15","BARC.20150715.EPIPHYTON.5",,"condition ok","Academy of Natural Sciences of Drexel University","2016-06-02","Txt9C5i/u7k=","chlorophyll/pheophytin","1",,25,100,,,,,,,,"pheophytin",,"microgramsPerLiter","ANSP P-16-92 Rev2",,,,"legacyData|Did not meet quality audit requirements for analysis audit"
"46623213-017a-46e1-bc45-bd537c1ff2c6","D03","BARC","BARC.AOS.littoral2","2015-07-15","BARC.20150715.PHYTOPLANKTON.3",,"condition ok","Academy of Natural Sciences of Drexel University","2016-08-01","OKgcKejxXbI=","CN","2",,25,100,,,,,,,,"carbon",848.06,"microgramsPerLiter","ANSP P-16-54 Rev2",,"N",,"legacyData|Did not meet quality audit requirements for analysis audit|acidTreatmentSOPNotFollowed"
"61a2af8a-48aa-467d-8fd5-11d2de132a1f","D03","BARC","BARC.AOS.littoral1","2015-07-15","BARC.20150715.PHYTOPLANKTON.2",,"other (specify in remarks)","Academy of Natural Sciences of Drexel University","2017-04-04","OKgcKejxXbI=","13C15N","2",,25,100,,,,,,,,"d15N",5.04,"perMill","ANSP P-16-202 Rev0",,,"poor filter preservation","legacyData|Did not meet quality audit requirements for analysis audit"
"3fe92b8b-3233-4799-ace0-445d27173e0d","D03","BARC","BARC.AOS.riparian.point.06","2015-07-15","BARC.20150715.EPIPHYTON.2",,"condition ok","Academy of Natural Sciences of Drexel University","2016-06-02","Txt9C5i/u7k=","chlorophyll/pheophytin","1",,25,100,,,,,,,,"chlorophyll a",,"microgramsPerLiter","ANSP P-16-92 Rev2",,,,"legacyData|Did not meet quality audit requirements for analysis audit"
"ab25e61a-5381-41bc-a4c1-49e96f5c50f5","D03","BARC","BARC.AOS.riparian.point.08","2015-07-15","BARC.20150715.EPIPHYTON.1",,"condition ok","Academy of Natural Sciences of Drexel University","2016-06-02","Txt9C5i/u7k=","chlorophyll/pheophytin","1",,25,100,,,,,,,,"pheophytin",,"microgramsPerLiter","ANSP P-16-92 Rev2",,,,"legacyData|Did not meet quality audit requirements for analysis audit"
"4a8ba6ae-f916-4a82-9a71-b883ac0467db","D03","BARC","BARC.AOS.riparian.point.10","2015-07-15","BARC.20150715.EPIPHYTON.5",,"condition ok","Academy of Natural Sciences of Drexel University","2016-08-01","OKgcKejxXbI=","CN","1",,25,100,,,,,,,,"nitrogen",27690.73,"microgramsPerLiter","ANSP P-16-54 Rev2",,,,"legacyData|Did not meet quality audit requirements for analysis audit"
"62007297-c046-4617-9bf6-c870ceffdb85","D03","BARC","BARC.AOS.riparian.point.06","2015-07-15","BARC.20150715.EPIPHYTON.2",,"condition ok","Academy of Natural Sciences of Drexel University","2016-06-13","+IoRzddUq5A=","P","1",,25,100,,,,,,,,"phosphorus",525.07,"microgramsPerLiter","ANSP P-16-114 Rev2; ANSP P-16_95 Rev3",,,,"legacyData|Did not meet quality audit requirements for analysis audit"
