uid,domainID,siteID,namedLocation,date,eventID,sampleDepth,waterTemp,specificConductance,dissolvedOxygen,dissolvedOxygenSaturation,dataQF
"02122e53-4383-493a-a056-c6b404a93bde","D03","SUGG","SUGG.AOS.buoy.c0","2021-01-05T15:55Z","SUGG.c0.20210105",1.5,13.2,71.3,8.0,76.7,
"7aec57eb-7cf1-48c0-823b-797679e1b3f2","D03","SUGG","SUGG.AOS.buoy.c0","2021-01-05T15:55Z","SUGG.c0.20210105",1.0,13.4,71.2,8.0,75.7,
"98d04a8a-8d42-4eec-947c-b24dac8f2106","D03","SUGG","SUGG.AOS.buoy.c0","2021-01-05T15:55Z","SUGG.c0.20210105",0.5,13.4,70.9,8.3,78.4,
"107d8b25-c32b-4376-9001-30a58bc55bc0","D03","SUGG","SUGG.AOS.buoy.c0","2021-01-26T15:24Z","SUGG.c0.20210126",1.5,13.3,73.0,7.8,75.7,
"9b52e8fb-a3c5-4ad7-bb58-24d7f883e8de","D03","SUGG","SUGG.AOS.buoy.c0","2021-01-26T15:24Z","SUGG.c0.20210126",0.5,14.3,72.3,8.6,84.5,
"0d2ba515-766a-4d5f-84b9-f35d1b191e67","D03","SUGG","SUGG.AOS.buoy.c0","2021-01-26T15:24Z","SUGG.c0.20210126",1.0,14.0,72.7,8.1,78.4,
