uid,domainID,siteID,namedLocation,collectDate,parentSampleID,sampleID,sampleCode,filterNumber,analysisType,fieldSampleVolume,domainFilterVolume,storageDays,remarks,measuredBy,recordedBy,sampleCondition,dataQF
"390b0332-f590-487a-8a59-bd6dd96050e7","D03","BARC","BARC.AOS.littoral2","2018-11-12T16:35Z","BARC.20181112.PHYTOPLANKTON.3","BARC.20181112.PHYTOPLANKTON.3.CNSA.1","A00000037122",1,"CNSa",5000.0,250.0,1.0,,"biwaniec@battelleecology.org","kross@BattelleEcology.org","OK",
"ff3ed114-7c0a-470e-ad84-f2743e88d35b","D03","BARC","BARC.AOS.riparian.point.07","2018-11-12T16:35Z","BARC.20181112.EPIPHYTON.7","BARC.20181112.EPIPHYTON.7.CNSA.1","A00000037110",1,"CNSa",114.5,3.0,0.2,,"kkelley@battelleecology.org","kludwig@battelleecology.org","OK",
"f3482b0c-75a4-4965-b169-e212c717cc82","D03","BARC","BARC.AOS.buoy.c0","2018-11-12T16:35Z","BARC.20181112.PHYTOPLANKTON.1","BARC.20181112.PHYTOPLANKTON.1.CNSA.1","A00000037114",1,"CNSa",5000.0,250.0,1.0,,"kkelley@battelleecology.org","kludwig@battelleecology.org","OK",
"23cf7a47-3ff0-4c6c-95d3-5bf5af15ed2b","D03","BARC","BARC.AOS.riparian.point.01","2018-11-12T16:35Z","BARC.20181112.EPIPHYTON.1","BARC.20181112.EPIPHYTON.1.P.1","A00000037099",1,"P",114.0,3.0,0.2,,"kkelley@battelleecology.org","kludwig@battelleecology.org","OK",
"b7f311bf-842c-4202-a02f-b95a9d39bd5a","D03","BARC","BARC.AOS.littoral1","2018-11-12T16:35Z","BARC.20181112.PHYTOPLANKTON.2","BARC.20181112.PHYTOPLANKTON.2.CNSB.1","A00000037118",1,"CNSb",5000.0,250.0,1.0,,"kkelley@battelleecology.org","kludwig@battelleecology.org","OK",
"c01ce5fb-a5b0-4fdf-97b4-0e0d5833bba0","D03","BARC","BARC.AOS.riparian.point.05","2018-11-12T16:35Z","BARC.20181112.EPIPHYTON.5","BARC.20181112.EPIPHYTON.5.CNSB.1","A00000037107",1,"CNSb",125.0,6.0,0.2,,"kkelley@battelleecology.org","kludwig@battelleecology.org","OK",
"cc982ac9-21b6-46d9-84de-a931caeaf342","D03","BARC","BARC.AOS.riparian.point.01","2018-11-12T16:35Z","BARC.20181112.EPIPHYTON.1","BARC.20181112.EPIPHYTON.1.CNSB.1","A00000037100",1,"CNSb",114.0,3.0,0.2,,"kkelley@battelleecology.org","kludwig@battelleecology.org","OK",
"2bb62ab2-854e-4aa4-b36e-99349d3bb975","D03","BARC","BARC.AOS.littoral1","2018-11-12T16:35Z","BARC.20181112.PHYTOPLANKTON.2","BARC.20181112.PHYTOPLANKTON.2.P.1","A00000037117",1,"P",5000.0,250.0,1.0,,"kkelley@battelleecology.org","kludwig@battelleecology.org","OK",
"be32ea0d-8b66-463c-8a00-a054e6e326e6","D03","BARC","BARC.AOS.riparian.point.07","2018-11-12T16:35Z","BARC.20181112.EPIPHYTON.7","BARC.20181112.EPIPHYTON.7.P.1","A00000037112",1,"P",114.5,3.0,0.2,,"kkelley@battelleecology.org","kludwig@battelleecology.org","OK",
"17190931-053c-4d10-83ee-b0b84a7602a2","D03","BARC","BARC.AOS.riparian.point.01","2018-11-12T16:35Z","BARC.20181112.EPIPHYTON.1","BARC.20181112.EPIPHYTON.1.CNSA.1","A00000037097",1,"CNSa",114.0,3.0,0.2,,"kkelley@battelleecology.org","kludwig@battelleecology.org","OK",
"7b3b033b-3ad5-420f-bce8-3b11baf49427","D03","BARC","BARC.AOS.riparian.point.01","2018-11-12T16:35Z","BARC.20181112.EPIPHYTON.1","BARC.20181112.EPIPHYTON.1.CHL/PHEO.1","A00000037098",1,"chlorophyll/pheophytin",114.0,3.0,0.2,,"kkelley@battelleecology.org","kludwig@battelleecology.org","OK",
"c890fdde-90c8-4fb0-9f4d-76a964798ae5","D03","BARC","BARC.AOS.riparian.point.09","2018-11-12T16:35Z","BARC.20181112.EPIPHYTON.9","BARC.20181112.EPIPHYTON.9.CHL/PHEO.1","A00000037093",1,"chlorophyll/pheophytin",123.5,2.0,0.2,,"kkelley@battelleecology.org","kludwig@battelleecology.org","OK",
"3e408e59-5123-4316-a0cf-df8e0c58b6ef","D03","BARC","BARC.AOS.littoral1","2018-11-12T16:35Z","BARC.20181112.PHYTOPLANKTON.2","BARC.20181112.PHYTOPLANKTON.2.CHL/PHEO.1","A00000037119",1,"chlorophyll/pheophytin",5000.0,250.0,1.0,,"kkelley@battelleecology.org","kludwig@battelleecology.org","OK",
"06627955-f1ac-4d8c-91a6-61fe9ed5848d","D03","BARC","BARC.AOS.riparian.point.07","2018-11-12T16:35Z","BARC.20181112.EPIPHYTON.7","BARC.20181112.EPIPHYTON.7.CHL/PHEO.1","A00000037109",1,"chlorophyll/pheophytin",114.5,3.0,0.2,,"kkelley@battelleecology.org","kludwig@battelleecology.org","OK",
"39ea43fa-ddfe-4dc3-90a7-b94b343bf9a1","D03","BARC","BARC.AOS.riparian.point.09","2018-11-12T16:35Z","BARC.20181112.EPIPHYTON.9","BARC.20181112.EPIPHYTON.9.CNSA.1","A00000037094",1,"CNSa",123.5,2.0,0.2,,"kkelley@battelleecology.org","kludwig@battelleecology.org","OK",
"c0cc3916-aa9e-4dc8-b232-acd90930aa48","D03","BARC","BARC.AOS.riparian.point.09","2018-11-12T16:35Z","BARC.20181112.EPIPHYTON.9","BARC.20181112.EPIPHYTON.9.P.1","A00000037096",1,"P",123.5,2.0,0.2,,"kkelley@battelleecology.org","kludwig@battelleecology.org","OK",
"aa142eb9-88b2-4977-91f5-3d9c835063fb","D03","BARC","BARC.AOS.riparian.point.07","2018-11-12T16:35Z","BARC.20181112.EPIPHYTON.7","BARC.20181112.EPIPHYTON.7.CNSB.1","A00000037111",1,"CNSb",114.5,3.0,0.2,,"kkelley@battelleecology.org","kludwig@battelleecology.org","OK",
"362e46fe-4e27-4d65-bcd4-b28c698fc709","D03","BARC","BARC.AOS.littoral2","2018-11-12T16:35Z","BARC.20181112.PHYTOPLANKTON.3","BARC.20181112.PHYTOPLANKTON.3.REP2.P.2","A00000037128",2,"P",5000.0,250.0,1.0,,"biwaniec@battelleecology.org","kross@BattelleEcology.org","OK",
"eeca3bd7-4dea-4957-b298-ba09b859793e","D03","BARC","BARC.AOS.buoy.c0","2018-11-12T16:35Z","BARC.20181112.PHYTOPLANKTON.1","BARC.20181112.PHYTOPLANKTON.1.CNSB.1","A00000037115",1,"CNSb",5000.0,250.0,1.0,,"kkelley@battelleecology.org","kludwig@battelleecology.org","OK",
"22a4ee81-11a8-486b-9557-4a820fee548a","D03","BARC","BARC.AOS.buoy.c0","2018-11-12T16:35Z","BARC.20181112.PHYTOPLANKTON.1","BARC.20181112.PHYTOPLANKTON.1.P.1","A00000037116",1,"P",5000.0,250.0,1.0,,"kkelley@battelleecology.org","kludwig@battelleecology.org","OK",
"bee75bb4-7787-48bc-9d7e-45fe20f1776b","D03","BARC","BARC.AOS.buoy.c0","2018-11-12T16:35Z","BARC.20181112.PHYTOPLANKTON.1","BARC.20181112.PHYTOPLANKTON.1.CHL/PHEO.1","A00000037113",1,"chlorophyll/pheophytin",5000.0,250.0,1.0,,"kkelley@battelleecology.org","kludwig@battelleecology.org","OK",
"059cd1ef-7a5a-4181-af83-179c137c91e8","D03","BARC","BARC.AOS.riparian.point.03","2018-11-12T16:35Z","BARC.20181112.EPIPHYTON.3","BARC.20181112.EPIPHYTON.3.P.1","A00000037104",1,"P",122.0,6.0,0.2,,"kkelley@battelleecology.org","kludwig@battelleecology.org","OK",
"fd788ffb-6166-41fb-9302-377054bddd69","D03","BARC","BARC.AOS.littoral2","2018-11-12T16:35Z","BARC.20181112.PHYTOPLANKTON.3","BARC.20181112.PHYTOPLANKTON.3.P.1","A00000037124",1,"P",5000.0,250.0,1.0,,"biwaniec@battelleecology.org","kross@BattelleEcology.org","OK",
"230c8bd0-f85d-4d61-b107-721e729be351","D03","BARC","BARC.AOS.littoral2","2018-11-12T16:35Z","BARC.20181112.PHYTOPLANKTON.3","BARC.20181112.PHYTOPLANKTON.3.CNSB.1","A00000037123",1,"CNSb",5000.0,250.0,1.0,,"biwaniec@battelleecology.org","kross@BattelleEcology.org","OK",
"073bb458-30bb-412c-a2be-b998ebf9da4b","D03","BARC","BARC.AOS.littoral2","2018-11-12T16:35Z","BARC.20181112.PHYTOPLANKTON.3","BARC.20181112.PHYTOPLANKTON.3.CHL/PHEO.1","A00000037121",1,"chlorophyll/pheophytin",5000.0,250.0,1.0,,"biwaniec@battelleecology.org","kross@BattelleEcology.org","OK",
"93b9a917-cf63-4305-961e-b2b102835c95","D03","BARC","BARC.AOS.riparian.point.05","2018-11-12T16:35Z","BARC.20181112.EPIPHYTON.5","BARC.20181112.EPIPHYTON.5.CHL/PHEO.1","A00000037105",1,"chlorophyll/pheophytin",125.0,6.0,0.2,,"kkelley@battelleecology.org","kludwig@battelleecology.org","OK",
"9beb748a-a1ce-45db-90b4-bf5570a31834","D03","BARC","BARC.AOS.littoral2","2018-11-12T16:35Z","BARC.20181112.PHYTOPLANKTON.3","BARC.20181112.PHYTOPLANKTON.3.REP2.CHL/PHEO.2","A00000037125",2,"chlorophyll/pheophytin",5000.0,250.0,1.0,,"biwaniec@battelleecology.org","kross@BattelleEcology.org","OK",
"b60a1442-ccb6-4984-8f12-14b1922b8efb","D03","BARC","BARC.AOS.riparian.point.03","2018-11-12T16:35Z","BARC.20181112.EPIPHYTON.3","BARC.20181112.EPIPHYTON.3.CNSB.1","A00000037103",1,"CNSb",122.0,6.0,0.2,,"kkelley@battelleecology.org","kludwig@battelleecology.org","OK",
"a2ff1e0d-3656-4960-a918-525201f0d9a2","D03","BARC","BARC.AOS.littoral1","2018-11-12T16:35Z","BARC.20181112.PHYTOPLANKTON.2","BARC.20181112.PHYTOPLANKTON.2.CNSA.1","A00000037120",1,"CNSa",5000.0,250.0,1.0,,"kkelley@battelleecology.org","kludwig@battelleecology.org","OK",
"308b469d-14a8-431f-80e0-13d2000e00e7","D03","BARC","BARC.AOS.littoral2","2018-11-12T16:35Z","BARC.20181112.PHYTOPLANKTON.3","BARC.20181112.PHYTOPLANKTON.3.REP2.CNSB.2","A00000037127",2,"CNSb",5000.0,250.0,1.0,,"biwaniec@battelleecology.org","kross@BattelleEcology.org","OK",
"8d73279b-bc37-450e-9d58-302e2f3986f1","D03","BARC","BARC.AOS.littoral2","2018-11-12T16:35Z","BARC.20181112.PHYTOPLANKTON.3","BARC.20181112.PHYTOPLANKTON.3.REP2.CNSA.2","A00000037126",2,"CNSa",5000.0,250.0,1.0,,"biwaniec@battelleecology.org","kross@BattelleEcology.org","OK",
"609838ee-a0f1-44db-91c9-7f68bc722f51","D03","BARC","BARC.AOS.riparian.point.03","2018-11-12T16:35Z","BARC.20181112.EPIPHYTON.3","BARC.20181112.EPIPHYTON.3.CNSA.1","A00000037102",1,"CNSa",122.0,6.0,0.2,,"kkelley@battelleecology.org","kludwig@battelleecology.org","OK",
"81bd5cb5-5998-4fd9-bcea-1ddb35144136","D03","BARC","BARC.AOS.riparian.point.05","2018-11-12T16:35Z","BARC.20181112.EPIPHYTON.5","BARC.20181112.EPIPHYTON.5.CNSA.1","A00000037106",1,"CNSa",125.0,6.0,0.2,,"kkelley@battelleecology.org","kludwig@battelleecology.org","OK",
"ec6e2b2f-31ef-4322-afec-e1168f4370c8","D03","BARC","BARC.AOS.riparian.point.03","2018-11-12T16:35Z","BARC.20181112.EPIPHYTON.3","BARC.20181112.EPIPHYTON.3.CHL/PHEO.1","A00000037101",1,"chlorophyll/pheophytin",122.0,6.0,0.2,,"kkelley@battelleecology.org","kludwig@battelleecology.org","OK",
"73d07e75-3131-4a08-aa3f-2eb907513176","D03","BARC","BARC.AOS.riparian.point.09","2018-11-12T16:35Z","BARC.20181112.EPIPHYTON.9","BARC.20181112.EPIPHYTON.9.CNSB.1","A00000037095",1,"CNSb",123.5,2.0,0.2,,"kkelley@battelleecology.org","kludwig@battelleecology.org","OK",
"48f80a4e-758e-4d79-b1f8-8b1e6235c722","D03","BARC","BARC.AOS.riparian.point.05","2018-11-12T16:35Z","BARC.20181112.EPIPHYTON.5","BARC.20181112.EPIPHYTON.5.P.1","A00000037108",1,"P",125.0,6.0,0.2,,"kkelley@battelleecology.org","kludwig@battelleecology.org","OK",
