uid,domainID,siteID,namedLocation,collectDate,sampleID,sampleCode,sampleCondition,laboratoryName,analysisDate,analyzedBy,sampleType,replicate,sampleVolumeFiltered,filterSize,percentFilterAnalyzed,dilutionFactor,solventVolume,responseFactor,acidificationResponseFactor,fluorometerSensitivitySetting,preAcidificationFluorescence,postAcidificationFluorescence,analyte,analyteConcentration,plantAlgaeLabUnits,testMethod,method,acidTreatment,externalRemarks,externalLabDataQF
"e8a0aaa9-6cff-4d5d-9693-6fc6f5eb3252","D03","BARC","BARC.AOS.riparian.point.03","2018-11-12","BARC.20181112.EPIPHYTON.3.P.1","A00000037104","condition ok","SIRFER Lab at University of Utah","2019-08-14","a1rVWpE0V4zMCUk591/P0Q==","P","1",6,25,100,,,,,,,,"phosphorus",196.06,"microgramsPerLiter","ICPMetalsLab_P_V1.2","Ivanov et al 2012",,,
"cbdf7cb7-345c-4caf-a7d0-6e665df8dae1","D03","BARC","BARC.AOS.littoral2","2018-11-12","BARC.20181112.PHYTOPLANKTON.3.P.1","A00000037124","condition ok","SIRFER Lab at University of Utah","2019-08-14","a1rVWpE0V4zMCUk591/P0Q==","P","1",250,25,100,,,,,,,,"phosphorus",4.68,"microgramsPerLiter","ICPMetalsLab_P_V1.2","Ivanov et al 2012",,,
"d5a15723-35a8-44c6-bbdd-7fe1ed22a962","D03","BARC","BARC.AOS.littoral1","2018-11-12","BARC.20181112.PHYTOPLANKTON.2.P.1","A00000037117","condition ok","SIRFER Lab at University of Utah","2019-08-14","a1rVWpE0V4zMCUk591/P0Q==","P","1",250,25,100,,,,,,,,"phosphorus",4.25,"microgramsPerLiter","ICPMetalsLab_P_V1.2","Ivanov et al 2012",,,
"36f6713b-28ad-444d-814e-d2baec212d09","D03","BARC","BARC.AOS.buoy.c0","2018-11-12","BARC.20181112.PHYTOPLANKTON.1.P.1","A00000037116","condition ok","SIRFER Lab at University of Utah","2019-08-14","a1rVWpE0V4zMCUk591/P0Q==","P","1",250,25,100,,,,,,,,"phosphorus",3.89,"microgramsPerLiter","ICPMetalsLab_P_V1.2","Ivanov et al 2012",,,
"d2818f9d-c1cc-4d01-b6ff-315d541596eb","D03","BARC","BARC.AOS.riparian.point.01","2018-11-12","BARC.20181112.EPIPHYTON.1.P.1","A00000037099","condition ok","SIRFER Lab at University of Utah","2019-08-14","a1rVWpE0V4zMCUk591/P0Q==","P","1",3,25,100,,,,,,,,"phosphorus",636.03,"microgramsPerLiter","ICPMetalsLab_P_V1.2","Ivanov et al 2012",,,
"9501acea-78d1-4fa7-9e83-ad92b7fbc581","D03","BARC","BARC.AOS.riparian.point.07","2018-11-12","BARC.20181112.EPIPHYTON.7.P.1","A00000037112","condition ok","SIRFER Lab at University of Utah","2019-08-14","a1rVWpE0V4zMCUk591/P0Q==","P","1",3,25,100,,,,,,,,"phosphorus",367.95,"microgramsPerLiter","ICPMetalsLab_P_V1.2","Ivanov et al 2012",,,
"7825e557-42f0-4503-b1a9-ec2620c3ceb9","D03","BARC","BARC.AOS.riparian.point.05","2018-11-12","BARC.20181112.EPIPHYTON.5.P.1","A00000037108","condition ok","SIRFER Lab at University of Utah","2019-08-14","a1rVWpE0V4zMCUk591/P0Q==","P","1",6,25,100,,,,,,,,"phosphorus",206.14,"microgramsPerLiter","ICPMetalsLab_P_V1.2","Ivanov et al 2012",,,
"199c6d9b-6ffd-4643-b394-00cd451f64b9","D03","BARC","BARC.AOS.riparian.point.09","2018-11-12","BARC.20181112.EPIPHYTON.9.P.1","A00000037096","condition ok","SIRFER Lab at University of Utah","2019-08-14","a1rVWpE0V4zMCUk591/P0Q==","P","1",2,25,100,,,,,,,,"phosphorus",1057.27,"microgramsPerLiter","ICPMetalsLab_P_V1.2","Ivanov et al 2012",,,
"685d8dea-bf36-44de-b95a-b01b1845ee75","D03","BARC","BARC.AOS.riparian.point.03","2018-11-12","BARC.20181112.EPIPHYTON.3.CNSA.1","A00000037102","condition ok","SIRFER Lab at University of Utah","2019-07-22","ElFtGy1kV49xqNP00HfxQA==","CNS","1",6,25,100,,,,,,,,"nitrogen",8736.25,"microgramsPerLiter","SIRFER_algalPlantChem_isotopes_V1","Revesz & Coplen 2012a",,,
"3c6f809c-f44f-4acf-8aa2-b322b1a88904","D03","BARC","BARC.AOS.riparian.point.03","2018-11-12","BARC.20181112.EPIPHYTON.3.CNSA.1","A00000037102","condition ok","SIRFER Lab at University of Utah","2019-07-22","ElFtGy1kV49xqNP00HfxQA==","CNS","1",6,25,100,,,,,,,,"d13C",-27.78,"perMill","SIRFER_algalPlantChem_isotopes_V1","Revesz & Coplen 2012a","N",,
"5e8b78a2-1c22-4cbb-8f2b-bc883253d713","D03","BARC","BARC.AOS.riparian.point.05","2018-11-12","BARC.20181112.EPIPHYTON.5.CNSA.1","A00000037106","condition ok","SIRFER Lab at University of Utah","2019-07-22","ElFtGy1kV49xqNP00HfxQA==","CNS","1",6,25,100,,,,,,,,"sulfur",461.45,"microgramsPerLiter","SIRFER_algalPlantChem_isotopes_V1","Revesz & Coplen 2012b",,,
"b76b84b8-5dc5-488b-a6f2-75ee3151a0fc","D03","BARC","BARC.AOS.riparian.point.05","2018-11-12","BARC.20181112.EPIPHYTON.5.CNSA.1","A00000037106","condition ok","SIRFER Lab at University of Utah","2019-07-22","ElFtGy1kV49xqNP00HfxQA==","CNS","1",6,25,100,,,,,,,,"d34S",11.08,"perMill","SIRFER_algalPlantChem_isotopes_V1","Revesz & Coplen 2012b",,,
"739a7094-bcc7-4cfc-8a13-e9964b9d6369","D03","BARC","BARC.AOS.riparian.point.09","2018-11-12","BARC.20181112.EPIPHYTON.9.CNSA.1","A00000037094","condition ok","SIRFER Lab at University of Utah","2019-07-22","ElFtGy1kV49xqNP00HfxQA==","CNS","1",2,25,100,,,,,,,,"nitrogen",33975.88,"microgramsPerLiter","SIRFER_algalPlantChem_isotopes_V1","Revesz & Coplen 2012a",,,
"3890cb18-e223-4253-87c7-01dbf8540ba9","D03","BARC","BARC.AOS.riparian.point.05","2018-11-12","BARC.20181112.EPIPHYTON.5.CNSA.1","A00000037106","condition ok","SIRFER Lab at University of Utah","2019-07-22","ElFtGy1kV49xqNP00HfxQA==","CNS","1",6,25,100,,,,,,,,"d13C",-26.03,"perMill","SIRFER_algalPlantChem_isotopes_V1","Revesz & Coplen 2012a","N",,
"f1ecb099-055e-429f-93ba-cf793a2d146f","D03","BARC","BARC.AOS.riparian.point.09","2018-11-12","BARC.20181112.EPIPHYTON.9.CNSA.1","A00000037094","condition ok","SIRFER Lab at University of Utah","2019-07-22","ElFtGy1kV49xqNP00HfxQA==","CNS","1",2,25,100,,,,,,,,"d34S",10.83,"perMill","SIRFER_algalPlantChem_isotopes_V1","Revesz & Coplen 2012b",,,
"75e9185b-8a45-48b5-83f3-f8b4e0638f6e","D03","BARC","BARC.AOS.riparian.point.09","2018-11-12","BARC.20181112.EPIPHYTON.9.CNSA.1","A00000037094","condition ok","SIRFER Lab at University of Utah","2019-07-22","ElFtGy1kV49xqNP00HfxQA==","CNS","1",2,25,100,,,,,,,,"carbon",280241.59,"microgramsPerLiter","SIRFER_algalPlantChem_isotopes_V1","Revesz & Coplen 2012a","N",,
"04ffc2d9-d83e-4554-85f6-5afdbc422022","D03","BARC","BARC.AOS.riparian.point.07","2018-11-12","BARC.20181112.EPIPHYTON.7.CNSA.1","A00000037110","condition ok","SIRFER Lab at University of Utah","2019-07-22","ElFtGy1kV49xqNP00HfxQA==","CNS","1",3,25,100,,,,,,,,"carbon",153796.85,"microgramsPerLiter","SIRFER_algalPlantChem_isotopes_V1","Revesz & Coplen 2012a","N",,
"59353f9d-180a-433c-964d-780fdea255b0","D03","BARC","BARC.AOS.buoy.c0","2018-11-12","BARC.20181112.PHYTOPLANKTON.1.CNSA.1","A00000037114","condition ok","SIRFER Lab at University of Utah","2019-07-22","ElFtGy1kV49xqNP00HfxQA==","CNS","1",250,25,100,,,,,,,,"nitrogen",74.13,"microgramsPerLiter","SIRFER_algalPlantChem_isotopes_V1","Revesz & Coplen 2012a",,,
"8e6f043c-2fd4-4338-b427-89e322da5946","D03","BARC","BARC.AOS.buoy.c0","2018-11-12","BARC.20181112.PHYTOPLANKTON.1.CNSA.1","A00000037114","condition ok","SIRFER Lab at University of Utah","2019-07-22","ElFtGy1kV49xqNP00HfxQA==","CNS","1",250,25,100,,,,,,,,"sulfur",10.66,"microgramsPerLiter","SIRFER_algalPlantChem_isotopes_V1","Revesz & Coplen 2012b",,,
"c21405db-29c9-4915-9094-19040dd7cb18","D03","BARC","BARC.AOS.riparian.point.01","2018-11-12","BARC.20181112.EPIPHYTON.1.CNSA.1","A00000037097","condition ok","SIRFER Lab at University of Utah","2019-07-22","ElFtGy1kV49xqNP00HfxQA==","CNS","1",3,25,100,,,,,,,,"carbon",228339.85,"microgramsPerLiter","SIRFER_algalPlantChem_isotopes_V1","Revesz & Coplen 2012a","N",,
"e983230c-4002-40e4-b7c0-0a8a17fe5b16","D03","BARC","BARC.AOS.riparian.point.01","2018-11-12","BARC.20181112.EPIPHYTON.1.CNSA.1","A00000037097","condition ok","SIRFER Lab at University of Utah","2019-07-22","ElFtGy1kV49xqNP00HfxQA==","CNS","1",3,25,100,,,,,,,,"nitrogen",26042.16,"microgramsPerLiter","SIRFER_algalPlantChem_isotopes_V1","Revesz & Coplen 2012a",,,
"7f713285-2e7c-4d45-9b58-38b2292160b1","D03","BARC","BARC.AOS.buoy.c0","2018-11-12","BARC.20181112.PHYTOPLANKTON.1.CNSA.1","A00000037114","condition ok","SIRFER Lab at University of Utah","2019-07-22","ElFtGy1kV49xqNP00HfxQA==","CNS","1",250,25,100,,,,,,,,"d15N",0.60,"perMill","SIRFER_algalPlantChem_isotopes_V1","Revesz & Coplen 2012a",,,
"07931cce-c618-44b4-bb8c-77b50dec3f6c","D03","BARC","BARC.AOS.riparian.point.07","2018-11-12","BARC.20181112.EPIPHYTON.7.CNSA.1","A00000037110","condition ok","SIRFER Lab at University of Utah","2019-07-22","ElFtGy1kV49xqNP00HfxQA==","CNS","1",3,25,100,,,,,,,,"nitrogen",18636.40,"microgramsPerLiter","SIRFER_algalPlantChem_isotopes_V1","Revesz & Coplen 2012a",,,
"c5aada3a-b614-425a-a187-60c3fc6c75b7","D03","BARC","BARC.AOS.riparian.point.05","2018-11-12","BARC.20181112.EPIPHYTON.5.CNSA.1","A00000037106","condition ok","SIRFER Lab at University of Utah","2019-07-22","ElFtGy1kV49xqNP00HfxQA==","CNS","1",6,25,100,,,,,,,,"d15N",1.06,"perMill","SIRFER_algalPlantChem_isotopes_V1","Revesz & Coplen 2012a",,,
"e9f8ccfc-7c17-43e6-83bc-ece4b0a0ce80","D03","BARC","BARC.AOS.littoral2","2018-11-12","BARC.20181112.PHYTOPLANKTON.3.CNSA.1","A00000037122","condition ok","SIRFER Lab at University of Utah","2019-07-22","ElFtGy1kV49xqNP00HfxQA==","CNS","1",250,25,100,,,,,,,,"d13C",-33.54,"perMill","SIRFER_algalPlantChem_isotopes_V1","Revesz & Coplen 2012a","N",,
"cbeb7155-7b5f-4290-a061-4e671f84d68d","D03","BARC","BARC.AOS.riparian.point.09","2018-11-12","BARC.20181112.EPIPHYTON.9.CNSA.1","A00000037094","condition ok","SIRFER Lab at University of Utah","2019-07-22","ElFtGy1kV49xqNP00HfxQA==","CNS","1",2,25,100,,,,,,,,"sulfur",6079.11,"microgramsPerLiter","SIRFER_algalPlantChem_isotopes_V1","Revesz & Coplen 2012b",,,
"a41d673b-a61a-493f-8e3c-b8d6990dfbe8","D03","BARC","BARC.AOS.riparian.point.01","2018-11-12","BARC.20181112.EPIPHYTON.1.CNSA.1","A00000037097","condition ok","SIRFER Lab at University of Utah","2019-07-22","ElFtGy1kV49xqNP00HfxQA==","CNS","1",3,25,100,,,,,,,,"d34S",10.43,"perMill","SIRFER_algalPlantChem_isotopes_V1","Revesz & Coplen 2012b",,,
"fd3dab4e-1e2c-48a8-8e2d-21bc4215d421","D03","BARC","BARC.AOS.littoral2","2018-11-12","BARC.20181112.PHYTOPLANKTON.3.CNSA.1","A00000037122","condition ok","SIRFER Lab at University of Utah","2019-07-22","ElFtGy1kV49xqNP00HfxQA==","CNS","1",250,25,100,,,,,,,,"d15N",0.23,"perMill","SIRFER_algalPlantChem_isotopes_V1","Revesz & Coplen 2012a",,,
"4409b91d-f8f3-4759-9006-2b7e72031b84","D03","BARC","BARC.AOS.riparian.point.03","2018-11-12","BARC.20181112.EPIPHYTON.3.CNSA.1","A00000037102","condition ok","SIRFER Lab at University of Utah","2019-07-22","ElFtGy1kV49xqNP00HfxQA==","CNS","1",6,25,100,,,,,,,,"carbon",79273.99,"microgramsPerLiter","SIRFER_algalPlantChem_isotopes_V1","Revesz & Coplen 2012a","N",,
"477cfa2e-aa8d-4b68-b5d2-43653220aaed","D03","BARC","BARC.AOS.riparian.point.09","2018-11-12","BARC.20181112.EPIPHYTON.9.CNSA.1","A00000037094","condition ok","SIRFER Lab at University of Utah","2019-07-22","ElFtGy1kV49xqNP00HfxQA==","CNS","1",2,25,100,,,,,,,,"d13C",-25.71,"perMill","SIRFER_algalPlantChem_isotopes_V1","Revesz & Coplen 2012a","N",,
"50b1f526-1f58-4d71-958c-5e2ae7d9a02f","D03","BARC","BARC.AOS.buoy.c0","2018-11-12","BARC.20181112.PHYTOPLANKTON.1.CNSA.1","A00000037114","condition ok","SIRFER Lab at University of Utah","2019-07-22","ElFtGy1kV49xqNP00HfxQA==","CNS","1",250,25,100,,,,,,,,"d34S",11.20,"perMill","SIRFER_algalPlantChem_isotopes_V1","Revesz & Coplen 2012b",,,
"e2ebfce0-8cd9-40b3-aee6-b79a04084ba4","D03","BARC","BARC.AOS.littoral1","2018-11-12","BARC.20181112.PHYTOPLANKTON.2.CNSA.1","A00000037120","condition ok","SIRFER Lab at University of Utah","2019-07-22","ElFtGy1kV49xqNP00HfxQA==","CNS","1",250,25,100,,,,,,,,"d34S",11.45,"perMill","SIRFER_algalPlantChem_isotopes_V1","Revesz & Coplen 2012b",,,
"70b9ffa3-5976-47c1-9df3-4fe1a2179bd6","D03","BARC","BARC.AOS.littoral1","2018-11-12","BARC.20181112.PHYTOPLANKTON.2.CNSA.1","A00000037120","condition ok","SIRFER Lab at University of Utah","2019-07-22","ElFtGy1kV49xqNP00HfxQA==","CNS","1",250,25,100,,,,,,,,"d13C",-33.22,"perMill","SIRFER_algalPlantChem_isotopes_V1","Revesz & Coplen 2012a","N",,
"f84285ee-4cee-4ef7-b825-30211dcc6177","D03","BARC","BARC.AOS.riparian.point.01","2018-11-12","BARC.20181112.EPIPHYTON.1.CNSA.1","A00000037097","condition ok","SIRFER Lab at University of Utah","2019-07-22","ElFtGy1kV49xqNP00HfxQA==","CNS","1",3,25,100,,,,,,,,"d15N",0.44,"perMill","SIRFER_algalPlantChem_isotopes_V1","Revesz & Coplen 2012a",,,
"095be68b-5cbf-4820-a51e-509d69e4fff7","D03","BARC","BARC.AOS.littoral1","2018-11-12","BARC.20181112.PHYTOPLANKTON.2.CNSA.1","A00000037120","condition ok","SIRFER Lab at University of Utah","2019-07-22","ElFtGy1kV49xqNP00HfxQA==","CNS","1",250,25,100,,,,,,,,"carbon",585.76,"microgramsPerLiter","SIRFER_algalPlantChem_isotopes_V1","Revesz & Coplen 2012a","N",,
"36a52a26-1f31-4e8b-9b17-19c3f1cf8e9b","D03","BARC","BARC.AOS.riparian.point.05","2018-11-12","BARC.20181112.EPIPHYTON.5.CNSA.1","A00000037106","condition ok","SIRFER Lab at University of Utah","2019-07-22","ElFtGy1kV49xqNP00HfxQA==","CNS","1",6,25,100,,,,,,,,"carbon",106364.28,"microgramsPerLiter","SIRFER_algalPlantChem_isotopes_V1","Revesz & Coplen 2012a","N",,
"3e64effe-dd5b-42e4-995e-965a9f003791","D03","BARC","BARC.AOS.riparian.point.07","2018-11-12","BARC.20181112.EPIPHYTON.7.CNSA.1","A00000037110","condition ok","SIRFER Lab at University of Utah","2019-07-22","ElFtGy1kV49xqNP00HfxQA==","CNS","1",3,25,100,,,,,,,,"d15N",0.39,"perMill","SIRFER_algalPlantChem_isotopes_V1","Revesz & Coplen 2012a",,,
"e63c66af-15c6-4580-ade8-eb1ae1f2503c","D03","BARC","BARC.AOS.littoral1","2018-11-12","BARC.20181112.PHYTOPLANKTON.2.CNSA.1","A00000037120","condition ok","SIRFER Lab at University of Utah","2019-07-22","ElFtGy1kV49xqNP00HfxQA==","CNS","1",250,25,100,,,,,,,,"d15N",-3.75,"perMill","SIRFER_algalPlantChem_isotopes_V1","Revesz & Coplen 2012a",,,
"d2c67705-f0c2-4fff-bbf0-acfdac125193","D03","BARC","BARC.AOS.buoy.c0","2018-11-12","BARC.20181112.PHYTOPLANKTON.1.CNSA.1","A00000037114","condition ok","SIRFER Lab at University of Utah","2019-07-22","ElFtGy1kV49xqNP00HfxQA==","CNS","1",250,25,100,,,,,,,,"d13C",-33.48,"perMill","SIRFER_algalPlantChem_isotopes_V1","Revesz & Coplen 2012a","N",,
"25428ce4-a4e2-4bdc-9f51-040636abf4c7","D03","BARC","BARC.AOS.littoral1","2018-11-12","BARC.20181112.PHYTOPLANKTON.2.CNSA.1","A00000037120","condition ok","SIRFER Lab at University of Utah","2019-07-22","ElFtGy1kV49xqNP00HfxQA==","CNS","1",250,25,100,,,,,,,,"nitrogen",74.24,"microgramsPerLiter","SIRFER_algalPlantChem_isotopes_V1","Revesz & Coplen 2012a",,,
"a5f5adfa-1d80-4417-ab91-51f7d26103ed","D03","BARC","BARC.AOS.riparian.point.01","2018-11-12","BARC.20181112.EPIPHYTON.1.CNSA.1","A00000037097","condition ok","SIRFER Lab at University of Utah","2019-07-22","ElFtGy1kV49xqNP00HfxQA==","CNS","1",3,25,100,,,,,,,,"sulfur",2241.49,"microgramsPerLiter","SIRFER_algalPlantChem_isotopes_V1","Revesz & Coplen 2012b",,,
"190fd47b-fde8-4cb6-835e-f8b4a5cbf7fa","D03","BARC","BARC.AOS.riparian.point.07","2018-11-12","BARC.20181112.EPIPHYTON.7.CNSA.1","A00000037110","condition ok","SIRFER Lab at University of Utah","2019-07-22","ElFtGy1kV49xqNP00HfxQA==","CNS","1",3,25,100,,,,,,,,"d13C",-27.05,"perMill","SIRFER_algalPlantChem_isotopes_V1","Revesz & Coplen 2012a","N",,
"78b3648d-2139-40a8-b404-f79eb6233748","D03","BARC","BARC.AOS.littoral1","2018-11-12","BARC.20181112.PHYTOPLANKTON.2.CNSA.1","A00000037120","condition ok","SIRFER Lab at University of Utah","2019-07-22","ElFtGy1kV49xqNP00HfxQA==","CNS","1",250,25,100,,,,,,,,"sulfur",9.34,"microgramsPerLiter","SIRFER_algalPlantChem_isotopes_V1","Revesz & Coplen 2012b",,,
"79fe1433-4803-4cdc-8b99-792a8855a6b1","D03","BARC","BARC.AOS.riparian.point.03","2018-11-12","BARC.20181112.EPIPHYTON.3.CNSA.1","A00000037102","condition ok","SIRFER Lab at University of Utah","2019-07-22","ElFtGy1kV49xqNP00HfxQA==","CNS","1",6,25,100,,,,,,,,"sulfur",690.32,"microgramsPerLiter","SIRFER_algalPlantChem_isotopes_V1","Revesz & Coplen 2012b",,,
"d5df2440-36e9-4f47-808c-1ac9c11401b3","D03","BARC","BARC.AOS.littoral2","2018-11-12","BARC.20181112.PHYTOPLANKTON.3.CNSA.1","A00000037122","condition ok","SIRFER Lab at University of Utah","2019-07-22","ElFtGy1kV49xqNP00HfxQA==","CNS","1",250,25,100,,,,,,,,"nitrogen",67.12,"microgramsPerLiter","SIRFER_algalPlantChem_isotopes_V1","Revesz & Coplen 2012a",,,
"ffcd9736-5e2e-48cc-8b33-395249f0562f","D03","BARC","BARC.AOS.riparian.point.03","2018-11-12","BARC.20181112.EPIPHYTON.3.CNSA.1","A00000037102","condition ok","SIRFER Lab at University of Utah","2019-07-22","ElFtGy1kV49xqNP00HfxQA==","CNS","1",6,25,100,,,,,,,,"d15N",1.38,"perMill","SIRFER_algalPlantChem_isotopes_V1","Revesz & Coplen 2012a",,,
"9eab4ac1-d155-4184-84a8-38ca0dfd7af5","D03","BARC","BARC.AOS.littoral2","2018-11-12","BARC.20181112.PHYTOPLANKTON.3.CNSA.1","A00000037122","condition ok","SIRFER Lab at University of Utah","2019-07-22","ElFtGy1kV49xqNP00HfxQA==","CNS","1",250,25,100,,,,,,,,"sulfur",7.98,"microgramsPerLiter","SIRFER_algalPlantChem_isotopes_V1","Revesz & Coplen 2012b",,,
"6aa8bfae-75ee-483a-826e-08ea42da7c00","D03","BARC","BARC.AOS.riparian.point.07","2018-11-12","BARC.20181112.EPIPHYTON.7.CNSA.1","A00000037110","condition ok","SIRFER Lab at University of Utah","2019-07-22","ElFtGy1kV49xqNP00HfxQA==","CNS","1",3,25,100,,,,,,,,"d34S",11.04,"perMill","SIRFER_algalPlantChem_isotopes_V1","Revesz & Coplen 2012b",,,
"2150d974-2e6e-4568-9a95-3aa4d740b243","D03","BARC","BARC.AOS.riparian.point.09","2018-11-12","BARC.20181112.EPIPHYTON.9.CNSA.1","A00000037094","condition ok","SIRFER Lab at University of Utah","2019-07-22","ElFtGy1kV49xqNP00HfxQA==","CNS","1",2,25,100,,,,,,,,"d15N",0.87,"perMill","SIRFER_algalPlantChem_isotopes_V1","Revesz & Coplen 2012a",,,
"6e8c7f7d-0e66-443b-9226-e9a2debfc2e6","D03","BARC","BARC.AOS.buoy.c0","2018-11-12","BARC.20181112.PHYTOPLANKTON.1.CNSA.1","A00000037114","condition ok","SIRFER Lab at University of Utah","2019-07-22","ElFtGy1kV49xqNP00HfxQA==","CNS","1",250,25,100,,,,,,,,"carbon",542.36,"microgramsPerLiter","SIRFER_algalPlantChem_isotopes_V1","Revesz & Coplen 2012a","N",,
"a3794e51-ddda-4da2-97d8-1dc9346de40c","D03","BARC","BARC.AOS.riparian.point.05","2018-11-12","BARC.20181112.EPIPHYTON.5.CNSA.1","A00000037106","condition ok","SIRFER Lab at University of Utah","2019-07-22","ElFtGy1kV49xqNP00HfxQA==","CNS","1",6,25,100,,,,,,,,"nitrogen",12499.79,"microgramsPerLiter","SIRFER_algalPlantChem_isotopes_V1","Revesz & Coplen 2012a",,,
"3f491769-98e3-4c7a-b0e0-381933d392a1","D03","BARC","BARC.AOS.riparian.point.07","2018-11-12","BARC.20181112.EPIPHYTON.7.CNSA.1","A00000037110","condition ok","SIRFER Lab at University of Utah","2019-07-22","ElFtGy1kV49xqNP00HfxQA==","CNS","1",3,25,100,,,,,,,,"sulfur",1597.24,"microgramsPerLiter","SIRFER_algalPlantChem_isotopes_V1","Revesz & Coplen 2012b",,,
"dfb8b957-82c0-49d5-a042-2615b85907ca","D03","BARC","BARC.AOS.riparian.point.03","2018-11-12","BARC.20181112.EPIPHYTON.3.CNSA.1","A00000037102","condition ok","SIRFER Lab at University of Utah","2019-07-22","ElFtGy1kV49xqNP00HfxQA==","CNS","1",6,25,100,,,,,,,,"d34S",11.04,"perMill","SIRFER_algalPlantChem_isotopes_V1","Revesz & Coplen 2012b",,,
"2e9a724f-f463-4e92-aad5-a0e234f05d98","D03","BARC","BARC.AOS.littoral2","2018-11-12","BARC.20181112.PHYTOPLANKTON.3.CNSA.1","A00000037122","condition ok","SIRFER Lab at University of Utah","2019-07-22","ElFtGy1kV49xqNP00HfxQA==","CNS","1",250,25,100,,,,,,,,"d34S",6.11,"perMill","SIRFER_algalPlantChem_isotopes_V1","Revesz & Coplen 2012b",,,
"d75091f1-7a85-465b-8425-5a12a6ba9b26","D03","BARC","BARC.AOS.riparian.point.01","2018-11-12","BARC.20181112.EPIPHYTON.1.CNSA.1","A00000037097","condition ok","SIRFER Lab at University of Utah","2019-07-22","ElFtGy1kV49xqNP00HfxQA==","CNS","1",3,25,100,,,,,,,,"d13C",-26.33,"perMill","SIRFER_algalPlantChem_isotopes_V1","Revesz & Coplen 2012a","N",,
"54e260cb-7446-48cf-adad-403887d9d88f","D03","BARC","BARC.AOS.littoral2","2018-11-12","BARC.20181112.PHYTOPLANKTON.3.CNSA.1","A00000037122","condition ok","SIRFER Lab at University of Utah","2019-07-22","ElFtGy1kV49xqNP00HfxQA==","CNS","1",250,25,100,,,,,,,,"carbon",540.01,"microgramsPerLiter","SIRFER_algalPlantChem_isotopes_V1","Revesz & Coplen 2012a","N",,
"5dd28d20-9c4e-46a3-9129-359af9d0a8e8","D03","BARC","BARC.AOS.littoral2","2018-11-12","BARC.20181112.PHYTOPLANKTON.3.REP2.CHL/PHEO.2","A00000037125","condition ok","EcoAnalysts Inc.","2018-11-24","J2WXNHJvwDtfXJZO3zW2bw==","chlorophyll/pheophytin","2",250,25,100,,,,,,,,"chlorophyll a",2.48,"microgramsPerLiter","ECOANALYSTS_algalChlorophyll_V2",,,,
"b7188733-3f47-43d6-92c7-0a964fd81a22","D03","BARC","BARC.AOS.littoral2","2018-11-12","BARC.20181112.PHYTOPLANKTON.3.REP2.CHL/PHEO.2","A00000037125","condition ok","EcoAnalysts Inc.","2018-11-24","J2WXNHJvwDtfXJZO3zW2bw==","chlorophyll/pheophytin","2",250,25,100,,,,,,,,"total chlorophyll a",3.24,"microgramsPerLiter","ECOANALYSTS_algalChlorophyll_V2",,,,
"985793e5-f38b-480f-99de-d9ca074f8903","D03","BARC","BARC.AOS.buoy.c0","2018-11-12","BARC.20181112.PHYTOPLANKTON.1.CHL/PHEO.1","A00000037113","condition ok","EcoAnalysts Inc.","2018-11-24","J2WXNHJvwDtfXJZO3zW2bw==","chlorophyll/pheophytin","1",250,25,100,,,,,,,,"chlorophyll a",2.50,"microgramsPerLiter","ECOANALYSTS_algalChlorophyll_V2",,,,
"b5122001-4424-40a7-9ad6-b8e7dd5646d1","D03","BARC","BARC.AOS.littoral2","2018-11-12","BARC.20181112.PHYTOPLANKTON.3.CHL/PHEO.1","A00000037121","condition ok","EcoAnalysts Inc.","2018-11-24","J2WXNHJvwDtfXJZO3zW2bw==","chlorophyll/pheophytin","1",250,25,100,,,,,,,,"chlorophyll a",1.71,"microgramsPerLiter","ECOANALYSTS_algalChlorophyll_V2",,,,
"25ec2ed5-1f16-4c7f-afa2-e279850b3a02","D03","BARC","BARC.AOS.littoral2","2018-11-12","BARC.20181112.PHYTOPLANKTON.3.CHL/PHEO.1","A00000037121","condition ok","EcoAnalysts Inc.","2018-11-24","J2WXNHJvwDtfXJZO3zW2bw==","chlorophyll/pheophytin","1",250,25,100,,,,,,,,"pheophytin",2.70,"microgramsPerLiter","ECOANALYSTS_algalChlorophyll_V2",,,,
"e101681a-b57f-45a8-83af-3b5e034a9050","D03","BARC","BARC.AOS.riparian.point.07","2018-11-12","BARC.20181112.EPIPHYTON.7.CHL/PHEO.1","A00000037109","condition ok","EcoAnalysts Inc.","2018-11-24","J2WXNHJvwDtfXJZO3zW2bw==","chlorophyll/pheophytin","1",3,25,100,,,,,,,,"pheophytin",376.58,"microgramsPerLiter","ECOANALYSTS_algalChlorophyll_V2",,,,
"14f34066-9e93-4477-b231-8815cdccf9e2","D03","BARC","BARC.AOS.riparian.point.05","2018-11-12","BARC.20181112.EPIPHYTON.5.CHL/PHEO.1","A00000037105","condition ok","EcoAnalysts Inc.","2018-11-24","J2WXNHJvwDtfXJZO3zW2bw==","chlorophyll/pheophytin","1",6,25,100,,,,,,,,"chlorophyll a",420.05,"microgramsPerLiter","ECOANALYSTS_algalChlorophyll_V2",,,,
"e3bec957-bca4-41d0-b27a-4f07cef05cab","D03","BARC","BARC.AOS.riparian.point.03","2018-11-12","BARC.20181112.EPIPHYTON.3.CHL/PHEO.1","A00000037101","condition ok","EcoAnalysts Inc.","2018-11-24","J2WXNHJvwDtfXJZO3zW2bw==","chlorophyll/pheophytin","1",6,25,100,,,,,,,,"chlorophyll a",301.13,"microgramsPerLiter","ECOANALYSTS_algalChlorophyll_V2",,,,
"b3cf3d02-bc5f-476c-ad34-6735c8e9dea0","D03","BARC","BARC.AOS.buoy.c0","2018-11-12","BARC.20181112.PHYTOPLANKTON.1.CHL/PHEO.1","A00000037113","condition ok","EcoAnalysts Inc.","2018-11-24","J2WXNHJvwDtfXJZO3zW2bw==","chlorophyll/pheophytin","1",250,25,100,,,,,,,,"total chlorophyll a",3.26,"microgramsPerLiter","ECOANALYSTS_algalChlorophyll_V2",,,,
"a469fb05-cf77-4597-a8f5-23e800661dbb","D03","BARC","BARC.AOS.littoral1","2018-11-12","BARC.20181112.PHYTOPLANKTON.2.CHL/PHEO.1","A00000037119","condition ok","EcoAnalysts Inc.","2018-11-24","J2WXNHJvwDtfXJZO3zW2bw==","chlorophyll/pheophytin","1",250,25,100,,,,,,,,"chlorophyll a",2.29,"microgramsPerLiter","ECOANALYSTS_algalChlorophyll_V2",,,,
"55f3e1ca-0de5-43ad-b9c7-80705e745174","D03","BARC","BARC.AOS.riparian.point.09","2018-11-12","BARC.20181112.EPIPHYTON.9.CHL/PHEO.1","A00000037093","condition ok","EcoAnalysts Inc.","2018-11-24","J2WXNHJvwDtfXJZO3zW2bw==","chlorophyll/pheophytin","1",2,25,100,,,,,,,,"chlorophyll a",2081.98,"microgramsPerLiter","ECOANALYSTS_algalChlorophyll_V2",,,,
"2a337d7c-5f59-4dad-9e4b-884b09f3a4ba","D03","BARC","BARC.AOS.buoy.c0","2018-11-12","BARC.20181112.PHYTOPLANKTON.1.CHL/PHEO.1","A00000037113","condition ok","EcoAnalysts Inc.","2018-11-24","J2WXNHJvwDtfXJZO3zW2bw==","chlorophyll/pheophytin","1",250,25,100,,,,,,,,"pheophytin",1.20,"microgramsPerLiter","ECOANALYSTS_algalChlorophyll_V2",,,,
"b75a8ec4-8345-4249-808c-62083f1dcad7","D03","BARC","BARC.AOS.riparian.point.01","2018-11-12","BARC.20181112.EPIPHYTON.1.CHL/PHEO.1","A00000037098","condition ok","EcoAnalysts Inc.","2018-11-24","J2WXNHJvwDtfXJZO3zW2bw==","chlorophyll/pheophytin","1",3,25,100,,,,,,,,"pheophytin",-119.67,"microgramsPerLiter","ECOANALYSTS_algalChlorophyll_V2",,,,
"e1331d26-933c-4494-bde0-bec8ea5ceb94","D03","BARC","BARC.AOS.riparian.point.01","2018-11-12","BARC.20181112.EPIPHYTON.1.CHL/PHEO.1","A00000037098","condition ok","EcoAnalysts Inc.","2018-11-24","J2WXNHJvwDtfXJZO3zW2bw==","chlorophyll/pheophytin","1",3,25,100,,,,,,,,"total chlorophyll a",1084.01,"microgramsPerLiter","ECOANALYSTS_algalChlorophyll_V2",,,,
"b6e717b9-a018-4ad1-b0cf-774b0bd5be95","D03","BARC","BARC.AOS.riparian.point.05","2018-11-12","BARC.20181112.EPIPHYTON.5.CHL/PHEO.1","A00000037105","condition ok","EcoAnalysts Inc.","2018-11-24","J2WXNHJvwDtfXJZO3zW2bw==","chlorophyll/pheophytin","1",6,25,100,,,,,,,,"pheophytin",-68.29,"microgramsPerLiter","ECOANALYSTS_algalChlorophyll_V2",,,,
"f693785f-05e2-432b-b73a-28f0418ee2ec","D03","BARC","BARC.AOS.riparian.point.03","2018-11-12","BARC.20181112.EPIPHYTON.3.CHL/PHEO.1","A00000037101","condition ok","EcoAnalysts Inc.","2018-11-24","J2WXNHJvwDtfXJZO3zW2bw==","chlorophyll/pheophytin","1",6,25,100,,,,,,,,"pheophytin",233.55,"microgramsPerLiter","ECOANALYSTS_algalChlorophyll_V2",,,,
"16c811e5-1f87-49c5-9e90-1401a96feeed","D03","BARC","BARC.AOS.riparian.point.07","2018-11-12","BARC.20181112.EPIPHYTON.7.CHL/PHEO.1","A00000037109","condition ok","EcoAnalysts Inc.","2018-11-24","J2WXNHJvwDtfXJZO3zW2bw==","chlorophyll/pheophytin","1",3,25,100,,,,,,,,"chlorophyll a",766.51,"microgramsPerLiter","ECOANALYSTS_algalChlorophyll_V2",,,,
"a5866fe2-c525-4675-89d5-f92ed76dac97","D03","BARC","BARC.AOS.littoral2","2018-11-12","BARC.20181112.PHYTOPLANKTON.3.CHL/PHEO.1","A00000037121","condition ok","EcoAnalysts Inc.","2018-11-24","J2WXNHJvwDtfXJZO3zW2bw==","chlorophyll/pheophytin","1",250,25,100,,,,,,,,"total chlorophyll a",3.41,"microgramsPerLiter","ECOANALYSTS_algalChlorophyll_V2",,,,
"e6cbd197-ccab-4268-9e1e-d6e4ab4bb4d2","D03","BARC","BARC.AOS.littoral1","2018-11-12","BARC.20181112.PHYTOPLANKTON.2.CHL/PHEO.1","A00000037119","condition ok","EcoAnalysts Inc.","2018-11-24","J2WXNHJvwDtfXJZO3zW2bw==","chlorophyll/pheophytin","1",250,25,100,,,,,,,,"pheophytin",1.40,"microgramsPerLiter","ECOANALYSTS_algalChlorophyll_V2",,,,
"f48cfa88-4a6e-483f-b9e0-ed38a2093ea7","D03","BARC","BARC.AOS.riparian.point.03","2018-11-12","BARC.20181112.EPIPHYTON.3.CHL/PHEO.1","A00000037101","condition ok","EcoAnalysts Inc.","2018-11-24","J2WXNHJvwDtfXJZO3zW2bw==","chlorophyll/pheophytin","1",6,25,100,,,,,,,,"total chlorophyll a",448.73,"microgramsPerLiter","ECOANALYSTS_algalChlorophyll_V2",,,,
"ddc0b246-06c6-4f1f-8d41-9fb65891a98e","D03","BARC","BARC.AOS.riparian.point.07","2018-11-12","BARC.20181112.EPIPHYTON.7.CHL/PHEO.1","A00000037109","condition ok","EcoAnalysts Inc.","2018-11-24","J2WXNHJvwDtfXJZO3zW2bw==","chlorophyll/pheophytin","1",3,25,100,,,,,,,,"total chlorophyll a",1004.50,"microgramsPerLiter","ECOANALYSTS_algalChlorophyll_V2",,,,
"e17ee599-4636-4bb2-bb4c-5ea5545c529d","D03","BARC","BARC.AOS.riparian.point.01","2018-11-12","BARC.20181112.EPIPHYTON.1.CHL/PHEO.1","A00000037098","condition ok","EcoAnalysts Inc.","2018-11-24","J2WXNHJvwDtfXJZO3zW2bw==","chlorophyll/pheophytin","1",3,25,100,,,,,,,,"chlorophyll a",1159.63,"microgramsPerLiter","ECOANALYSTS_algalChlorophyll_V2",,,,
"e9a85c92-45d8-4eeb-b9e4-7e6c86845bb5","D03","BARC","BARC.AOS.littoral2","2018-11-12","BARC.20181112.PHYTOPLANKTON.3.REP2.CHL/PHEO.2","A00000037125","condition ok","EcoAnalysts Inc.","2018-11-24","J2WXNHJvwDtfXJZO3zW2bw==","chlorophyll/pheophytin","2",250,25,100,,,,,,,,"pheophytin",1.20,"microgramsPerLiter","ECOANALYSTS_algalChlorophyll_V2",,,,
"f961cf85-6588-4673-8284-4369fb9426ca","D03","BARC","BARC.AOS.riparian.point.09","2018-11-12","BARC.20181112.EPIPHYTON.9.CHL/PHEO.1","A00000037093","condition ok","EcoAnalysts Inc.","2018-11-24","J2WXNHJvwDtfXJZO3zW2bw==","chlorophyll/pheophytin","1",2,25,100,,,,,,,,"pheophytin",-141.15,"microgramsPerLiter","ECOANALYSTS_algalChlorophyll_V2",,,,
"0cd4fae3-d75e-4979-b414-f5143e360d0a","D03","BARC","BARC.AOS.riparian.point.09","2018-11-12","BARC.20181112.EPIPHYTON.9.CHL/PHEO.1","A00000037093","condition ok","EcoAnalysts Inc.","2018-11-24","J2WXNHJvwDtfXJZO3zW2bw==","chlorophyll/pheophytin","1",2,25,100,,,,,,,,"total chlorophyll a",1992.78,"microgramsPerLiter","ECOANALYSTS_algalChlorophyll_V2",,,,
"1f521dc7-a806-4bfa-8732-641300e9239a","D03","BARC","BARC.AOS.littoral1","2018-11-12","BARC.20181112.PHYTOPLANKTON.2.CHL/PHEO.1","A00000037119","condition ok","EcoAnalysts Inc.","2018-11-24","J2WXNHJvwDtfXJZO3zW2bw==","chlorophyll/pheophytin","1",250,25,100,,,,,,,,"total chlorophyll a",3.17,"microgramsPerLiter","ECOANALYSTS_algalChlorophyll_V2",,,,
"d9f75e68-d886-4ce8-87ff-1286f93f612e","D03","BARC","BARC.AOS.riparian.point.05","2018-11-12","BARC.20181112.EPIPHYTON.5.CHL/PHEO.1","A00000037105","condition ok","EcoAnalysts Inc.","2018-11-24","J2WXNHJvwDtfXJZO3zW2bw==","chlorophyll/pheophytin","1",6,25,100,,,,,,,,"total chlorophyll a",376.89,"microgramsPerLiter","ECOANALYSTS_algalChlorophyll_V2",,,,
