uid,domainID,siteID,namedLocation,collectDate,parentSampleID,sampleID,sampleCode,filterNumber,analysisType,fieldSampleVolume,domainFilterVolume,storageDays,remarks,measuredBy,recordedBy,sampleCondition,dataQF
"5156f91a-5a82-46ba-9348-c455c0ece8b5","D05","LIRO","LIRO.AOS.riparian.point.07","2021-04-14T17:05Z","LIRO.20210414.EPIXYLON.4","LIRO.20210414.EPIXYLON.4.CNSA.1","A00000205375",1,"CNSa",125.0,4.0,1.0,,"0000-0002-6609-5941","0000-0003-1075-1249","OK",
"72d08221-052b-49f8-b171-96bc5f751d67","D05","LIRO","LIRO.AOS.riparian.point.01","2021-04-14T17:05Z","LIRO.20210414.EPIXYLON.8","LIRO.20210414.EPIXYLON.8.P.1","A00000205359",1,"P",125.0,4.0,1.0,,"0000-0002-6609-5941","0000-0003-1075-1249","OK",
"473c9e82-b9b3-4b26-bbce-022a7436f4ac","D05","LIRO","LIRO.AOS.littoral2","2021-04-14T17:05Z","LIRO.20210414.PHYTOPLANKTON.7","LIRO.20210414.PHYTOPLANKTON.7.CHL/PHEO.1","B00000080611",1,"chlorophyll/pheophytin",4000.0,200.0,0.9,,"0000-0002-6609-5941","0000-0003-1075-1249","OK",
"ea106a62-cbff-4685-a4b7-ec26d3509a46","D05","LIRO","LIRO.AOS.riparian.point.01","2021-04-14T17:05Z","LIRO.20210414.EPIXYLON.8","LIRO.20210414.EPIXYLON.8.CNSA.1","A00000205358",1,"CNSa",125.0,4.0,1.0,,"0000-0002-6609-5941","0000-0003-1075-1249","OK",
"13735921-0631-42b2-addf-af2b782bf671","D05","LIRO","LIRO.AOS.riparian.point.05","2021-04-14T17:05Z","LIRO.20210414.EPIXYLON.5","LIRO.20210414.EPIXYLON.5.CHL/PHEO.1","B00000080615",1,"chlorophyll/pheophytin",125.0,4.0,1.0,,"0000-0002-6609-5941","0000-0003-1075-1249","OK",
"43a57b34-a83c-4d28-a1db-7cf13a1de0e7","D05","LIRO","LIRO.AOS.littoral2","2021-04-14T17:05Z","LIRO.20210414.PHYTOPLANKTON.7","LIRO.20210414.PHYTOPLANKTON.7.CNSB.1","A00000205364",1,"CNSb",4000.0,200.0,0.9,,"0000-0002-6609-5941","0000-0003-1075-1249","OK",
"59680367-f135-4f7f-baf3-8441d27f6a9a","D05","LIRO","LIRO.AOS.riparian.point.05","2021-04-14T17:05Z","LIRO.20210414.EPIXYLON.5","LIRO.20210414.EPIXYLON.5.REP2.P.2","A00000205369",2,"P",125.0,4.0,1.0,,"0000-0002-6609-5941","0000-0003-1075-1249","OK",
"350a6980-d476-428d-abf5-ecdbf87c4862","D05","LIRO","LIRO.AOS.riparian.point.05","2021-04-14T17:05Z","LIRO.20210414.EPIXYLON.5","LIRO.20210414.EPIXYLON.5.CNSB.1","A00000205371",1,"CNSb",125.0,4.0,1.0,,"0000-0002-6609-5941","0000-0003-1075-1249","OK",
"cddfad60-4469-44d6-a977-d8031d734d0e","D05","LIRO","LIRO.AOS.riparian.point.07","2021-04-14T17:05Z","LIRO.20210414.EPIXYLON.4","LIRO.20210414.EPIXYLON.4.P.1","A00000205373",1,"P",125.0,4.0,1.0,,"0000-0002-6609-5941","0000-0003-1075-1249","OK",
"340b76c0-a645-483c-960a-473dcb1c8ea9","D05","LIRO","LIRO.AOS.riparian.point.03","2021-04-14T17:05Z","LIRO.20210414.EPIXYLON.6","LIRO.20210414.EPIXYLON.6.P.1","A00000205363",1,"P",125.0,4.0,1.0,,"0000-0002-6609-5941","0000-0003-1075-1249","OK",
"c179b749-5468-426b-92a8-2403c543f5d3","D05","LIRO","LIRO.AOS.riparian.point.01","2021-04-14T17:05Z","LIRO.20210414.EPIXYLON.8","LIRO.20210414.EPIXYLON.8.CNSB.1","A00000205360",1,"CNSb",125.0,4.0,1.0,,"0000-0002-6609-5941","0000-0003-1075-1249","OK",
"0133aefe-624c-4dd7-963f-c6984947323f","D05","LIRO","LIRO.AOS.riparian.point.03","2021-04-14T17:05Z","LIRO.20210414.EPIXYLON.6","LIRO.20210414.EPIXYLON.6.CNSB.1","A00000205361",1,"CNSb",125.0,4.0,1.0,,"0000-0002-6609-5941","0000-0003-1075-1249","OK",
"2ab411a2-9b8c-487c-af28-b99f7156d93e","D05","LIRO","LIRO.AOS.littoral2","2021-04-14T17:05Z","LIRO.20210414.PHYTOPLANKTON.7","LIRO.20210414.PHYTOPLANKTON.7.CNSA.1","A00000205365",1,"CNSa",4000.0,200.0,0.9,,"0000-0002-6609-5941","0000-0003-1075-1249","OK",
"0fd3a3dd-78e1-4dc0-aa35-b4af97d914f6","D05","LIRO","LIRO.AOS.riparian.point.05","2021-04-14T17:05Z","LIRO.20210414.EPIXYLON.5","LIRO.20210414.EPIXYLON.5.P.1","A00000205370",1,"P",125.0,4.0,1.0,,"0000-0002-6609-5941","0000-0003-1075-1249","OK",
"3fa9d447-9490-4d2a-a8b9-91a9dfb3890f","D05","LIRO","LIRO.AOS.riparian.point.09","2021-04-14T17:05Z","LIRO.20210414.EPIXYLON.3","LIRO.20210414.EPIXYLON.3.CNSA.1","A00000205378",1,"CNSa",125.0,4.0,1.0,,"0000-0002-6609-5941","0000-0003-1075-1249","OK",
"09b50372-d261-4f81-8f13-18c3cf3ac8eb","D05","LIRO","LIRO.AOS.buoy.c1","2021-04-14T17:05Z","LIRO.20210414.PHYTOPLANKTON.1","LIRO.20210414.PHYTOPLANKTON.1.P.1","A00000205382",1,"P",4000.0,200.0,0.9,,"0000-0002-6609-5941","0000-0003-1075-1249","OK",
"a5cd34a5-12a7-4efa-ac1a-d01c117d950e","D05","LIRO","LIRO.AOS.littoral1","2021-04-14T17:05Z","LIRO.20210414.PHYTOPLANKTON.2","LIRO.20210414.PHYTOPLANKTON.2.P.1","A00000205379",1,"P",4000.0,200.0,0.9,,"0000-0002-6609-5941","0000-0003-1075-1249","OK",
"d3888702-74a8-4f58-b64e-8c0aa3e052d2","D05","LIRO","LIRO.AOS.littoral1","2021-04-14T17:05Z","LIRO.20210414.PHYTOPLANKTON.2","LIRO.20210414.PHYTOPLANKTON.2.CNSA.1","A00000205380",1,"CNSa",4000.0,200.0,0.9,,"0000-0002-6609-5941","0000-0003-1075-1249","OK",
"63a8c1d6-062c-4f92-a464-461973530c24","D05","LIRO","LIRO.AOS.littoral1","2021-04-14T17:05Z","LIRO.20210414.PHYTOPLANKTON.2","LIRO.20210414.PHYTOPLANKTON.2.CNSB.1","A00000205381",1,"CNSb",4000.0,200.0,0.9,,"0000-0002-6609-5941","0000-0003-1075-1249","OK",
"8b8b843b-c169-4fde-b3d0-36e2fea0cc60","D05","LIRO","LIRO.AOS.littoral2","2021-04-14T17:05Z","LIRO.20210414.PHYTOPLANKTON.7","LIRO.20210414.PHYTOPLANKTON.7.P.1","A00000205366",1,"P",4000.0,200.0,0.9,,"0000-0002-6609-5941","0000-0003-1075-1249","OK",
"ca4992b1-a904-4d18-a6f1-873ead4b2e13","D05","LIRO","LIRO.AOS.buoy.c1","2021-04-14T17:05Z","LIRO.20210414.PHYTOPLANKTON.1","LIRO.20210414.PHYTOPLANKTON.1.CHL/PHEO.1","B00000080617",1,"chlorophyll/pheophytin",4000.0,200.0,0.9,,"0000-0002-6609-5941","0000-0003-1075-1249","OK",
"1df021c9-7525-4d4b-8a80-27c72a481313","D05","LIRO","LIRO.AOS.riparian.point.09","2021-04-14T17:05Z","LIRO.20210414.EPIXYLON.3","LIRO.20210414.EPIXYLON.3.P.1","A00000205376",1,"P",125.0,4.0,1.0,,"0000-0002-6609-5941","0000-0003-1075-1249","OK",
"1ba2d4df-fbb8-4fa1-baee-fd1753cad825","D05","LIRO","LIRO.AOS.riparian.point.01","2021-04-14T17:05Z","LIRO.20210414.EPIXYLON.8","LIRO.20210414.EPIXYLON.8.CHL/PHEO.1","B00000080614",1,"chlorophyll/pheophytin",125.0,4.0,1.0,,"0000-0002-6609-5941","0000-0003-1075-1249","OK",
"396ffe2f-c444-4f99-be40-9eaa82230aee","D05","LIRO","LIRO.AOS.buoy.c1","2021-04-14T17:05Z","LIRO.20210414.PHYTOPLANKTON.1","LIRO.20210414.PHYTOPLANKTON.1.CNSA.1","A00000204363",1,"CNSa",4000.0,200.0,0.9,,"0000-0002-6609-5941","0000-0003-1075-1249","OK",
"825f8b71-a6d3-4185-9869-331f2ef08802","D05","LIRO","LIRO.AOS.buoy.c1","2021-04-14T17:05Z","LIRO.20210414.PHYTOPLANKTON.1","LIRO.20210414.PHYTOPLANKTON.1.CNSB.1","A00000204364",1,"CNSb",4000.0,200.0,0.9,,"0000-0002-6609-5941","0000-0003-1075-1249","OK",
"6d5c2b6b-8bb2-46b2-ba8e-eca3212fc52d","D05","LIRO","LIRO.AOS.riparian.point.05","2021-04-14T17:05Z","LIRO.20210414.EPIXYLON.5","LIRO.20210414.EPIXYLON.5.REP2.CHL/PHEO.2","B00000080610",2,"chlorophyll/pheophytin",125.0,4.0,1.0,,"0000-0002-6609-5941","0000-0003-1075-1249","OK",
"aeac5b39-aa0b-42a9-827c-effb0bb482cf","D05","LIRO","LIRO.AOS.riparian.point.07","2021-04-14T17:05Z","LIRO.20210414.EPIXYLON.4","LIRO.20210414.EPIXYLON.4.CHL/PHEO.1","B00000080613",1,"chlorophyll/pheophytin",125.0,4.0,1.0,,"0000-0002-6609-5941","0000-0003-1075-1249","OK",
"26df20c3-a65c-4922-b12e-d32315dbee7a","D05","LIRO","LIRO.AOS.riparian.point.03","2021-04-14T17:05Z","LIRO.20210414.EPIXYLON.6","LIRO.20210414.EPIXYLON.6.CHL/PHEO.1","B00000080612",1,"chlorophyll/pheophytin",125.0,4.0,1.0,,"0000-0002-6609-5941","0000-0003-1075-1249","OK",
"426b3124-816b-474a-bc6c-b34b742b5615","D05","LIRO","LIRO.AOS.littoral1","2021-04-14T17:05Z","LIRO.20210414.PHYTOPLANKTON.2","LIRO.20210414.PHYTOPLANKTON.2.CHL/PHEO.1","B00000080616",1,"chlorophyll/pheophytin",4000.0,200.0,0.9,,"0000-0002-6609-5941","0000-0003-1075-1249","OK",
"dac1326a-dc88-4473-bb12-f142c4d17201","D05","LIRO","LIRO.AOS.riparian.point.09","2021-04-14T17:05Z","LIRO.20210414.EPIXYLON.3","LIRO.20210414.EPIXYLON.3.CNSB.1","A00000205377",1,"CNSb",125.0,4.0,1.0,,"0000-0002-6609-5941","0000-0003-1075-1249","OK",
"83ed2495-f60c-4cee-ae95-ebe002a7e062","D05","LIRO","LIRO.AOS.riparian.point.05","2021-04-14T17:05Z","LIRO.20210414.EPIXYLON.5","LIRO.20210414.EPIXYLON.5.REP2.CNSB.2","A00000205368",2,"CNSb",125.0,4.0,1.0,,"0000-0002-6609-5941","0000-0003-1075-1249","OK",
"91ee69e1-be8b-4b74-bb6c-67e8b0855ffa","D05","LIRO","LIRO.AOS.riparian.point.09","2021-04-14T17:05Z","LIRO.20210414.EPIXYLON.3","LIRO.20210414.EPIXYLON.3.CHL/PHEO.1","B00000080607",1,"chlorophyll/pheophytin",125.0,4.0,1.0,,"0000-0002-6609-5941","0000-0003-1075-1249","OK",
"a92c27b2-389a-4ac0-b3ce-b06acb9767b0","D05","LIRO","LIRO.AOS.riparian.point.03","2021-04-14T17:05Z","LIRO.20210414.EPIXYLON.6","LIRO.20210414.EPIXYLON.6.CNSA.1","A00000205362",1,"CNSa",125.0,4.0,1.0,,"0000-0002-6609-5941","0000-0003-1075-1249","OK",
"14b6d68b-d4ca-4f35-8b59-faa14ab50f39","D05","LIRO","LIRO.AOS.riparian.point.05","2021-04-14T17:05Z","LIRO.20210414.EPIXYLON.5","LIRO.20210414.EPIXYLON.5.CNSA.1","A00000205372",1,"CNSa",125.0,4.0,1.0,,"0000-0002-6609-5941","0000-0003-1075-1249","OK",
"4574de20-00d1-4432-84d4-f097f0a62f63","D05","LIRO","LIRO.AOS.riparian.point.07","2021-04-14T17:05Z","LIRO.20210414.EPIXYLON.4","LIRO.20210414.EPIXYLON.4.CNSB.1","A00000205374",1,"CNSb",125.0,4.0,1.0,,"0000-0002-6609-5941","0000-0003-1075-1249","OK",
"7db99c3b-c635-48dc-871b-ae4fb09cfc90","D05","LIRO","LIRO.AOS.riparian.point.05","2021-04-14T17:05Z","LIRO.20210414.EPIXYLON.5","LIRO.20210414.EPIXYLON.5.REP2.CNSA.2","A00000205367",2,"CNSa",125.0,4.0,1.0,,"0000-0002-6609-5941","0000-0003-1075-1249","OK",
