uid,domainID,siteID,namedLocation,aquaticSiteType,decimalLatitude,decimalLongitude,coordinateUncertainty,elevation,elevationUncertainty,geodeticDatum,collectDate,eventID,parentSampleID,parentSampleCode,samplingImpractical,biophysicalCriteria,affectedByWind,habitatType,algalSampleType,benthicArea,samplingProtocolVersion,phytoDepth1,phytoDepth2,phytoDepth3,substratumSizeClass,remarks,recordedBy,collectedBy,dataQF
"705468da-8b2e-4412-87b6-34536118239e","D05","LIRO","LIRO.AOS.riparian.point.09","lake",45.997072,-89.705716,0.2,500.2,0.2,"WGS84","2021-04-14T17:05Z","LIRO.20210414","LIRO.20210414.EPIXYLON.3",,,"OK - no known exceptions",,"littoral","epixylon",0.002406,"NEON.DOC.003045vE",,,,,,"0000-0003-1075-1249","0000-0002-6609-5941",
"35cf5ae3-9359-4cff-94cf-4f863f96134a","D05","LIRO","LIRO.AOS.littoral2","lake",46.000609,-89.704078,1.1,495.9,1.0,"WGS84","2021-04-14T17:05Z","LIRO.20210414","LIRO.20210414.PHYTOPLANKTON.7",,,"OK - no known exceptions","N","pelagic","phytoplankton",,"NEON.DOC.003045vE",0.5,1.1,,,,"0000-0003-1075-1249","0000-0002-6609-5941",
"366e302c-aca5-4aae-8903-a67bf228f9aa","D05","LIRO","LIRO.AOS.littoral1","lake",45.995205,-89.706502,1.1,496.5,1.0,"WGS84","2021-04-14T17:05Z","LIRO.20210414","LIRO.20210414.PHYTOPLANKTON.2",,,"OK - no known exceptions","N","pelagic","phytoplankton",,"NEON.DOC.003045vE",0.5,1.1,,,,"0000-0003-1075-1249","0000-0002-6609-5941",
"e0f0601f-9c68-4cc3-a9d9-480c17780666","D05","LIRO","LIRO.AOS.buoy.c1","lake",45.998322,-89.704766,10.0,502.0,10.0,"WGS84","2021-04-14T17:05Z","LIRO.20210414","LIRO.20210414.PHYTOPLANKTON.1",,,"OK - no known exceptions","N","pelagic","phytoplankton",,"NEON.DOC.003045vE",0.5,2.8,7.3,,,"0000-0003-1075-1249","0000-0002-6609-5941",
"6383f680-9e1f-457a-bd26-a8eeddea3711","D05","LIRO","LIRO.AOS.riparian.point.03","lake",45.996377,-89.704103,0.2,498.6,0.3,"WGS84","2021-04-14T17:05Z","LIRO.20210414","LIRO.20210414.EPIXYLON.6",,,"OK - no known exceptions",,"littoral","epixylon",0.002406,"NEON.DOC.003045vE",,,,,,"0000-0003-1075-1249","0000-0002-6609-5941",
"423198df-0a6d-4350-af60-05fb8d160943","D05","LIRO","LIRO.AOS.riparian.point.05","lake",45.995340,-89.698224,0.2,501.7,0.2,"WGS84","2021-04-14T17:05Z","LIRO.20210414","LIRO.20210414.EPIXYLON.5",,,"OK - no known exceptions",,"littoral","epixylon",0.002406,"NEON.DOC.003045vE",,,,,,"0000-0003-1075-1249","0000-0002-6609-5941",
"bcb3f0e7-ee1e-46d4-be2f-921846028233","D05","LIRO","LIRO.AOS.riparian.point.07","lake",45.995426,-89.704281,0.3,496.3,0.5,"WGS84","2021-04-14T17:05Z","LIRO.20210414","LIRO.20210414.EPIXYLON.4",,,"OK - no known exceptions",,"littoral","epixylon",0.002406,"NEON.DOC.003045vE",,,,,,"0000-0003-1075-1249","0000-0002-6609-5941",
"12db2cc1-d85c-4cda-9471-ad63cf9252b7","D05","LIRO","LIRO.AOS.riparian.point.01","lake",46.000768,-89.704041,0.2,496.0,0.3,"WGS84","2021-04-14T17:05Z","LIRO.20210414","LIRO.20210414.EPIXYLON.8",,,"OK - no known exceptions",,"littoral","epixylon",0.002406,"NEON.DOC.003045vE",,,,,,"0000-0003-1075-1249","0000-0002-6609-5941",
