uid,domainID,siteID,namedLocation,collectDate,sampleID,sampleCode,sampleCondition,laboratoryName,analysisDate,analyzedBy,sampleType,replicate,sampleVolumeFiltered,filterSize,percentFilterAnalyzed,dilutionFactor,solventVolume,responseFactor,acidificationResponseFactor,fluorometerSensitivitySetting,preAcidificationFluorescence,postAcidificationFluorescence,analyte,analyteConcentration,plantAlgaeLabUnits,testMethod,method,acidTreatment,externalRemarks,externalLabDataQF
"9a15f503-f53f-4ec0-8cb5-53c682f5224f","D05","LIRO","LIRO.AOS.riparian.point.05","2021-04-14","LIRO.20210414.EPIXYLON.5.CHL/PHEO.1","B00000080615","condition ok","Great Lakes Environmental Center, Inc.","2021-04-26","4CajRO/thb0=","chlorophyll/pheophytin","1",4,25,100,1,7,414.3843,,,0.3150,0.1630,"chlorophyll a",130.64,"microgramsPerLiter","GLEC_algalChlorophyll_V1","APHA 10200H",,,
"fd41eb0a-f0d8-4b26-b2a2-e2406e3e1a06","D05","LIRO","LIRO.AOS.riparian.point.09","2021-04-14","LIRO.20210414.EPIXYLON.3.CHL/PHEO.1","B00000080607","condition ok","Great Lakes Environmental Center, Inc.","2021-04-26","4CajRO/thb0=","chlorophyll/pheophytin","1",4,25,100,1,7,414.3843,,,0.1170,0.0660,"chlorophyll a",43.83,"microgramsPerLiter","GLEC_algalChlorophyll_V1","APHA 10200H",,,
"7dbacab9-dba1-459c-89cf-ecb93737ea04","D05","LIRO","LIRO.AOS.riparian.point.03","2021-04-14","LIRO.20210414.EPIXYLON.6.CHL/PHEO.1","B00000080612","condition ok","Great Lakes Environmental Center, Inc.","2021-04-26","4CajRO/thb0=","chlorophyll/pheophytin","1",4,25,100,1,7,414.3843,,,0.1400,0.0670,"pheophytin",248.21,"microgramsPerLiter","GLEC_algalChlorophyll_V1","APHA 10200H",,,
"32fcf0db-b2d2-44ee-8884-ca05274e589c","D05","LIRO","LIRO.AOS.riparian.point.03","2021-04-14","LIRO.20210414.EPIXYLON.6.CHL/PHEO.1","B00000080612","condition ok","Great Lakes Environmental Center, Inc.","2021-04-26","4CajRO/thb0=","chlorophyll/pheophytin","1",4,25,100,1,7,414.3843,,,0.1400,0.0670,"chlorophyll a",62.74,"microgramsPerLiter","GLEC_algalChlorophyll_V1","APHA 10200H",,,
"9156e586-0214-45a6-9ebc-14eeda4e6854","D05","LIRO","LIRO.AOS.riparian.point.05","2021-04-14","LIRO.20210414.EPIXYLON.5.REP2.CHL/PHEO.2","B00000080610","condition ok","Great Lakes Environmental Center, Inc.","2021-04-26","4CajRO/thb0=","chlorophyll/pheophytin","2",4,25,100,1,7,414.3843,,,0.3220,0.1660,"pheophytin",636.35,"microgramsPerLiter","GLEC_algalChlorophyll_V1","APHA 10200H",,,
"2788ebfc-c7e7-4fe5-bc64-bf1194abe239","D05","LIRO","LIRO.AOS.buoy.c1","2021-04-14","LIRO.20210414.PHYTOPLANKTON.1.CHL/PHEO.1","B00000080617","condition ok","Great Lakes Environmental Center, Inc.","2021-04-26","4CajRO/thb0=","chlorophyll/pheophytin","1",200,25,100,1,7,414.3843,,,0.3040,0.1160,"chlorophyll a",3.23,"microgramsPerLiter","GLEC_algalChlorophyll_V1","APHA 10200H",,,
"fd238279-e80e-43a0-bb77-1d8350dc0530","D05","LIRO","LIRO.AOS.littoral2","2021-04-14","LIRO.20210414.PHYTOPLANKTON.7.CHL/PHEO.1","B00000080611","condition ok","Great Lakes Environmental Center, Inc.","2021-04-26","4CajRO/thb0=","chlorophyll/pheophytin","1",200,25,100,1,7,414.3843,,,0.2310,0.0800,"pheophytin",4.83,"microgramsPerLiter","GLEC_algalChlorophyll_V1","APHA 10200H",,,
"b04b54c7-c827-4fb0-8edc-ac1179179ccb","D05","LIRO","LIRO.AOS.riparian.point.01","2021-04-14","LIRO.20210414.EPIXYLON.8.CHL/PHEO.1","B00000080614","condition ok","Great Lakes Environmental Center, Inc.","2021-04-26","4CajRO/thb0=","chlorophyll/pheophytin","1",4,25,100,1,7,414.3843,,,0.2750,0.1030,"pheophytin",330.21,"microgramsPerLiter","GLEC_algalChlorophyll_V1","APHA 10200H",,,
"62d840fc-5de9-4359-b449-ef1057cb35e8","D05","LIRO","LIRO.AOS.littoral1","2021-04-14","LIRO.20210414.PHYTOPLANKTON.2.CHL/PHEO.1","B00000080616","condition ok","Great Lakes Environmental Center, Inc.","2021-04-26","4CajRO/thb0=","chlorophyll/pheophytin","1",200,25,100,1,7,414.3843,,,0.2120,0.0730,"pheophytin",4.39,"microgramsPerLiter","GLEC_algalChlorophyll_V1","APHA 10200H",,,
"7d361ba7-60b3-4012-8bb4-c68be3288b04","D05","LIRO","LIRO.AOS.buoy.c1","2021-04-14","LIRO.20210414.PHYTOPLANKTON.1.CHL/PHEO.1","B00000080617","condition ok","Great Lakes Environmental Center, Inc.","2021-04-26","4CajRO/thb0=","chlorophyll/pheophytin","1",200,25,100,1,7,414.3843,,,0.3040,0.1160,"pheophytin",7.54,"microgramsPerLiter","GLEC_algalChlorophyll_V1","APHA 10200H",,,
"12866e33-4c35-4d49-bb96-1e2ec49631cd","D05","LIRO","LIRO.AOS.riparian.point.05","2021-04-14","LIRO.20210414.EPIXYLON.5.CHL/PHEO.1","B00000080615","condition ok","Great Lakes Environmental Center, Inc.","2021-04-26","4CajRO/thb0=","chlorophyll/pheophytin","1",4,25,100,1,7,414.3843,,,0.3150,0.1630,"pheophytin",625.86,"microgramsPerLiter","GLEC_algalChlorophyll_V1","APHA 10200H",,,
"51f8f4c6-504d-4306-8265-91cd1b64c918","D05","LIRO","LIRO.AOS.littoral2","2021-04-14","LIRO.20210414.PHYTOPLANKTON.7.CHL/PHEO.1","B00000080611","condition ok","Great Lakes Environmental Center, Inc.","2021-04-26","4CajRO/thb0=","chlorophyll/pheophytin","1",200,25,100,1,7,414.3843,,,0.2310,0.0800,"chlorophyll a",2.60,"microgramsPerLiter","GLEC_algalChlorophyll_V1","APHA 10200H",,,
"25a159b6-4f2f-41c4-a8df-36eb38b9269f","D05","LIRO","LIRO.AOS.riparian.point.09","2021-04-14","LIRO.20210414.EPIXYLON.3.CHL/PHEO.1","B00000080607","condition ok","Great Lakes Environmental Center, Inc.","2021-04-26","4CajRO/thb0=","chlorophyll/pheophytin","1",4,25,100,1,7,414.3843,,,0.1170,0.0660,"pheophytin",262.48,"microgramsPerLiter","GLEC_algalChlorophyll_V1","APHA 10200H",,,
"b5d07140-070c-4642-9dc7-66cd9370e97c","D05","LIRO","LIRO.AOS.littoral1","2021-04-14","LIRO.20210414.PHYTOPLANKTON.2.CHL/PHEO.1","B00000080616","condition ok","Great Lakes Environmental Center, Inc.","2021-04-26","4CajRO/thb0=","chlorophyll/pheophytin","1",200,25,100,1,7,414.3843,,,0.2120,0.0730,"chlorophyll a",2.39,"microgramsPerLiter","GLEC_algalChlorophyll_V1","APHA 10200H",,,
"e456de78-23d6-4c34-8422-024f58e4b096","D05","LIRO","LIRO.AOS.riparian.point.07","2021-04-14","LIRO.20210414.EPIXYLON.4.CHL/PHEO.1","B00000080613","condition ok","Great Lakes Environmental Center, Inc.","2021-04-26","4CajRO/thb0=","chlorophyll/pheophytin","1",4,25,100,1,7,414.3843,,,0.2510,0.1420,"chlorophyll a",93.68,"microgramsPerLiter","GLEC_algalChlorophyll_V1","APHA 10200H",,,
"a830305f-97ed-41d5-b4ba-2a60b7902c8d","D05","LIRO","LIRO.AOS.riparian.point.05","2021-04-14","LIRO.20210414.EPIXYLON.5.REP2.CHL/PHEO.2","B00000080610","condition ok","Great Lakes Environmental Center, Inc.","2021-04-26","4CajRO/thb0=","chlorophyll/pheophytin","2",4,25,100,1,7,414.3843,,,0.3220,0.1660,"chlorophyll a",134.08,"microgramsPerLiter","GLEC_algalChlorophyll_V1","APHA 10200H",,,
"46a202f4-45d7-4f40-be1b-db2e1d267822","D05","LIRO","LIRO.AOS.riparian.point.07","2021-04-14","LIRO.20210414.EPIXYLON.4.CHL/PHEO.1","B00000080613","condition ok","Great Lakes Environmental Center, Inc.","2021-04-26","4CajRO/thb0=","chlorophyll/pheophytin","1",4,25,100,1,7,414.3843,,,0.2510,0.1420,"pheophytin",565.36,"microgramsPerLiter","GLEC_algalChlorophyll_V1","APHA 10200H",,,
"e6264b69-d0fb-4352-8cd2-3e0de1f6aaef","D05","LIRO","LIRO.AOS.riparian.point.01","2021-04-14","LIRO.20210414.EPIXYLON.8.CHL/PHEO.1","B00000080614","condition ok","Great Lakes Environmental Center, Inc.","2021-04-26","4CajRO/thb0=","chlorophyll/pheophytin","1",4,25,100,1,7,414.3843,,,0.2750,0.1030,"chlorophyll a",147.83,"microgramsPerLiter","GLEC_algalChlorophyll_V1","APHA 10200H",,,
