uid,domainID,siteID,namedLocation,sampleID,sampleCode,startDate,collectDate,laboratoryName,analyte,analyteConcentration,analyteUnits,coolerTemp,remarks,shipmentWarmQF,externalLabDataQF,sampleCondition
"02d432d0-b6b3-4a89-b8a9-c4668e975a0c","D03","BARC","BARC.AOS.buoy.c0","BARC.C0.20200707.FIL.NUT","A00000131388","2020-07-07T13:47Z","2020-07-07T13:47Z","Florida International University","NO3+NO2 - N",0.0014,"milligramsPerLiter",-1.0,,0,,"OK"
"172c5dd2-70e8-48c5-a5dd-68b1f9419007","D03","BARC","BARC.AOS.buoy.c0","BARC.C0.20200707.FIL.NUT","A00000131388","2020-07-07T13:47Z","2020-07-07T13:47Z","Florida International University","TDP",0.0042,"milligramsPerLiter",-1.0,,0,,"OK"
"672eb45c-1916-4257-a4d5-9c91c3c6b581","D03","BARC","BARC.AOS.buoy.c0","BARC.C0.20200707.FIL.NUT","A00000131388","2020-07-07T13:47Z","2020-07-07T13:47Z","Florida International University","NH4 - N",0.0075,"milligramsPerLiter",-1.0,,0,,"OK"
"49668e7f-a988-4769-ac41-f99e26d77a7e","D03","BARC","BARC.AOS.buoy.c0","BARC.C0.20200707.FIL.NUT","A00000131388","2020-07-07T13:47Z","2020-07-07T13:47Z","Florida International University","NO2 - N",0.0001,"milligramsPerLiter",-1.0,,0,,"OK"
"31b0b43f-306a-45f8-873d-df20c33d764e","D03","BARC","BARC.AOS.buoy.c0","BARC.C0.20200707.FIL.NUT","A00000131388","2020-07-07T13:47Z","2020-07-07T13:47Z","Florida International University","Ortho - P",0.0000,"milligramsPerLiter",-1.0,,0,,"OK"
"565b7239-afcf-42d0-b5f6-9c0a95a4e252","D03","BARC","BARC.AOS.buoy.c0","BARC.C0.20200707.RAW.NUT","A00000131382","2020-07-07T13:47Z","2020-07-07T13:47Z","Florida International University","TP",0.0111,"milligramsPerLiter",-1.0,,0,,"OK"
"e0b24e88-d5de-4bc4-bb50-3b75350c0baf","D03","BARC","BARC.AOS.buoy.c0","BARC.C0.20200707.FIL","A00000131389","2020-07-07T13:47Z","2020-07-07T13:47Z","EcoCore_CSU","SO4",2.4570,"milligramsPerLiter",2.0,,0,,"Cold Chain Broken During Storage|Hold Time Exceeded"
"8a00623f-932c-4dc9-9eff-b537b1de299b","D03","BARC","BARC.AOS.buoy.c0","BARC.C0.20200707.FIL","A00000131389","2020-07-07T13:47Z","2020-07-07T13:47Z","EcoCore_CSU","Cl",4.9343,"milligramsPerLiter",2.0,,0,,"Cold Chain Broken During Storage|Hold Time Exceeded"
"569beccc-175a-4819-9bf6-b3a25712e91d","D03","BARC","BARC.AOS.buoy.c0","BARC.C0.20200707.FIL","A00000131389","2020-07-07T13:47Z","2020-07-07T13:47Z","EcoCore_CSU","F",0.0050,"milligramsPerLiter",2.0,,0,,"Cold Chain Broken During Storage|Hold Time Exceeded"
"36e460ee-4761-403a-972b-a78830bc150c","D03","BARC","BARC.AOS.buoy.c0","BARC.C0.20200707.FIL","A00000131389","2020-07-07T13:47Z","2020-07-07T13:47Z","EcoCore_CSU","Br",0.0050,"milligramsPerLiter",2.0,,0,,"Cold Chain Broken During Storage|Hold Time Exceeded"
"47a664c0-fe65-4f57-8aca-4c19af391bc4","D03","BARC","BARC.AOS.buoy.c0","BARC.C0.20200707.FIL","A00000131389","2020-07-07T13:47Z","2020-07-07T13:47Z","EcoCore_CSU","K",0.1460,"milligramsPerLiter",2.0,,0,,"Hold Time Exceeded"
"aae57107-ecbb-4ae3-a719-9100248d01e0","D03","BARC","BARC.AOS.buoy.c0","BARC.C0.20200707.FIL","A00000131389","2020-07-07T13:47Z","2020-07-07T13:47Z","EcoCore_CSU","Fe",0.0430,"milligramsPerLiter",2.0,,0,,"Hold Time Exceeded"
"a0c776c7-1855-4cff-8906-8c7c37da42b0","D03","BARC","BARC.AOS.buoy.c0","BARC.C0.20200707.FIL","A00000131389","2020-07-07T13:47Z","2020-07-07T13:47Z","EcoCore_CSU","Na",0.2130,"milligramsPerLiter",2.0,,0,,"Hold Time Exceeded"
"4c47d9c2-45af-4a9a-85ec-6f0f3b784282","D03","BARC","BARC.AOS.buoy.c0","BARC.C0.20200707.FIL","A00000131389","2020-07-07T13:47Z","2020-07-07T13:47Z","EcoCore_CSU","Mn",0.0070,"milligramsPerLiter",2.0,,0,,"Hold Time Exceeded"
"2f2399f6-57bc-4495-a811-dcc712de632e","D03","BARC","BARC.AOS.buoy.c0","BARC.C0.20200707.FIL","A00000131389","2020-07-07T13:47Z","2020-07-07T13:47Z","EcoCore_CSU","Mg",0.4360,"milligramsPerLiter",2.0,,0,,"Hold Time Exceeded"
"2aa83446-688c-4f31-975e-2707e13cd0d9","D03","BARC","BARC.AOS.buoy.c0","BARC.C0.20200707.FIL","A00000131389","2020-07-07T13:47Z","2020-07-07T13:47Z","EcoCore_CSU","Ca",0.0230,"milligramsPerLiter",2.0,,0,,"Hold Time Exceeded"
"9642183e-759b-40c4-8c7e-9d58fe13fe28","D03","BARC","BARC.AOS.buoy.c0","BARC.C0.20200707.FIL","A00000131389","2020-07-07T13:47Z","2020-07-07T13:47Z","EcoCore_CSU","Si",0.1570,"milligramsPerLiter",2.0,,0,,"Hold Time Exceeded"
"c7676252-2196-4b10-9e41-d5976f0d3439","D03","BARC","BARC.AOS.buoy.c0","BARC.C0.20200707.POM.1","A00000131386","2020-07-07T13:47Z","2020-07-07T13:47Z","SIRFER Lab at University of Utah","TPC",630.4262,"microgramsPerLiter",,,-1,,"OK"
"f030bb6f-a243-4be4-9033-340d7e113526","D03","BARC","BARC.AOS.buoy.c0","BARC.C0.20200707.POM.1","A00000131386","2020-07-07T13:47Z","2020-07-07T13:47Z","SIRFER Lab at University of Utah","TPN",51.6411,"microgramsPerLiter",,,-1,,"OK"
"3fe83ba9-0707-417a-a341-5a684c699841","D03","BARC","BARC.AOS.buoy.c0","BARC.C0.20200707.RAW","A00000131381","2020-07-07T13:47Z","2020-07-07T13:47Z","EcoCore_CSU","TOC",2.7520,"milligramsPerLiter",2.0,,0,,"OK"
"4c5b9cba-beb6-4012-bc6f-c19780780927","D03","BARC","BARC.AOS.buoy.c0","BARC.C0.20200707.RAW","A00000131381","2020-07-07T13:47Z","2020-07-07T13:47Z","EcoCore_CSU","TN",0.2175,"milligramsPerLiter",2.0,,0,,"OK"
"dd44e48a-aa91-4e97-a9bd-83b855333a34","D03","BARC","BARC.AOS.buoy.c0","BARC.C0.20200707.FIL","A00000131389","2020-07-07T13:47Z","2020-07-07T13:47Z","EcoCore_CSU","CO3",,"milligramsPerLiter",2.0,,0,,"Cold Chain Broken"
"abcf3fd7-dfa1-4a7a-8c21-96b3d50082cb","D03","BARC","BARC.AOS.buoy.c0","BARC.C0.20200707.FIL","A00000131389","2020-07-07T13:47Z","2020-07-07T13:47Z","EcoCore_CSU","HCO3",,"milligramsPerLiter",2.0,,0,,"Cold Chain Broken"
"71aa96ea-fd34-4897-b747-725b786ffb05","D03","BARC","BARC.AOS.buoy.c0","BARC.C0.20200707.FIL","A00000131389","2020-07-07T13:47Z","2020-07-07T13:47Z","EcoCore_CSU","TDS",,"milligramsPerLiter",2.0,,0,,"Cold Chain Broken"
"9965ba3e-dec0-4f73-8740-20aa1e9bbc23","D03","BARC","BARC.AOS.buoy.c0","BARC.C0.20200707.RAW","A00000131381","2020-07-07T13:47Z","2020-07-07T13:47Z","EcoCore_CSU","TSS",,"milligramsPerLiter",2.0,,0,,"Cold Chain Broken"
"38d67c54-c1d5-4ac8-9c05-e9048e71e16d","D03","BARC","BARC.AOS.buoy.c0","BARC.C0.20200707.RAW","A00000131381","2020-07-07T13:47Z","2020-07-07T13:47Z","EcoCore_CSU","TSS - Dry Mass",,"microgram",2.0,,0,,"Cold Chain Broken"
"5e4fb97d-3b1d-4c73-a5d1-d495b748a62e","D03","BARC","BARC.AOS.buoy.c0","BARC.C0.20200707.RAW","A00000131381","2020-07-07T13:47Z","2020-07-07T13:47Z","EcoCore_CSU","pH",,"pH",2.0,,0,,"Cold Chain Broken"
"c6018073-9fe9-4e3e-9411-eab95d1e690a","D03","BARC","BARC.AOS.buoy.c0","BARC.C0.20200707.FIL","A00000131389","2020-07-07T13:47Z","2020-07-07T13:47Z","EcoCore_CSU","UV Absorbance (280 nm)",0.0224,,2.0,,0,,"OK"
"d36de52e-3bbb-4c56-be04-42459a5fa9ae","D03","BARC","BARC.AOS.buoy.c0","BARC.C0.20200707.FIL","A00000131389","2020-07-07T13:47Z","2020-07-07T13:47Z","EcoCore_CSU","UV Absorbance (254 nm)",0.0289,,2.0,,0,,"OK"
"464bc4c1-24f0-4d15-b336-3d01c26f9f1e","D03","BARC","BARC.AOS.buoy.c0","BARC.C0.20200707.FIL","A00000131389","2020-07-07T13:47Z","2020-07-07T13:47Z","EcoCore_CSU","DIC",0.8226,"milligramsPerLiter",2.0,,0,,"OK"
"934a967b-f05b-4e83-9f85-1ba70d95428a","D03","BARC","BARC.AOS.buoy.c0","BARC.C0.20200707.FIL","A00000131389","2020-07-07T13:47Z","2020-07-07T13:47Z","EcoCore_CSU","TDN",0.2029,"milligramsPerLiter",2.0,,0,,"OK"
"049490ec-f805-4016-8d0f-afbe2cad31ee","D03","BARC","BARC.AOS.buoy.c0","BARC.C0.20200707.FIL","A00000131389","2020-07-07T13:47Z","2020-07-07T13:47Z","EcoCore_CSU","DOC",2.7540,"milligramsPerLiter",2.0,,0,,"OK"
