uid,domainID,siteID,namedLocation,sampleID,sampleCode,startDate,collectDate,laboratoryName,analyte,analyteConcentration,analyteUnits,coolerTemp,remarks,shipmentWarmQF,externalLabDataQF,sampleCondition
"48b25d3b-d44c-42f5-b146-049ccfdf0389","D05","LIRO","LIRO.AOS.buoy.c0","LIRO.C0.20200121.POM.1","A00000079225","2020-01-21T19:40Z","2020-01-21T19:40Z","SIRFER Lab at University of Utah","TPN",62.0427,"microgramsPerLiter",,,-1,,"OK"
"10f2672a-6d45-406d-8386-ee00e2988fb9","D05","LIRO","LIRO.AOS.buoy.c0","LIRO.C0.20200121.POM.1","A00000079225","2020-01-21T19:40Z","2020-01-21T19:40Z","SIRFER Lab at University of Utah","TPC",534.7036,"microgramsPerLiter",,,-1,,"OK"
"d6ce02d5-4f17-4044-88c3-aaa47ee5dea3","D05","LIRO","LIRO.AOS.buoy.c0","LIRO.C0.20200121.FIL","A00000079228","2020-01-21T19:40Z","2020-01-21T19:40Z","EcoCore_CSU","SO4",0.9200,"milligramsPerLiter",0.0,,0,,"OK"
"03305e14-9a0b-4f9e-aeb4-1d18cf91b458","D05","LIRO","LIRO.AOS.buoy.c0","LIRO.C0.20200121.FIL","A00000079228","2020-01-21T19:40Z","2020-01-21T19:40Z","EcoCore_CSU","Mg",0.2900,"milligramsPerLiter",0.0,,0,,"OK"
"f2c5e160-40fc-4e6c-8ba3-158cf81ef98e","D05","LIRO","LIRO.AOS.buoy.c0","LIRO.C0.20200121.FIL","A00000079228","2020-01-21T19:40Z","2020-01-21T19:40Z","EcoCore_CSU","HCO3",5.1800,"milligramsPerLiter",0.0,,0,,"OK"
"ee05820e-663c-4e3b-805a-cd9224f578b1","D05","LIRO","LIRO.AOS.buoy.c0","LIRO.C0.20200121.FIL","A00000079228","2020-01-21T19:40Z","2020-01-21T19:40Z","EcoCore_CSU","Cl",2.6700,"milligramsPerLiter",0.0,,0,,"OK"
"ab2dca7a-d2b4-4582-94a8-f198a63c7640","D05","LIRO","LIRO.AOS.buoy.c0","LIRO.C0.20200121.FIL","A00000079228","2020-01-21T19:40Z","2020-01-21T19:40Z","EcoCore_CSU","TDP",0.0005,"milligramsPerLiter",0.0,,0,,"OK"
"995f5f0e-31fb-4cd2-a2de-1da727ba8c0f","D05","LIRO","LIRO.AOS.buoy.c0","LIRO.C0.20200121.FIL","A00000079228","2020-01-21T19:40Z","2020-01-21T19:40Z","EcoCore_CSU","Si",0.0005,"milligramsPerLiter",0.0,,0,,"OK"
"1464047e-e91e-42c2-9e0d-3aa5cdf79827","D05","LIRO","LIRO.AOS.buoy.c0","LIRO.C0.20200121.FIL","A00000079228","2020-01-21T19:40Z","2020-01-21T19:40Z","EcoCore_CSU","Br",0.0050,"milligramsPerLiter",0.0,,0,,"OK"
"1bd31259-c66a-4f12-81a8-633527d10e0e","D05","LIRO","LIRO.AOS.buoy.c0","LIRO.C0.20200121.FIL","A00000079228","2020-01-21T19:40Z","2020-01-21T19:40Z","EcoCore_CSU","Mn",0.0005,"milligramsPerLiter",0.0,,0,,"OK"
"4047d80b-77a5-4107-aa8a-6d66f0da164a","D05","LIRO","LIRO.AOS.buoy.c0","LIRO.C0.20200121.FIL","A00000079228","2020-01-21T19:40Z","2020-01-21T19:40Z","EcoCore_CSU","K",0.3210,"milligramsPerLiter",0.0,,0,,"OK"
"1a217eaa-0d1c-40fa-ac99-9cf72c7a5ea9","D05","LIRO","LIRO.AOS.buoy.c0","LIRO.C0.20200121.FIL","A00000079228","2020-01-21T19:40Z","2020-01-21T19:40Z","EcoCore_CSU","Ca",1.1410,"milligramsPerLiter",0.0,,0,,"OK"
"349149ca-6be2-4d08-8e24-9fc24bd6b971","D05","LIRO","LIRO.AOS.buoy.c0","LIRO.C0.20200121.FIL","A00000079228","2020-01-21T19:40Z","2020-01-21T19:40Z","EcoCore_CSU","CO3",0.0050,"milligramsPerLiter",0.0,,0,,"OK"
"87d61277-9daa-44aa-b59f-ad5e14cd34c7","D05","LIRO","LIRO.AOS.buoy.c0","LIRO.C0.20200121.FIL","A00000079228","2020-01-21T19:40Z","2020-01-21T19:40Z","EcoCore_CSU","Fe",0.0080,"milligramsPerLiter",0.0,,0,,"OK"
"c04a44c4-8b09-4c2b-b921-2efb1c400b01","D05","LIRO","LIRO.AOS.buoy.c0","LIRO.C0.20200121.FIL","A00000079228","2020-01-21T19:40Z","2020-01-21T19:40Z","EcoCore_CSU","TDS",7.0200,"milligramsPerLiter",0.0,,0,,"OK"
"2d2572e9-ab7e-4fde-b0b6-f2dac5ae173f","D05","LIRO","LIRO.AOS.buoy.c0","LIRO.C0.20200121.FIL","A00000079228","2020-01-21T19:40Z","2020-01-21T19:40Z","EcoCore_CSU","F",0.0050,"milligramsPerLiter",0.0,,0,,"OK"
"114a0b54-1473-4a83-80bf-7ac7f0ff3eea","D05","LIRO","LIRO.AOS.buoy.c0","LIRO.C0.20200121.FIL","A00000079228","2020-01-21T19:40Z","2020-01-21T19:40Z","EcoCore_CSU","Na",0.1860,"milligramsPerLiter",0.0,,0,,"OK"
"401dc6a9-6a46-49f9-ab18-c24cfe946d83","D05","LIRO","LIRO.AOS.buoy.c0","LIRO.C0.20200121.RAW","A00000079227","2020-01-21T19:40Z","2020-01-21T19:40Z","EcoCore_CSU","TP",0.0180,"milligramsPerLiter",0.0,,0,,"OK"
"e5d1c024-438c-4147-9ff2-3a6d8ff6753c","D05","LIRO","LIRO.AOS.buoy.c0","LIRO.C0.20200121.RAW","A00000079227","2020-01-21T19:40Z","2020-01-21T19:40Z","EcoCore_CSU","TSS",200.0000,"milligramsPerLiter",0.0,,0,,"OK"
"4c2aab64-481c-4a5a-98d7-06ddf1c2ae70","D05","LIRO","LIRO.AOS.buoy.c0","LIRO.C0.20200121.RAW","A00000079227","2020-01-21T19:40Z","2020-01-21T19:40Z","EcoCore_CSU","ANC",0.1400,"milliequivalentsPerLiter",0.0,,0,,"OK"
"8d9a6ecf-7867-4e3f-9127-b1e3d7b88bdc","D05","LIRO","LIRO.AOS.buoy.c0","LIRO.C0.20200121.RAW","A00000079227","2020-01-21T19:40Z","2020-01-21T19:40Z","EcoCore_CSU","specificConductance",9.8600,"microsiemensPerCentimeter",0.0,,0,,"OK"
"b7309078-e1f0-4a58-93a9-3bd55921cbda","D05","LIRO","LIRO.AOS.buoy.c0","LIRO.C0.20200121.RAW","A00000079227","2020-01-21T19:40Z","2020-01-21T19:40Z","EcoCore_CSU","TSS - Dry Mass",10000.0000,"microgram",0.0,,0,,"OK"
"ea94d518-e54e-4ee8-a8f7-ba5c176b8dbf","D05","LIRO","LIRO.AOS.buoy.c0","LIRO.C0.20200121.RAW","A00000079227","2020-01-21T19:40Z","2020-01-21T19:40Z","EcoCore_CSU","pH",7.1900,"pH",0.0,,0,,"OK"
"162d4652-07d9-44d1-8798-183c218ac862","D05","LIRO","LIRO.AOS.buoy.c0","LIRO.C0.20200121.FIL","A00000079228","2020-01-21T19:40Z","2020-01-21T19:40Z","EcoCore_CSU","UV Absorbance (280 nm)",0.0673,,0.0,,0,,"OK"
"ec5c3189-e31f-46db-a60b-e289b1cce2c6","D05","LIRO","LIRO.AOS.buoy.c0","LIRO.C0.20200121.FIL","A00000079228","2020-01-21T19:40Z","2020-01-21T19:40Z","EcoCore_CSU","UV Absorbance (254 nm)",0.1037,,0.0,,0,,"OK"
"ac494d2b-0771-4d78-a5aa-9b4f95f18688","D05","LIRO","LIRO.AOS.buoy.c0","LIRO.C0.20200121.FIL","A00000079228","2020-01-21T19:40Z","2020-01-21T19:40Z","EcoCore_CSU","Ortho - P",0.0159,"milligramsPerLiter",0.0,,0,,"OK"
"60c01e2a-15c6-4956-b701-b3f2286a5d69","D05","LIRO","LIRO.AOS.buoy.c0","LIRO.C0.20200121.FIL","A00000079228","2020-01-21T19:40Z","2020-01-21T19:40Z","EcoCore_CSU","NO2 - N",-0.0034,"milligramsPerLiter",0.0,,0,,"OK"
"b1ea5959-f651-4932-8aeb-fd0c2099c81b","D05","LIRO","LIRO.AOS.buoy.c0","LIRO.C0.20200121.FIL","A00000079228","2020-01-21T19:40Z","2020-01-21T19:40Z","EcoCore_CSU","NH4 - N",0.1294,"milligramsPerLiter",0.0,,0,,"OK"
"f6606cc7-1082-4d74-b51f-dc55eca59501","D05","LIRO","LIRO.AOS.buoy.c0","LIRO.C0.20200121.FIL","A00000079228","2020-01-21T19:40Z","2020-01-21T19:40Z","EcoCore_CSU","NO3+NO2 - N",0.0614,"milligramsPerLiter",0.0,,0,,"OK"
"ac4ee5f6-96cd-4420-9f99-8797e8ee08ac","D05","LIRO","LIRO.AOS.buoy.c0","LIRO.C0.20200121.FIL","A00000079228","2020-01-21T19:40Z","2020-01-21T19:40Z","EcoCore_CSU","DIC",1.9480,"milligramsPerLiter",0.0,,0,,"OK"
"4d287465-8287-4679-a9fe-c63f723bd04f","D05","LIRO","LIRO.AOS.buoy.c0","LIRO.C0.20200121.FIL","A00000079228","2020-01-21T19:40Z","2020-01-21T19:40Z","EcoCore_CSU","TDN",0.2727,"milligramsPerLiter",0.0,,0,,"OK"
"1d72730e-e7c2-4453-a843-2db6bce558fe","D05","LIRO","LIRO.AOS.buoy.c0","LIRO.C0.20200121.RAW","A00000079227","2020-01-21T19:40Z","2020-01-21T19:40Z","EcoCore_CSU","TOC",3.7800,"milligramsPerLiter",0.0,,0,,"OK"
"3d460791-d75d-4b8e-b473-e58da4dfa462","D05","LIRO","LIRO.AOS.buoy.c0","LIRO.C0.20200121.FIL","A00000079228","2020-01-21T19:40Z","2020-01-21T19:40Z","EcoCore_CSU","DOC",3.6400,"milligramsPerLiter",0.0,,0,,"OK"
"3ac859f8-f4b8-4b12-8e2c-6bff99c9cd7c","D05","LIRO","LIRO.AOS.buoy.c0","LIRO.C0.20200121.RAW","A00000079227","2020-01-21T19:40Z","2020-01-21T19:40Z","EcoCore_CSU","TN",0.2862,"milligramsPerLiter",0.0,,0,,"OK"
