uid,domainID,siteID,namedLocation,sampleID,sampleCode,startDate,collectDate,laboratoryName,analyte,analyteConcentration,analyteUnits,coolerTemp,remarks,shipmentWarmQF,externalLabDataQF,sampleCondition
"52013e01-81dd-4a5b-928c-61022a299399","D03","BARC","BARC.AOS.buoy.c0","BARC.C0.20200616.FIL.NUT","A00000129948","2020-06-16T13:18Z","2020-06-16T13:18Z","Florida International University","Ortho - P",0.0000,"milligramsPerLiter",-1.0,,0,,"OK"
"bc1fe8b3-9d4a-420d-81e8-821bbb0bb0ca","D03","BARC","BARC.AOS.buoy.c0","BARC.C0.20200616.FIL.NUT","A00000129948","2020-06-16T13:18Z","2020-06-16T13:18Z","Florida International University","NO2 - N",0.0001,"milligramsPerLiter",-1.0,,0,,"OK"
"d4548e2d-7d1f-4b17-8c16-c31eb005748c","D03","BARC","BARC.AOS.buoy.c0","BARC.C0.20200616.FIL.NUT.3","A00000131346","2020-06-16T13:18Z","2020-06-16T13:18Z","Florida International University","NO2 - N",0.0001,"milligramsPerLiter",-1.0,,0,,"OK"
"48200a93-b680-4afd-afdb-e29e8058c41b","D03","BARC","BARC.AOS.buoy.c0","BARC.C0.20200616.FIL.NUT.2","A00000131342","2020-06-16T13:18Z","2020-06-16T13:18Z","Florida International University","TDP",0.0037,"milligramsPerLiter",-1.0,,0,,"OK"
"2b6fa9ae-3f38-4c70-9f75-2de62970c9b0","D03","BARC","BARC.AOS.buoy.c0","BARC.C0.20200616.FIL.NUT.3","A00000131346","2020-06-16T13:18Z","2020-06-16T13:18Z","Florida International University","TDP",0.0049,"milligramsPerLiter",-1.0,,0,,"OK"
"1eda408d-926b-4a0c-b7ef-4942eb16ac75","D03","BARC","BARC.AOS.buoy.c0","BARC.C0.20200616.FIL.NUT.2","A00000131342","2020-06-16T13:18Z","2020-06-16T13:18Z","Florida International University","NH4 - N",0.0033,"milligramsPerLiter",-1.0,,0,,"OK"
"0cc327ea-88c4-4440-821d-bda5529032ee","D03","BARC","BARC.AOS.buoy.c0","BARC.C0.20200616.FIL.NUT.2","A00000131342","2020-06-16T13:18Z","2020-06-16T13:18Z","Florida International University","NO2 - N",0.0001,"milligramsPerLiter",-1.0,,0,,"OK"
"ceff8a3e-ca68-4e9c-ae5b-fc1238f467b0","D03","BARC","BARC.AOS.buoy.c0","BARC.C0.20200616.FIL.NUT","A00000129948","2020-06-16T13:18Z","2020-06-16T13:18Z","Florida International University","NO3+NO2 - N",0.0019,"milligramsPerLiter",-1.0,,0,,"OK"
"49ccb14e-8fcf-4fc6-a8fa-bbe1cfdc9456","D03","BARC","BARC.AOS.buoy.c0","BARC.C0.20200616.RAW.NUT.2","A00000131344","2020-06-16T13:18Z","2020-06-16T13:18Z","Florida International University","TP",0.0059,"milligramsPerLiter",-1.0,,0,,"OK"
"59d82561-8a8c-425b-bdbc-3118ee35bb35","D03","BARC","BARC.AOS.buoy.c0","BARC.C0.20200616.FIL.NUT.2","A00000131342","2020-06-16T13:18Z","2020-06-16T13:18Z","Florida International University","NO3+NO2 - N",0.0019,"milligramsPerLiter",-1.0,,0,,"OK"
"31e44828-1d08-441d-b419-394ed6b08f5e","D03","BARC","BARC.AOS.buoy.c0","BARC.C0.20200616.RAW.NUT.3","A00000131348","2020-06-16T13:18Z","2020-06-16T13:18Z","Florida International University","TP",0.0059,"milligramsPerLiter",-1.0,,0,,"OK"
"c83d9020-d75a-4ce8-be19-3a21d5498faa","D03","BARC","BARC.AOS.buoy.c0","BARC.C0.20200616.FIL.NUT","A00000129948","2020-06-16T13:18Z","2020-06-16T13:18Z","Florida International University","NH4 - N",0.0031,"milligramsPerLiter",-1.0,,0,,"OK"
"c4510dca-049e-430c-a592-967e11692fdb","D03","BARC","BARC.AOS.buoy.c0","BARC.C0.20200616.FIL.NUT.2","A00000131342","2020-06-16T13:18Z","2020-06-16T13:18Z","Florida International University","Ortho - P",0.0000,"milligramsPerLiter",-1.0,,0,,"OK"
"225c0ee2-ad1d-401d-9b34-fa1c40dc3e96","D03","BARC","BARC.AOS.buoy.c0","BARC.C0.20200616.FIL.NUT.3","A00000131346","2020-06-16T13:18Z","2020-06-16T13:18Z","Florida International University","NO3+NO2 - N",0.0019,"milligramsPerLiter",-1.0,,0,,"OK"
"a4839a9e-8b88-4d7d-af4d-cca09a7a5e79","D03","BARC","BARC.AOS.buoy.c0","BARC.C0.20200616.FIL.NUT","A00000129948","2020-06-16T13:18Z","2020-06-16T13:18Z","Florida International University","TDP",0.0044,"milligramsPerLiter",-1.0,,0,,"OK"
"569b96f9-17f8-4044-8e3d-2229bc06c4f8","D03","BARC","BARC.AOS.buoy.c0","BARC.C0.20200616.RAW.NUT","A00000129950","2020-06-16T13:18Z","2020-06-16T13:18Z","Florida International University","TP",0.0069,"milligramsPerLiter",-1.0,,0,,"OK"
"eda7d921-fafa-4d56-a34c-657092e43213","D03","BARC","BARC.AOS.buoy.c0","BARC.C0.20200616.FIL.NUT.3","A00000131346","2020-06-16T13:18Z","2020-06-16T13:18Z","Florida International University","NH4 - N",0.0034,"milligramsPerLiter",-1.0,,0,,"OK"
"d64cd403-2713-4077-a6ad-d30985a7de95","D03","BARC","BARC.AOS.buoy.c0","BARC.C0.20200616.FIL.NUT.3","A00000131346","2020-06-16T13:18Z","2020-06-16T13:18Z","Florida International University","Ortho - P",0.0001,"milligramsPerLiter",-1.0,,0,,"OK"
"a6d405a2-fbc5-488c-9d0c-9996d15b088a","D03","BARC","BARC.AOS.buoy.c0","BARC.C0.20200616.FIL.3","A00000131345","2020-06-16T13:18Z","2020-06-16T13:18Z","EcoCore_CSU","Br",0.0050,"milligramsPerLiter",0.7,,0,,"Cold Chain Broken During Storage|Hold Time Exceeded"
"6b220777-c758-474c-8eb3-55a4814451b7","D03","BARC","BARC.AOS.buoy.c0","BARC.C0.20200616.FIL.3","A00000131345","2020-06-16T13:18Z","2020-06-16T13:18Z","EcoCore_CSU","F",0.0050,"milligramsPerLiter",0.7,,0,,"Cold Chain Broken During Storage|Hold Time Exceeded"
"d48f6af9-7118-40c7-ba8e-ff9dcd658be2","D03","BARC","BARC.AOS.buoy.c0","BARC.C0.20200616.FIL.2","A00000131341","2020-06-16T13:18Z","2020-06-16T13:18Z","EcoCore_CSU","Cl",5.8635,"milligramsPerLiter",0.7,,0,,"Cold Chain Broken During Storage|Hold Time Exceeded"
"f59eba27-7371-49b2-b5ab-f02ddb8aa630","D03","BARC","BARC.AOS.buoy.c0","BARC.C0.20200616.FIL.2","A00000131341","2020-06-16T13:18Z","2020-06-16T13:18Z","EcoCore_CSU","F",0.0050,"milligramsPerLiter",0.7,,0,,"Cold Chain Broken During Storage|Hold Time Exceeded"
"afdad02c-91e4-40fa-9bc1-ee72834e6182","D03","BARC","BARC.AOS.buoy.c0","BARC.C0.20200616.FIL.3","A00000131345","2020-06-16T13:18Z","2020-06-16T13:18Z","EcoCore_CSU","SO4",2.8729,"milligramsPerLiter",0.7,,0,,"Cold Chain Broken During Storage|Hold Time Exceeded"
"fceb966f-aa06-49b0-a127-3a60eceb3bcb","D03","BARC","BARC.AOS.buoy.c0","BARC.C0.20200616.FIL","A00000129947","2020-06-16T13:18Z","2020-06-16T13:18Z","EcoCore_CSU","SO4",2.8663,"milligramsPerLiter",0.7,,0,,"Cold Chain Broken During Storage|Hold Time Exceeded"
"80eae87d-c82a-46a5-abc1-474e66e60a90","D03","BARC","BARC.AOS.buoy.c0","BARC.C0.20200616.FIL","A00000129947","2020-06-16T13:18Z","2020-06-16T13:18Z","EcoCore_CSU","F",0.0050,"milligramsPerLiter",0.7,,0,,"Cold Chain Broken During Storage|Hold Time Exceeded"
"0c537451-afff-4c6e-ae72-0ef94f3cbf2c","D03","BARC","BARC.AOS.buoy.c0","BARC.C0.20200616.FIL","A00000129947","2020-06-16T13:18Z","2020-06-16T13:18Z","EcoCore_CSU","Cl",5.9170,"milligramsPerLiter",0.7,,0,,"Cold Chain Broken During Storage|Hold Time Exceeded"
"46219f56-e142-473b-aa46-94f24b204125","D03","BARC","BARC.AOS.buoy.c0","BARC.C0.20200616.FIL.2","A00000131341","2020-06-16T13:18Z","2020-06-16T13:18Z","EcoCore_CSU","Br",0.0050,"milligramsPerLiter",0.7,,0,,"Cold Chain Broken During Storage|Hold Time Exceeded"
"84615b16-f2a7-4e98-9a1e-0cac0ab13247","D03","BARC","BARC.AOS.buoy.c0","BARC.C0.20200616.FIL.2","A00000131341","2020-06-16T13:18Z","2020-06-16T13:18Z","EcoCore_CSU","SO4",2.8732,"milligramsPerLiter",0.7,,0,,"Cold Chain Broken During Storage|Hold Time Exceeded"
"87829d5f-bf1e-4a45-9856-9b94e93fe6ea","D03","BARC","BARC.AOS.buoy.c0","BARC.C0.20200616.FIL","A00000129947","2020-06-16T13:18Z","2020-06-16T13:18Z","EcoCore_CSU","Br",0.0050,"milligramsPerLiter",0.7,,0,,"Cold Chain Broken During Storage|Hold Time Exceeded"
"dc980f2a-9ab5-4faf-ac16-71eefb4ee7ac","D03","BARC","BARC.AOS.buoy.c0","BARC.C0.20200616.FIL.3","A00000131345","2020-06-16T13:18Z","2020-06-16T13:18Z","EcoCore_CSU","Cl",5.8542,"milligramsPerLiter",0.7,,0,,"Cold Chain Broken During Storage|Hold Time Exceeded"
"5edc11cf-5e7b-4f2f-b955-dd57206086ac","D03","BARC","BARC.AOS.buoy.c0","BARC.C0.20200616.POM.1","A00000129958","2020-06-16T13:18Z","2020-06-16T13:18Z","SIRFER Lab at University of Utah","TPC",740.9191,"microgramsPerLiter",,,-1,,"OK"
"f2bd0bc8-ce6e-4663-867b-c757afa41001","D03","BARC","BARC.AOS.buoy.c0","BARC.C0.20200616.POM.1","A00000129958","2020-06-16T13:18Z","2020-06-16T13:18Z","SIRFER Lab at University of Utah","TPN",84.4562,"microgramsPerLiter",,,-1,,"OK"
"d03ba11f-fca8-42d0-808e-2b613a930383","D03","BARC","BARC.AOS.buoy.c0","BARC.C0.20200616.FIL.3","A00000131345","2020-06-16T13:18Z","2020-06-16T13:18Z","EcoCore_CSU","HCO3",,"milligramsPerLiter",0.7,,0,,"Cold Chain Broken"
"b99b2184-fb16-4f5a-affa-42b1d6c9b6f6","D03","BARC","BARC.AOS.buoy.c0","BARC.C0.20200616.FIL","A00000129947","2020-06-16T13:18Z","2020-06-16T13:18Z","EcoCore_CSU","HCO3",,"milligramsPerLiter",0.7,,0,,"Cold Chain Broken"
"eaaa0590-04c3-438e-9321-25c53b8c94fa","D03","BARC","BARC.AOS.buoy.c0","BARC.C0.20200616.RAW.3","A00000131347","2020-06-16T13:18Z","2020-06-16T13:18Z","EcoCore_CSU","pH",,"pH",0.7,,0,,"Cold Chain Broken"
"7c100749-4a5d-45f1-b505-81303ad920e0","D03","BARC","BARC.AOS.buoy.c0","BARC.C0.20200616.FIL","A00000129947","2020-06-16T13:18Z","2020-06-16T13:18Z","EcoCore_CSU","CO3",,"milligramsPerLiter",0.7,,0,,"Cold Chain Broken"
"a3841ecc-a6d4-40ef-9101-20e4bb919c56","D03","BARC","BARC.AOS.buoy.c0","BARC.C0.20200616.FIL","A00000129947","2020-06-16T13:18Z","2020-06-16T13:18Z","EcoCore_CSU","TDS",,"milligramsPerLiter",0.7,,0,,"Cold Chain Broken"
"da0d82b7-361c-4a03-a274-3e9c7e62fbc1","D03","BARC","BARC.AOS.buoy.c0","BARC.C0.20200616.RAW.2","A00000131343","2020-06-16T13:18Z","2020-06-16T13:18Z","EcoCore_CSU","TSS - Dry Mass",,"microgram",0.7,,0,,"Cold Chain Broken"
"06f562ca-2f3c-4b4c-a805-5b0989183d8f","D03","BARC","BARC.AOS.buoy.c0","BARC.C0.20200616.RAW.2","A00000131343","2020-06-16T13:18Z","2020-06-16T13:18Z","EcoCore_CSU","TSS",,"milligramsPerLiter",0.7,,0,,"Cold Chain Broken"
"e954f3ce-85b0-4457-80a5-27d0cf70d9d7","D03","BARC","BARC.AOS.buoy.c0","BARC.C0.20200616.RAW","A00000129949","2020-06-16T13:18Z","2020-06-16T13:18Z","EcoCore_CSU","TSS",,"milligramsPerLiter",0.7,,0,,"Cold Chain Broken"
"d0025ebc-8af6-4338-a913-fe1f64db073c","D03","BARC","BARC.AOS.buoy.c0","BARC.C0.20200616.RAW.2","A00000131343","2020-06-16T13:18Z","2020-06-16T13:18Z","EcoCore_CSU","pH",,"pH",0.7,,0,,"Cold Chain Broken"
"ac4bd4f4-53b4-4af8-be24-9b1f7929899d","D03","BARC","BARC.AOS.buoy.c0","BARC.C0.20200616.FIL.3","A00000131345","2020-06-16T13:18Z","2020-06-16T13:18Z","EcoCore_CSU","TDS",,"milligramsPerLiter",0.7,,0,,"Cold Chain Broken"
"660a849c-5253-4842-9a16-77f3157bd8a0","D03","BARC","BARC.AOS.buoy.c0","BARC.C0.20200616.RAW","A00000129949","2020-06-16T13:18Z","2020-06-16T13:18Z","EcoCore_CSU","pH",,"pH",0.7,,0,,"Cold Chain Broken"
"b727d92d-8dd3-4b3d-a9ba-934b0a09ae63","D03","BARC","BARC.AOS.buoy.c0","BARC.C0.20200616.FIL.3","A00000131345","2020-06-16T13:18Z","2020-06-16T13:18Z","EcoCore_CSU","CO3",,"milligramsPerLiter",0.7,,0,,"Cold Chain Broken"
"51369b6b-b943-4e22-a4c8-97c518fcf15f","D03","BARC","BARC.AOS.buoy.c0","BARC.C0.20200616.FIL.2","A00000131341","2020-06-16T13:18Z","2020-06-16T13:18Z","EcoCore_CSU","HCO3",,"milligramsPerLiter",0.7,,0,,"Cold Chain Broken"
"dd19018d-e056-4251-a257-0e378ea7297a","D03","BARC","BARC.AOS.buoy.c0","BARC.C0.20200616.RAW.3","A00000131347","2020-06-16T13:18Z","2020-06-16T13:18Z","EcoCore_CSU","TSS",,"milligramsPerLiter",0.7,,0,,"Cold Chain Broken"
"a10b9c59-82c8-458a-ae69-73205adce7d8","D03","BARC","BARC.AOS.buoy.c0","BARC.C0.20200616.FIL.2","A00000131341","2020-06-16T13:18Z","2020-06-16T13:18Z","EcoCore_CSU","CO3",,"milligramsPerLiter",0.7,,0,,"Cold Chain Broken"
"ff337901-3331-4ec2-9042-3e293d631198","D03","BARC","BARC.AOS.buoy.c0","BARC.C0.20200616.RAW","A00000129949","2020-06-16T13:18Z","2020-06-16T13:18Z","EcoCore_CSU","TSS - Dry Mass",,"microgram",0.7,,0,,"Cold Chain Broken"
"cf67637d-2c40-4dd7-a569-3bff808206f5","D03","BARC","BARC.AOS.buoy.c0","BARC.C0.20200616.RAW.3","A00000131347","2020-06-16T13:18Z","2020-06-16T13:18Z","EcoCore_CSU","TSS - Dry Mass",,"microgram",0.7,,0,,"Cold Chain Broken"
"e95f8afb-7fb3-4e5f-95f8-29cb21401362","D03","BARC","BARC.AOS.buoy.c0","BARC.C0.20200616.FIL.2","A00000131341","2020-06-16T13:18Z","2020-06-16T13:18Z","EcoCore_CSU","TDS",,"milligramsPerLiter",0.7,,0,,"Cold Chain Broken"
"2250b579-4d5b-4cc7-8e96-acd8384fa419","D03","BARC","BARC.AOS.buoy.c0","BARC.C0.20200616.FIL","A00000129947","2020-06-16T13:18Z","2020-06-16T13:18Z","EcoCore_CSU","UV Absorbance (254 nm)",0.0207,,0.7,,0,,"OK"
"f29d76eb-1d60-4732-bded-4aa00410b67d","D03","BARC","BARC.AOS.buoy.c0","BARC.C0.20200616.FIL.3","A00000131345","2020-06-16T13:18Z","2020-06-16T13:18Z","EcoCore_CSU","UV Absorbance (254 nm)",0.0294,,0.7,,0,,"OK"
"186c9172-8662-4c44-94ae-90e0c91d0039","D03","BARC","BARC.AOS.buoy.c0","BARC.C0.20200616.FIL.2","A00000131341","2020-06-16T13:18Z","2020-06-16T13:18Z","EcoCore_CSU","UV Absorbance (254 nm)",0.0303,,0.7,,0,,"OK"
"9cf12dc5-0cf6-44d5-9ece-d32c599b9ae6","D03","BARC","BARC.AOS.buoy.c0","BARC.C0.20200616.FIL.2","A00000131341","2020-06-16T13:18Z","2020-06-16T13:18Z","EcoCore_CSU","UV Absorbance (280 nm)",0.0221,,0.7,,0,,"OK"
"3554390f-c8f8-43ec-aced-17fbbf33f73b","D03","BARC","BARC.AOS.buoy.c0","BARC.C0.20200616.FIL","A00000129947","2020-06-16T13:18Z","2020-06-16T13:18Z","EcoCore_CSU","UV Absorbance (280 nm)",0.0139,,0.7,,0,,"OK"
"6fcec5b3-307a-4a05-b749-835286600bfa","D03","BARC","BARC.AOS.buoy.c0","BARC.C0.20200616.FIL.3","A00000131345","2020-06-16T13:18Z","2020-06-16T13:18Z","EcoCore_CSU","UV Absorbance (280 nm)",0.0209,,0.7,,0,,"OK"
"7a2445d6-1eda-4231-ab2d-042a9a0f97e8","D03","BARC","BARC.AOS.buoy.c0","BARC.C0.20200616.RAW.2","A00000131343","2020-06-16T13:18Z","2020-06-16T13:18Z","EcoCore_CSU","TOC",2.6090,"milligramsPerLiter",0.7,,0,,"OK"
"2bed9f10-5687-426d-b85c-22b60f709e2b","D03","BARC","BARC.AOS.buoy.c0","BARC.C0.20200616.RAW.3","A00000131347","2020-06-16T13:18Z","2020-06-16T13:18Z","EcoCore_CSU","TN",0.2768,"milligramsPerLiter",0.7,,0,,"OK"
"1d2f179a-e771-43a6-a14a-d988d0c171e5","D03","BARC","BARC.AOS.buoy.c0","BARC.C0.20200616.RAW","A00000129949","2020-06-16T13:18Z","2020-06-16T13:18Z","EcoCore_CSU","TN",0.2776,"milligramsPerLiter",0.7,,0,,"OK"
"818a8a78-ae61-4afc-bef5-5af49e3bb0a8","D03","BARC","BARC.AOS.buoy.c0","BARC.C0.20200616.RAW","A00000129949","2020-06-16T13:18Z","2020-06-16T13:18Z","EcoCore_CSU","TOC",2.5510,"milligramsPerLiter",0.7,,0,,"OK"
"78857224-ab0f-4a17-b33c-e6ea1e11e9c3","D03","BARC","BARC.AOS.buoy.c0","BARC.C0.20200616.RAW.2","A00000131343","2020-06-16T13:18Z","2020-06-16T13:18Z","EcoCore_CSU","TN",0.2816,"milligramsPerLiter",0.7,,0,,"OK"
"95257542-1041-4599-8d34-c55925067b74","D03","BARC","BARC.AOS.buoy.c0","BARC.C0.20200616.RAW.3","A00000131347","2020-06-16T13:18Z","2020-06-16T13:18Z","EcoCore_CSU","TOC",2.6450,"milligramsPerLiter",0.7,,0,,"OK"
"8e769dcf-671d-4367-a1ea-8dc0a02e3775","D03","BARC","BARC.AOS.buoy.c0","BARC.C0.20200616.FIL.2","A00000131341","2020-06-16T13:18Z","2020-06-16T13:18Z","EcoCore_CSU","DIC",1.0450,"milligramsPerLiter",0.7,,0,,"OK"
"ab904278-b08b-4ef9-977d-0649e5acd122","D03","BARC","BARC.AOS.buoy.c0","BARC.C0.20200616.FIL.3","A00000131345","2020-06-16T13:18Z","2020-06-16T13:18Z","EcoCore_CSU","DIC",0.9762,"milligramsPerLiter",0.7,,0,,"OK"
"53c88efd-33e1-4e0b-92f0-34331b6d7fb3","D03","BARC","BARC.AOS.buoy.c0","BARC.C0.20200616.FIL.2","A00000131341","2020-06-16T13:18Z","2020-06-16T13:18Z","EcoCore_CSU","TDN",0.2400,"milligramsPerLiter",0.7,,0,,"OK"
"6a58f65a-be18-4253-b09d-cfbc260d17ad","D03","BARC","BARC.AOS.buoy.c0","BARC.C0.20200616.FIL.3","A00000131345","2020-06-16T13:18Z","2020-06-16T13:18Z","EcoCore_CSU","TDN",0.2490,"milligramsPerLiter",0.7,,0,,"OK"
"2bb19f53-ef9f-45ff-9728-d22aaf2ca535","D03","BARC","BARC.AOS.buoy.c0","BARC.C0.20200616.FIL","A00000129947","2020-06-16T13:18Z","2020-06-16T13:18Z","EcoCore_CSU","TDN",0.2437,"milligramsPerLiter",0.7,,0,,"OK"
"42ae89d9-dc8b-49f0-90ad-a90ff15a81af","D03","BARC","BARC.AOS.buoy.c0","BARC.C0.20200616.FIL","A00000129947","2020-06-16T13:18Z","2020-06-16T13:18Z","EcoCore_CSU","DOC",2.2600,"milligramsPerLiter",0.7,,0,,"OK"
"f5029f5e-f2cf-4f86-b74a-c18631ccb120","D03","BARC","BARC.AOS.buoy.c0","BARC.C0.20200616.FIL.3","A00000131345","2020-06-16T13:18Z","2020-06-16T13:18Z","EcoCore_CSU","DOC",2.5430,"milligramsPerLiter",0.7,,0,,"OK"
"c85cff0c-665d-4ffa-af32-7b1be3a0767c","D03","BARC","BARC.AOS.buoy.c0","BARC.C0.20200616.FIL","A00000129947","2020-06-16T13:18Z","2020-06-16T13:18Z","EcoCore_CSU","DIC",0.9863,"milligramsPerLiter",0.7,,0,,"OK"
"71e8adde-5797-41f5-9ec4-46a0d0a417d6","D03","BARC","BARC.AOS.buoy.c0","BARC.C0.20200616.FIL.2","A00000131341","2020-06-16T13:18Z","2020-06-16T13:18Z","EcoCore_CSU","DOC",2.4080,"milligramsPerLiter",0.7,,0,,"OK"
