uid,domainID,siteID,namedLocation,collectDate,sampleID,sampleCode,sampleCondition,laboratoryName,analysisDate,analyzedBy,sampleType,replicate,sampleVolumeFiltered,filterSize,percentFilterAnalyzed,dilutionFactor,solventVolume,responseFactor,acidificationResponseFactor,fluorometerSensitivitySetting,preAcidificationFluorescence,postAcidificationFluorescence,analyte,analyteConcentration,plantAlgaeLabUnits,testMethod,method,acidTreatment,externalRemarks,externalLabDataQF
"3138b861-dab4-4714-ac7c-7c3c0dba82a5","D09","PRLA","PRLA.AOS.riparian.point.12","2020-07-07","PRLA.20200707.EPILITHON.12.REP2.CNSA.2","A00000088188","condition ok","SIRFER Lab at University of Utah","2021-07-19","ElFtGy1kV49xqNP00HfxQA==","CNS","1",7,25,100,,,,,,,,"d15N",5.07,"perMill","SIRFER_algalPlantChem_isotopes_V1","Revesz & Coplen 2012a","N",,
"d765263e-a93d-4e16-a6a9-ab1e967cb9e5","D09","PRLA","PRLA.AOS.riparian.point.12","2020-07-07","PRLA.20200707.EPILITHON.12.REP2.CNSA.2","A00000088188","condition ok","SIRFER Lab at University of Utah","2021-07-19","ElFtGy1kV49xqNP00HfxQA==","CNS","1",7,25,100,,,,,,,,"d34S",-0.13,"perMill","SIRFER_algalPlantChem_isotopes_V1","Revesz & Coplen 2012b","N",,
"8e213511-61cd-415f-a28e-cee4469af167","D09","PRLA","PRLA.AOS.riparian.point.12","2020-07-07","PRLA.20200707.EPILITHON.12.REP2.CNSB.2","A00000088187","condition ok","SIRFER Lab at University of Utah","2021-08-05","ElFtGy1kV49xqNP00HfxQA==","CNS","1",7,25,100,,,,,,,,"d13C",-23.00,"perMill","SIRFER_algalPlantChem_isotopes_V1","Revesz & Coplen 2012a","Y",,
"79d70b09-323e-4cac-8521-65dafc0e9972","D09","PRLA","PRLA.AOS.riparian.point.12","2020-07-07","PRLA.20200707.EPILITHON.12.REP2.CNSA.2","A00000088188","condition ok","SIRFER Lab at University of Utah","2021-07-19","ElFtGy1kV49xqNP00HfxQA==","CNS","1",7,25,100,,,,,,,,"nitrogen",11048.32,"microgramsPerLiter","SIRFER_algalPlantChem_isotopes_V1","Revesz & Coplen 2012a","N",,
"605783a6-2802-422c-997b-0fd369862a21","D09","PRLA","PRLA.AOS.riparian.point.12","2020-07-07","PRLA.20200707.EPILITHON.12.REP2.CNSA.2","A00000088188","condition ok","SIRFER Lab at University of Utah","2021-07-19","ElFtGy1kV49xqNP00HfxQA==","CNS","1",7,25,100,,,,,,,,"carbon",75631.86,"microgramsPerLiter","SIRFER_algalPlantChem_isotopes_V1","Revesz & Coplen 2012a","N",,
"9e5d5a6a-9901-4d01-87cf-f914072c08bf","D09","PRLA","PRLA.AOS.riparian.point.12","2020-07-07","PRLA.20200707.EPILITHON.12.REP2.CNSA.2","A00000088188","condition ok","SIRFER Lab at University of Utah","2021-07-19","ElFtGy1kV49xqNP00HfxQA==","CNS","1",7,25,100,,,,,,,,"d13C",-14.09,"perMill","SIRFER_algalPlantChem_isotopes_V1","Revesz & Coplen 2012a","N",,
"9f56e841-6667-4285-a6a1-dc8ac316cf12","D09","PRLA","PRLA.AOS.riparian.point.12","2020-07-07","PRLA.20200707.EPILITHON.12.REP2.CNSB.2","A00000088187","condition ok","SIRFER Lab at University of Utah","2021-08-05","ElFtGy1kV49xqNP00HfxQA==","CNS","1",7,25,100,,,,,,,,"carbon",79064.39,"microgramsPerLiter","SIRFER_algalPlantChem_isotopes_V1","Revesz & Coplen 2012a","Y",,
"f4a98bc3-52a5-4b0c-89eb-2f898686f26d","D09","PRLA","PRLA.AOS.riparian.point.12","2020-07-07","PRLA.20200707.EPILITHON.12.REP2.CNSA.2","A00000088188","condition ok","SIRFER Lab at University of Utah","2021-07-19","ElFtGy1kV49xqNP00HfxQA==","CNS","1",7,25,100,,,,,,,,"sulfur",2478.21,"microgramsPerLiter","SIRFER_algalPlantChem_isotopes_V1","Revesz & Coplen 2012b","N",,
"2bd6e640-3196-4319-982e-5d1834023f1b","D09","PRLA","PRLA.AOS.buoy.c0","2020-07-07","PRLA.20200707.PHYTOPLANKTON.3.CNSA.1","A00000088148","condition ok","SIRFER Lab at University of Utah","2021-03-05","ElFtGy1kV49xqNP00HfxQA==","CNS","1",120,25,100,,,,,,,,"d15N",3.50,"perMill","SIRFER_algalPlantChem_isotopes_V1","Revesz & Coplen 2012a","N",,
"c627c6af-6610-4fa4-9a94-a5b45ff16ff9","D09","PRLA","PRLA.AOS.riparian.point.12","2020-07-07","PRLA.20200707.EPILITHON.12.CNSA.1","A00000088192","condition ok","SIRFER Lab at University of Utah","2021-03-10","ElFtGy1kV49xqNP00HfxQA==","CNS","1",7,25,100,,,,,,,,"d34S",0.10,"perMill","SIRFER_algalPlantChem_isotopes_V1","Revesz & Coplen 2012b","N",,
"e8eb09fd-a67d-4b6b-99a9-ef0526e71659","D09","PRLA","PRLA.AOS.riparian.point.10","2020-07-07","PRLA.20200707.EPILITHON.10.CNSB.1","A00000088183","condition ok","SIRFER Lab at University of Utah","2021-03-15","ElFtGy1kV49xqNP00HfxQA==","CNS","1",4,25,100,,,,,,,,"carbon",98863.70,"microgramsPerLiter","SIRFER_algalPlantChem_isotopes_V1","Revesz & Coplen 2012a","Y",,
"9c5d3c3a-d4d9-407c-b0ce-870f04ac0494","D09","PRLA","PRLA.AOS.riparian.point.06","2020-07-07","PRLA.20200707.EPILITHON.6.CNSB.1","A00000088173","condition ok","SIRFER Lab at University of Utah","2021-03-15","ElFtGy1kV49xqNP00HfxQA==","CNS","1",3,25,100,,,,,,,,"d13C",-23.20,"perMill","SIRFER_algalPlantChem_isotopes_V1","Revesz & Coplen 2012a","Y",,
"0dd27224-c4c0-4f13-9842-5768c7b8c33f","D09","PRLA","PRLA.AOS.buoy.c0","2020-07-07","PRLA.20200707.PHYTOPLANKTON.3.CNSA.1","A00000088148","condition ok","SIRFER Lab at University of Utah","2021-03-05","ElFtGy1kV49xqNP00HfxQA==","CNS","1",120,25,100,,,,,,,,"nitrogen",380.90,"microgramsPerLiter","SIRFER_algalPlantChem_isotopes_V1","Revesz & Coplen 2012a","N",,
"00cd1d68-70cc-4674-b85d-79d3799aa4f5","D09","PRLA","PRLA.AOS.riparian.point.12","2020-07-07","PRLA.20200707.EPILITHON.12.CNSA.1","A00000088192","condition ok","SIRFER Lab at University of Utah","2021-03-10","ElFtGy1kV49xqNP00HfxQA==","CNS","1",7,25,100,,,,,,,,"nitrogen",10732.40,"microgramsPerLiter","SIRFER_algalPlantChem_isotopes_V1","Revesz & Coplen 2012a","N",,
"bfa08cdf-0d37-4992-9918-7ab0819eb6e0","D09","PRLA","PRLA.AOS.littoral2","2020-07-07","PRLA.20200707.PHYTOPLANKTON.2.CNSA.1","A00000088144","condition ok","SIRFER Lab at University of Utah","2021-03-05","ElFtGy1kV49xqNP00HfxQA==","CNS","1",110,25,100,,,,,,,,"sulfur",177.00,"microgramsPerLiter","SIRFER_algalPlantChem_isotopes_V1","Revesz & Coplen 2012b","N",,
"06aedb9d-2108-4e28-b308-47bf37762e90","D09","PRLA","PRLA.AOS.littoral2","2020-07-07","PRLA.20200707.PHYTOPLANKTON.2.CNSA.1","A00000088144","condition ok","SIRFER Lab at University of Utah","2021-03-05","ElFtGy1kV49xqNP00HfxQA==","CNS","1",110,25,100,,,,,,,,"nitrogen",466.90,"microgramsPerLiter","SIRFER_algalPlantChem_isotopes_V1","Revesz & Coplen 2012a","N",,
"f10c25bf-39ce-4016-8f79-2ac57c3703e2","D09","PRLA","PRLA.AOS.riparian.point.06","2020-07-07","PRLA.20200707.EPILITHON.6.CNSA.1","A00000088172","condition ok","SIRFER Lab at University of Utah","2021-03-10","ElFtGy1kV49xqNP00HfxQA==","CNS","1",3,25,100,,,,,,,,"d15N",3.20,"perMill","SIRFER_algalPlantChem_isotopes_V1","Revesz & Coplen 2012a","N",,
"71428efd-d8ca-44d9-beb8-8d047b28208c","D09","PRLA","PRLA.AOS.riparian.point.06","2020-07-07","PRLA.20200707.EPILITHON.6.CNSA.1","A00000088172","condition ok","SIRFER Lab at University of Utah","2021-03-10","ElFtGy1kV49xqNP00HfxQA==","CNS","1",3,25,100,,,,,,,,"nitrogen",11271.40,"microgramsPerLiter","SIRFER_algalPlantChem_isotopes_V1","Revesz & Coplen 2012a","N",,
"e15743a5-ed95-40fe-8b32-e383899b49b8","D09","PRLA","PRLA.AOS.riparian.point.05","2020-07-07","PRLA.20200707.EPILITHON.5.CNSA.1","A00000088168","condition ok","SIRFER Lab at University of Utah","2021-03-10","ElFtGy1kV49xqNP00HfxQA==","CNS","1",3,25,100,,,,,,,,"d13C",-9.50,"perMill","SIRFER_algalPlantChem_isotopes_V1","Revesz & Coplen 2012a","N",,
"0c620bc0-de6b-41b9-966d-78e2106e95df","D09","PRLA","PRLA.AOS.riparian.point.10","2020-07-07","PRLA.20200707.EPILITHON.10.CNSA.1","A00000088184","condition ok","SIRFER Lab at University of Utah","2021-03-10","ElFtGy1kV49xqNP00HfxQA==","CNS","1",4,25,100,,,,,,,,"sulfur",3044.70,"microgramsPerLiter","SIRFER_algalPlantChem_isotopes_V1","Revesz & Coplen 2012b","N",,
"d2950a00-c410-404f-889f-d57402a4d045","D09","PRLA","PRLA.AOS.riparian.point.10","2020-07-07","PRLA.20200707.EPILITHON.10.CNSA.1","A00000088184","condition ok","SIRFER Lab at University of Utah","2021-03-10","ElFtGy1kV49xqNP00HfxQA==","CNS","1",4,25,100,,,,,,,,"carbon",105867.70,"microgramsPerLiter","SIRFER_algalPlantChem_isotopes_V1","Revesz & Coplen 2012a","N",,
"ea355b01-fb96-4d85-8df9-4e4dda4d548e","D09","PRLA","PRLA.AOS.littoral1","2020-07-07","PRLA.20200707.PHYTOPLANKTON.1.CNSB.1","A00000088164","condition ok","SIRFER Lab at University of Utah","2021-03-15","ElFtGy1kV49xqNP00HfxQA==","CNS","1",110,25,100,,,,,,,,"carbon",3181.40,"microgramsPerLiter","SIRFER_algalPlantChem_isotopes_V1","Revesz & Coplen 2012a","Y",,
"75ef6d59-3f56-485e-8ca1-86deb46b05a4","D09","PRLA","PRLA.AOS.riparian.point.12","2020-07-07","PRLA.20200707.EPILITHON.12.CNSA.1","A00000088192","condition ok","SIRFER Lab at University of Utah","2021-03-10","ElFtGy1kV49xqNP00HfxQA==","CNS","1",7,25,100,,,,,,,,"d15N",5.30,"perMill","SIRFER_algalPlantChem_isotopes_V1","Revesz & Coplen 2012a","N",,
"af92ea6a-3dfd-463f-8bc0-9aa7e3699da8","D09","PRLA","PRLA.AOS.littoral1","2020-07-07","PRLA.20200707.PHYTOPLANKTON.1.CNSA.1","A00000088163","condition ok","SIRFER Lab at University of Utah","2021-03-10","ElFtGy1kV49xqNP00HfxQA==","CNS","1",110,25,100,,,,,,,,"d34S",-0.80,"perMill","SIRFER_algalPlantChem_isotopes_V1","Revesz & Coplen 2012b","N",,
"17d6ba1d-1a49-4836-8159-2c535672fe25","D09","PRLA","PRLA.AOS.riparian.point.12","2020-07-07","PRLA.20200707.EPILITHON.12.CNSA.1","A00000088192","condition ok","SIRFER Lab at University of Utah","2021-03-10","ElFtGy1kV49xqNP00HfxQA==","CNS","1",7,25,100,,,,,,,,"sulfur",2531.30,"microgramsPerLiter","SIRFER_algalPlantChem_isotopes_V1","Revesz & Coplen 2012b","N",,
"af421d97-1c9a-4208-9365-3689f85a1724","D09","PRLA","PRLA.AOS.riparian.point.05","2020-07-07","PRLA.20200707.EPILITHON.5.CNSB.1","A00000088169","condition ok","SIRFER Lab at University of Utah","2021-03-15","ElFtGy1kV49xqNP00HfxQA==","CNS","1",3,25,100,,,,,,,,"carbon",196247.90,"microgramsPerLiter","SIRFER_algalPlantChem_isotopes_V1","Revesz & Coplen 2012a","Y",,
"72efd615-1133-4e95-af6f-9d26c71f23e9","D09","PRLA","PRLA.AOS.littoral1","2020-07-07","PRLA.20200707.PHYTOPLANKTON.1.CNSA.1","A00000088163","condition ok","SIRFER Lab at University of Utah","2021-03-10","ElFtGy1kV49xqNP00HfxQA==","CNS","1",110,25,100,,,,,,,,"sulfur",67.20,"microgramsPerLiter","SIRFER_algalPlantChem_isotopes_V1","Revesz & Coplen 2012b","N",,
"d60708c9-5dfd-4e49-b1af-d47f8352e2f2","D09","PRLA","PRLA.AOS.riparian.point.05","2020-07-07","PRLA.20200707.EPILITHON.5.CNSA.1","A00000088168","condition ok","SIRFER Lab at University of Utah","2021-03-10","ElFtGy1kV49xqNP00HfxQA==","CNS","1",3,25,100,,,,,,,,"d15N",5.10,"perMill","SIRFER_algalPlantChem_isotopes_V1","Revesz & Coplen 2012a","N",,
"f0d32f74-a748-4ea0-97c7-ef54ff8aca8a","D09","PRLA","PRLA.AOS.riparian.point.05","2020-07-07","PRLA.20200707.EPILITHON.5.CNSB.1","A00000088169","condition ok","SIRFER Lab at University of Utah","2021-03-15","ElFtGy1kV49xqNP00HfxQA==","CNS","1",3,25,100,,,,,,,,"d13C",-22.60,"perMill","SIRFER_algalPlantChem_isotopes_V1","Revesz & Coplen 2012a","Y",,
"678b3ab3-f43e-4d06-beba-61e1ead75a40","D09","PRLA","PRLA.AOS.riparian.point.10","2020-07-07","PRLA.20200707.EPILITHON.10.CNSA.1","A00000088184","condition ok","SIRFER Lab at University of Utah","2021-03-10","ElFtGy1kV49xqNP00HfxQA==","CNS","1",4,25,100,,,,,,,,"d34S",-4.20,"perMill","SIRFER_algalPlantChem_isotopes_V1","Revesz & Coplen 2012b","N",,
"e72b961b-48be-44aa-96e9-64e5ba503761","D09","PRLA","PRLA.AOS.riparian.point.08","2020-07-07","PRLA.20200707.EPILITHON.8.CNSA.1","A00000088176","condition ok","SIRFER Lab at University of Utah","2021-03-10","ElFtGy1kV49xqNP00HfxQA==","CNS","1",5,25,100,,,,,,,,"sulfur",67.00,"microgramsPerLiter","SIRFER_algalPlantChem_isotopes_V1","Revesz & Coplen 2012b","N",,
"8dd697b8-7438-40e3-9478-dcf7040b8cc2","D09","PRLA","PRLA.AOS.riparian.point.08","2020-07-07","PRLA.20200707.EPILITHON.8.CNSB.1","A00000088177","condition ok","SIRFER Lab at University of Utah","2021-03-15","ElFtGy1kV49xqNP00HfxQA==","CNS","1",5,25,100,,,,,,,,"d13C",-30.00,"perMill","SIRFER_algalPlantChem_isotopes_V1","Revesz & Coplen 2012a","Y",,
"9eac10f7-aa09-494d-8bb6-75b7d0d87d9d","D09","PRLA","PRLA.AOS.riparian.point.08","2020-07-07","PRLA.20200707.EPILITHON.8.CNSA.1","A00000088176","condition ok","SIRFER Lab at University of Utah","2021-03-10","ElFtGy1kV49xqNP00HfxQA==","CNS","1",5,25,100,,,,,,,,"d13C",-29.70,"perMill","SIRFER_algalPlantChem_isotopes_V1","Revesz & Coplen 2012a","N",,
"9fb0ef5d-3f1c-4307-acec-4d4482a1bab8","D09","PRLA","PRLA.AOS.riparian.point.10","2020-07-07","PRLA.20200707.EPILITHON.10.CNSA.1","A00000088184","condition ok","SIRFER Lab at University of Utah","2021-03-10","ElFtGy1kV49xqNP00HfxQA==","CNS","1",4,25,100,,,,,,,,"nitrogen",19276.40,"microgramsPerLiter","SIRFER_algalPlantChem_isotopes_V1","Revesz & Coplen 2012a","N",,
"6efc310d-6bb1-414c-bf6c-3189c71eda45","D09","PRLA","PRLA.AOS.littoral2","2020-07-07","PRLA.20200707.PHYTOPLANKTON.2.CNSB.1","A00000088161","condition ok","SIRFER Lab at University of Utah","2021-03-15","ElFtGy1kV49xqNP00HfxQA==","CNS","1",110,25,100,,,,,,,,"d13C",-32.10,"perMill","SIRFER_algalPlantChem_isotopes_V1","Revesz & Coplen 2012a","Y",,
"72d492e2-41c9-4217-818b-a02858a720e5","D09","PRLA","PRLA.AOS.littoral2","2020-07-07","PRLA.20200707.PHYTOPLANKTON.2.CNSA.1","A00000088144","condition ok","SIRFER Lab at University of Utah","2021-03-05","ElFtGy1kV49xqNP00HfxQA==","CNS","1",110,25,100,,,,,,,,"d34S",-1.40,"perMill","SIRFER_algalPlantChem_isotopes_V1","Revesz & Coplen 2012b","N",,
"5b567a37-bd19-4e66-8c95-3126803dc691","D09","PRLA","PRLA.AOS.littoral2","2020-07-07","PRLA.20200707.PHYTOPLANKTON.2.CNSA.1","A00000088144","condition ok","SIRFER Lab at University of Utah","2021-03-05","ElFtGy1kV49xqNP00HfxQA==","CNS","1",110,25,100,,,,,,,,"d13C",-32.10,"perMill","SIRFER_algalPlantChem_isotopes_V1","Revesz & Coplen 2012a","N",,
"5f7ae3cd-9d9a-491a-9ee5-7a0bac300049","D09","PRLA","PRLA.AOS.riparian.point.10","2020-07-07","PRLA.20200707.EPILITHON.10.CNSA.1","A00000088184","condition ok","SIRFER Lab at University of Utah","2021-03-10","ElFtGy1kV49xqNP00HfxQA==","CNS","1",4,25,100,,,,,,,,"d15N",4.50,"perMill","SIRFER_algalPlantChem_isotopes_V1","Revesz & Coplen 2012a","N",,
"d468845d-c398-47e8-bdc7-766a8ad5ddc1","D09","PRLA","PRLA.AOS.buoy.c0","2020-07-07","PRLA.20200707.PHYTOPLANKTON.3.CNSB.1","A00000088147","condition ok","SIRFER Lab at University of Utah","2021-03-15","ElFtGy1kV49xqNP00HfxQA==","CNS","1",120,25,100,,,,,,,,"d13C",-32.40,"perMill","SIRFER_algalPlantChem_isotopes_V1","Revesz & Coplen 2012a","Y",,
"1e625059-234a-4408-9f7a-714fd93135b7","D09","PRLA","PRLA.AOS.buoy.c0","2020-07-07","PRLA.20200707.PHYTOPLANKTON.3.CNSA.1","A00000088148","condition ok","SIRFER Lab at University of Utah","2021-03-05","ElFtGy1kV49xqNP00HfxQA==","CNS","1",120,25,100,,,,,,,,"d13C",-32.10,"perMill","SIRFER_algalPlantChem_isotopes_V1","Revesz & Coplen 2012a","N",,
"7af2f1de-e207-4bfa-94b2-2b49a5c7b696","D09","PRLA","PRLA.AOS.riparian.point.12","2020-07-07","PRLA.20200707.EPILITHON.12.CNSB.1","A00000088191","condition ok","SIRFER Lab at University of Utah","2021-03-15","ElFtGy1kV49xqNP00HfxQA==","CNS","1",7,25,100,,,,,,,,"d13C",-23.10,"perMill","SIRFER_algalPlantChem_isotopes_V1","Revesz & Coplen 2012a","Y",,
"7b40f272-3aac-4e52-98a1-7adba18d239a","D09","PRLA","PRLA.AOS.riparian.point.06","2020-07-07","PRLA.20200707.EPILITHON.6.CNSB.1","A00000088173","condition ok","SIRFER Lab at University of Utah","2021-03-15","ElFtGy1kV49xqNP00HfxQA==","CNS","1",3,25,100,,,,,,,,"carbon",161423.10,"microgramsPerLiter","SIRFER_algalPlantChem_isotopes_V1","Revesz & Coplen 2012a","Y",,
"8b553d85-1aed-4057-b17f-5cc4838ae8fa","D09","PRLA","PRLA.AOS.riparian.point.05","2020-07-07","PRLA.20200707.EPILITHON.5.CNSA.1","A00000088168","condition ok","SIRFER Lab at University of Utah","2021-03-10","ElFtGy1kV49xqNP00HfxQA==","CNS","1",3,25,100,,,,,,,,"carbon",211812.80,"microgramsPerLiter","SIRFER_algalPlantChem_isotopes_V1","Revesz & Coplen 2012a","N",,
"a4550143-84f4-4b47-bde6-e3e2e4146675","D09","PRLA","PRLA.AOS.riparian.point.06","2020-07-07","PRLA.20200707.EPILITHON.6.CNSA.1","A00000088172","condition ok","SIRFER Lab at University of Utah","2021-03-10","ElFtGy1kV49xqNP00HfxQA==","CNS","1",3,25,100,,,,,,,,"carbon",231162.30,"microgramsPerLiter","SIRFER_algalPlantChem_isotopes_V1","Revesz & Coplen 2012a","N",,
"cdb0d04f-0f9d-41eb-bc2f-a5e579e76b0a","D09","PRLA","PRLA.AOS.riparian.point.12","2020-07-07","PRLA.20200707.EPILITHON.12.CNSA.1","A00000088192","condition ok","SIRFER Lab at University of Utah","2021-03-10","ElFtGy1kV49xqNP00HfxQA==","CNS","1",7,25,100,,,,,,,,"d13C",-10.70,"perMill","SIRFER_algalPlantChem_isotopes_V1","Revesz & Coplen 2012a","N",,
"99b58e99-c8a0-41a4-8cee-d8c473b0a7f1","D09","PRLA","PRLA.AOS.buoy.c0","2020-07-07","PRLA.20200707.PHYTOPLANKTON.3.CNSA.1","A00000088148","condition ok","SIRFER Lab at University of Utah","2021-03-05","ElFtGy1kV49xqNP00HfxQA==","CNS","1",120,25,100,,,,,,,,"d34S",-1.70,"perMill","SIRFER_algalPlantChem_isotopes_V1","Revesz & Coplen 2012b","N",,
"44c45b13-ac83-4429-88b6-75d352ee53a0","D09","PRLA","PRLA.AOS.riparian.point.08","2020-07-07","PRLA.20200707.EPILITHON.8.CNSA.1","A00000088176","condition ok","SIRFER Lab at University of Utah","2021-03-10","ElFtGy1kV49xqNP00HfxQA==","CNS","1",5,25,100,,,,,,,,"carbon",73238.30,"microgramsPerLiter","SIRFER_algalPlantChem_isotopes_V1","Revesz & Coplen 2012a","N",,
"cb7ba074-3cf5-4e3a-8bd2-aef19a61406d","D09","PRLA","PRLA.AOS.littoral1","2020-07-07","PRLA.20200707.PHYTOPLANKTON.1.CNSA.1","A00000088163","condition ok","SIRFER Lab at University of Utah","2021-03-10","ElFtGy1kV49xqNP00HfxQA==","CNS","1",110,25,100,,,,,,,,"d13C",-31.40,"perMill","SIRFER_algalPlantChem_isotopes_V1","Revesz & Coplen 2012a","N",,
"b2930485-9aa0-469f-b81e-ebd6929b063f","D09","PRLA","PRLA.AOS.buoy.c0","2020-07-07","PRLA.20200707.PHYTOPLANKTON.3.CNSA.1","A00000088148","condition ok","SIRFER Lab at University of Utah","2021-03-05","ElFtGy1kV49xqNP00HfxQA==","CNS","1",120,25,100,,,,,,,,"carbon",3108.40,"microgramsPerLiter","SIRFER_algalPlantChem_isotopes_V1","Revesz & Coplen 2012a","N",,
"268166e1-112c-4477-a7c0-a31ae3f9d968","D09","PRLA","PRLA.AOS.riparian.point.06","2020-07-07","PRLA.20200707.EPILITHON.6.CNSA.1","A00000088172","condition ok","SIRFER Lab at University of Utah","2021-03-10","ElFtGy1kV49xqNP00HfxQA==","CNS","1",3,25,100,,,,,,,,"d13C",-10.70,"perMill","SIRFER_algalPlantChem_isotopes_V1","Revesz & Coplen 2012a","N",,
"6db11103-4a7e-4729-8cb9-f90625c48857","D09","PRLA","PRLA.AOS.littoral2","2020-07-07","PRLA.20200707.PHYTOPLANKTON.2.CNSA.1","A00000088144","condition ok","SIRFER Lab at University of Utah","2021-03-05","ElFtGy1kV49xqNP00HfxQA==","CNS","1",110,25,100,,,,,,,,"d15N",1.80,"perMill","SIRFER_algalPlantChem_isotopes_V1","Revesz & Coplen 2012a","N",,
"67c86eac-6a55-472b-aee3-17fd00e5f6ff","D09","PRLA","PRLA.AOS.buoy.c0","2020-07-07","PRLA.20200707.PHYTOPLANKTON.3.CNSA.1","A00000088148","condition ok","SIRFER Lab at University of Utah","2021-03-05","ElFtGy1kV49xqNP00HfxQA==","CNS","1",120,25,100,,,,,,,,"sulfur",174.10,"microgramsPerLiter","SIRFER_algalPlantChem_isotopes_V1","Revesz & Coplen 2012b","N",,
"9d20f2de-2c43-4a31-9eac-9b380b3a1935","D09","PRLA","PRLA.AOS.riparian.point.06","2020-07-07","PRLA.20200707.EPILITHON.6.CNSA.1","A00000088172","condition ok","SIRFER Lab at University of Utah","2021-03-10","ElFtGy1kV49xqNP00HfxQA==","CNS","1",3,25,100,,,,,,,,"d34S",-2.00,"perMill","SIRFER_algalPlantChem_isotopes_V1","Revesz & Coplen 2012b","N",,
"6635f55b-2f75-45c3-9f0e-90ad799725ea","D09","PRLA","PRLA.AOS.littoral2","2020-07-07","PRLA.20200707.PHYTOPLANKTON.2.CNSA.1","A00000088144","condition ok","SIRFER Lab at University of Utah","2021-03-05","ElFtGy1kV49xqNP00HfxQA==","CNS","1",110,25,100,,,,,,,,"carbon",4898.70,"microgramsPerLiter","SIRFER_algalPlantChem_isotopes_V1","Revesz & Coplen 2012a","N",,
"a30b1c8e-49d1-4b38-ba38-12b5d3f679a4","D09","PRLA","PRLA.AOS.riparian.point.10","2020-07-07","PRLA.20200707.EPILITHON.10.CNSB.1","A00000088183","condition ok","SIRFER Lab at University of Utah","2021-03-15","ElFtGy1kV49xqNP00HfxQA==","CNS","1",4,25,100,,,,,,,,"d13C",-22.30,"perMill","SIRFER_algalPlantChem_isotopes_V1","Revesz & Coplen 2012a","Y",,
"70319fe7-5496-411c-8e6b-acdca45ba7ce","D09","PRLA","PRLA.AOS.riparian.point.05","2020-07-07","PRLA.20200707.EPILITHON.5.CNSA.1","A00000088168","condition ok","SIRFER Lab at University of Utah","2021-03-10","ElFtGy1kV49xqNP00HfxQA==","CNS","1",3,25,100,,,,,,,,"nitrogen",20914.50,"microgramsPerLiter","SIRFER_algalPlantChem_isotopes_V1","Revesz & Coplen 2012a","N",,
"ddf100f7-1890-4ecb-b748-3a25ff2059b0","D09","PRLA","PRLA.AOS.riparian.point.05","2020-07-07","PRLA.20200707.EPILITHON.5.CNSA.1","A00000088168","condition ok","SIRFER Lab at University of Utah","2021-03-10","ElFtGy1kV49xqNP00HfxQA==","CNS","1",3,25,100,,,,,,,,"sulfur",6554.00,"microgramsPerLiter","SIRFER_algalPlantChem_isotopes_V1","Revesz & Coplen 2012b","N",,
"b7af70f5-7b32-4946-9bfc-09f879d9c3a2","D09","PRLA","PRLA.AOS.riparian.point.08","2020-07-07","PRLA.20200707.EPILITHON.8.CNSA.1","A00000088176","condition ok","SIRFER Lab at University of Utah","2021-03-10","ElFtGy1kV49xqNP00HfxQA==","CNS","1",5,25,100,,,,,,,,"d34S",-0.90,"perMill","SIRFER_algalPlantChem_isotopes_V1","Revesz & Coplen 2012b","N",,
"62d2a087-20fb-46ff-9d3b-8bcf572ff548","D09","PRLA","PRLA.AOS.riparian.point.08","2020-07-07","PRLA.20200707.EPILITHON.8.CNSA.1","A00000088176","condition ok","SIRFER Lab at University of Utah","2021-03-10","ElFtGy1kV49xqNP00HfxQA==","CNS","1",5,25,100,,,,,,,,"nitrogen",8824.90,"microgramsPerLiter","SIRFER_algalPlantChem_isotopes_V1","Revesz & Coplen 2012a","N",,
"b10c0558-ae4c-42fd-8d34-94f3ff18cf33","D09","PRLA","PRLA.AOS.littoral1","2020-07-07","PRLA.20200707.PHYTOPLANKTON.1.CNSA.1","A00000088163","condition ok","SIRFER Lab at University of Utah","2021-03-10","ElFtGy1kV49xqNP00HfxQA==","CNS","1",110,25,100,,,,,,,,"carbon",3235.90,"microgramsPerLiter","SIRFER_algalPlantChem_isotopes_V1","Revesz & Coplen 2012a","N",,
"977be6c0-be43-4eac-8195-60ddc5d97209","D09","PRLA","PRLA.AOS.riparian.point.12","2020-07-07","PRLA.20200707.EPILITHON.12.CNSA.1","A00000088192","condition ok","SIRFER Lab at University of Utah","2021-03-10","ElFtGy1kV49xqNP00HfxQA==","CNS","1",7,25,100,,,,,,,,"carbon",74552.40,"microgramsPerLiter","SIRFER_algalPlantChem_isotopes_V1","Revesz & Coplen 2012a","N",,
"79283b70-e98b-4655-839e-3d557355d9e4","D09","PRLA","PRLA.AOS.riparian.point.05","2020-07-07","PRLA.20200707.EPILITHON.5.CNSA.1","A00000088168","condition ok","SIRFER Lab at University of Utah","2021-03-10","ElFtGy1kV49xqNP00HfxQA==","CNS","1",3,25,100,,,,,,,,"d34S",-0.90,"perMill","SIRFER_algalPlantChem_isotopes_V1","Revesz & Coplen 2012b","N",,
"5c868dd5-1cea-414d-ade6-e31171ce38e0","D09","PRLA","PRLA.AOS.riparian.point.08","2020-07-07","PRLA.20200707.EPILITHON.8.CNSB.1","A00000088177","condition ok","SIRFER Lab at University of Utah","2021-03-15","ElFtGy1kV49xqNP00HfxQA==","CNS","1",5,25,100,,,,,,,,"carbon",73165.80,"microgramsPerLiter","SIRFER_algalPlantChem_isotopes_V1","Revesz & Coplen 2012a","Y",,
"7c721ffd-bafe-4442-9eac-a5c7251343c9","D09","PRLA","PRLA.AOS.riparian.point.10","2020-07-07","PRLA.20200707.EPILITHON.10.CNSA.1","A00000088184","condition ok","SIRFER Lab at University of Utah","2021-03-10","ElFtGy1kV49xqNP00HfxQA==","CNS","1",4,25,100,,,,,,,,"d13C",-10.70,"perMill","SIRFER_algalPlantChem_isotopes_V1","Revesz & Coplen 2012a","N",,
"f07d8e56-216c-40e6-9c04-6e3ea111a442","D09","PRLA","PRLA.AOS.riparian.point.06","2020-07-07","PRLA.20200707.EPILITHON.6.CNSA.1","A00000088172","condition ok","SIRFER Lab at University of Utah","2021-03-10","ElFtGy1kV49xqNP00HfxQA==","CNS","1",3,25,100,,,,,,,,"sulfur",3356.50,"microgramsPerLiter","SIRFER_algalPlantChem_isotopes_V1","Revesz & Coplen 2012b","N",,
"1b220c13-69e8-4414-bedd-1db1a6a71ff4","D09","PRLA","PRLA.AOS.riparian.point.08","2020-07-07","PRLA.20200707.EPILITHON.8.CNSA.1","A00000088176","condition ok","SIRFER Lab at University of Utah","2021-03-10","ElFtGy1kV49xqNP00HfxQA==","CNS","1",5,25,100,,,,,,,,"d15N",4.50,"perMill","SIRFER_algalPlantChem_isotopes_V1","Revesz & Coplen 2012a","N",,
"5e242214-ecce-4123-9538-9844d1800957","D09","PRLA","PRLA.AOS.littoral2","2020-07-07","PRLA.20200707.PHYTOPLANKTON.2.CNSB.1","A00000088161","condition ok","SIRFER Lab at University of Utah","2021-03-15","ElFtGy1kV49xqNP00HfxQA==","CNS","1",110,25,100,,,,,,,,"carbon",4876.00,"microgramsPerLiter","SIRFER_algalPlantChem_isotopes_V1","Revesz & Coplen 2012a","Y",,
"0e846732-464d-4dec-8149-1a22c0e6c30e","D09","PRLA","PRLA.AOS.littoral1","2020-07-07","PRLA.20200707.PHYTOPLANKTON.1.CNSA.1","A00000088163","condition ok","SIRFER Lab at University of Utah","2021-03-10","ElFtGy1kV49xqNP00HfxQA==","CNS","1",110,25,100,,,,,,,,"d15N",5.20,"perMill","SIRFER_algalPlantChem_isotopes_V1","Revesz & Coplen 2012a","N",,
"33d26fdc-58a8-427f-8e43-b0c58816817b","D09","PRLA","PRLA.AOS.buoy.c0","2020-07-07","PRLA.20200707.PHYTOPLANKTON.3.CNSB.1","A00000088147","condition ok","SIRFER Lab at University of Utah","2021-03-15","ElFtGy1kV49xqNP00HfxQA==","CNS","1",120,25,100,,,,,,,,"carbon",3176.80,"microgramsPerLiter","SIRFER_algalPlantChem_isotopes_V1","Revesz & Coplen 2012a","Y",,
"5d662db2-a39a-4974-b609-633679e9db96","D09","PRLA","PRLA.AOS.littoral1","2020-07-07","PRLA.20200707.PHYTOPLANKTON.1.CNSA.1","A00000088163","condition ok","SIRFER Lab at University of Utah","2021-03-10","ElFtGy1kV49xqNP00HfxQA==","CNS","1",110,25,100,,,,,,,,"nitrogen",402.10,"microgramsPerLiter","SIRFER_algalPlantChem_isotopes_V1","Revesz & Coplen 2012a","N",,
"36f19949-c72a-4c0c-8940-6152b4751be0","D09","PRLA","PRLA.AOS.littoral1","2020-07-07","PRLA.20200707.PHYTOPLANKTON.1.CNSB.1","A00000088164","condition ok","SIRFER Lab at University of Utah","2021-03-15","ElFtGy1kV49xqNP00HfxQA==","CNS","1",110,25,100,,,,,,,,"d13C",-31.30,"perMill","SIRFER_algalPlantChem_isotopes_V1","Revesz & Coplen 2012a","Y",,
"c28c8f50-a358-4bd2-9f86-2264acc279de","D09","PRLA","PRLA.AOS.riparian.point.12","2020-07-07","PRLA.20200707.EPILITHON.12.CNSB.1","A00000088191","condition ok","SIRFER Lab at University of Utah","2021-03-15","ElFtGy1kV49xqNP00HfxQA==","CNS","1",7,25,100,,,,,,,,"carbon",69734.10,"microgramsPerLiter","SIRFER_algalPlantChem_isotopes_V1","Revesz & Coplen 2012a","Y",,
