uid,domainID,siteID,namedLocation,aquaticSiteType,decimalLatitude,decimalLongitude,coordinateUncertainty,elevation,elevationUncertainty,geodeticDatum,collectDate,eventID,parentSampleID,parentSampleCode,samplingImpractical,biophysicalCriteria,affectedByWind,habitatType,algalSampleType,benthicArea,samplingProtocolVersion,phytoDepth1,phytoDepth2,phytoDepth3,substratumSizeClass,remarks,recordedBy,collectedBy,dataQF
"201ef775-64d3-48d7-bb65-24796b3fc0df","D09","PRLA","PRLA.AOS.littoral1","lake",47.159093,-99.114228,1.1,562.4,1.0,"WGS84","2020-07-07T16:00Z","PRLA.20200707","PRLA.20200707.PHYTOPLANKTON.1",,,"OK - no known exceptions","N","pelagic","phytoplankton",,"NEON.DOC.003045vE",0.5,0.6,,,,"0000-0003-4092-4649","0000-0002-1892-7221",
"b52ff8ea-7fea-4f46-abd4-2ca2e6b72b46","D09","PRLA","PRLA.AOS.riparian.point.10","lake",47.158420,-99.121143,0.1,564.3,0.1,"WGS84","2020-07-07T16:00Z","PRLA.20200707","PRLA.20200707.EPILITHON.10",,,"OK - no known exceptions",,"littoral","epilithon",0.002406,"NEON.DOC.003045vE",,,,,,"0000-0003-4092-4649","0000-0002-1892-7221",
"73ac1921-627d-4d05-a6a1-f064003a761e","D09","PRLA","PRLA.AOS.littoral2","lake",47.160850,-99.120215,1.1,562.3,1.0,"WGS84","2020-07-07T16:00Z","PRLA.20200707","PRLA.20200707.PHYTOPLANKTON.2",,,"OK - no known exceptions","N","pelagic","phytoplankton",,"NEON.DOC.003045vE",0.5,1.0,,,,"0000-0003-4092-4649","0000-0002-1892-7221",
"13553a2e-6270-4e2e-9ca3-aa71e1e7c8e9","D09","PRLA","PRLA.AOS.riparian.point.06","lake",47.160532,-99.113847,0.1,563.9,0.1,"WGS84","2020-07-07T16:00Z","PRLA.20200707","PRLA.20200707.EPILITHON.6",,,"OK - no known exceptions",,"littoral","epilithon",0.002406,"NEON.DOC.003045vE",,,,,,"0000-0003-4092-4649","0000-0002-1892-7221",
"48b58cf0-c712-472e-ab19-beeacd56cb92","D09","PRLA","PRLA.AOS.riparian.point.08","lake",47.157105,-99.116611,0.1,564.1,0.1,"WGS84","2020-07-07T16:00Z","PRLA.20200707","PRLA.20200707.EPILITHON.8",,,"OK - no known exceptions",,"littoral","epilithon",0.002406,"NEON.DOC.003045vE",,,,,,"0000-0003-4092-4649","0000-0002-1892-7221",
"9a3db59d-8afe-4aba-968a-59ebfff9e915","D09","PRLA","PRLA.AOS.riparian.point.05","lake",47.161979,-99.113416,0.1,564.3,0.1,"WGS84","2020-07-07T16:00Z","PRLA.20200707","PRLA.20200707.EPILITHON.5",,,"OK - no known exceptions",,"littoral","epilithon",0.002406,"NEON.DOC.003045vE",,,,,,"0000-0003-4092-4649","0000-0002-1892-7221",
"d50af3c8-1b72-4e26-ab86-dbc424b961f4","D09","PRLA","PRLA.AOS.riparian.point.12","lake",47.159164,-99.124312,0.1,563.8,0.1,"WGS84","2020-07-07T16:00Z","PRLA.20200707","PRLA.20200707.EPILITHON.12",,,"OK - no known exceptions",,"littoral","epilithon",0.002406,"NEON.DOC.003045vE",,,,,,"0000-0003-4092-4649","0000-0002-1892-7221",
"48841e38-ad79-4414-9887-378b9655c853","D09","PRLA","PRLA.AOS.buoy.c0","lake",47.159718,-99.118723,10.0,561.0,10.0,"WGS84","2020-07-07T16:00Z","PRLA.20200707","PRLA.20200707.PHYTOPLANKTON.3",,,"OK - no known exceptions","N","pelagic","phytoplankton",,"NEON.DOC.003045vE",0.5,1.0,,,,"0000-0003-4092-4649","0000-0002-1892-7221",
