uid,domainID,siteID,namedLocation,collectDate,parentSampleID,sampleID,sampleCode,filterNumber,analysisType,fieldSampleVolume,domainFilterVolume,storageDays,remarks,measuredBy,recordedBy,sampleCondition,dataQF
"64d1fc94-7d09-4c42-a4d4-7f64fa6eaad8","D09","PRLA","PRLA.AOS.littoral2","2020-07-07T16:00Z","PRLA.20200707.PHYTOPLANKTON.2","PRLA.20200707.PHYTOPLANKTON.2.CHL/PHEO.1","B00000096231",1,"chlorophyll/pheophytin",4000.0,120.0,0.9,,"0000-0003-4092-4649","0000-0003-4092-4649","OK",
"424e84b3-e9e7-48bf-958f-dc2be287fcfe","D09","PRLA","PRLA.AOS.riparian.point.05","2020-07-07T16:00Z","PRLA.20200707.EPILITHON.5","PRLA.20200707.EPILITHON.5.CNSB.1","A00000088169",1,"CNSb",250.0,3.0,1.0,,"0000-0003-4092-4649","0000-0003-4092-4649","OK",
"04804a58-caa3-4deb-a26e-567334292072","D09","PRLA","PRLA.AOS.riparian.point.08","2020-07-07T16:00Z","PRLA.20200707.EPILITHON.8","PRLA.20200707.EPILITHON.8.CHL/PHEO.1","B00000096240",1,"chlorophyll/pheophytin",250.0,6.0,1.1,,"0000-0003-4092-4649","0000-0003-4092-4649","OK",
"7d623c65-2dd2-47c7-b794-b8411163f1e9","D09","PRLA","PRLA.AOS.riparian.point.05","2020-07-07T16:00Z","PRLA.20200707.EPILITHON.5","PRLA.20200707.EPILITHON.5.CNSA.1","A00000088168",1,"CNSa",250.0,3.0,1.0,,"0000-0003-4092-4649","0000-0003-4092-4649","OK",
"b8119d57-559b-473c-85d4-9cfd89638618","D09","PRLA","PRLA.AOS.riparian.point.06","2020-07-07T16:00Z","PRLA.20200707.EPILITHON.6","PRLA.20200707.EPILITHON.6.CNSB.1","A00000088173",1,"CNSb",250.0,3.0,1.1,,"0000-0003-4092-4649","0000-0003-4092-4649","OK",
"35724b96-99a6-4e71-9adf-a1a5a3882948","D09","PRLA","PRLA.AOS.riparian.point.06","2020-07-07T16:00Z","PRLA.20200707.EPILITHON.6","PRLA.20200707.EPILITHON.6.CHL/PHEO.1","B00000096234",1,"chlorophyll/pheophytin",250.0,4.0,1.1,,"0000-0003-4092-4649","0000-0003-4092-4649","OK",
"48ef2512-4d50-4db4-9cd2-2aab5791e926","D09","PRLA","PRLA.AOS.riparian.point.08","2020-07-07T16:00Z","PRLA.20200707.EPILITHON.8","PRLA.20200707.EPILITHON.8.CNSA.1","A00000088176",1,"CNSa",250.0,5.0,1.1,,"0000-0003-4092-4649","0000-0003-4092-4649","OK",
"645e11bd-5bea-490a-8736-31c15a5f46ea","D09","PRLA","PRLA.AOS.riparian.point.08","2020-07-07T16:00Z","PRLA.20200707.EPILITHON.8","PRLA.20200707.EPILITHON.8.CNSB.1","A00000088177",1,"CNSb",250.0,5.0,1.1,,"0000-0003-4092-4649","0000-0003-4092-4649","OK",
"e1290cfe-516a-4944-b79f-68af47707255","D09","PRLA","PRLA.AOS.littoral1","2020-07-07T16:00Z","PRLA.20200707.PHYTOPLANKTON.1","PRLA.20200707.PHYTOPLANKTON.1.CHL/PHEO.1","B00000096232",1,"chlorophyll/pheophytin",4000.0,110.0,1.0,,"0000-0003-4092-4649","0000-0003-4092-4649","OK",
"dcef63f7-5b47-4ee2-8695-eb0feeae0055","D09","PRLA","PRLA.AOS.buoy.c0","2020-07-07T16:00Z","PRLA.20200707.PHYTOPLANKTON.3","PRLA.20200707.PHYTOPLANKTON.3.CNSB.1","A00000088147",1,"CNSb",4000.0,120.0,0.9,,"0000-0003-4092-4649","0000-0003-4092-4649","OK",
"2d77c9ba-77e0-4c7d-91ba-34347e2c5fe0","D09","PRLA","PRLA.AOS.littoral1","2020-07-07T16:00Z","PRLA.20200707.PHYTOPLANKTON.1","PRLA.20200707.PHYTOPLANKTON.1.CNSB.1","A00000088164",1,"CNSb",4000.0,110.0,1.0,,"0000-0003-4092-4649","0000-0003-4092-4649","OK",
"381452ed-3a7b-464e-bbe6-f14ff255803c","D09","PRLA","PRLA.AOS.riparian.point.12","2020-07-07T16:00Z","PRLA.20200707.EPILITHON.12","PRLA.20200707.EPILITHON.12.CNSA.1","A00000088192",1,"CNSa",250.0,7.0,1.2,,"0000-0003-4092-4649","0000-0003-4092-4649","OK",
"1f54f8d2-4ee4-480c-b8f0-213ea4111db4","D09","PRLA","PRLA.AOS.riparian.point.06","2020-07-07T16:00Z","PRLA.20200707.EPILITHON.6","PRLA.20200707.EPILITHON.6.CNSA.1","A00000088172",1,"CNSa",250.0,3.0,1.1,,"0000-0003-4092-4649","0000-0003-4092-4649","OK",
"92d0b1d8-5fc7-4b12-a92f-a6a0940a5024","D09","PRLA","PRLA.AOS.littoral2","2020-07-07T16:00Z","PRLA.20200707.PHYTOPLANKTON.2","PRLA.20200707.PHYTOPLANKTON.2.CNSA.1","A00000088144",1,"CNSa",4000.0,110.0,0.9,,"0000-0003-4092-4649","0000-0003-4092-4649","OK",
"eaffff19-5da5-421a-81cd-ae17c9d9604e","D09","PRLA","PRLA.AOS.riparian.point.12","2020-07-07T16:00Z","PRLA.20200707.EPILITHON.12","PRLA.20200707.EPILITHON.12.P.1","A00000088193",1,"P",250.0,7.0,1.2,,"0000-0003-4092-4649","0000-0003-4092-4649","OK",
"f17d46bd-2788-4b0d-9e04-0550f2786105","D09","PRLA","PRLA.AOS.littoral1","2020-07-07T16:00Z","PRLA.20200707.PHYTOPLANKTON.1","PRLA.20200707.PHYTOPLANKTON.1.P.1","A00000088162",1,"P",4000.0,110.0,1.0,,"0000-0003-4092-4649","0000-0003-4092-4649","OK",
"43d3fced-a034-4d26-ae41-58b94c2f84dd","D09","PRLA","PRLA.AOS.riparian.point.12","2020-07-07T16:00Z","PRLA.20200707.EPILITHON.12","PRLA.20200707.EPILITHON.12.REP2.CNSA.2","A00000088188",2,"CNSa",250.0,7.0,1.2,,"0000-0003-4092-4649","0000-0003-4092-4649","OK",
"527e9f16-3cb0-4104-90c6-f0e9d0972a1b","D09","PRLA","PRLA.AOS.littoral2","2020-07-07T16:00Z","PRLA.20200707.PHYTOPLANKTON.2","PRLA.20200707.PHYTOPLANKTON.2.CNSB.1","A00000088161",1,"CNSb",4000.0,120.0,0.9,,"0000-0003-4092-4649","0000-0003-4092-4649","OK",
"fc071c5d-0eb0-4093-a259-43e707a60b08","D09","PRLA","PRLA.AOS.riparian.point.12","2020-07-07T16:00Z","PRLA.20200707.EPILITHON.12","PRLA.20200707.EPILITHON.12.CNSB.1","A00000088191",1,"CNSb",250.0,7.0,1.2,,"0000-0003-4092-4649","0000-0003-4092-4649","OK",
"19486df6-4a5f-4c71-a362-a399c447d455","D09","PRLA","PRLA.AOS.riparian.point.05","2020-07-07T16:00Z","PRLA.20200707.EPILITHON.5","PRLA.20200707.EPILITHON.5.CHL/PHEO.1","B00000096233",1,"chlorophyll/pheophytin",250.0,4.0,1.0,,"0000-0003-4092-4649","0000-0003-4092-4649","OK",
"dd8ae92c-9fc2-4004-a904-57349cea80ea","D09","PRLA","PRLA.AOS.riparian.point.10","2020-07-07T16:00Z","PRLA.20200707.EPILITHON.10","PRLA.20200707.EPILITHON.10.CNSA.1","A00000088184",1,"CNSa",250.0,4.0,1.2,,"0000-0003-4092-4649","0000-0003-4092-4649","OK",
"691e347e-d10f-4f97-bdd6-2c86df29cc60","D09","PRLA","PRLA.AOS.littoral2","2020-07-07T16:00Z","PRLA.20200707.PHYTOPLANKTON.2","PRLA.20200707.PHYTOPLANKTON.2.P.1","A00000088145",1,"P",4000.0,120.0,0.9,,"0000-0003-4092-4649","0000-0003-4092-4649","OK",
"aadc3cdf-4bf6-4bdd-89f3-4de4c7a3c5ac","D09","PRLA","PRLA.AOS.buoy.c0","2020-07-07T16:00Z","PRLA.20200707.PHYTOPLANKTON.3","PRLA.20200707.PHYTOPLANKTON.3.CHL/PHEO.1","B00000096230",1,"chlorophyll/pheophytin",4000.0,170.0,0.9,,"0000-0003-4092-4649","0000-0003-4092-4649","OK",
"e4e2390b-5d83-4814-81ba-029162cf117c","D09","PRLA","PRLA.AOS.riparian.point.12","2020-07-07T16:00Z","PRLA.20200707.EPILITHON.12","PRLA.20200707.EPILITHON.12.REP2.P.2","A00000088189",2,"P",250.0,7.0,1.2,,"0000-0003-4092-4649","0000-0003-4092-4649","OK",
"442157c7-8782-4eb2-9d0d-25104d3973da","D09","PRLA","PRLA.AOS.littoral1","2020-07-07T16:00Z","PRLA.20200707.PHYTOPLANKTON.1","PRLA.20200707.PHYTOPLANKTON.1.CNSA.1","A00000088163",1,"CNSa",4000.0,110.0,1.0,,"0000-0003-4092-4649","0000-0003-4092-4649","OK",
"e99befa2-ef21-4f58-a85b-7a9e392919d2","D09","PRLA","PRLA.AOS.buoy.c0","2020-07-07T16:00Z","PRLA.20200707.PHYTOPLANKTON.3","PRLA.20200707.PHYTOPLANKTON.3.CNSA.1","A00000088148",1,"CNSa",4000.0,120.0,0.9,,"0000-0003-4092-4649","0000-0003-4092-4649","OK",
"909f971a-66c0-42e4-91c6-4c2521b9d19c","D09","PRLA","PRLA.AOS.riparian.point.08","2020-07-07T16:00Z","PRLA.20200707.EPILITHON.8","PRLA.20200707.EPILITHON.8.P.1","A00000088175",1,"P",250.0,6.0,1.1,,"0000-0003-4092-4649","0000-0003-4092-4649","OK",
"73a6d115-0bc6-46c4-a8ff-9bff7e07eb7c","D09","PRLA","PRLA.AOS.buoy.c0","2020-07-07T16:00Z","PRLA.20200707.PHYTOPLANKTON.3","PRLA.20200707.PHYTOPLANKTON.3.P.1","A00000088149",1,"P",4000.0,170.0,0.9,,"0000-0003-4092-4649","0000-0003-4092-4649","OK",
"a3711606-58f3-4db6-9d95-829f4c2dd5ab","D09","PRLA","PRLA.AOS.riparian.point.10","2020-07-07T16:00Z","PRLA.20200707.EPILITHON.10","PRLA.20200707.EPILITHON.10.CNSB.1","A00000088183",1,"CNSb",250.0,4.0,1.2,,"0000-0003-4092-4649","0000-0003-4092-4649","OK",
"f1967fec-b50a-4c2d-b456-1827dfc7af03","D09","PRLA","PRLA.AOS.riparian.point.12","2020-07-07T16:00Z","PRLA.20200707.EPILITHON.12","PRLA.20200707.EPILITHON.12.REP2.CNSB.2","A00000088187",2,"CNSb",250.0,7.0,1.2,,"0000-0003-4092-4649","0000-0003-4092-4649","OK",
"6738c2ae-7324-4bad-aa58-ee7a2804f099","D09","PRLA","PRLA.AOS.riparian.point.12","2020-07-07T16:00Z","PRLA.20200707.EPILITHON.12","PRLA.20200707.EPILITHON.12.REP2.CHL/PHEO.2","B00000096236",2,"chlorophyll/pheophytin",250.0,7.0,1.2,,"0000-0003-4092-4649","0000-0003-4092-4649","OK",
"009b6163-2a03-46ba-8513-e38751553e61","D09","PRLA","PRLA.AOS.riparian.point.05","2020-07-07T16:00Z","PRLA.20200707.EPILITHON.5","PRLA.20200707.EPILITHON.5.P.1","A00000088167",1,"P",250.0,3.0,1.0,,"0000-0003-4092-4649","0000-0003-4092-4649","OK",
"8d95a78e-ce45-48d2-8026-3c56a54d65bc","D09","PRLA","PRLA.AOS.riparian.point.10","2020-07-07T16:00Z","PRLA.20200707.EPILITHON.10","PRLA.20200707.EPILITHON.10.P.1","A00000088186",1,"P",250.0,5.0,1.2,,"0000-0003-4092-4649","0000-0003-4092-4649","OK",
"4794e99a-b28e-400b-b277-f91a89e2f965","D09","PRLA","PRLA.AOS.riparian.point.06","2020-07-07T16:00Z","PRLA.20200707.EPILITHON.6","PRLA.20200707.EPILITHON.6.P.1","A00000088171",1,"P",250.0,4.0,1.1,,"0000-0003-4092-4649","0000-0003-4092-4649","OK",
"c1801836-9eba-4722-9fa5-7436ca08a075","D09","PRLA","PRLA.AOS.riparian.point.12","2020-07-07T16:00Z","PRLA.20200707.EPILITHON.12","PRLA.20200707.EPILITHON.12.CHL/PHEO.1","B00000096235",1,"chlorophyll/pheophytin",250.0,7.0,1.2,,"0000-0003-4092-4649","0000-0003-4092-4649","OK",
"f73a037c-3f8b-441f-8474-48fe1b0183b0","D09","PRLA","PRLA.AOS.riparian.point.10","2020-07-07T16:00Z","PRLA.20200707.EPILITHON.10","PRLA.20200707.EPILITHON.10.CHL/PHEO.1","B00000096237",1,"chlorophyll/pheophytin",250.0,5.0,1.2,,"0000-0003-4092-4649","0000-0003-4092-4649","OK",
