uid,domainID,siteID,namedLocation,collectDate,parentSampleID,sampleID,sampleCode,filterNumber,analysisType,fieldSampleVolume,domainFilterVolume,storageDays,remarks,measuredBy,recordedBy,sampleCondition,dataQF
"9b6d184d-6eef-4fbc-bcf5-a47716a53dbd","D05","CRAM","CRAM.AOS.riparian.point.03","2020-07-15T15:32Z","CRAM.20200715.EPIXYLON.6","CRAM.20200715.EPIXYLON.6.CNSA.1","A00000203419",1,"CNSa",125.0,4.0,1.0,,"0000-0001-6438-3109","0000-0003-1075-1249","OK",
"65d4ba9c-b777-4a26-b6fb-635ffdd85d29","D05","CRAM","CRAM.AOS.buoy.c1","2020-07-15T15:32Z","CRAM.20200715.PHYTOPLANKTON.1","CRAM.20200715.PHYTOPLANKTON.1.REP2.CHL/PHEO.2","B00000062000",2,"chlorophyll/pheophytin",4000.0,200.0,0.9,,"0000-0003-1075-1249","0000-0003-1075-1249","OK",
"ec9d2760-805d-46a1-b2ca-93f9a3fbf6fd","D05","CRAM","CRAM.AOS.riparian.point.01","2020-07-15T15:32Z","CRAM.20200715.EPIXYLON.8","CRAM.20200715.EPIXYLON.8.CNSA.1","A00000203485",1,"CNSa",125.0,4.0,1.0,,"0000-0001-6438-3109","0000-0003-1075-1249","OK",
"be7b9481-4f56-404e-bd37-131b49f88ef5","D05","CRAM","CRAM.AOS.riparian.point.01","2020-07-15T15:32Z","CRAM.20200715.EPIXYLON.8","CRAM.20200715.EPIXYLON.8.CNSB.1","A00000203486",1,"CNSb",125.0,4.0,1.0,,"0000-0001-6438-3109","0000-0003-1075-1249","OK",
"131d99aa-24ee-4d51-b1b0-6441b7cfc093","D05","CRAM","CRAM.AOS.riparian.point.07","2020-07-15T15:32Z","CRAM.20200715.EPIXYLON.4","CRAM.20200715.EPIXYLON.4.CHL/PHEO.1","B00000062002",1,"chlorophyll/pheophytin",125.0,4.0,1.0,,"0000-0001-6438-3109","0000-0003-1075-1249","OK",
"0bbab598-5714-4d8c-a465-b66a824784b8","D05","CRAM","CRAM.AOS.riparian.point.07","2020-07-15T15:32Z","CRAM.20200715.EPIXYLON.4","CRAM.20200715.EPIXYLON.4.CNSA.1","A00000203415",1,"CNSa",125.0,4.0,1.0,,"0000-0001-6438-3109","0000-0003-1075-1249","OK",
"35402ccb-ff5b-4faa-a735-bd37ca72cc20","D05","CRAM","CRAM.AOS.riparian.point.01","2020-07-15T15:32Z","CRAM.20200715.EPIXYLON.8","CRAM.20200715.EPIXYLON.8.P.1","A00000203487",1,"P",125.0,4.0,1.0,,"0000-0001-6438-3109","0000-0003-1075-1249","OK",
"d248845d-90ec-4f25-b8ba-1b3150835fc2","D05","CRAM","CRAM.AOS.riparian.point.09","2020-07-15T15:32Z","CRAM.20200715.EPIXYLON.3","CRAM.20200715.EPIXYLON.3.CNSA.1","A00000203410",1,"CNSa",125.0,4.0,1.0,,"0000-0001-6438-3109","0000-0003-1075-1249","OK",
"a2774078-ccd3-4949-860f-e7f5df7ae5d0","D05","CRAM","CRAM.AOS.riparian.point.09","2020-07-15T15:32Z","CRAM.20200715.EPIXYLON.3","CRAM.20200715.EPIXYLON.3.CHL/PHEO.1","B00000062003",1,"chlorophyll/pheophytin",125.0,4.0,1.0,,"0000-0001-6438-3109","0000-0003-1075-1249","OK",
"d708617f-acb5-4da1-8a04-2b182987fd7b","D05","CRAM","CRAM.AOS.riparian.point.09","2020-07-15T15:32Z","CRAM.20200715.EPIXYLON.3","CRAM.20200715.EPIXYLON.3.P.1","A00000203412",1,"P",125.0,4.0,1.0,,"0000-0001-6438-3109","0000-0003-1075-1249","OK",
"df2b15ce-f8b1-4682-84a8-afd24b390d41","D05","CRAM","CRAM.AOS.buoy.c1","2020-07-15T15:32Z","CRAM.20200715.PHYTOPLANKTON.1","CRAM.20200715.PHYTOPLANKTON.1.REP2.P.2","A00000203424",2,"P",4000.0,200.0,0.9,,"0000-0003-1075-1249","0000-0003-1075-1249","OK",
"ff3ad374-15ef-403e-b5cf-b18384dfe9bb","D05","CRAM","CRAM.AOS.buoy.c1","2020-07-15T15:32Z","CRAM.20200715.PHYTOPLANKTON.1","CRAM.20200715.PHYTOPLANKTON.1.CHL/PHEO.1","B00000061073",1,"chlorophyll/pheophytin",4000.0,200.0,0.9,,"0000-0003-1075-1249","0000-0003-1075-1249","OK",
"859e22d0-0f00-4aa9-8f70-a8c59f1a269f","D05","CRAM","CRAM.AOS.littoral2","2020-07-15T15:32Z","CRAM.20200715.PHYTOPLANKTON.7","CRAM.20200715.PHYTOPLANKTON.7.CNSB.1","A00000203408",1,"CNSb",4000.0,200.0,1.0,,"0000-0001-6438-3109","0000-0003-1075-1249","OK",
"7ad49d81-e9d3-4dce-b9c9-d4dc226a6505","D05","CRAM","CRAM.AOS.riparian.point.05","2020-07-15T15:32Z","CRAM.20200715.EPIXYLON.5","CRAM.20200715.EPIXYLON.5.CHL/PHEO.1","B00000062001",1,"chlorophyll/pheophytin",125.0,4.0,1.0,,"0000-0001-6438-3109","0000-0003-1075-1249","OK",
"883e49fe-1798-4931-b120-15ae67717470","D05","CRAM","CRAM.AOS.riparian.point.07","2020-07-15T15:32Z","CRAM.20200715.EPIXYLON.4","CRAM.20200715.EPIXYLON.4.P.1","A00000203413",1,"P",125.0,4.0,1.0,,"0000-0001-6438-3109","0000-0003-1075-1249","OK",
"5d6c97b6-494a-4283-90f9-ca6ecbbecc7d","D05","CRAM","CRAM.AOS.buoy.c1","2020-07-15T15:32Z","CRAM.20200715.PHYTOPLANKTON.1","CRAM.20200715.PHYTOPLANKTON.1.REP2.CNSB.2","A00000203423",2,"CNSb",4000.0,200.0,0.9,,"0000-0003-1075-1249","0000-0003-1075-1249","OK",
"d5dbb33b-1d01-4990-bd4c-d8d4a0af0af0","D05","CRAM","CRAM.AOS.riparian.point.07","2020-07-15T15:32Z","CRAM.20200715.EPIXYLON.4","CRAM.20200715.EPIXYLON.4.CNSB.1","A00000203414",1,"CNSb",125.0,4.0,1.0,,"0000-0001-6438-3109","0000-0003-1075-1249","OK",
"f5330f21-65bd-42cf-af2c-0464836e5410","D05","CRAM","CRAM.AOS.littoral1","2020-07-15T15:32Z","CRAM.20200715.PHYTOPLANKTON.2","CRAM.20200715.PHYTOPLANKTON.2.P.1","A00000203407",1,"P",4000.0,200.0,1.0,,"0000-0003-1075-1249","0000-0003-1075-1249","OK",
"000f29f0-d019-443f-b753-7c5eb9e1f9c0","D05","CRAM","CRAM.AOS.buoy.c1","2020-07-15T15:32Z","CRAM.20200715.PHYTOPLANKTON.1","CRAM.20200715.PHYTOPLANKTON.1.REP2.CNSA.2","A00000203422",2,"CNSa",4000.0,200.0,0.9,,"0000-0003-1075-1249","0000-0003-1075-1249","OK",
"5b9efcc8-2049-42b7-8f57-f49a0c07bede","D05","CRAM","CRAM.AOS.riparian.point.09","2020-07-15T15:32Z","CRAM.20200715.EPIXYLON.3","CRAM.20200715.EPIXYLON.3.CNSB.1","A00000203411",1,"CNSb",125.0,4.0,1.0,,"0000-0001-6438-3109","0000-0003-1075-1249","OK",
"ac7da247-7971-40bf-8375-9c5ada6307e6","D05","CRAM","CRAM.AOS.littoral1","2020-07-15T15:32Z","CRAM.20200715.PHYTOPLANKTON.2","CRAM.20200715.PHYTOPLANKTON.2.CNSA.1","A00000203405",1,"CNSa",4000.0,200.0,1.0,,"0000-0003-1075-1249","0000-0003-1075-1249","OK",
"06dc4316-80df-463a-ada0-5035df6b4fbe","D05","CRAM","CRAM.AOS.littoral2","2020-07-15T15:32Z","CRAM.20200715.PHYTOPLANKTON.7","CRAM.20200715.PHYTOPLANKTON.7.P.1","A00000203409",1,"P",4000.0,200.0,1.0,,"0000-0001-6438-3109","0000-0003-1075-1249","OK",
"11b8ac9a-7b45-4feb-8913-2d548660f1da","D05","CRAM","CRAM.AOS.buoy.c1","2020-07-15T15:32Z","CRAM.20200715.PHYTOPLANKTON.1","CRAM.20200715.PHYTOPLANKTON.1.CNSB.1","A00000203399",1,"CNSb",4000.0,200.0,0.9,,"0000-0003-1075-1249","0000-0003-1075-1249","OK",
"7abac84b-11d2-4627-a329-b36f032c1e3f","D05","CRAM","CRAM.AOS.littoral2","2020-07-15T15:32Z","CRAM.20200715.PHYTOPLANKTON.7","CRAM.20200715.PHYTOPLANKTON.7.CNSA.1","A00000203421",1,"CNSa",4000.0,200.0,1.0,,"0000-0001-6438-3109","0000-0003-1075-1249","OK",
"d87fc426-8c6e-4bee-9934-3dec81bbd853","D05","CRAM","CRAM.AOS.littoral2","2020-07-15T15:32Z","CRAM.20200715.PHYTOPLANKTON.7","CRAM.20200715.PHYTOPLANKTON.7.CHL/PHEO.1","B00000062004",1,"chlorophyll/pheophytin",4000.0,200.0,1.0,,"0000-0001-6438-3109","0000-0003-1075-1249","OK",
"c9113fad-6e7e-46d5-98c6-5ef06cf4724e","D05","CRAM","CRAM.AOS.riparian.point.05","2020-07-15T15:32Z","CRAM.20200715.EPIXYLON.5","CRAM.20200715.EPIXYLON.5.CNSB.1","A00000203417",1,"CNSb",125.0,4.0,1.0,,"0000-0001-6438-3109","0000-0003-1075-1249","OK",
"437fe45c-b446-43d1-bb9f-c292f7975191","D05","CRAM","CRAM.AOS.littoral1","2020-07-15T15:32Z","CRAM.20200715.PHYTOPLANKTON.2","CRAM.20200715.PHYTOPLANKTON.2.CNSB.1","A00000203406",1,"CNSb",4000.0,200.0,1.0,,"0000-0003-1075-1249","0000-0003-1075-1249","OK",
"2dc85bbb-3dd1-419a-a2fd-35085feccd81","D05","CRAM","CRAM.AOS.riparian.point.03","2020-07-15T15:32Z","CRAM.20200715.EPIXYLON.6","CRAM.20200715.EPIXYLON.6.CNSB.1","A00000203420",1,"CNSb",125.0,4.0,1.0,,"0000-0001-6438-3109","0000-0003-1075-1249","OK",
"0af6f743-ae30-4634-bfb8-083643835865","D05","CRAM","CRAM.AOS.riparian.point.03","2020-07-15T15:32Z","CRAM.20200715.EPIXYLON.6","CRAM.20200715.EPIXYLON.6.P.1","A00000203425",1,"P",125.0,4.0,1.0,,"0000-0001-6438-3109","0000-0003-1075-1249","OK",
"b600493d-0ed5-4e5c-93c2-3470989d0700","D05","CRAM","CRAM.AOS.riparian.point.03","2020-07-15T15:32Z","CRAM.20200715.EPIXYLON.6","CRAM.20200715.EPIXYLON.6.CHL/PHEO.1","B00000061999",1,"chlorophyll/pheophytin",125.0,4.0,1.0,,"0000-0001-6438-3109","0000-0003-1075-1249","OK",
"9e92bb5c-231c-4168-af5e-906590a00ac1","D05","CRAM","CRAM.AOS.riparian.point.05","2020-07-15T15:32Z","CRAM.20200715.EPIXYLON.5","CRAM.20200715.EPIXYLON.5.CNSA.1","A00000203416",1,"CNSa",125.0,4.0,1.0,,"0000-0001-6438-3109","0000-0003-1075-1249","OK",
"2d14ec2d-5f25-4993-9580-7a1500d41f84","D05","CRAM","CRAM.AOS.littoral1","2020-07-15T15:32Z","CRAM.20200715.PHYTOPLANKTON.2","CRAM.20200715.PHYTOPLANKTON.2.CHL/PHEO.1","B00000061072",1,"chlorophyll/pheophytin",4000.0,200.0,1.0,,"0000-0003-1075-1249","0000-0003-1075-1249","OK",
"c3389bda-b941-408b-a647-b53134cb174f","D05","CRAM","CRAM.AOS.buoy.c1","2020-07-15T15:32Z","CRAM.20200715.PHYTOPLANKTON.1","CRAM.20200715.PHYTOPLANKTON.1.CNSA.1","A00000203398",1,"CNSa",4000.0,200.0,0.9,,"0000-0003-1075-1249","0000-0003-1075-1249","OK",
"f13a36b5-d331-4994-a9b8-9f3ff1fd84f4","D05","CRAM","CRAM.AOS.buoy.c1","2020-07-15T15:32Z","CRAM.20200715.PHYTOPLANKTON.1","CRAM.20200715.PHYTOPLANKTON.1.P.1","A00000203400",1,"P",4000.0,200.0,0.9,,"0000-0003-1075-1249","0000-0003-1075-1249","OK",
"81fe7d29-b604-42fb-a880-1b15b851f682","D05","CRAM","CRAM.AOS.riparian.point.05","2020-07-15T15:32Z","CRAM.20200715.EPIXYLON.5","CRAM.20200715.EPIXYLON.5.P.1","A00000203418",1,"P",125.0,4.0,1.0,,"0000-0001-6438-3109","0000-0003-1075-1249","OK",
"155e8a82-c24a-4768-8cd1-188f04dca6ed","D05","CRAM","CRAM.AOS.riparian.point.01","2020-07-15T15:32Z","CRAM.20200715.EPIXYLON.8","CRAM.20200715.EPIXYLON.8.CHL/PHEO.1","B00000061998",1,"chlorophyll/pheophytin",125.0,4.0,1.0,,"0000-0001-6438-3109","0000-0003-1075-1249","OK",
