uid,domainID,siteID,namedLocation,aquaticSiteType,decimalLatitude,decimalLongitude,coordinateUncertainty,elevation,elevationUncertainty,geodeticDatum,collectDate,eventID,parentSampleID,parentSampleCode,samplingImpractical,biophysicalCriteria,affectedByWind,habitatType,algalSampleType,benthicArea,samplingProtocolVersion,phytoDepth1,phytoDepth2,phytoDepth3,substratumSizeClass,remarks,recordedBy,collectedBy,dataQF
"25cf7423-2918-4064-8681-4aed57c9853f","D05","CRAM","CRAM.AOS.riparian.point.03","lake",46.211728,-89.470910,0.1,510.6,0.1,"WGS84","2020-07-15T15:32Z","CRAM.20200715","CRAM.20200715.EPIXYLON.6",,,"OK - no known exceptions",,"littoral","epixylon",0.002406,"NEON.DOC.003045vE",,,,,,"0000-0003-1075-1249","0000-0003-1075-1249",
"3df7d913-29df-42a0-8243-2e12995abdab","D05","CRAM","CRAM.AOS.riparian.point.05","lake",46.208228,-89.471270,0.1,510.4,0.1,"WGS84","2020-07-15T15:32Z","CRAM.20200715","CRAM.20200715.EPIXYLON.5",,,"OK - no known exceptions",,"littoral","epixylon",0.002406,"NEON.DOC.003045vE",,,,,,"0000-0003-1075-1249","0000-0003-1075-1249",
"21867fe9-7f02-4125-80ac-860e3e88cfec","D05","CRAM","CRAM.AOS.littoral2","lake",46.211995,-89.474460,1.1,512.5,1.0,"WGS84","2020-07-15T15:32Z","CRAM.20200715","CRAM.20200715.PHYTOPLANKTON.7",,,"OK - no known exceptions","N","pelagic","phytoplankton",,"NEON.DOC.003045vE",0.5,1.5,,,,"0000-0003-1075-1249","0000-0003-1075-1249",
"7d93ba74-d10c-4c99-af0c-6a2dc506f5fc","D05","CRAM","CRAM.AOS.buoy.c1","lake",46.210592,-89.476861,10.0,509.0,10.0,"WGS84","2020-07-15T15:32Z","CRAM.20200715","CRAM.20200715.PHYTOPLANKTON.1",,,"OK - no known exceptions","N","pelagic","phytoplankton",,"NEON.DOC.003045vE",0.5,11.8,,,,"0000-0003-1075-1249","0000-0003-1075-1249",
"9f477f94-97ae-41f0-871c-1721130667a8","D05","CRAM","CRAM.AOS.riparian.point.01","lake",46.211208,-89.478274,0.2,511.0,0.2,"WGS84","2020-07-15T15:32Z","CRAM.20200715","CRAM.20200715.EPIXYLON.8",,,"OK - no known exceptions",,"littoral","epixylon",0.002406,"NEON.DOC.003045vE",,,,,,"0000-0003-1075-1249","0000-0003-1075-1249",
"54f796e4-0b1f-424c-9362-5d28496c9e25","D05","CRAM","CRAM.AOS.riparian.point.09","lake",46.206543,-89.476401,0.1,510.5,0.1,"WGS84","2020-07-15T15:32Z","CRAM.20200715","CRAM.20200715.EPIXYLON.3",,,"OK - no known exceptions",,"littoral","epixylon",0.002406,"NEON.DOC.003045vE",,,,,,"0000-0003-1075-1249","0000-0003-1075-1249",
"5330e589-bdf4-411c-a649-0e6a4aba7cee","D05","CRAM","CRAM.AOS.riparian.point.07","lake",46.207433,-89.475220,0.5,514.4,0.6,"WGS84","2020-07-15T15:32Z","CRAM.20200715","CRAM.20200715.EPIXYLON.4",,,"OK - no known exceptions",,"littoral","epixylon",0.002406,"NEON.DOC.003045vE",,,,,,"0000-0003-1075-1249","0000-0003-1075-1249",
"b9feb364-2fff-4396-aee0-1a651565fc5c","D05","CRAM","CRAM.AOS.littoral1","lake",46.207952,-89.476193,1.1,512.5,1.0,"WGS84","2020-07-15T15:32Z","CRAM.20200715","CRAM.20200715.PHYTOPLANKTON.2",,,"OK - no known exceptions","N","pelagic","phytoplankton",,"NEON.DOC.003045vE",0.5,1.4,,,,"0000-0003-1075-1249","0000-0003-1075-1249",
