uid,domainID,siteID,namedLocation,collectDate,sampleID,sampleCode,sampleCondition,laboratoryName,analysisDate,analyzedBy,sampleType,replicate,sampleVolumeFiltered,filterSize,percentFilterAnalyzed,dilutionFactor,solventVolume,responseFactor,acidificationResponseFactor,fluorometerSensitivitySetting,preAcidificationFluorescence,postAcidificationFluorescence,analyte,analyteConcentration,plantAlgaeLabUnits,testMethod,method,acidTreatment,externalRemarks,externalLabDataQF
"87a673ed-b24d-42ca-8101-d375433613e3","D05","CRAM","CRAM.AOS.riparian.point.01","2020-07-15","CRAM.20200715.EPIXYLON.8.CNSA.1","A00000203485","condition ok","SIRFER Lab at University of Utah","2021-05-17","ElFtGy1kV49xqNP00HfxQA==","CNS","1",4,25,100,,,,,,,,"d34S",2.19,"perMill","SIRFER_algalPlantChem_isotopes_V1","Revesz & Coplen 2012b","N",,
"e6598b23-c364-4b3d-940f-542393d20585","D05","CRAM","CRAM.AOS.riparian.point.03","2020-07-15","CRAM.20200715.EPIXYLON.6.CNSA.1","A00000203419","condition ok","SIRFER Lab at University of Utah","2021-05-17","ElFtGy1kV49xqNP00HfxQA==","CNS","1",4,25,100,,,,,,,,"d15N",-0.52,"perMill","SIRFER_algalPlantChem_isotopes_V1","Revesz & Coplen 2012a","N",,
"579fcbf4-5246-4442-a56d-e17a4cc6d3f8","D05","CRAM","CRAM.AOS.littoral1","2020-07-15","CRAM.20200715.PHYTOPLANKTON.2.CNSA.1","A00000203405","condition ok","SIRFER Lab at University of Utah","2021-05-17","ElFtGy1kV49xqNP00HfxQA==","CNS","1",200,25,100,,,,,,,,"d34S",4.00,"perMill","SIRFER_algalPlantChem_isotopes_V1","Revesz & Coplen 2012b","N",,
"2947b6e3-ef55-4457-bdad-acd956203b46","D05","CRAM","CRAM.AOS.buoy.c1","2020-07-15","CRAM.20200715.PHYTOPLANKTON.1.CNSB.1","A00000203399","condition ok","SIRFER Lab at University of Utah","2021-06-03","ElFtGy1kV49xqNP00HfxQA==","CNS","1",200,25,100,,,,,,,,"carbon",746.62,"microgramsPerLiter","SIRFER_algalPlantChem_isotopes_V1","Revesz & Coplen 2012a","Y",,
"954e56ad-ea53-4668-b220-15ad97a8e74c","D05","CRAM","CRAM.AOS.riparian.point.05","2020-07-15","CRAM.20200715.EPIXYLON.5.CNSA.1","A00000203416","condition ok","SIRFER Lab at University of Utah","2021-05-17","ElFtGy1kV49xqNP00HfxQA==","CNS","1",4,25,100,,,,,,,,"sulfur",918.14,"microgramsPerLiter","SIRFER_algalPlantChem_isotopes_V1","Revesz & Coplen 2012b","N",,
"0c155a22-e55f-4809-a80f-f6c685c9f0ce","D05","CRAM","CRAM.AOS.riparian.point.01","2020-07-15","CRAM.20200715.EPIXYLON.8.CNSB.1","A00000203486","condition ok","SIRFER Lab at University of Utah","2021-06-03","ElFtGy1kV49xqNP00HfxQA==","CNS","1",4,25,100,,,,,,,,"carbon",81490.58,"microgramsPerLiter","SIRFER_algalPlantChem_isotopes_V1","Revesz & Coplen 2012a","Y",,
"d4c4d2ba-0a9f-4bda-8c86-23895a41a006","D05","CRAM","CRAM.AOS.riparian.point.09","2020-07-15","CRAM.20200715.EPIXYLON.3.CNSB.1","A00000203411","condition ok","SIRFER Lab at University of Utah","2021-06-03","ElFtGy1kV49xqNP00HfxQA==","CNS","1",4,25,100,,,,,,,,"d13C",-27.32,"perMill","SIRFER_algalPlantChem_isotopes_V1","Revesz & Coplen 2012a","Y",,
"4082c21b-f0e0-4778-8f8b-b7d52315216e","D05","CRAM","CRAM.AOS.littoral1","2020-07-15","CRAM.20200715.PHYTOPLANKTON.2.CNSA.1","A00000203405","condition ok","SIRFER Lab at University of Utah","2021-05-17","ElFtGy1kV49xqNP00HfxQA==","CNS","1",200,25,100,,,,,,,,"d13C",-28.82,"perMill","SIRFER_algalPlantChem_isotopes_V1","Revesz & Coplen 2012a","N",,
"85c01763-bc4f-42e7-9eed-49976bc878a2","D05","CRAM","CRAM.AOS.riparian.point.05","2020-07-15","CRAM.20200715.EPIXYLON.5.CNSA.1","A00000203416","condition ok","SIRFER Lab at University of Utah","2021-05-17","ElFtGy1kV49xqNP00HfxQA==","CNS","1",4,25,100,,,,,,,,"d34S",0.53,"perMill","SIRFER_algalPlantChem_isotopes_V1","Revesz & Coplen 2012b","N",,
"1910b56c-3e8b-4a40-a823-5efce8468fe3","D05","CRAM","CRAM.AOS.riparian.point.09","2020-07-15","CRAM.20200715.EPIXYLON.3.CNSA.1","A00000203410","condition ok","SIRFER Lab at University of Utah","2021-05-17","ElFtGy1kV49xqNP00HfxQA==","CNS","1",4,25,100,,,,,,,,"d34S",1.17,"perMill","SIRFER_algalPlantChem_isotopes_V1","Revesz & Coplen 2012b","N",,
"6d89d861-a212-4f64-962e-0fe418a2cca9","D05","CRAM","CRAM.AOS.littoral1","2020-07-15","CRAM.20200715.PHYTOPLANKTON.2.CNSB.1","A00000203406","condition ok","SIRFER Lab at University of Utah","2021-06-03","ElFtGy1kV49xqNP00HfxQA==","CNS","1",200,25,100,,,,,,,,"d13C",-30.36,"perMill","SIRFER_algalPlantChem_isotopes_V1","Revesz & Coplen 2012a","Y",,
"2e148038-a676-4f56-9e79-a03dee85e44c","D05","CRAM","CRAM.AOS.riparian.point.09","2020-07-15","CRAM.20200715.EPIXYLON.3.CNSA.1","A00000203410","condition ok","SIRFER Lab at University of Utah","2021-05-17","ElFtGy1kV49xqNP00HfxQA==","CNS","1",4,25,100,,,,,,,,"d13C",-26.62,"perMill","SIRFER_algalPlantChem_isotopes_V1","Revesz & Coplen 2012a","N",,
"ba0d71db-fe18-4a84-aba7-ac1f59607c35","D05","CRAM","CRAM.AOS.buoy.c1","2020-07-15","CRAM.20200715.PHYTOPLANKTON.1.REP2.CNSA.2","A00000203422","condition ok","SIRFER Lab at University of Utah","2021-07-06","ElFtGy1kV49xqNP00HfxQA==","CNS","1",200,25,100,,,,,,,,"nitrogen",86.26,"microgramsPerLiter","SIRFER_algalPlantChem_isotopes_V1","Revesz & Coplen 2012a","N",,
"0bada0d9-2b34-4209-a9a2-db2b7625b6c3","D05","CRAM","CRAM.AOS.riparian.point.07","2020-07-15","CRAM.20200715.EPIXYLON.4.CNSA.1","A00000203415","condition ok","SIRFER Lab at University of Utah","2021-05-17","ElFtGy1kV49xqNP00HfxQA==","CNS","1",4,25,100,,,,,,,,"nitrogen",4215.10,"microgramsPerLiter","SIRFER_algalPlantChem_isotopes_V1","Revesz & Coplen 2012a","N",,
"24c23bbc-10a2-41a6-be00-b9d9c622ccb1","D05","CRAM","CRAM.AOS.riparian.point.03","2020-07-15","CRAM.20200715.EPIXYLON.6.CNSA.1","A00000203419","condition ok","SIRFER Lab at University of Utah","2021-05-17","ElFtGy1kV49xqNP00HfxQA==","CNS","1",4,25,100,,,,,,,,"carbon",164308.77,"microgramsPerLiter","SIRFER_algalPlantChem_isotopes_V1","Revesz & Coplen 2012a","N",,
"64ef3c06-b016-4dcd-a165-214481f817eb","D05","CRAM","CRAM.AOS.littoral2","2020-07-15","CRAM.20200715.PHYTOPLANKTON.7.CNSA.1","A00000203421","condition ok","SIRFER Lab at University of Utah","2021-05-17","ElFtGy1kV49xqNP00HfxQA==","CNS","1",200,25,100,,,,,,,,"sulfur",5.57,"microgramsPerLiter","SIRFER_algalPlantChem_isotopes_V1","Revesz & Coplen 2012b","N",,
"98b35cce-e507-47de-8377-d30da0f1bc2a","D05","CRAM","CRAM.AOS.riparian.point.05","2020-07-15","CRAM.20200715.EPIXYLON.5.CNSA.1","A00000203416","condition ok","SIRFER Lab at University of Utah","2021-05-17","ElFtGy1kV49xqNP00HfxQA==","CNS","1",4,25,100,,,,,,,,"d13C",-27.17,"perMill","SIRFER_algalPlantChem_isotopes_V1","Revesz & Coplen 2012a","N",,
"279bf401-b9f5-4afa-94b5-0ebce50f28e7","D05","CRAM","CRAM.AOS.littoral1","2020-07-15","CRAM.20200715.PHYTOPLANKTON.2.CNSA.1","A00000203405","condition ok","SIRFER Lab at University of Utah","2021-05-17","ElFtGy1kV49xqNP00HfxQA==","CNS","1",200,25,100,,,,,,,,"d15N",0.19,"perMill","SIRFER_algalPlantChem_isotopes_V1","Revesz & Coplen 2012a","N",,
"1a71c0fd-89dd-4e03-88e8-ea6b278f68c8","D05","CRAM","CRAM.AOS.buoy.c1","2020-07-15","CRAM.20200715.PHYTOPLANKTON.1.CNSB.1","A00000203399","condition ok","SIRFER Lab at University of Utah","2021-06-03","ElFtGy1kV49xqNP00HfxQA==","CNS","1",200,25,100,,,,,,,,"d13C",-31.74,"perMill","SIRFER_algalPlantChem_isotopes_V1","Revesz & Coplen 2012a","Y",,
"96da59f0-db9e-4be3-bce3-e5e044a3acd1","D05","CRAM","CRAM.AOS.riparian.point.05","2020-07-15","CRAM.20200715.EPIXYLON.5.CNSB.1","A00000203417","condition ok","SIRFER Lab at University of Utah","2021-06-03","ElFtGy1kV49xqNP00HfxQA==","CNS","1",4,25,100,,,,,,,,"d13C",-27.22,"perMill","SIRFER_algalPlantChem_isotopes_V1","Revesz & Coplen 2012a","Y",,
"bf190060-f449-4d3d-a731-1a1710319ec3","D05","CRAM","CRAM.AOS.riparian.point.03","2020-07-15","CRAM.20200715.EPIXYLON.6.CNSA.1","A00000203419","condition ok","SIRFER Lab at University of Utah","2021-05-17","ElFtGy1kV49xqNP00HfxQA==","CNS","1",4,25,100,,,,,,,,"sulfur",797.89,"microgramsPerLiter","SIRFER_algalPlantChem_isotopes_V1","Revesz & Coplen 2012b","N",,
"6b825547-4c38-4f80-ad58-8a6303c4774d","D05","CRAM","CRAM.AOS.riparian.point.01","2020-07-15","CRAM.20200715.EPIXYLON.8.CNSA.1","A00000203485","condition ok","SIRFER Lab at University of Utah","2021-05-17","ElFtGy1kV49xqNP00HfxQA==","CNS","1",4,25,100,,,,,,,,"d15N",0.28,"perMill","SIRFER_algalPlantChem_isotopes_V1","Revesz & Coplen 2012a","N",,
"de7d0133-f05d-46b6-b4e5-5241f6a46c80","D05","CRAM","CRAM.AOS.riparian.point.05","2020-07-15","CRAM.20200715.EPIXYLON.5.CNSB.1","A00000203417","condition ok","SIRFER Lab at University of Utah","2021-06-03","ElFtGy1kV49xqNP00HfxQA==","CNS","1",4,25,100,,,,,,,,"carbon",135692.24,"microgramsPerLiter","SIRFER_algalPlantChem_isotopes_V1","Revesz & Coplen 2012a","Y",,
"346ca8d4-2cc1-4b5b-b8ca-129e0702d67a","D05","CRAM","CRAM.AOS.riparian.point.05","2020-07-15","CRAM.20200715.EPIXYLON.5.CNSA.1","A00000203416","condition ok","SIRFER Lab at University of Utah","2021-05-17","ElFtGy1kV49xqNP00HfxQA==","CNS","1",4,25,100,,,,,,,,"carbon",154098.80,"microgramsPerLiter","SIRFER_algalPlantChem_isotopes_V1","Revesz & Coplen 2012a","N",,
"47061a68-c061-4c97-a935-f179dfd3e197","D05","CRAM","CRAM.AOS.riparian.point.07","2020-07-15","CRAM.20200715.EPIXYLON.4.CNSA.1","A00000203415","condition ok","SIRFER Lab at University of Utah","2021-05-17","ElFtGy1kV49xqNP00HfxQA==","CNS","1",4,25,100,,,,,,,,"sulfur",281.86,"microgramsPerLiter","SIRFER_algalPlantChem_isotopes_V1","Revesz & Coplen 2012b","N",,
"d1e571d8-e4d4-4e15-8736-b32e13ad4a51","D05","CRAM","CRAM.AOS.buoy.c1","2020-07-15","CRAM.20200715.PHYTOPLANKTON.1.REP2.CNSA.2","A00000203422","condition ok","SIRFER Lab at University of Utah","2021-07-06","ElFtGy1kV49xqNP00HfxQA==","CNS","1",200,25,100,,,,,,,,"d15N",-2.69,"perMill","SIRFER_algalPlantChem_isotopes_V1","Revesz & Coplen 2012a","N",,
"f6f0977b-ab85-41ed-a0db-b2b86dea397f","D05","CRAM","CRAM.AOS.buoy.c1","2020-07-15","CRAM.20200715.PHYTOPLANKTON.1.REP2.CNSB.2","A00000203423","condition ok","SIRFER Lab at University of Utah","2021-08-03","ElFtGy1kV49xqNP00HfxQA==","CNS","1",200,25,100,,,,,,,,"d13C",-31.45,"perMill","SIRFER_algalPlantChem_isotopes_V1","Revesz & Coplen 2012a","Y",,
"95e4acc1-5434-4be4-a82c-757509a493b4","D05","CRAM","CRAM.AOS.riparian.point.07","2020-07-15","CRAM.20200715.EPIXYLON.4.CNSA.1","A00000203415","condition ok","SIRFER Lab at University of Utah","2021-05-17","ElFtGy1kV49xqNP00HfxQA==","CNS","1",4,25,100,,,,,,,,"carbon",72046.37,"microgramsPerLiter","SIRFER_algalPlantChem_isotopes_V1","Revesz & Coplen 2012a","N",,
"8a7c1ac5-b6ef-44fd-973b-8d2544fc5120","D05","CRAM","CRAM.AOS.buoy.c1","2020-07-15","CRAM.20200715.PHYTOPLANKTON.1.REP2.CNSA.2","A00000203422","condition ok","SIRFER Lab at University of Utah","2021-07-06","ElFtGy1kV49xqNP00HfxQA==","CNS","1",200,25,100,,,,,,,,"carbon",975.93,"microgramsPerLiter","SIRFER_algalPlantChem_isotopes_V1","Revesz & Coplen 2012a","N",,
"a229b831-21e4-43b5-8eaa-12924c053388","D05","CRAM","CRAM.AOS.riparian.point.05","2020-07-15","CRAM.20200715.EPIXYLON.5.CNSA.1","A00000203416","condition ok","SIRFER Lab at University of Utah","2021-05-17","ElFtGy1kV49xqNP00HfxQA==","CNS","1",4,25,100,,,,,,,,"d15N",-1.89,"perMill","SIRFER_algalPlantChem_isotopes_V1","Revesz & Coplen 2012a","N",,
"a931ca16-6292-403d-8091-32eab6b923e9","D05","CRAM","CRAM.AOS.riparian.point.09","2020-07-15","CRAM.20200715.EPIXYLON.3.CNSA.1","A00000203410","condition ok","SIRFER Lab at University of Utah","2021-05-17","ElFtGy1kV49xqNP00HfxQA==","CNS","1",4,25,100,,,,,,,,"carbon",42759.52,"microgramsPerLiter","SIRFER_algalPlantChem_isotopes_V1","Revesz & Coplen 2012a","N",,
"b1ecfbf3-739b-4402-ab15-e37c1f4204e8","D05","CRAM","CRAM.AOS.riparian.point.09","2020-07-15","CRAM.20200715.EPIXYLON.3.CNSB.1","A00000203411","condition ok","SIRFER Lab at University of Utah","2021-06-03","ElFtGy1kV49xqNP00HfxQA==","CNS","1",4,25,100,,,,,,,,"carbon",37264.79,"microgramsPerLiter","SIRFER_algalPlantChem_isotopes_V1","Revesz & Coplen 2012a","Y",,
"f749b6d6-a757-4467-a891-19a0ddc261f8","D05","CRAM","CRAM.AOS.littoral2","2020-07-15","CRAM.20200715.PHYTOPLANKTON.7.CNSA.1","A00000203421","condition ok","SIRFER Lab at University of Utah","2021-05-17","ElFtGy1kV49xqNP00HfxQA==","CNS","1",200,25,100,,,,,,,,"carbon",570.97,"microgramsPerLiter","SIRFER_algalPlantChem_isotopes_V1","Revesz & Coplen 2012a","N",,
"2168e22d-dfa3-4ed8-b342-be18a14d4fdb","D05","CRAM","CRAM.AOS.riparian.point.01","2020-07-15","CRAM.20200715.EPIXYLON.8.CNSA.1","A00000203485","condition ok","SIRFER Lab at University of Utah","2021-05-17","ElFtGy1kV49xqNP00HfxQA==","CNS","1",4,25,100,,,,,,,,"nitrogen",6138.36,"microgramsPerLiter","SIRFER_algalPlantChem_isotopes_V1","Revesz & Coplen 2012a","N",,
"3046d686-0175-4183-9f37-5255b9fbddc9","D05","CRAM","CRAM.AOS.littoral1","2020-07-15","CRAM.20200715.PHYTOPLANKTON.2.CNSB.1","A00000203406","condition ok","SIRFER Lab at University of Utah","2021-06-03","ElFtGy1kV49xqNP00HfxQA==","CNS","1",200,25,100,,,,,,,,"carbon",396.05,"microgramsPerLiter","SIRFER_algalPlantChem_isotopes_V1","Revesz & Coplen 2012a","Y",,
"cbf343e4-cc02-47e7-9d71-05fae2473f71","D05","CRAM","CRAM.AOS.riparian.point.01","2020-07-15","CRAM.20200715.EPIXYLON.8.CNSA.1","A00000203485","condition ok","SIRFER Lab at University of Utah","2021-05-17","ElFtGy1kV49xqNP00HfxQA==","CNS","1",4,25,100,,,,,,,,"d13C",-27.31,"perMill","SIRFER_algalPlantChem_isotopes_V1","Revesz & Coplen 2012a","N",,
"8879e92e-db9c-4763-a859-8e690139d079","D05","CRAM","CRAM.AOS.littoral2","2020-07-15","CRAM.20200715.PHYTOPLANKTON.7.CNSA.1","A00000203421","condition ok","SIRFER Lab at University of Utah","2021-05-17","ElFtGy1kV49xqNP00HfxQA==","CNS","1",200,25,100,,,,,,,,"nitrogen",51.76,"microgramsPerLiter","SIRFER_algalPlantChem_isotopes_V1","Revesz & Coplen 2012a","N",,
"e5f213f5-1005-454c-928b-7ea9df189908","D05","CRAM","CRAM.AOS.littoral1","2020-07-15","CRAM.20200715.PHYTOPLANKTON.2.CNSA.1","A00000203405","condition ok","SIRFER Lab at University of Utah","2021-05-17","ElFtGy1kV49xqNP00HfxQA==","CNS","1",200,25,100,,,,,,,,"sulfur",4.51,"microgramsPerLiter","SIRFER_algalPlantChem_isotopes_V1","Revesz & Coplen 2012b","N",,
"b7c0f960-aef9-4ef8-9353-930b54425c44","D05","CRAM","CRAM.AOS.riparian.point.01","2020-07-15","CRAM.20200715.EPIXYLON.8.CNSB.1","A00000203486","condition ok","SIRFER Lab at University of Utah","2021-06-03","ElFtGy1kV49xqNP00HfxQA==","CNS","1",4,25,100,,,,,,,,"d13C",-28.46,"perMill","SIRFER_algalPlantChem_isotopes_V1","Revesz & Coplen 2012a","Y",,
"2b37e3c3-f0f9-419f-8868-591f77d777a4","D05","CRAM","CRAM.AOS.buoy.c1","2020-07-15","CRAM.20200715.PHYTOPLANKTON.1.CNSA.1","A00000203398","condition ok","SIRFER Lab at University of Utah","2021-05-17","ElFtGy1kV49xqNP00HfxQA==","CNS","1",200,25,100,,,,,,,,"sulfur",9.51,"microgramsPerLiter","SIRFER_algalPlantChem_isotopes_V1","Revesz & Coplen 2012b","N",,
"2b35ecbf-39bb-466d-8e2b-1239cfeabc83","D05","CRAM","CRAM.AOS.buoy.c1","2020-07-15","CRAM.20200715.PHYTOPLANKTON.1.REP2.CNSA.2","A00000203422","condition ok","SIRFER Lab at University of Utah","2021-07-06","ElFtGy1kV49xqNP00HfxQA==","CNS","1",200,25,100,,,,,,,,"sulfur",26.54,"microgramsPerLiter","SIRFER_algalPlantChem_isotopes_V1","Revesz & Coplen 2012b","N",,
"adf5a7d0-17f9-4452-aaea-701c921bfee8","D05","CRAM","CRAM.AOS.riparian.point.07","2020-07-15","CRAM.20200715.EPIXYLON.4.CNSB.1","A00000203414","condition ok","SIRFER Lab at University of Utah","2021-06-03","ElFtGy1kV49xqNP00HfxQA==","CNS","1",4,25,100,,,,,,,,"d13C",-24.86,"perMill","SIRFER_algalPlantChem_isotopes_V1","Revesz & Coplen 2012a","Y",,
"68351ed1-d05d-4205-ba25-fe84c3c76121","D05","CRAM","CRAM.AOS.riparian.point.07","2020-07-15","CRAM.20200715.EPIXYLON.4.CNSA.1","A00000203415","condition ok","SIRFER Lab at University of Utah","2021-05-17","ElFtGy1kV49xqNP00HfxQA==","CNS","1",4,25,100,,,,,,,,"d15N",-1.78,"perMill","SIRFER_algalPlantChem_isotopes_V1","Revesz & Coplen 2012a","N",,
"caa1e77e-2cdf-4009-bae7-1c27f3e181f1","D05","CRAM","CRAM.AOS.riparian.point.03","2020-07-15","CRAM.20200715.EPIXYLON.6.CNSA.1","A00000203419","condition ok","SIRFER Lab at University of Utah","2021-05-17","ElFtGy1kV49xqNP00HfxQA==","CNS","1",4,25,100,,,,,,,,"d34S",1.14,"perMill","SIRFER_algalPlantChem_isotopes_V1","Revesz & Coplen 2012b","N",,
"4e357449-662b-4184-8324-8ff3b690e88a","D05","CRAM","CRAM.AOS.littoral1","2020-07-15","CRAM.20200715.PHYTOPLANKTON.2.CNSA.1","A00000203405","condition ok","SIRFER Lab at University of Utah","2021-05-17","ElFtGy1kV49xqNP00HfxQA==","CNS","1",200,25,100,,,,,,,,"nitrogen",53.78,"microgramsPerLiter","SIRFER_algalPlantChem_isotopes_V1","Revesz & Coplen 2012a","N",,
"0c6fc839-e225-477d-a511-aa218557058b","D05","CRAM","CRAM.AOS.riparian.point.09","2020-07-15","CRAM.20200715.EPIXYLON.3.CNSA.1","A00000203410","condition ok","SIRFER Lab at University of Utah","2021-05-17","ElFtGy1kV49xqNP00HfxQA==","CNS","1",4,25,100,,,,,,,,"nitrogen",2671.45,"microgramsPerLiter","SIRFER_algalPlantChem_isotopes_V1","Revesz & Coplen 2012a","N",,
"ff91c68d-afc6-43a9-9970-1a89f9749d81","D05","CRAM","CRAM.AOS.riparian.point.09","2020-07-15","CRAM.20200715.EPIXYLON.3.CNSA.1","A00000203410","condition ok","SIRFER Lab at University of Utah","2021-05-17","ElFtGy1kV49xqNP00HfxQA==","CNS","1",4,25,100,,,,,,,,"sulfur",187.90,"microgramsPerLiter","SIRFER_algalPlantChem_isotopes_V1","Revesz & Coplen 2012b","N",,
"aa001529-c48e-4af8-afb7-d01e2b0875ca","D05","CRAM","CRAM.AOS.riparian.point.03","2020-07-15","CRAM.20200715.EPIXYLON.6.CNSB.1","A00000203420","condition ok","SIRFER Lab at University of Utah","2021-06-03","ElFtGy1kV49xqNP00HfxQA==","CNS","1",4,25,100,,,,,,,,"carbon",139947.63,"microgramsPerLiter","SIRFER_algalPlantChem_isotopes_V1","Revesz & Coplen 2012a","Y",,
"46e27bd7-766e-467b-be2e-60bb33debfb7","D05","CRAM","CRAM.AOS.riparian.point.01","2020-07-15","CRAM.20200715.EPIXYLON.8.CNSA.1","A00000203485","condition ok","SIRFER Lab at University of Utah","2021-05-17","ElFtGy1kV49xqNP00HfxQA==","CNS","1",4,25,100,,,,,,,,"sulfur",462.75,"microgramsPerLiter","SIRFER_algalPlantChem_isotopes_V1","Revesz & Coplen 2012b","N",,
"42ef70ed-a72f-4469-8905-4885af0cfb42","D05","CRAM","CRAM.AOS.riparian.point.07","2020-07-15","CRAM.20200715.EPIXYLON.4.CNSB.1","A00000203414","condition ok","SIRFER Lab at University of Utah","2021-06-03","ElFtGy1kV49xqNP00HfxQA==","CNS","1",4,25,100,,,,,,,,"carbon",72846.12,"microgramsPerLiter","SIRFER_algalPlantChem_isotopes_V1","Revesz & Coplen 2012a","Y",,
"71a01759-5ce5-43dd-983e-403ead4422a8","D05","CRAM","CRAM.AOS.littoral2","2020-07-15","CRAM.20200715.PHYTOPLANKTON.7.CNSA.1","A00000203421","condition ok","SIRFER Lab at University of Utah","2021-05-17","ElFtGy1kV49xqNP00HfxQA==","CNS","1",200,25,100,,,,,,,,"d15N",-2.33,"perMill","SIRFER_algalPlantChem_isotopes_V1","Revesz & Coplen 2012a","N",,
"fa52233d-8096-49c9-93ae-b4e7cc4aaeff","D05","CRAM","CRAM.AOS.littoral2","2020-07-15","CRAM.20200715.PHYTOPLANKTON.7.CNSA.1","A00000203421","condition ok","SIRFER Lab at University of Utah","2021-05-17","ElFtGy1kV49xqNP00HfxQA==","CNS","1",200,25,100,,,,,,,,"d34S",3.98,"perMill","SIRFER_algalPlantChem_isotopes_V1","Revesz & Coplen 2012b","N",,
"15ae2777-d8ab-4cd5-a5ea-da5cacc23289","D05","CRAM","CRAM.AOS.buoy.c1","2020-07-15","CRAM.20200715.PHYTOPLANKTON.1.CNSA.1","A00000203398","condition ok","SIRFER Lab at University of Utah","2021-05-17","ElFtGy1kV49xqNP00HfxQA==","CNS","1",200,25,100,,,,,,,,"nitrogen",79.29,"microgramsPerLiter","SIRFER_algalPlantChem_isotopes_V1","Revesz & Coplen 2012a","N",,
"44c7bbe2-b4c8-475c-a816-bb7374beaec7","D05","CRAM","CRAM.AOS.littoral2","2020-07-15","CRAM.20200715.PHYTOPLANKTON.7.CNSB.1","A00000203408","condition ok","SIRFER Lab at University of Utah","2021-06-03","ElFtGy1kV49xqNP00HfxQA==","CNS","1",200,25,100,,,,,,,,"carbon",393.90,"microgramsPerLiter","SIRFER_algalPlantChem_isotopes_V1","Revesz & Coplen 2012a","Y",,
"d8136900-e64e-4ae7-93cd-d3ffd343e216","D05","CRAM","CRAM.AOS.littoral2","2020-07-15","CRAM.20200715.PHYTOPLANKTON.7.CNSB.1","A00000203408","condition ok","SIRFER Lab at University of Utah","2021-06-03","ElFtGy1kV49xqNP00HfxQA==","CNS","1",200,25,100,,,,,,,,"d13C",-29.28,"perMill","SIRFER_algalPlantChem_isotopes_V1","Revesz & Coplen 2012a","Y",,
"c3e0cdba-e858-4697-ab51-2c8da89314f3","D05","CRAM","CRAM.AOS.riparian.point.07","2020-07-15","CRAM.20200715.EPIXYLON.4.CNSA.1","A00000203415","condition ok","SIRFER Lab at University of Utah","2021-05-17","ElFtGy1kV49xqNP00HfxQA==","CNS","1",4,25,100,,,,,,,,"d13C",-24.61,"perMill","SIRFER_algalPlantChem_isotopes_V1","Revesz & Coplen 2012a","N",,
"335ce9c0-deba-48a7-99a2-b6d79d39380e","D05","CRAM","CRAM.AOS.buoy.c1","2020-07-15","CRAM.20200715.PHYTOPLANKTON.1.REP2.CNSA.2","A00000203422","condition ok","SIRFER Lab at University of Utah","2021-07-06","ElFtGy1kV49xqNP00HfxQA==","CNS","1",200,25,100,,,,,,,,"d34S",-2.51,"perMill","SIRFER_algalPlantChem_isotopes_V1","Revesz & Coplen 2012b","N",,
"0713f2c7-9d20-4f3a-8eb7-bcf75f30f91b","D05","CRAM","CRAM.AOS.buoy.c1","2020-07-15","CRAM.20200715.PHYTOPLANKTON.1.REP2.CNSA.2","A00000203422","condition ok","SIRFER Lab at University of Utah","2021-07-06","ElFtGy1kV49xqNP00HfxQA==","CNS","1",200,25,100,,,,,,,,"d13C",-31.69,"perMill","SIRFER_algalPlantChem_isotopes_V1","Revesz & Coplen 2012a","N",,
"b77ed9fc-bab5-4020-ae96-5c7af75fa5e0","D05","CRAM","CRAM.AOS.littoral2","2020-07-15","CRAM.20200715.PHYTOPLANKTON.7.CNSA.1","A00000203421","condition ok","SIRFER Lab at University of Utah","2021-05-17","ElFtGy1kV49xqNP00HfxQA==","CNS","1",200,25,100,,,,,,,,"d13C",-28.87,"perMill","SIRFER_algalPlantChem_isotopes_V1","Revesz & Coplen 2012a","N",,
"718ba160-08c4-4e48-a2d1-4ba8318885d8","D05","CRAM","CRAM.AOS.buoy.c1","2020-07-15","CRAM.20200715.PHYTOPLANKTON.1.CNSA.1","A00000203398","condition ok","SIRFER Lab at University of Utah","2021-05-17","ElFtGy1kV49xqNP00HfxQA==","CNS","1",200,25,100,,,,,,,,"d34S",-0.17,"perMill","SIRFER_algalPlantChem_isotopes_V1","Revesz & Coplen 2012b","N",,
"ba1301c4-dc19-41c6-b8a0-13a4d2fdf3b8","D05","CRAM","CRAM.AOS.riparian.point.03","2020-07-15","CRAM.20200715.EPIXYLON.6.CNSB.1","A00000203420","condition ok","SIRFER Lab at University of Utah","2021-06-03","ElFtGy1kV49xqNP00HfxQA==","CNS","1",4,25,100,,,,,,,,"d13C",-28.27,"perMill","SIRFER_algalPlantChem_isotopes_V1","Revesz & Coplen 2012a","Y",,
"60e540b4-65ff-41aa-a6d6-058a5bfa4f56","D05","CRAM","CRAM.AOS.buoy.c1","2020-07-15","CRAM.20200715.PHYTOPLANKTON.1.CNSA.1","A00000203398","condition ok","SIRFER Lab at University of Utah","2021-05-17","ElFtGy1kV49xqNP00HfxQA==","CNS","1",200,25,100,,,,,,,,"d15N",-2.94,"perMill","SIRFER_algalPlantChem_isotopes_V1","Revesz & Coplen 2012a","N",,
"3bc51c27-a09a-4f3c-8cb4-3fef46dc3d57","D05","CRAM","CRAM.AOS.buoy.c1","2020-07-15","CRAM.20200715.PHYTOPLANKTON.1.CNSA.1","A00000203398","condition ok","SIRFER Lab at University of Utah","2021-05-17","ElFtGy1kV49xqNP00HfxQA==","CNS","1",200,25,100,,,,,,,,"d13C",-31.94,"perMill","SIRFER_algalPlantChem_isotopes_V1","Revesz & Coplen 2012a","N",,
"33fd1448-5314-4cd1-9faf-291b32c9afb8","D05","CRAM","CRAM.AOS.littoral1","2020-07-15","CRAM.20200715.PHYTOPLANKTON.2.CNSA.1","A00000203405","condition ok","SIRFER Lab at University of Utah","2021-05-17","ElFtGy1kV49xqNP00HfxQA==","CNS","1",200,25,100,,,,,,,,"carbon",555.50,"microgramsPerLiter","SIRFER_algalPlantChem_isotopes_V1","Revesz & Coplen 2012a","N",,
"0d50ffca-2751-4e2d-bf2a-091e92cf191c","D05","CRAM","CRAM.AOS.riparian.point.05","2020-07-15","CRAM.20200715.EPIXYLON.5.CNSA.1","A00000203416","condition ok","SIRFER Lab at University of Utah","2021-05-17","ElFtGy1kV49xqNP00HfxQA==","CNS","1",4,25,100,,,,,,,,"nitrogen",8661.75,"microgramsPerLiter","SIRFER_algalPlantChem_isotopes_V1","Revesz & Coplen 2012a","N",,
"b21c83cb-ff43-4766-8d07-bf1a891c5eb1","D05","CRAM","CRAM.AOS.riparian.point.03","2020-07-15","CRAM.20200715.EPIXYLON.6.CNSA.1","A00000203419","condition ok","SIRFER Lab at University of Utah","2021-05-17","ElFtGy1kV49xqNP00HfxQA==","CNS","1",4,25,100,,,,,,,,"d13C",-28.48,"perMill","SIRFER_algalPlantChem_isotopes_V1","Revesz & Coplen 2012a","N",,
"096bea1d-5a3f-4f04-8fc3-9c4cd2a7a005","D05","CRAM","CRAM.AOS.riparian.point.03","2020-07-15","CRAM.20200715.EPIXYLON.6.CNSA.1","A00000203419","condition ok","SIRFER Lab at University of Utah","2021-05-17","ElFtGy1kV49xqNP00HfxQA==","CNS","1",4,25,100,,,,,,,,"nitrogen",7442.58,"microgramsPerLiter","SIRFER_algalPlantChem_isotopes_V1","Revesz & Coplen 2012a","N",,
"3eeb264b-d838-41e8-bbda-c83b081d1d70","D05","CRAM","CRAM.AOS.buoy.c1","2020-07-15","CRAM.20200715.PHYTOPLANKTON.1.REP2.CNSB.2","A00000203423","condition ok","SIRFER Lab at University of Utah","2021-08-03","ElFtGy1kV49xqNP00HfxQA==","CNS","1",200,25,100,,,,,,,,"carbon",766.81,"microgramsPerLiter","SIRFER_algalPlantChem_isotopes_V1","Revesz & Coplen 2012a","Y",,
"5d3c7773-ebd7-4e40-872f-7f279ef2c829","D05","CRAM","CRAM.AOS.buoy.c1","2020-07-15","CRAM.20200715.PHYTOPLANKTON.1.CNSA.1","A00000203398","condition ok","SIRFER Lab at University of Utah","2021-05-17","ElFtGy1kV49xqNP00HfxQA==","CNS","1",200,25,100,,,,,,,,"carbon",995.90,"microgramsPerLiter","SIRFER_algalPlantChem_isotopes_V1","Revesz & Coplen 2012a","N",,
"37c7bb63-d3b6-4478-a7e3-2762d14e3f6c","D05","CRAM","CRAM.AOS.riparian.point.01","2020-07-15","CRAM.20200715.EPIXYLON.8.CNSA.1","A00000203485","condition ok","SIRFER Lab at University of Utah","2021-05-17","ElFtGy1kV49xqNP00HfxQA==","CNS","1",4,25,100,,,,,,,,"carbon",72700.32,"microgramsPerLiter","SIRFER_algalPlantChem_isotopes_V1","Revesz & Coplen 2012a","N",,
"99c52321-61ba-417d-b455-f6db756179a2","D05","CRAM","CRAM.AOS.riparian.point.07","2020-07-15","CRAM.20200715.EPIXYLON.4.CNSA.1","A00000203415","condition ok","SIRFER Lab at University of Utah","2021-05-17","ElFtGy1kV49xqNP00HfxQA==","CNS","1",4,25,100,,,,,,,,"d34S",2.24,"perMill","SIRFER_algalPlantChem_isotopes_V1","Revesz & Coplen 2012b","N",,
"eea8b0bc-b78a-4cd2-965f-fd6144441c05","D05","CRAM","CRAM.AOS.riparian.point.09","2020-07-15","CRAM.20200715.EPIXYLON.3.CNSA.1","A00000203410","condition ok","SIRFER Lab at University of Utah","2021-05-17","ElFtGy1kV49xqNP00HfxQA==","CNS","1",4,25,100,,,,,,,,"d15N",-0.72,"perMill","SIRFER_algalPlantChem_isotopes_V1","Revesz & Coplen 2012a","N",,
"91068104-7fa7-4924-aec1-6c9fe905184b","D05","CRAM","CRAM.AOS.riparian.point.05","2020-07-15","CRAM.20200715.EPIXYLON.5.CHL/PHEO.1","B00000062001","condition ok","Great Lakes Environmental Center, Inc.","2020-07-29","4CajRO/thb0=","chlorophyll/pheophytin","1",4,25,100,1,7,421.1957,,,0.7190,0.2350,"pheophytin",666.62,"microgramsPerLiter","GLEC_algalChlorophyll_V1","APHA 10200H",,"Samples exceeded 7-day hold-time at Domain 5 by 1 day but are within 14 day hold-time for anaylsis.",
"2c4625ae-1a1c-4286-98ac-c9eb6238525d","D05","CRAM","CRAM.AOS.riparian.point.09","2020-07-15","CRAM.20200715.EPIXYLON.3.CHL/PHEO.1","B00000062003","condition ok","Great Lakes Environmental Center, Inc.","2020-07-29","4CajRO/thb0=","chlorophyll/pheophytin","1",4,25,100,1,7,421.1957,,,0.3320,0.1350,"chlorophyll a",172.62,"microgramsPerLiter","GLEC_algalChlorophyll_V1","APHA 10200H",,"Samples exceeded 7-day hold-time at Domain 5 by 1 day but are within 14 day hold-time for anaylsis.",
"10d9fc6b-b239-4f9c-a4e3-f99588f8232f","D05","CRAM","CRAM.AOS.buoy.c1","2020-07-15","CRAM.20200715.PHYTOPLANKTON.1.REP2.CHL/PHEO.2","B00000062000","condition ok","Great Lakes Environmental Center, Inc.","2020-07-29","4CajRO/thb0=","chlorophyll/pheophytin","2",200,25,100,1,7,421.1957,,,0.2490,0.1850,"chlorophyll a",1.12,"microgramsPerLiter","GLEC_algalChlorophyll_V1","APHA 10200H",,"Samples exceeded 7-day hold-time at Domain 5 by 1 day but are within 14 day hold-time for anaylsis.",
"7551b5b7-d210-4bd7-81fc-46276e128778","D05","CRAM","CRAM.AOS.buoy.c1","2020-07-15","CRAM.20200715.PHYTOPLANKTON.1.CHL/PHEO.1","B00000061073","condition ok","Great Lakes Environmental Center, Inc.","2020-07-29","4CajRO/thb0=","chlorophyll/pheophytin","1",200,25,100,1,7,421.1957,,,0.2450,0.1820,"chlorophyll a",1.10,"microgramsPerLiter","GLEC_algalChlorophyll_V1","APHA 10200H",,"Samples exceeded 7-day hold-time at Domain 5 by 1 day but are within 14 day hold-time for anaylsis.",
"5f520501-9355-4a56-a563-8c9f5d71d927","D05","CRAM","CRAM.AOS.littoral2","2020-07-15","CRAM.20200715.PHYTOPLANKTON.7.CHL/PHEO.1","B00000062004","condition ok","Great Lakes Environmental Center, Inc.","2020-07-29","4CajRO/thb0=","chlorophyll/pheophytin","1",200,25,100,1,7,421.1957,,,0.2450,0.0870,"pheophytin",5.31,"microgramsPerLiter","GLEC_algalChlorophyll_V1","APHA 10200H",,"Samples exceeded 7-day hold-time at Domain 5 by 1 day but are within 14 day hold-time for anaylsis.",
"3e839908-d17e-4132-86b1-fb0713d05b40","D05","CRAM","CRAM.AOS.littoral1","2020-07-15","CRAM.20200715.PHYTOPLANKTON.2.CHL/PHEO.1","B00000061072","condition ok","Great Lakes Environmental Center, Inc.","2020-07-29","4CajRO/thb0=","chlorophyll/pheophytin","1",200,25,100,1,7,421.1957,,,0.2470,0.0890,"pheophytin",5.49,"microgramsPerLiter","GLEC_algalChlorophyll_V1","APHA 10200H",,"Samples exceeded 7-day hold-time at Domain 5 by 1 day but are within 14 day hold-time for anaylsis.",
"9cc251cb-0dc6-436e-bb46-55d809bce66d","D05","CRAM","CRAM.AOS.riparian.point.03","2020-07-15","CRAM.20200715.EPIXYLON.6.CHL/PHEO.1","B00000061999","condition ok","Great Lakes Environmental Center, Inc.","2020-07-29","4CajRO/thb0=","chlorophyll/pheophytin","1",4,25,100,1,7,421.1957,,,0.2770,0.0960,"pheophytin",286.97,"microgramsPerLiter","GLEC_algalChlorophyll_V1","APHA 10200H",,"Samples exceeded 7-day hold-time at Domain 5 by 1 day but are within 14 day hold-time for anaylsis.",
"59ff4d32-369d-4d3c-a8a4-3f72c18a765c","D05","CRAM","CRAM.AOS.riparian.point.03","2020-07-15","CRAM.20200715.EPIXYLON.6.CHL/PHEO.1","B00000061999","condition ok","Great Lakes Environmental Center, Inc.","2020-07-29","4CajRO/thb0=","chlorophyll/pheophytin","1",4,25,100,1,7,421.1957,,,0.2770,0.0960,"chlorophyll a",158.60,"microgramsPerLiter","GLEC_algalChlorophyll_V1","APHA 10200H",,"Samples exceeded 7-day hold-time at Domain 5 by 1 day but are within 14 day hold-time for anaylsis.",
"81503ff5-6f27-425b-aca7-7f2711c09565","D05","CRAM","CRAM.AOS.buoy.c1","2020-07-15","CRAM.20200715.PHYTOPLANKTON.1.CHL/PHEO.1","B00000061073","condition ok","Great Lakes Environmental Center, Inc.","2020-07-29","4CajRO/thb0=","chlorophyll/pheophytin","1",200,25,100,1,7,421.1957,,,0.2450,0.1820,"pheophytin",15.79,"microgramsPerLiter","GLEC_algalChlorophyll_V1","APHA 10200H",,"Samples exceeded 7-day hold-time at Domain 5 by 1 day but are within 14 day hold-time for anaylsis.",
"1c8b317e-b934-41e4-ba82-e6dbb382fe07","D05","CRAM","CRAM.AOS.riparian.point.01","2020-07-15","CRAM.20200715.EPIXYLON.8.CHL/PHEO.1","B00000061998","condition ok","Great Lakes Environmental Center, Inc.","2020-07-29","4CajRO/thb0=","chlorophyll/pheophytin","1",4,25,100,1,7,421.1957,,,0.1070,0.0850,"chlorophyll a",19.28,"microgramsPerLiter","GLEC_algalChlorophyll_V1","APHA 10200H",,"Samples exceeded 7-day hold-time at Domain 5 by 1 day but are within 14 day hold-time for anaylsis.",
"3fcae2eb-8c09-45b4-aef0-bc4c57b2d5dc","D05","CRAM","CRAM.AOS.riparian.point.09","2020-07-15","CRAM.20200715.EPIXYLON.3.CHL/PHEO.1","B00000062003","condition ok","Great Lakes Environmental Center, Inc.","2020-07-29","4CajRO/thb0=","chlorophyll/pheophytin","1",4,25,100,1,7,421.1957,,,0.3320,0.1350,"pheophytin",453.97,"microgramsPerLiter","GLEC_algalChlorophyll_V1","APHA 10200H",,"Samples exceeded 7-day hold-time at Domain 5 by 1 day but are within 14 day hold-time for anaylsis.",
"0a31c0d9-ee0d-473c-8087-799b5090bb78","D05","CRAM","CRAM.AOS.riparian.point.05","2020-07-15","CRAM.20200715.EPIXYLON.5.CHL/PHEO.1","B00000062001","condition ok","Great Lakes Environmental Center, Inc.","2020-07-29","4CajRO/thb0=","chlorophyll/pheophytin","1",4,25,100,1,7,421.1957,,,0.7190,0.2350,"chlorophyll a",424.10,"microgramsPerLiter","GLEC_algalChlorophyll_V1","APHA 10200H",,"Samples exceeded 7-day hold-time at Domain 5 by 1 day but are within 14 day hold-time for anaylsis.",
"5fbf08c7-5423-4b92-8880-504c28c3cf68","D05","CRAM","CRAM.AOS.littoral2","2020-07-15","CRAM.20200715.PHYTOPLANKTON.7.CHL/PHEO.1","B00000062004","condition ok","Great Lakes Environmental Center, Inc.","2020-07-29","4CajRO/thb0=","chlorophyll/pheophytin","1",200,25,100,1,7,421.1957,,,0.2450,0.0870,"chlorophyll a",2.77,"microgramsPerLiter","GLEC_algalChlorophyll_V1","APHA 10200H",,"Samples exceeded 7-day hold-time at Domain 5 by 1 day but are within 14 day hold-time for anaylsis.",
"096ee037-dc63-4d11-be6b-4bb7ef4e2b44","D05","CRAM","CRAM.AOS.riparian.point.07","2020-07-15","CRAM.20200715.EPIXYLON.4.CHL/PHEO.1","B00000062002","condition ok","Great Lakes Environmental Center, Inc.","2020-07-29","4CajRO/thb0=","chlorophyll/pheophytin","1",4,25,100,1,7,421.1957,,,0.4930,0.1600,"chlorophyll a",291.79,"microgramsPerLiter","GLEC_algalChlorophyll_V1","APHA 10200H",,"Samples exceeded 7-day hold-time at Domain 5 by 1 day but are within 14 day hold-time for anaylsis.",
"f408a112-d93f-4599-a2b0-64c0e50ec7a6","D05","CRAM","CRAM.AOS.littoral1","2020-07-15","CRAM.20200715.PHYTOPLANKTON.2.CHL/PHEO.1","B00000061072","condition ok","Great Lakes Environmental Center, Inc.","2020-07-29","4CajRO/thb0=","chlorophyll/pheophytin","1",200,25,100,1,7,421.1957,,,0.2470,0.0890,"chlorophyll a",2.77,"microgramsPerLiter","GLEC_algalChlorophyll_V1","APHA 10200H",,"Samples exceeded 7-day hold-time at Domain 5 by 1 day but are within 14 day hold-time for anaylsis.",
"ad8ae943-9169-485a-96ed-fe2ef1099737","D05","CRAM","CRAM.AOS.riparian.point.01","2020-07-15","CRAM.20200715.EPIXYLON.8.CHL/PHEO.1","B00000061998","condition ok","Great Lakes Environmental Center, Inc.","2020-07-29","4CajRO/thb0=","chlorophyll/pheophytin","1",4,25,100,1,7,421.1957,,,0.1070,0.0850,"pheophytin",375.24,"microgramsPerLiter","GLEC_algalChlorophyll_V1","APHA 10200H",,"Samples exceeded 7-day hold-time at Domain 5 by 1 day but are within 14 day hold-time for anaylsis.",
"f5927fb8-935d-46a1-848f-7189112154e1","D05","CRAM","CRAM.AOS.buoy.c1","2020-07-15","CRAM.20200715.PHYTOPLANKTON.1.REP2.CHL/PHEO.2","B00000062000","condition ok","Great Lakes Environmental Center, Inc.","2020-07-29","4CajRO/thb0=","chlorophyll/pheophytin","2",200,25,100,1,7,421.1957,,,0.2490,0.1850,"pheophytin",16.05,"microgramsPerLiter","GLEC_algalChlorophyll_V1","APHA 10200H",,"Samples exceeded 7-day hold-time at Domain 5 by 1 day but are within 14 day hold-time for anaylsis.",
"fb6554d0-c6bb-4934-a8a5-c01d065f23db","D05","CRAM","CRAM.AOS.riparian.point.07","2020-07-15","CRAM.20200715.EPIXYLON.4.CHL/PHEO.1","B00000062002","condition ok","Great Lakes Environmental Center, Inc.","2020-07-29","4CajRO/thb0=","chlorophyll/pheophytin","1",4,25,100,1,7,421.1957,,,0.4930,0.1600,"pheophytin",450.83,"microgramsPerLiter","GLEC_algalChlorophyll_V1","APHA 10200H",,"Samples exceeded 7-day hold-time at Domain 5 by 1 day but are within 14 day hold-time for anaylsis.",
