uid,domainID,siteID,namedLocation,sampleID,sampleCode,startDate,collectDate,laboratoryName,analyte,analyteConcentration,analyteUnits,coolerTemp,remarks,shipmentWarmQF,externalLabDataQF,sampleCondition
"669aba2e-9168-4b12-b671-2a7a5c97348e","D05","CRAM","CRAM.AOS.buoy.c0","CRAM.C0.20210301.FIL","A00000205136","2021-03-01T17:30Z","2021-03-01T17:30Z","EcoCore_CSU","HCO3",4.4044,"milligramsPerLiter",0.8,,0,,"OK"
"670acd26-030e-44ab-9b89-c3933b505ced","D05","CRAM","CRAM.AOS.buoy.c0","CRAM.C0.20210301.FIL","A00000205136","2021-03-01T17:30Z","2021-03-01T17:30Z","EcoCore_CSU","CO3",0.0050,"milligramsPerLiter",0.8,,0,,"OK"
"04e048e4-7603-49e8-a3ea-9b387ffb32d1","D05","CRAM","CRAM.AOS.buoy.c0","CRAM.C0.20210301.FIL","A00000205136","2021-03-01T17:30Z","2021-03-01T17:30Z","EcoCore_CSU","Cl",0.4779,"milligramsPerLiter",0.8,,0,,"OK"
"c6d574df-83d1-4514-b680-45a53ae1fa0a","D05","CRAM","CRAM.AOS.buoy.c0","CRAM.C0.20210301.FIL","A00000205136","2021-03-01T17:30Z","2021-03-01T17:30Z","EcoCore_CSU","Br",0.0050,"milligramsPerLiter",0.8,,0,,"OK"
"3b9280a7-80ec-4e92-9965-56b4b43ef105","D05","CRAM","CRAM.AOS.buoy.c0","CRAM.C0.20210301.FIL","A00000205136","2021-03-01T17:30Z","2021-03-01T17:30Z","EcoCore_CSU","F",0.0726,"milligramsPerLiter",0.8,,0,,"OK"
"9240cd36-92a4-4994-a850-631e33b4f39b","D05","CRAM","CRAM.AOS.buoy.c0","CRAM.C0.20210301.FIL","A00000205136","2021-03-01T17:30Z","2021-03-01T17:30Z","EcoCore_CSU","SO4",0.1944,"milligramsPerLiter",0.8,,0,,"OK"
"2508230a-54e4-4415-ad91-354b4a1dfa56","D05","CRAM","CRAM.AOS.buoy.c0","CRAM.C0.20210301.FIL","A00000205136","2021-03-01T17:30Z","2021-03-01T17:30Z","EcoCore_CSU","Ca",1.1570,"milligramsPerLiter",0.8,,0,,"OK"
"caf9c2aa-961b-4826-8bd5-f99b5b7cbe46","D05","CRAM","CRAM.AOS.buoy.c0","CRAM.C0.20210301.FIL","A00000205136","2021-03-01T17:30Z","2021-03-01T17:30Z","EcoCore_CSU","Na",0.3630,"milligramsPerLiter",0.8,,0,,"OK"
"50994a31-9874-42ba-9faa-cb1cd5f25a5a","D05","CRAM","CRAM.AOS.buoy.c0","CRAM.C0.20210301.FIL","A00000205136","2021-03-01T17:30Z","2021-03-01T17:30Z","EcoCore_CSU","Mg",0.5000,"milligramsPerLiter",0.8,,0,,"OK"
"43f640e5-f295-402b-bf75-e9538cba298b","D05","CRAM","CRAM.AOS.buoy.c0","CRAM.C0.20210301.FIL","A00000205136","2021-03-01T17:30Z","2021-03-01T17:30Z","EcoCore_CSU","Fe",0.0430,"milligramsPerLiter",0.8,,0,,"OK"
"f9f527d3-96dc-4aaf-b6f2-8151c3beec05","D05","CRAM","CRAM.AOS.buoy.c0","CRAM.C0.20210301.FIL","A00000205136","2021-03-01T17:30Z","2021-03-01T17:30Z","EcoCore_CSU","Mn",0.0070,"milligramsPerLiter",0.8,,0,,"OK"
"cba4ec5e-9020-45f7-a4fc-ead4b5101881","D05","CRAM","CRAM.AOS.buoy.c0","CRAM.C0.20210301.FIL","A00000205136","2021-03-01T17:30Z","2021-03-01T17:30Z","EcoCore_CSU","K",0.3500,"milligramsPerLiter",0.8,,0,,"OK"
"64f072e5-3e63-4608-a40d-ed9330f5329e","D05","CRAM","CRAM.AOS.buoy.c0","CRAM.C0.20210301.FIL","A00000205136","2021-03-01T17:30Z","2021-03-01T17:30Z","EcoCore_CSU","Si",0.1470,"milligramsPerLiter",0.8,,0,,"OK"
"b8ec975c-a15e-46a6-9daf-3071afbbf4bf","D05","CRAM","CRAM.AOS.buoy.c0","CRAM.C0.20210301.RAW","A00000205154","2021-03-01T17:30Z","2021-03-01T17:30Z","EcoCore_CSU","pH",7.3000,"pH",0.8,,0,,"OK"
"8d5dd9a6-a36b-418f-aa69-cc3635952883","D05","CRAM","CRAM.AOS.buoy.c0","CRAM.C0.20210301.RAW","A00000205154","2021-03-01T17:30Z","2021-03-01T17:30Z","EcoCore_CSU","TSS",8.0000,"milligramsPerLiter",0.8,"TSS vol in ml = 100",0,,"OK"
"35b4b715-30fc-4cad-b65a-08b311807f4f","D05","CRAM","CRAM.AOS.buoy.c0","CRAM.C0.20210301.FIL","A00000205136","2021-03-01T17:30Z","2021-03-01T17:30Z","EcoCore_CSU","UV Absorbance (254 nm)",0.1199,,0.8,,0,,"OK"
"8f4c2bea-0c77-4cd6-93b5-b5ae16710151","D05","CRAM","CRAM.AOS.buoy.c0","CRAM.C0.20210301.FIL","A00000205136","2021-03-01T17:30Z","2021-03-01T17:30Z","EcoCore_CSU","UV Absorbance (280 nm)",0.0865,,0.8,,0,,"OK"
"2a92bb84-adf1-4f69-9890-e862a16c84cc","D05","CRAM","CRAM.AOS.buoy.c0","CRAM.C0.20210301.FIL","A00000205136","2021-03-01T17:30Z","2021-03-01T17:30Z","EcoCore_CSU","DIC",1.1560,"milligramsPerLiter",0.8,,0,,"OK"
"b0b76a91-7e99-47ca-9860-9f84dfaf94f5","D05","CRAM","CRAM.AOS.buoy.c0","CRAM.C0.20210301.FIL","A00000205136","2021-03-01T17:30Z","2021-03-01T17:30Z","EcoCore_CSU","TDN",0.2894,"milligramsPerLiter",0.8,,0,,"OK"
"02c64014-3882-4b09-8ead-61d0e972d8ea","D05","CRAM","CRAM.AOS.buoy.c0","CRAM.C0.20210301.FIL","A00000205136","2021-03-01T17:30Z","2021-03-01T17:30Z","EcoCore_CSU","DOC",4.6470,"milligramsPerLiter",0.8,,0,,"OK"
"e6d7fd8c-c018-4b6e-939d-56eb2f3e8c06","D05","CRAM","CRAM.AOS.buoy.c0","CRAM.C0.20210301.RAW","A00000205154","2021-03-01T17:30Z","2021-03-01T17:30Z","EcoCore_CSU","TN",0.3755,"milligramsPerLiter",0.8,,0,,"OK"
"13128750-69e6-411a-a2ba-0b76b08e421b","D05","CRAM","CRAM.AOS.buoy.c0","CRAM.C0.20210301.RAW","A00000205154","2021-03-01T17:30Z","2021-03-01T17:30Z","EcoCore_CSU","TOC",5.4250,"milligramsPerLiter",0.8,,0,,"OK"
