uid,domainID,siteID,namedLocation,date,eventID,sampleDepth,waterTemp,specificConductance,dissolvedOxygen,dissolvedOxygenSaturation,dataQF
"8a73ff60-1e67-4292-b6c1-be0943e87135","D03","BARC","BARC.AOS.buoy.c0","2015-06-24T16:00Z","BARC.c0.20150624",4.5,31.2,58.3,4.9,65.0,
"930d62b4-f8b5-4cc9-8568-b630fd4da80a","D03","BARC","BARC.AOS.buoy.c0","2015-06-24T16:00Z","BARC.c0.20150624",1.5,31.3,58.0,5.3,73.0,
"47f77033-6246-48af-9f8f-0c7fbd8d6d4f","D03","BARC","BARC.AOS.buoy.c0","2015-06-24T16:00Z","BARC.c0.20150624",3.5,31.2,58.5,5.5,74.0,
"7a92415e-92d4-4ab9-84f3-a88f4d4a1da9","D03","BARC","BARC.AOS.buoy.c0","2015-06-24T16:00Z","BARC.c0.20150624",1.0,31.3,57.7,5.3,72.0,
"20093ad7-ed39-463c-b528-19bbe796f46e","D03","BARC","BARC.AOS.buoy.c0","2015-06-24T16:00Z","BARC.c0.20150624",0.5,31.2,57.8,5.4,72.0,
"4afc1e51-30ad-4094-a0d9-ef829c1d758d","D03","BARC","BARC.AOS.buoy.c0","2015-06-24T16:00Z","BARC.c0.20150624",2.5,31.3,58.2,5.4,73.0,
"9842b359-fc71-45aa-8993-598006bd6e4b","D03","BARC","BARC.AOS.buoy.c0","2015-06-24T16:00Z","BARC.c0.20150624",2.0,31.3,58.1,5.6,76.0,
"93413c70-d127-411a-b850-96266c9377da","D03","BARC","BARC.AOS.buoy.c0","2015-06-24T16:00Z","BARC.c0.20150624",3.0,31.3,58.3,5.5,74.0,
"809cb96b-0a26-477f-a331-cc3c0e07df24","D03","BARC","BARC.AOS.buoy.c0","2015-06-24T16:00Z","BARC.c0.20150624",4.0,31.2,58.2,4.7,62.0,
