uid,domainID,siteID,namedLocation,aquaticSiteType,decimalLatitude,decimalLongitude,coordinateUncertainty,elevation,elevationUncertainty,geodeticDatum,collectDate,eventID,parentSampleID,parentSampleCode,samplingImpractical,biophysicalCriteria,affectedByWind,habitatType,algalSampleType,benthicArea,samplingProtocolVersion,phytoDepth1,phytoDepth2,phytoDepth3,substratumSizeClass,remarks,recordedBy,collectedBy,dataQF
"49298e8c-8c5f-475a-8aeb-1a34cd3bc197","D03","BARC","BARC.AOS.buoy.c0","lake",29.675982,-82.008414,10.0,27.0,10.0,"WGS84","2020-02-18T13:28Z","BARC.20200218","BARC.20200218.PHYTOPLANKTON.1",,,"OK - no known exceptions","N","pelagic","phytoplankton",,"NEON.DOC.003045vE",0.5,2.8,5.5,,,"0000-0001-6607-7236","0000-0002-7940-8177",
"7e508e6c-8212-42b1-93bc-f7720ec839a4","D03","BARC","BARC.AOS.littoral2","lake",29.674748,-82.008401,1.1,27.1,1.0,"WGS84","2020-02-18T13:28Z","BARC.20200218","BARC.20200218.PHYTOPLANKTON.3",,,"OK - no known exceptions","N","pelagic","phytoplankton",,"NEON.DOC.003045vE",0.5,3.0,,,,"0000-0001-6607-7236","0000-0002-7940-8177",
"b5258c16-5cd7-4a89-b4b2-ed32ebf9163c","D03","BARC","BARC.AOS.littoral1","lake",29.677479,-82.007710,1.1,26.0,1.0,"WGS84","2020-02-18T13:28Z","BARC.20200218","BARC.20200218.PHYTOPLANKTON.2",,,"OK - no known exceptions","N","pelagic","phytoplankton",,"NEON.DOC.003045vE",0.5,3.5,,,,"0000-0001-6607-7236","0000-0002-7940-8177",
"8401603e-df77-438a-87eb-a105d352deed","D03","BARC","BARC.AOS.riparian.point.06","lake",29.674507,-82.008596,5.0,26.6,5.0,"WGS84","2020-02-18T13:28Z","BARC.20200218","BARC.20200218.EPIPHYTON.6",,,"OK - no known exceptions",,"littoral","epiphyton",0.010000,"NEON.DOC.003045vE",,,,,,"0000-0001-6607-7236","0000-0002-7940-8177",
"1c20a793-c2e1-40c5-9de9-4c4649ccc458","D03","BARC","BARC.AOS.riparian.point.08","lake",29.675584,-82.010729,5.0,25.1,5.0,"WGS84","2020-02-18T13:28Z","BARC.20200218","BARC.20200218.EPIPHYTON.8",,,"OK - no known exceptions",,"littoral","epiphyton",0.010000,"NEON.DOC.003045vE",,,,,,"0000-0001-6607-7236","0000-0002-7940-8177",
"a6625d25-68ba-44af-b99a-4b13bf5dde80","D03","BARC","BARC.AOS.riparian.point.02","lake",29.677034,-82.006975,5.0,26.1,5.0,"WGS84","2020-02-18T13:28Z","BARC.20200218","BARC.20200218.EPIPHYTON.2",,,"OK - no known exceptions",,"littoral","epiphyton",0.010000,"NEON.DOC.003045vE",,,,,,"0000-0001-6607-7236","0000-0002-7940-8177",
"1343fc13-e352-42da-986e-41aabd1195d6","D03","BARC","BARC.AOS.riparian.point.04","lake",29.675164,-82.006743,5.0,22.5,5.0,"WGS84","2020-02-18T13:28Z","BARC.20200218","BARC.20200218.EPIPHYTON.4",,,"OK - no known exceptions",,"littoral","epiphyton",0.010000,"NEON.DOC.003045vE",,,,,,"0000-0001-6607-7236","0000-0002-7940-8177",
"362bf4b0-6e5e-490b-a6b0-346b7b75ebda","D03","BARC","BARC.AOS.riparian.point.10","lake",29.677686,-82.008911,5.0,24.2,5.0,"WGS84","2020-02-18T13:28Z","BARC.20200218","BARC.20200218.EPIPHYTON.10",,,"OK - no known exceptions",,"littoral","epiphyton",0.010000,"NEON.DOC.003045vE",,,,,,"0000-0001-6607-7236","0000-0002-7940-8177",
