uid,domainID,siteID,namedLocation,collectDate,sampleID,sampleCode,sampleCondition,laboratoryName,analysisDate,analyzedBy,sampleType,replicate,sampleVolumeFiltered,filterSize,percentFilterAnalyzed,dilutionFactor,solventVolume,responseFactor,acidificationResponseFactor,fluorometerSensitivitySetting,preAcidificationFluorescence,postAcidificationFluorescence,analyte,analyteConcentration,plantAlgaeLabUnits,testMethod,method,acidTreatment,externalRemarks,externalLabDataQF
"fb28a208-1422-4edb-9449-7d9394dbf5a3","D03","BARC","BARC.AOS.buoy.c0","2020-02-18","BARC.20200218.PHYTOPLANKTON.1.REP2.CNSA.2","A00000075556","condition ok","SIRFER Lab at University of Utah","2021-07-06","ElFtGy1kV49xqNP00HfxQA==","CNS","1",300,25,100,,,,,,,,"d15N",-3.00,"perMill","SIRFER_algalPlantChem_isotopes_V1","Revesz & Coplen 2012a","N",,
"ed9a382a-0150-46f4-8007-a459d9021492","D03","BARC","BARC.AOS.buoy.c0","2020-02-18","BARC.20200218.PHYTOPLANKTON.1.REP2.CNSB.2","A00000075559","condition ok","SIRFER Lab at University of Utah","2021-07-29","ElFtGy1kV49xqNP00HfxQA==","CNS","1",300,25,100,,,,,,,,"carbon",328.38,"microgramsPerLiter","SIRFER_algalPlantChem_isotopes_V1","Revesz & Coplen 2012a","Y",,
"b9df455a-2ca2-42f3-9a95-20cb80c36c0e","D03","BARC","BARC.AOS.buoy.c0","2020-02-18","BARC.20200218.PHYTOPLANKTON.1.REP2.CNSA.2","A00000075556","condition ok","SIRFER Lab at University of Utah","2021-07-06","ElFtGy1kV49xqNP00HfxQA==","CNS","1",300,25,100,,,,,,,,"nitrogen",59.95,"microgramsPerLiter","SIRFER_algalPlantChem_isotopes_V1","Revesz & Coplen 2012a","N",,
"113ea45e-faa6-42d1-9347-6b78ee9cb1f6","D03","BARC","BARC.AOS.buoy.c0","2020-02-18","BARC.20200218.PHYTOPLANKTON.1.REP2.CNSA.2","A00000075556","condition ok","SIRFER Lab at University of Utah","2021-07-06","ElFtGy1kV49xqNP00HfxQA==","CNS","1",300,25,100,,,,,,,,"sulfur",7.48,"microgramsPerLiter","SIRFER_algalPlantChem_isotopes_V1","Revesz & Coplen 2012b","N",,
"04862280-3c91-4ada-a361-eb65794a523d","D03","BARC","BARC.AOS.buoy.c0","2020-02-18","BARC.20200218.PHYTOPLANKTON.1.REP2.CNSA.2","A00000075556","condition ok","SIRFER Lab at University of Utah","2021-07-06","ElFtGy1kV49xqNP00HfxQA==","CNS","1",300,25,100,,,,,,,,"d34S",12.63,"perMill","SIRFER_algalPlantChem_isotopes_V1","Revesz & Coplen 2012b","N",,
"93ac0c3f-607e-4c11-b730-41fc7af5a976","D03","BARC","BARC.AOS.buoy.c0","2020-02-18","BARC.20200218.PHYTOPLANKTON.1.REP2.CNSA.2","A00000075556","condition ok","SIRFER Lab at University of Utah","2021-07-06","ElFtGy1kV49xqNP00HfxQA==","CNS","1",300,25,100,,,,,,,,"d13C",-33.21,"perMill","SIRFER_algalPlantChem_isotopes_V1","Revesz & Coplen 2012a","N",,
"8569626a-5d4c-400c-97d2-0245ea172b5a","D03","BARC","BARC.AOS.buoy.c0","2020-02-18","BARC.20200218.PHYTOPLANKTON.1.REP2.CNSB.2","A00000075559","condition ok","SIRFER Lab at University of Utah","2021-07-29","ElFtGy1kV49xqNP00HfxQA==","CNS","1",300,25,100,,,,,,,,"d13C",-33.43,"perMill","SIRFER_algalPlantChem_isotopes_V1","Revesz & Coplen 2012a","Y",,
"5a0e773b-2cc8-4a16-8044-aae719521add","D03","BARC","BARC.AOS.buoy.c0","2020-02-18","BARC.20200218.PHYTOPLANKTON.1.REP2.CNSA.2","A00000075556","condition ok","SIRFER Lab at University of Utah","2021-07-06","ElFtGy1kV49xqNP00HfxQA==","CNS","1",300,25,100,,,,,,,,"carbon",331.33,"microgramsPerLiter","SIRFER_algalPlantChem_isotopes_V1","Revesz & Coplen 2012a","N",,
"523e0497-d332-4d89-a564-f993da2762cf","D03","BARC","BARC.AOS.buoy.c0","2020-02-18","BARC.20200218.PHYTOPLANKTON.1.P.1","A00000075554","condition ok","SIRFER Lab at University of Utah","2020-11-17","a1rVWpE0V4zMCUk591/P0Q==","P","1",300,25,100,,,,,,,,"phosphorus",3.13,"microgramsPerLiter","ICPMetalsLab_P_V2.0","Ivanov et al 2012","N",,
"5dc92ea2-89a1-4559-8d90-ca1b50d277f4","D03","BARC","BARC.AOS.riparian.point.10","2020-02-18","BARC.20200218.EPIPHYTON.10.P.1","A00000075580","condition ok","SIRFER Lab at University of Utah","2020-11-17","a1rVWpE0V4zMCUk591/P0Q==","P","1",5,25,100,,,,,,,,"phosphorus",164.50,"microgramsPerLiter","ICPMetalsLab_P_V2.0","Ivanov et al 2012","N",,
"295bed37-e530-4d62-b627-b403864ae4da","D03","BARC","BARC.AOS.riparian.point.08","2020-02-18","BARC.20200218.EPIPHYTON.8.P.1","A00000075577","condition ok","SIRFER Lab at University of Utah","2020-11-17","a1rVWpE0V4zMCUk591/P0Q==","P","1",5,25,100,,,,,,,,"phosphorus",573.68,"microgramsPerLiter","ICPMetalsLab_P_V2.0","Ivanov et al 2012","N",,
"2b015a42-d3f5-45cb-b857-000091167aaa","D03","BARC","BARC.AOS.littoral1","2020-02-18","BARC.20200218.PHYTOPLANKTON.2.P.1","A00000075562","condition ok","SIRFER Lab at University of Utah","2020-11-17","a1rVWpE0V4zMCUk591/P0Q==","P","1",300,25,100,,,,,,,,"phosphorus",2.83,"microgramsPerLiter","ICPMetalsLab_P_V2.0","Ivanov et al 2012","N",,
"df045917-51e3-4245-94ce-ab3536a6e640","D03","BARC","BARC.AOS.riparian.point.02","2020-02-18","BARC.20200218.EPIPHYTON.2.P.1","A00000075568","condition ok","SIRFER Lab at University of Utah","2020-11-17","a1rVWpE0V4zMCUk591/P0Q==","P","1",5,25,100,,,,,,,,"phosphorus",594.83,"microgramsPerLiter","ICPMetalsLab_P_V2.0","Ivanov et al 2012","N",,
"e95c0bd6-9684-47f5-a5b5-9094bb43be68","D03","BARC","BARC.AOS.riparian.point.06","2020-02-18","BARC.20200218.EPIPHYTON.6.P.1","A00000075574","condition ok","SIRFER Lab at University of Utah","2020-11-17","a1rVWpE0V4zMCUk591/P0Q==","P","1",5,25,100,,,,,,,,"phosphorus",245.11,"microgramsPerLiter","ICPMetalsLab_P_V2.0","Ivanov et al 2012","N",,
"4edba40d-3ca6-4c84-9ef9-5310bdc56faf","D03","BARC","BARC.AOS.littoral2","2020-02-18","BARC.20200218.PHYTOPLANKTON.3.P.1","A00000075563","condition ok","SIRFER Lab at University of Utah","2020-11-17","a1rVWpE0V4zMCUk591/P0Q==","P","1",200,25,100,,,,,,,,"phosphorus",3.42,"microgramsPerLiter","ICPMetalsLab_P_V2.0","Ivanov et al 2012","N",,
"0ccea61c-eff2-4cd9-8075-74605a3bc800","D03","BARC","BARC.AOS.riparian.point.04","2020-02-18","BARC.20200218.EPIPHYTON.4.P.1","A00000075571","condition ok","SIRFER Lab at University of Utah","2020-11-17","a1rVWpE0V4zMCUk591/P0Q==","P","1",5,25,100,,,,,,,,"phosphorus",770.05,"microgramsPerLiter","ICPMetalsLab_P_V2.0","Ivanov et al 2012","N",,
"59f57f52-fc38-4e78-b8df-81991878b8fd","D03","BARC","BARC.AOS.riparian.point.10","2020-02-18","BARC.20200218.EPIPHYTON.10.CNSA.1","A00000075578","condition ok","SIRFER Lab at University of Utah","2020-07-07","ElFtGy1kV49xqNP00HfxQA==","CNS","1",5,25,100,,,,,,,,"d13C",-28.15,"perMill","SIRFER_algalPlantChem_isotopes_V1","Revesz & Coplen 2012a","N",,
"80279d37-9cdb-4358-b0a1-f740d75d9a1b","D03","BARC","BARC.AOS.riparian.point.08","2020-02-18","BARC.20200218.EPIPHYTON.8.CNSA.1","A00000075575","condition ok","SIRFER Lab at University of Utah","2020-07-07","ElFtGy1kV49xqNP00HfxQA==","CNS","1",5,25,100,,,,,,,,"sulfur",4986.32,"microgramsPerLiter","SIRFER_algalPlantChem_isotopes_V1","Revesz & Coplen 2012b",,,
"bb4a383b-35d2-4252-b7d4-b843460d8d60","D03","BARC","BARC.AOS.buoy.c0","2020-02-18","BARC.20200218.PHYTOPLANKTON.1.CNSA.1","A00000075557","condition ok","SIRFER Lab at University of Utah","2020-07-07","ElFtGy1kV49xqNP00HfxQA==","CNS","1",300,25,100,,,,,,,,"nitrogen",80.96,"microgramsPerLiter","SIRFER_algalPlantChem_isotopes_V1","Revesz & Coplen 2012a",,,
"a1515ba5-7345-4cd9-830a-5c1643a3bdde","D03","BARC","BARC.AOS.riparian.point.02","2020-02-18","BARC.20200218.EPIPHYTON.2.CNSA.1","A00000075567","condition ok","SIRFER Lab at University of Utah","2020-07-07","ElFtGy1kV49xqNP00HfxQA==","CNS","1",5,25,100,,,,,,,,"d13C",-28.43,"perMill","SIRFER_algalPlantChem_isotopes_V1","Revesz & Coplen 2012a","N",,
"6b9051d6-de60-4ef5-9346-71f314042bcc","D03","BARC","BARC.AOS.riparian.point.06","2020-02-18","BARC.20200218.EPIPHYTON.6.CNSA.1","A00000075572","condition ok","SIRFER Lab at University of Utah","2020-07-07","ElFtGy1kV49xqNP00HfxQA==","CNS","1",5,25,100,,,,,,,,"d15N",1.78,"perMill","SIRFER_algalPlantChem_isotopes_V1","Revesz & Coplen 2012a",,,
"629c2173-8980-406e-b982-126e4115a9fc","D03","BARC","BARC.AOS.littoral1","2020-02-18","BARC.20200218.PHYTOPLANKTON.2.CNSA.1","A00000075560","condition ok","SIRFER Lab at University of Utah","2020-07-07","ElFtGy1kV49xqNP00HfxQA==","CNS","1",300,25,100,,,,,,,,"d13C",-33.53,"perMill","SIRFER_algalPlantChem_isotopes_V1","Revesz & Coplen 2012a","N",,
"862a781b-18fb-41ca-8a13-9964c81d0cd1","D03","BARC","BARC.AOS.riparian.point.04","2020-02-18","BARC.20200218.EPIPHYTON.4.CNSA.1","A00000075570","condition ok","SIRFER Lab at University of Utah","2020-07-07","ElFtGy1kV49xqNP00HfxQA==","CNS","1",5,25,100,,,,,,,,"d15N",2.95,"perMill","SIRFER_algalPlantChem_isotopes_V1","Revesz & Coplen 2012a",,,
"0d1ed573-0302-4960-86d3-10605da65cf9","D03","BARC","BARC.AOS.littoral1","2020-02-18","BARC.20200218.PHYTOPLANKTON.2.CNSA.1","A00000075560","condition ok","SIRFER Lab at University of Utah","2020-07-07","ElFtGy1kV49xqNP00HfxQA==","CNS","1",300,25,100,,,,,,,,"sulfur",8.50,"microgramsPerLiter","SIRFER_algalPlantChem_isotopes_V1","Revesz & Coplen 2012b",,,
"e5d76df1-48ab-4d9a-a0be-c70d52a59066","D03","BARC","BARC.AOS.riparian.point.04","2020-02-18","BARC.20200218.EPIPHYTON.4.CNSA.1","A00000075570","condition ok","SIRFER Lab at University of Utah","2020-07-07","ElFtGy1kV49xqNP00HfxQA==","CNS","1",5,25,100,,,,,,,,"d34S",12.84,"perMill","SIRFER_algalPlantChem_isotopes_V1","Revesz & Coplen 2012b",,,
"b8a8a729-e954-476b-93da-48c6e5395309","D03","BARC","BARC.AOS.riparian.point.02","2020-02-18","BARC.20200218.EPIPHYTON.2.CNSA.1","A00000075567","condition ok","SIRFER Lab at University of Utah","2020-07-07","ElFtGy1kV49xqNP00HfxQA==","CNS","1",5,25,100,,,,,,,,"sulfur",1391.50,"microgramsPerLiter","SIRFER_algalPlantChem_isotopes_V1","Revesz & Coplen 2012b",,,
"76b48fb0-f04b-4b12-a5df-db3415b44782","D03","BARC","BARC.AOS.riparian.point.06","2020-02-18","BARC.20200218.EPIPHYTON.6.CNSA.1","A00000075572","condition ok","SIRFER Lab at University of Utah","2020-07-07","ElFtGy1kV49xqNP00HfxQA==","CNS","1",5,25,100,,,,,,,,"nitrogen",14822.90,"microgramsPerLiter","SIRFER_algalPlantChem_isotopes_V1","Revesz & Coplen 2012a",,,
"31d19af5-1299-4145-a286-c9fbd0fccdcd","D03","BARC","BARC.AOS.riparian.point.08","2020-02-18","BARC.20200218.EPIPHYTON.8.CNSA.1","A00000075575","condition ok","SIRFER Lab at University of Utah","2020-07-07","ElFtGy1kV49xqNP00HfxQA==","CNS","1",5,25,100,,,,,,,,"nitrogen",13094.89,"microgramsPerLiter","SIRFER_algalPlantChem_isotopes_V1","Revesz & Coplen 2012a",,,
"9846f9e3-2ba8-4ec7-8a84-6a98fb8b6718","D03","BARC","BARC.AOS.riparian.point.02","2020-02-18","BARC.20200218.EPIPHYTON.2.CNSA.1","A00000075567","condition ok","SIRFER Lab at University of Utah","2020-07-07","ElFtGy1kV49xqNP00HfxQA==","CNS","1",5,25,100,,,,,,,,"d15N",3.50,"perMill","SIRFER_algalPlantChem_isotopes_V1","Revesz & Coplen 2012a",,,
"b5b914e0-fbe4-4e41-9f45-3c3c4511e99f","D03","BARC","BARC.AOS.buoy.c0","2020-02-18","BARC.20200218.PHYTOPLANKTON.1.CNSA.1","A00000075557","condition ok","SIRFER Lab at University of Utah","2020-07-07","ElFtGy1kV49xqNP00HfxQA==","CNS","1",300,25,100,,,,,,,,"d15N",-2.85,"perMill","SIRFER_algalPlantChem_isotopes_V1","Revesz & Coplen 2012a",,,
"294c40c8-a2c9-45d9-adf7-d74ffbf4cc7d","D03","BARC","BARC.AOS.riparian.point.08","2020-02-18","BARC.20200218.EPIPHYTON.8.CNSA.1","A00000075575","condition ok","SIRFER Lab at University of Utah","2020-07-07","ElFtGy1kV49xqNP00HfxQA==","CNS","1",5,25,100,,,,,,,,"d13C",-29.32,"perMill","SIRFER_algalPlantChem_isotopes_V1","Revesz & Coplen 2012a","N",,
"7ffccb03-2a77-410d-9b04-ab6dcf89d865","D03","BARC","BARC.AOS.riparian.point.10","2020-02-18","BARC.20200218.EPIPHYTON.10.CNSA.1","A00000075578","condition ok","SIRFER Lab at University of Utah","2020-07-07","ElFtGy1kV49xqNP00HfxQA==","CNS","1",5,25,100,,,,,,,,"d15N",-0.15,"perMill","SIRFER_algalPlantChem_isotopes_V1","Revesz & Coplen 2012a",,,
"70674625-b6fe-419f-9fbc-b7fbf85d0cfe","D03","BARC","BARC.AOS.riparian.point.08","2020-02-18","BARC.20200218.EPIPHYTON.8.CNSA.1","A00000075575","condition ok","SIRFER Lab at University of Utah","2020-07-07","ElFtGy1kV49xqNP00HfxQA==","CNS","1",5,25,100,,,,,,,,"d34S",11.09,"perMill","SIRFER_algalPlantChem_isotopes_V1","Revesz & Coplen 2012b",,,
"d541e99d-e71b-4cef-955e-86fe2d22d1b3","D03","BARC","BARC.AOS.riparian.point.10","2020-02-18","BARC.20200218.EPIPHYTON.10.CNSA.1","A00000075578","condition ok","SIRFER Lab at University of Utah","2020-07-07","ElFtGy1kV49xqNP00HfxQA==","CNS","1",5,25,100,,,,,,,,"sulfur",461.30,"microgramsPerLiter","SIRFER_algalPlantChem_isotopes_V1","Revesz & Coplen 2012b",,,
"d9c032f9-42bb-476d-aba0-925855997b30","D03","BARC","BARC.AOS.riparian.point.08","2020-02-18","BARC.20200218.EPIPHYTON.8.CNSA.1","A00000075575","condition ok","SIRFER Lab at University of Utah","2020-07-07","ElFtGy1kV49xqNP00HfxQA==","CNS","1",5,25,100,,,,,,,,"carbon",121136.23,"microgramsPerLiter","SIRFER_algalPlantChem_isotopes_V1","Revesz & Coplen 2012a","N",,
"059d414d-210c-4ee2-ae9b-3d7e6c57f1dd","D03","BARC","BARC.AOS.riparian.point.02","2020-02-18","BARC.20200218.EPIPHYTON.2.CNSA.1","A00000075567","condition ok","SIRFER Lab at University of Utah","2020-07-07","ElFtGy1kV49xqNP00HfxQA==","CNS","1",5,25,100,,,,,,,,"nitrogen",10905.61,"microgramsPerLiter","SIRFER_algalPlantChem_isotopes_V1","Revesz & Coplen 2012a",,,
"95658c43-7115-4669-a125-ef58660ef9cf","D03","BARC","BARC.AOS.buoy.c0","2020-02-18","BARC.20200218.PHYTOPLANKTON.1.CNSA.1","A00000075557","condition ok","SIRFER Lab at University of Utah","2020-07-07","ElFtGy1kV49xqNP00HfxQA==","CNS","1",300,25,100,,,,,,,,"carbon",393.65,"microgramsPerLiter","SIRFER_algalPlantChem_isotopes_V1","Revesz & Coplen 2012a","N",,
"d10979c1-6108-4351-a653-14cbc6c40cdd","D03","BARC","BARC.AOS.riparian.point.06","2020-02-18","BARC.20200218.EPIPHYTON.6.CNSA.1","A00000075572","condition ok","SIRFER Lab at University of Utah","2020-07-07","ElFtGy1kV49xqNP00HfxQA==","CNS","1",5,25,100,,,,,,,,"d34S",13.97,"perMill","SIRFER_algalPlantChem_isotopes_V1","Revesz & Coplen 2012b",,,
"8d9e5d12-5439-4456-9ba2-b4e3dced6575","D03","BARC","BARC.AOS.riparian.point.06","2020-02-18","BARC.20200218.EPIPHYTON.6.CNSA.1","A00000075572","condition ok","SIRFER Lab at University of Utah","2020-07-07","ElFtGy1kV49xqNP00HfxQA==","CNS","1",5,25,100,,,,,,,,"sulfur",1046.77,"microgramsPerLiter","SIRFER_algalPlantChem_isotopes_V1","Revesz & Coplen 2012b",,,
"1263a485-2d21-424e-b705-06b1f6a6df5d","D03","BARC","BARC.AOS.riparian.point.04","2020-02-18","BARC.20200218.EPIPHYTON.4.CNSA.1","A00000075570","condition ok","SIRFER Lab at University of Utah","2020-07-07","ElFtGy1kV49xqNP00HfxQA==","CNS","1",5,25,100,,,,,,,,"d13C",-28.49,"perMill","SIRFER_algalPlantChem_isotopes_V1","Revesz & Coplen 2012a","N",,
"95a59a93-0624-4a63-9fff-23171756394f","D03","BARC","BARC.AOS.littoral2","2020-02-18","BARC.20200218.PHYTOPLANKTON.3.CNSA.1","A00000075564","condition ok","SIRFER Lab at University of Utah","2020-07-07","ElFtGy1kV49xqNP00HfxQA==","CNS","1",200,25,100,,,,,,,,"sulfur",22.75,"microgramsPerLiter","SIRFER_algalPlantChem_isotopes_V1","Revesz & Coplen 2012b",,,
"ad09314e-8359-46aa-b516-717d347b8938","D03","BARC","BARC.AOS.buoy.c0","2020-02-18","BARC.20200218.PHYTOPLANKTON.1.CNSA.1","A00000075557","condition ok","SIRFER Lab at University of Utah","2020-07-07","ElFtGy1kV49xqNP00HfxQA==","CNS","1",300,25,100,,,,,,,,"d34S",13.04,"perMill","SIRFER_algalPlantChem_isotopes_V1","Revesz & Coplen 2012b",,,
"d6e5fea8-c749-47e9-aab4-5512f3336b53","D03","BARC","BARC.AOS.riparian.point.10","2020-02-18","BARC.20200218.EPIPHYTON.10.CNSA.1","A00000075578","condition ok","SIRFER Lab at University of Utah","2020-07-07","ElFtGy1kV49xqNP00HfxQA==","CNS","1",5,25,100,,,,,,,,"carbon",72621.59,"microgramsPerLiter","SIRFER_algalPlantChem_isotopes_V1","Revesz & Coplen 2012a","N",,
"31cc100b-66fe-4aa5-8e77-28efb3c27d5b","D03","BARC","BARC.AOS.littoral1","2020-02-18","BARC.20200218.PHYTOPLANKTON.2.CNSA.1","A00000075560","condition ok","SIRFER Lab at University of Utah","2020-07-07","ElFtGy1kV49xqNP00HfxQA==","CNS","1",300,25,100,,,,,,,,"d15N",-1.81,"perMill","SIRFER_algalPlantChem_isotopes_V1","Revesz & Coplen 2012a",,,
"2ef18ac4-def6-42a9-ad99-7a25993b0a67","D03","BARC","BARC.AOS.littoral1","2020-02-18","BARC.20200218.PHYTOPLANKTON.2.CNSA.1","A00000075560","condition ok","SIRFER Lab at University of Utah","2020-07-07","ElFtGy1kV49xqNP00HfxQA==","CNS","1",300,25,100,,,,,,,,"carbon",404.96,"microgramsPerLiter","SIRFER_algalPlantChem_isotopes_V1","Revesz & Coplen 2012a","N",,
"b093b589-af70-444a-a909-cd5c31a825ac","D03","BARC","BARC.AOS.littoral2","2020-02-18","BARC.20200218.PHYTOPLANKTON.3.CNSA.1","A00000075564","condition ok","SIRFER Lab at University of Utah","2020-07-07","ElFtGy1kV49xqNP00HfxQA==","CNS","1",200,25,100,,,,,,,,"d13C",-34.09,"perMill","SIRFER_algalPlantChem_isotopes_V1","Revesz & Coplen 2012a","N",,
"22b65e03-faee-4b59-ba90-0d0b2f632aa3","D03","BARC","BARC.AOS.riparian.point.06","2020-02-18","BARC.20200218.EPIPHYTON.6.CNSA.1","A00000075572","condition ok","SIRFER Lab at University of Utah","2020-07-07","ElFtGy1kV49xqNP00HfxQA==","CNS","1",5,25,100,,,,,,,,"d13C",-27.53,"perMill","SIRFER_algalPlantChem_isotopes_V1","Revesz & Coplen 2012a","N",,
"1985822d-d022-4913-95be-659a6d1d242a","D03","BARC","BARC.AOS.littoral1","2020-02-18","BARC.20200218.PHYTOPLANKTON.2.CNSA.1","A00000075560","condition ok","SIRFER Lab at University of Utah","2020-07-07","ElFtGy1kV49xqNP00HfxQA==","CNS","1",300,25,100,,,,,,,,"d34S",11.01,"perMill","SIRFER_algalPlantChem_isotopes_V1","Revesz & Coplen 2012b",,,
"6e8e33e4-d675-49be-bb89-a9f3753d546d","D03","BARC","BARC.AOS.littoral2","2020-02-18","BARC.20200218.PHYTOPLANKTON.3.CNSA.1","A00000075564","condition ok","SIRFER Lab at University of Utah","2020-07-07","ElFtGy1kV49xqNP00HfxQA==","CNS","1",200,25,100,,,,,,,,"carbon",479.63,"microgramsPerLiter","SIRFER_algalPlantChem_isotopes_V1","Revesz & Coplen 2012a","N",,
"2b165436-b3ef-43b3-b20f-7ac9efe8a79c","D03","BARC","BARC.AOS.littoral2","2020-02-18","BARC.20200218.PHYTOPLANKTON.3.CNSA.1","A00000075564","condition ok","SIRFER Lab at University of Utah","2020-07-07","ElFtGy1kV49xqNP00HfxQA==","CNS","1",200,25,100,,,,,,,,"d34S",10.18,"perMill","SIRFER_algalPlantChem_isotopes_V1","Revesz & Coplen 2012b",,,
"d990ca0c-abff-4146-a325-edf7f38a0aa2","D03","BARC","BARC.AOS.buoy.c0","2020-02-18","BARC.20200218.PHYTOPLANKTON.1.CNSA.1","A00000075557","condition ok","SIRFER Lab at University of Utah","2020-07-07","ElFtGy1kV49xqNP00HfxQA==","CNS","1",300,25,100,,,,,,,,"sulfur",14.00,"microgramsPerLiter","SIRFER_algalPlantChem_isotopes_V1","Revesz & Coplen 2012b",,,
"2ffac5c5-bbd7-42dc-9c74-cfeded5bc6f5","D03","BARC","BARC.AOS.riparian.point.10","2020-02-18","BARC.20200218.EPIPHYTON.10.CNSA.1","A00000075578","condition ok","SIRFER Lab at University of Utah","2020-07-07","ElFtGy1kV49xqNP00HfxQA==","CNS","1",5,25,100,,,,,,,,"d34S",15.02,"perMill","SIRFER_algalPlantChem_isotopes_V1","Revesz & Coplen 2012b",,,
"299f3dae-efc9-4a03-9acf-0a51dc9251cf","D03","BARC","BARC.AOS.riparian.point.06","2020-02-18","BARC.20200218.EPIPHYTON.6.CNSA.1","A00000075572","condition ok","SIRFER Lab at University of Utah","2020-07-07","ElFtGy1kV49xqNP00HfxQA==","CNS","1",5,25,100,,,,,,,,"carbon",151848.79,"microgramsPerLiter","SIRFER_algalPlantChem_isotopes_V1","Revesz & Coplen 2012a","N",,
"000b4471-10cc-4461-b32a-b1d4aaf66d2e","D03","BARC","BARC.AOS.riparian.point.02","2020-02-18","BARC.20200218.EPIPHYTON.2.CNSA.1","A00000075567","condition ok","SIRFER Lab at University of Utah","2020-07-07","ElFtGy1kV49xqNP00HfxQA==","CNS","1",5,25,100,,,,,,,,"d34S",14.15,"perMill","SIRFER_algalPlantChem_isotopes_V1","Revesz & Coplen 2012b",,,
"81a99a2b-c9d2-4590-9d87-de55ef33199e","D03","BARC","BARC.AOS.buoy.c0","2020-02-18","BARC.20200218.PHYTOPLANKTON.1.CNSA.1","A00000075557","condition ok","SIRFER Lab at University of Utah","2020-07-07","ElFtGy1kV49xqNP00HfxQA==","CNS","1",300,25,100,,,,,,,,"d13C",-33.58,"perMill","SIRFER_algalPlantChem_isotopes_V1","Revesz & Coplen 2012a","N",,
"0ab28085-4a08-45ac-99f7-3f4d73c8d500","D03","BARC","BARC.AOS.riparian.point.10","2020-02-18","BARC.20200218.EPIPHYTON.10.CNSA.1","A00000075578","condition ok","SIRFER Lab at University of Utah","2020-07-07","ElFtGy1kV49xqNP00HfxQA==","CNS","1",5,25,100,,,,,,,,"nitrogen",9864.19,"microgramsPerLiter","SIRFER_algalPlantChem_isotopes_V1","Revesz & Coplen 2012a",,,
"096c409a-f005-48af-a649-45fc699ee785","D03","BARC","BARC.AOS.riparian.point.04","2020-02-18","BARC.20200218.EPIPHYTON.4.CNSA.1","A00000075570","condition ok","SIRFER Lab at University of Utah","2020-07-07","ElFtGy1kV49xqNP00HfxQA==","CNS","1",5,25,100,,,,,,,,"nitrogen",18997.44,"microgramsPerLiter","SIRFER_algalPlantChem_isotopes_V1","Revesz & Coplen 2012a",,,
"64c9b731-d553-4ded-8e52-5c550033b728","D03","BARC","BARC.AOS.riparian.point.04","2020-02-18","BARC.20200218.EPIPHYTON.4.CNSA.1","A00000075570","condition ok","SIRFER Lab at University of Utah","2020-07-07","ElFtGy1kV49xqNP00HfxQA==","CNS","1",5,25,100,,,,,,,,"carbon",139018.48,"microgramsPerLiter","SIRFER_algalPlantChem_isotopes_V1","Revesz & Coplen 2012a","N",,
"a7871ebd-5238-42ff-aa32-65ffdfec9e3d","D03","BARC","BARC.AOS.littoral2","2020-02-18","BARC.20200218.PHYTOPLANKTON.3.CNSA.1","A00000075564","condition ok","SIRFER Lab at University of Utah","2020-07-07","ElFtGy1kV49xqNP00HfxQA==","CNS","1",200,25,100,,,,,,,,"d15N",-3.15,"perMill","SIRFER_algalPlantChem_isotopes_V1","Revesz & Coplen 2012a",,,
"a27461d2-88c6-418c-991e-0e7e230fb1b4","D03","BARC","BARC.AOS.littoral1","2020-02-18","BARC.20200218.PHYTOPLANKTON.2.CNSA.1","A00000075560","condition ok","SIRFER Lab at University of Utah","2020-07-07","ElFtGy1kV49xqNP00HfxQA==","CNS","1",300,25,100,,,,,,,,"nitrogen",79.79,"microgramsPerLiter","SIRFER_algalPlantChem_isotopes_V1","Revesz & Coplen 2012a",,,
"fa490a0a-4879-433e-86a7-9ac1f759186c","D03","BARC","BARC.AOS.littoral2","2020-02-18","BARC.20200218.PHYTOPLANKTON.3.CNSA.1","A00000075564","condition ok","SIRFER Lab at University of Utah","2020-07-07","ElFtGy1kV49xqNP00HfxQA==","CNS","1",200,25,100,,,,,,,,"nitrogen",108.49,"microgramsPerLiter","SIRFER_algalPlantChem_isotopes_V1","Revesz & Coplen 2012a",,,
"4f47295d-4a65-4e9b-94d6-81fcee9838c9","D03","BARC","BARC.AOS.riparian.point.04","2020-02-18","BARC.20200218.EPIPHYTON.4.CNSA.1","A00000075570","condition ok","SIRFER Lab at University of Utah","2020-07-07","ElFtGy1kV49xqNP00HfxQA==","CNS","1",5,25,100,,,,,,,,"sulfur",1246.98,"microgramsPerLiter","SIRFER_algalPlantChem_isotopes_V1","Revesz & Coplen 2012b",,,
"f4e81501-9346-4c75-986c-2da2af27f072","D03","BARC","BARC.AOS.riparian.point.08","2020-02-18","BARC.20200218.EPIPHYTON.8.CNSA.1","A00000075575","condition ok","SIRFER Lab at University of Utah","2020-07-07","ElFtGy1kV49xqNP00HfxQA==","CNS","1",5,25,100,,,,,,,,"d15N",3.32,"perMill","SIRFER_algalPlantChem_isotopes_V1","Revesz & Coplen 2012a",,,
"ee7d5907-0988-4e2d-a47f-cc5cfb6e6241","D03","BARC","BARC.AOS.riparian.point.02","2020-02-18","BARC.20200218.EPIPHYTON.2.CNSA.1","A00000075567","condition ok","SIRFER Lab at University of Utah","2020-07-07","ElFtGy1kV49xqNP00HfxQA==","CNS","1",5,25,100,,,,,,,,"carbon",109097.78,"microgramsPerLiter","SIRFER_algalPlantChem_isotopes_V1","Revesz & Coplen 2012a","N",,
