uid,domainID,siteID,namedLocation,collectDate,parentSampleID,sampleID,sampleCode,filterNumber,analysisType,fieldSampleVolume,domainFilterVolume,storageDays,remarks,measuredBy,recordedBy,sampleCondition,dataQF
"fa81fafb-31d4-42c9-84da-d8cda15a5e4f","D03","BARC","BARC.AOS.littoral2","2020-02-18T13:28Z","BARC.20200218.PHYTOPLANKTON.3","BARC.20200218.PHYTOPLANKTON.3.CNSB.1","A00000075565",1,"CNSb",5000.0,200.0,0.2,,"0000-0002-4570-7750","0000-0001-6607-7236","OK",
"e7e64b05-7b15-432c-9917-14e2383f4743","D03","BARC","BARC.AOS.littoral2","2020-02-18T13:28Z","BARC.20200218.PHYTOPLANKTON.3","BARC.20200218.PHYTOPLANKTON.3.P.1","A00000075563",1,"P",5000.0,200.0,0.2,,"0000-0002-4570-7750","0000-0001-6607-7236","OK",
"936dd08f-71e3-4205-abd7-2d314721e64c","D03","BARC","BARC.AOS.buoy.c0","2020-02-18T13:28Z","BARC.20200218.PHYTOPLANKTON.1","BARC.20200218.PHYTOPLANKTON.1.REP2.CNSB.2","A00000075559",2,"CNSb",5000.0,300.0,0.2,,"0000-0002-4570-7750","0000-0001-6607-7236","OK",
"e73f6cbd-5532-46cb-a31a-e4efc5e79fb6","D03","BARC","BARC.AOS.buoy.c0","2020-02-18T13:28Z","BARC.20200218.PHYTOPLANKTON.1","BARC.20200218.PHYTOPLANKTON.1.P.1","A00000075554",1,"P",5000.0,300.0,0.2,,"0000-0002-4570-7750","0000-0001-6607-7236","OK",
"309d1e58-04c9-4409-ae21-7a48b2b51f17","D03","BARC","BARC.AOS.buoy.c0","2020-02-18T13:28Z","BARC.20200218.PHYTOPLANKTON.1","BARC.20200218.PHYTOPLANKTON.1.CNSB.1","A00000075558",1,"CNSb",5000.0,300.0,0.2,,"0000-0002-4570-7750","0000-0001-6607-7236","OK",
"68b38d5d-bfc7-48f0-adec-ad23bb08ec6d","D03","BARC","BARC.AOS.buoy.c0","2020-02-18T13:28Z","BARC.20200218.PHYTOPLANKTON.1","BARC.20200218.PHYTOPLANKTON.1.REP2.P.2","A00000075555",2,"P",5000.0,300.0,0.2,,"0000-0002-4570-7750","0000-0001-6607-7236","OK",
"f213a569-6aef-429e-990b-8c343bab3286","D03","BARC","BARC.AOS.littoral2","2020-02-18T13:28Z","BARC.20200218.PHYTOPLANKTON.3","BARC.20200218.PHYTOPLANKTON.3.CNSA.1","A00000075564",1,"CNSa",5000.0,200.0,0.2,,"0000-0002-4570-7750","0000-0001-6607-7236","OK",
"c95b6b2e-1a16-4e67-981e-3c5c965b3886","D03","BARC","BARC.AOS.littoral1","2020-02-18T13:28Z","BARC.20200218.PHYTOPLANKTON.2","BARC.20200218.PHYTOPLANKTON.2.CNSB.1","A00000075561",1,"CNSb",5000.0,300.0,0.2,,"0000-0002-4570-7750","0000-0001-6607-7236","OK",
"23a8abf9-5b3a-4a37-9eab-df0424a80848","D03","BARC","BARC.AOS.littoral1","2020-02-18T13:28Z","BARC.20200218.PHYTOPLANKTON.2","BARC.20200218.PHYTOPLANKTON.2.CNSA.1","A00000075560",1,"CNSa",5000.0,300.0,0.2,,"0000-0002-4570-7750","0000-0001-6607-7236","OK",
"13fc6362-83e7-44e0-934b-df893a5d5071","D03","BARC","BARC.AOS.buoy.c0","2020-02-18T13:28Z","BARC.20200218.PHYTOPLANKTON.1","BARC.20200218.PHYTOPLANKTON.1.REP2.CNSA.2","A00000075556",2,"CNSa",5000.0,300.0,0.2,,"0000-0002-4570-7750","0000-0001-6607-7236","OK",
"5f0c843c-6dd9-42f4-93d6-a5dfde9a6e69","D03","BARC","BARC.AOS.buoy.c0","2020-02-18T13:28Z","BARC.20200218.PHYTOPLANKTON.1","BARC.20200218.PHYTOPLANKTON.1.CNSA.1","A00000075557",1,"CNSa",5000.0,300.0,0.2,,"0000-0002-4570-7750","0000-0001-6607-7236","OK",
"563e805a-e31b-4627-a51f-e33f9a997f1e","D03","BARC","BARC.AOS.littoral1","2020-02-18T13:28Z","BARC.20200218.PHYTOPLANKTON.2","BARC.20200218.PHYTOPLANKTON.2.P.1","A00000075562",1,"P",5000.0,300.0,0.2,,"0000-0002-4570-7750","0000-0001-6607-7236","OK",
"8487d717-fbe5-4274-b3ae-680845492e14","D03","BARC","BARC.AOS.riparian.point.08","2020-02-18T13:28Z","BARC.20200218.EPIPHYTON.8","BARC.20200218.EPIPHYTON.8.P.1","A00000075577",1,"P",125.0,5.0,0.3,,"0000-0002-4570-7750","0000-0001-6607-7236","OK",
"82e99e59-2b44-4814-8fdc-783311de1809","D03","BARC","BARC.AOS.riparian.point.04","2020-02-18T13:28Z","BARC.20200218.EPIPHYTON.4","BARC.20200218.EPIPHYTON.4.CNSA.1","A00000075570",1,"CNSa",125.0,5.0,0.2,,"0000-0002-4570-7750","0000-0001-6607-7236","OK",
"d43d4674-746c-43e8-944d-420933c8275b","D03","BARC","BARC.AOS.riparian.point.02","2020-02-18T13:28Z","BARC.20200218.EPIPHYTON.2","BARC.20200218.EPIPHYTON.2.CNSA.1","A00000075567",1,"CNSa",125.0,5.0,0.2,,"0000-0002-4570-7750","0000-0001-6607-7236","OK",
"392ac294-5320-4921-98f8-6cb29be774de","D03","BARC","BARC.AOS.riparian.point.08","2020-02-18T13:28Z","BARC.20200218.EPIPHYTON.8","BARC.20200218.EPIPHYTON.8.CNSB.1","A00000075576",1,"CNSb",125.0,5.0,0.3,,"0000-0002-4570-7750","0000-0001-6607-7236","OK",
"964a5200-f381-4c78-9af7-f81f5f89a271","D03","BARC","BARC.AOS.riparian.point.08","2020-02-18T13:28Z","BARC.20200218.EPIPHYTON.8","BARC.20200218.EPIPHYTON.8.CNSA.1","A00000075575",1,"CNSa",125.0,5.0,0.3,,"0000-0002-4570-7750","0000-0001-6607-7236","OK",
"183e7f0d-7daf-4318-b712-7e6c01fc3535","D03","BARC","BARC.AOS.riparian.point.02","2020-02-18T13:28Z","BARC.20200218.EPIPHYTON.2","BARC.20200218.EPIPHYTON.2.P.1","A00000075568",1,"P",125.0,5.0,0.2,,"0000-0002-4570-7750","0000-0001-6607-7236","OK",
"269bbccd-e9f5-43c6-8f74-8868d2256a30","D03","BARC","BARC.AOS.riparian.point.10","2020-02-18T13:28Z","BARC.20200218.EPIPHYTON.10","BARC.20200218.EPIPHYTON.10.CNSA.1","A00000075578",1,"CNSa",125.0,5.0,0.3,,"0000-0002-4570-7750","0000-0001-6607-7236","OK",
"c0cbf3ed-cac5-4bed-a5af-814ce18b3d7c","D03","BARC","BARC.AOS.riparian.point.06","2020-02-18T13:28Z","BARC.20200218.EPIPHYTON.6","BARC.20200218.EPIPHYTON.6.CNSA.1","A00000075572",1,"CNSa",125.0,5.0,0.3,,"0000-0002-4570-7750","0000-0001-6607-7236","OK",
"bb69b869-5bfa-431a-911a-dd0e09d98289","D03","BARC","BARC.AOS.riparian.point.04","2020-02-18T13:28Z","BARC.20200218.EPIPHYTON.4","BARC.20200218.EPIPHYTON.4.P.1","A00000075571",1,"P",125.0,5.0,0.2,,"0000-0002-4570-7750","0000-0001-6607-7236","OK",
"a4fe426c-0c0f-4531-a05e-2a607468ba60","D03","BARC","BARC.AOS.riparian.point.06","2020-02-18T13:28Z","BARC.20200218.EPIPHYTON.6","BARC.20200218.EPIPHYTON.6.CNSB.1","A00000075573",1,"CNSb",125.0,5.0,0.3,,"0000-0002-4570-7750","0000-0001-6607-7236","OK",
"599f3db9-a36e-4c6f-b9b5-a199af514900","D03","BARC","BARC.AOS.riparian.point.06","2020-02-18T13:28Z","BARC.20200218.EPIPHYTON.6","BARC.20200218.EPIPHYTON.6.P.1","A00000075574",1,"P",125.0,5.0,0.3,,"0000-0002-4570-7750","0000-0001-6607-7236","OK",
"1397c99a-9dec-466e-a120-db279393607a","D03","BARC","BARC.AOS.riparian.point.04","2020-02-18T13:28Z","BARC.20200218.EPIPHYTON.4","BARC.20200218.EPIPHYTON.4.CNSB.1","A00000075569",1,"CNSb",125.0,5.0,0.2,,"0000-0002-4570-7750","0000-0001-6607-7236","OK",
"be1c1877-a6a8-4d08-bcbf-b688c25469b2","D03","BARC","BARC.AOS.riparian.point.10","2020-02-18T13:28Z","BARC.20200218.EPIPHYTON.10","BARC.20200218.EPIPHYTON.10.P.1","A00000075580",1,"P",125.0,5.0,0.3,,"0000-0002-4570-7750","0000-0001-6607-7236","OK",
"20992a74-2043-44ab-9bd7-b9f01f39b93f","D03","BARC","BARC.AOS.riparian.point.10","2020-02-18T13:28Z","BARC.20200218.EPIPHYTON.10","BARC.20200218.EPIPHYTON.10.CNSB.1","A00000075579",1,"CNSb",125.0,5.0,0.3,,"0000-0002-4570-7750","0000-0001-6607-7236","OK",
"fbea5641-d37b-483f-b3c6-401d500f139c","D03","BARC","BARC.AOS.riparian.point.02","2020-02-18T13:28Z","BARC.20200218.EPIPHYTON.2","BARC.20200218.EPIPHYTON.2.CNSB.1","A00000075566",1,"CNSb",125.0,5.0,0.2,,"0000-0002-4570-7750","0000-0001-6607-7236","OK",
