uid,domainID,siteID,namedLocation,date,eventID,sampleDepth,waterTemp,specificConductance,dissolvedOxygen,dissolvedOxygenSaturation,dataQF
"ef1c9c27-7f4a-4879-b7d0-97e7bd12e8b6","D09","PRLA","PRLA.AOS.buoy.c0","2021-04-07T15:07Z","PRLA.c0.20210407",2.5,7.2,1075.0,12.0,106.4,
"6682cbb7-4f3f-4ae4-9e2a-4f351b268d81","D09","PRLA","PRLA.AOS.buoy.c0","2021-04-07T15:07Z","PRLA.c0.20210407",1.0,7.2,1070.0,12.1,107.4,
"155d3043-0ba6-4756-b26e-4ca1d420994b","D09","PRLA","PRLA.AOS.buoy.c0","2021-04-07T15:07Z","PRLA.c0.20210407",0.5,7.2,1055.0,12.2,108.0,
"b5db1238-1c1a-4652-95fd-5aa472974b3a","D09","PRLA","PRLA.AOS.buoy.c0","2021-04-07T15:07Z","PRLA.c0.20210407",1.5,7.2,1069.0,12.1,107.1,
"6dafb49e-ccaa-44dd-b1eb-ea54b475f167","D09","PRLA","PRLA.AOS.buoy.c0","2021-04-07T15:07Z","PRLA.c0.20210407",2.0,7.2,1070.0,12.0,106.3,
"5341d2f9-d900-4984-b659-e30f007bbd3a","D09","PRLA","PRLA.AOS.buoy.c0","2021-04-07T15:07Z","PRLA.c0.20210407",3.0,7.2,1075.0,0.1,0.8,
"86686a21-4a44-4c7a-9348-bda8d5e0893a","D09","PRLA","PRLA.AOS.buoy.c0","2021-04-20T14:17Z","PRLA.c0.20210420",2.0,3.6,1102.0,11.8,95.0,
"fb69ea52-dd6e-48b5-b107-398cd6f88e81","D09","PRLA","PRLA.AOS.buoy.c0","2021-04-20T14:17Z","PRLA.c0.20210420",1.0,3.6,1104.0,11.8,95.1,
"92428196-b0ab-459e-8337-c16443c86210","D09","PRLA","PRLA.AOS.buoy.c0","2021-04-20T14:17Z","PRLA.c0.20210420",0.5,3.5,1102.0,11.8,95.0,
"e53e11ba-ea1d-437f-8347-0f7400f60c59","D09","PRLA","PRLA.AOS.buoy.c0","2021-04-20T14:17Z","PRLA.c0.20210420",3.0,3.6,1101.0,7.5,66.0,
"5f3eef5e-5783-4086-b11c-8c43ff3eb538","D09","PRLA","PRLA.AOS.buoy.c0","2021-04-20T14:17Z","PRLA.c0.20210420",2.5,3.5,1101.0,11.8,95.0,
"6881e109-3515-4db4-b276-7349b6808c20","D09","PRLA","PRLA.AOS.buoy.c0","2021-04-20T14:17Z","PRLA.c0.20210420",1.5,3.6,1102.0,11.8,95.0,
