uid,domainID,siteID,namedLocation,date,eventID,sampleDepth,waterTemp,specificConductance,dissolvedOxygen,dissolvedOxygenSaturation,dataQF
"4921403b-db4e-4d05-a18f-9e97baac8d8a","D03","BARC","BARC.AOS.buoy.c0","2014-04-15T16:00Z","BARC.c0.20140415",0.5,24.7,60.1,,79.9,
"70013008-e3ac-48c2-a538-99c421062f59","D03","BARC","BARC.AOS.buoy.c0","2014-04-15T16:00Z","BARC.c0.20140415",2.5,24.8,60.5,,82.8,
"4e490bfe-1800-4732-bb35-5b302765c6fd","D03","BARC","BARC.AOS.buoy.c0","2014-04-15T16:00Z","BARC.c0.20140415",3.0,24.8,60.5,,79.2,
"40accb70-38e6-4019-bcf2-0bece9584531","D03","BARC","BARC.AOS.buoy.c0","2014-04-15T16:00Z","BARC.c0.20140415",2.0,24.8,60.1,,77.8,
"36d9c307-316e-432e-bcf7-53b605fb38e0","D03","BARC","BARC.AOS.buoy.c0","2014-04-15T16:00Z","BARC.c0.20140415",4.5,24.7,60.4,,76.7,
"ecb957cf-3d1f-42cf-9190-55d4c869e51d","D03","BARC","BARC.AOS.buoy.c0","2014-04-15T16:00Z","BARC.c0.20140415",4.0,24.8,60.5,,77.8,
"2145c21f-0557-4183-b4bc-0d1896691e90","D03","BARC","BARC.AOS.buoy.c0","2014-04-15T16:00Z","BARC.c0.20140415",1.5,24.8,60.4,,82.3,
"43d9f75d-badb-402e-85f2-112246a20987","D03","BARC","BARC.AOS.buoy.c0","2014-04-15T16:00Z","BARC.c0.20140415",3.5,24.8,60.5,,82.0,
"3467f916-db87-4955-b636-21a2e4322251","D03","BARC","BARC.AOS.buoy.c0","2014-04-15T16:00Z","BARC.c0.20140415",1.0,24.8,60.3,,82.5,
