uid,domainID,siteID,namedLocation,date,eventID,sampleDepth,waterTemp,specificConductance,dissolvedOxygen,dissolvedOxygenSaturation,dataQF
"420f6200-34fa-4716-a810-f2d2054a6e7d","D05","LIRO","LIRO.AOS.buoy.c0","2021-11-01T18:15Z","LIRO.c0.20211101",1.0,9.0,9.7,8.2,70.9,
"bf23d737-007d-463e-985b-f8176996ce53","D05","LIRO","LIRO.AOS.buoy.c0","2021-11-01T18:15Z","LIRO.c0.20211101",0.5,9.0,9.8,8.2,71.0,
"8a9c34c6-c7be-4796-97eb-16f3e58166a6","D05","LIRO","LIRO.AOS.buoy.c0","2021-11-01T18:15Z","LIRO.c0.20211101",8.5,8.9,10.0,7.7,66.9,
"9916d42e-2c6c-4ba9-8662-e1ee201cd4c2","D05","LIRO","LIRO.AOS.buoy.c0","2021-11-01T18:15Z","LIRO.c0.20211101",4.5,9.0,9.9,8.0,69.3,
"8a022128-ac7b-498a-9496-52fe9308b2c2","D05","LIRO","LIRO.AOS.buoy.c0","2021-11-01T18:15Z","LIRO.c0.20211101",3.5,9.0,9.9,8.0,69.4,
"c5da87bb-0494-4612-82c4-86412fceca23","D05","LIRO","LIRO.AOS.buoy.c0","2021-11-01T18:15Z","LIRO.c0.20211101",1.5,9.0,9.7,8.1,70.0,
"86f38b75-7c72-4e2c-8ad5-aedb641c2318","D05","LIRO","LIRO.AOS.buoy.c0","2021-11-01T18:15Z","LIRO.c0.20211101",6.5,9.0,9.9,7.9,68.7,
"e46a8f70-4be6-46c9-9cbf-4a15d4168838","D05","LIRO","LIRO.AOS.buoy.c0","2021-11-01T18:15Z","LIRO.c0.20211101",7.5,8.9,9.9,7.9,67.8,
"33e02f2a-53fc-4d32-a1ec-feb10e8783f8","D05","LIRO","LIRO.AOS.buoy.c0","2021-11-01T18:15Z","LIRO.c0.20211101",2.5,9.0,9.9,8.0,69.5,
"a9cdae37-f585-4b4d-8615-be6e5e11d1ef","D05","LIRO","LIRO.AOS.buoy.c0","2021-11-01T18:15Z","LIRO.c0.20211101",5.5,9.0,9.8,8.0,69.4,
"70ff1c7e-4f9f-4e7f-961c-72ee4d935e03","D05","LIRO","LIRO.AOS.buoy.c0","2021-11-01T18:15Z","LIRO.c0.20211101",2.0,9.0,9.9,8.1,70.0,
"61ec1efd-66dd-4968-9348-9f56aba98a52","D05","LIRO","LIRO.AOS.buoy.c0","2021-11-15T18:34Z","LIRO.c0.20211115",6.5,5.1,10.2,9.9,77.9,
"0396c7d1-5bcd-4eb8-9c5b-b7a6575cdc91","D05","LIRO","LIRO.AOS.buoy.c0","2021-11-15T18:34Z","LIRO.c0.20211115",2.0,5.2,10.2,10.1,79.8,
"41b8d82e-6085-4ab2-93b4-4b499e158c79","D05","LIRO","LIRO.AOS.buoy.c0","2021-11-15T18:34Z","LIRO.c0.20211115",5.5,5.1,10.2,10.1,79.4,
"19d50293-92f6-440f-9c07-b564dd5104b6","D05","LIRO","LIRO.AOS.buoy.c0","2021-11-15T18:34Z","LIRO.c0.20211115",1.5,5.2,10.2,10.2,80.4,
"123800c1-a0ba-4bed-b7da-bfbd6754c225","D05","LIRO","LIRO.AOS.buoy.c0","2021-11-15T18:34Z","LIRO.c0.20211115",0.5,5.3,10.3,10.4,82.1,
