uid,domainID,siteID,namedLocation,sampleID,sampleCode,startDate,collectDate,laboratoryName,analyte,analyteConcentration,analyteUnits,belowDetectionQF,coolerTemp,remarks,shipmentWarmQF,externalLabDataQF,sampleCondition
"26df3a27-df92-49e1-9979-e463bd568257","D03","BARC","BARC.AOS.buoy.c0","BARC.C0.20210810.FIL","A00000132846","2021-08-10T14:36Z","2021-08-10T14:36Z","EcoCore_CSU","UV Absorbance (280 nm)",0.0218,,,0.3,,0,,"OK"
"af6dc90e-3f0d-4465-a87d-60b8535c4509","D03","BARC","BARC.AOS.buoy.c0","BARC.C0.20210810.FIL","A00000132846","2021-08-10T14:36Z","2021-08-10T14:36Z","EcoCore_CSU","UV Absorbance (254 nm)",0.0294,,,0.3,,0,,"OK"
"c0c2208f-2d8c-493a-a659-65bbd38092e0","D03","BARC","BARC.AOS.buoy.c0","BARC.C0.20210810.FIL","A00000132846","2021-08-10T14:36Z","2021-08-10T14:36Z","EcoCore_CSU","TDN",0.1098,"milligramsPerLiter",,0.3,,0,,"OK"
"198ece98-4f3d-4965-ac7e-3dd130294408","D03","BARC","BARC.AOS.buoy.c0","BARC.C0.20210810.RAW","A00000132848","2021-08-10T14:36Z","2021-08-10T14:36Z","EcoCore_CSU","TN",0.1939,"milligramsPerLiter",,0.3,,0,,"OK"
"ce8e4524-9ce1-4883-ad7e-22b8ba9de0f9","D03","BARC","BARC.AOS.buoy.c0","BARC.C0.20210810.FIL","A00000132846","2021-08-10T14:36Z","2021-08-10T14:36Z","EcoCore_CSU","DOC",2.3140,"milligramsPerLiter",,0.3,,0,,"OK"
"021dd218-5c62-4796-9853-2b74decef176","D03","BARC","BARC.AOS.buoy.c0","BARC.C0.20210810.FIL","A00000132846","2021-08-10T14:36Z","2021-08-10T14:36Z","EcoCore_CSU","DIC",0.8743,"milligramsPerLiter",,0.3,,0,,"OK"
"99ade069-b25a-43ea-8903-7c81a1ff9dff","D03","BARC","BARC.AOS.buoy.c0","BARC.C0.20210810.RAW","A00000132848","2021-08-10T14:36Z","2021-08-10T14:36Z","EcoCore_CSU","TOC",2.8000,"milligramsPerLiter",,0.3,,0,,"OK"
