uid,domainID,siteID,namedLocation,date,eventID,sampleDepth,waterTemp,specificConductance,dissolvedOxygen,dissolvedOxygenSaturation,dataQF
"3856d483-5f00-481a-99f0-2b45f6a6b581","D03","BARC","BARC.AOS.buoy.c0","2015-08-27T16:00Z","BARC.c0.20150827",3.0,31.5,52.6,5.7,77.1,
"de0e1280-46e4-42b0-9330-cfa873942077","D03","BARC","BARC.AOS.buoy.c0","2015-08-27T16:00Z","BARC.c0.20150827",2.0,31.5,52.4,5.8,79.6,
"8ff266aa-fec6-4451-b7ab-0ab42222f3c2","D03","BARC","BARC.AOS.buoy.c0","2015-08-27T16:00Z","BARC.c0.20150827",3.5,31.4,52.7,5.7,76.8,
"09399dcb-5346-4b3e-ad46-97440d4716de","D03","BARC","BARC.AOS.buoy.c0","2015-08-27T16:00Z","BARC.c0.20150827",1.0,31.5,52.5,6.0,82.0,
"3370d44d-be8b-4897-a120-d2f8bbb6771c","D03","BARC","BARC.AOS.buoy.c0","2015-08-27T16:00Z","BARC.c0.20150827",4.5,31.3,52.5,5.4,74.2,
"02624df3-7b50-43a1-928c-c1d049c9ed44","D03","BARC","BARC.AOS.buoy.c0","2015-08-27T16:00Z","BARC.c0.20150827",2.5,31.5,52.6,5.6,76.2,
"825217e0-38ce-486c-9021-f8a09d372a29","D03","BARC","BARC.AOS.buoy.c0","2015-08-27T16:00Z","BARC.c0.20150827",0.5,31.5,52.0,6.0,81.3,
"e194636e-4bf8-4277-8f40-2b222402c912","D03","BARC","BARC.AOS.buoy.c0","2015-08-27T16:00Z","BARC.c0.20150827",4.0,31.4,52.7,5.5,74.6,
"92648e6c-49b7-40fe-834c-ca884f00b9b3","D03","BARC","BARC.AOS.buoy.c0","2015-08-27T16:00Z","BARC.c0.20150827",1.5,31.5,52.5,5.8,78.0,
